date,time_segment,segment_rank,location_id,orders_count,open_hours,segment_datetime,weekday,month,is_weekend,lag_1d_same_seg,lag_2d_same_seg,lag_7d_same_seg,rolling_mean_7d_same_seg,rolling_std_7d_same_seg,rolling_max_7d_same_seg,lag_1seg,lag_2seg,surge_ratio_same_day,surge_ratio_d1,trend_7d_same_seg,segment_sin,segment_cos,daily_orders,segment_share,segment,location_mean_orders,location_std_orders,location_seg_mean_orders,location_seg_std_orders,location_seg_mean_share,z_lag_1d,z_rolling_max_7d,deviation_from_seg_mean,spike_threshold,is_spike,daily_prediction,share_prediction_raw,share_prediction,prediction_hier,spike_prob,prediction_quantile,spike_blend_signal,prediction_blended,prediction_direct,prediction_lunch_hourly,prediction,error,abs_error,peak_threshold
2026-04-05,lunch,4,443,44.0,4.0,2026-04-06 04:00:00+03:00,0,4,0,0.0,0.0,0.0,0.0,0.0,0.0,0.0,0.0,0.0,0.0,0.0,1.2246467991473532e-16,-1.0,47.0,0.9361702127659575,medium,0.9166666666666666,3.618872277262598,3.051282051282051,6.704078562018944,0.1776750957892397,0.0,0.0,-3.051282051282051,11.200000000000003,1,3.724522674909412,0.11469958674259394,0.9275651205524664,3.4547373239527435,0.05996632724168689,5.715057273255139,0.0,3.4547373239527435,,1.5398917744352623,3.4547373239527435,-40.54526267604726,40.54526267604726,15.0
2026-04-08,lunch,4,443,27.0,4.0,2026-04-09 04:00:00+03:00,3,4,0,6.0,2.0,0.0,7.428571428571429,16.277357922967134,44.0,0.0,0.0,0.0,0.711864406779661,6.0,1.2246467991473532e-16,-1.0,33.0,0.8181818181818182,medium,0.9166666666666666,3.618872277262598,3.051282051282051,6.704078562018944,0.1776750957892397,1.4810126582278482,10.860759493670887,2.948717948717949,11.200000000000003,1,3.654446283116217,0.23310972715676198,0.8484069404127313,3.1004575899613083,0.2882338177069676,13.165307757397127,0.0,3.1004575899613083,,2.785570874401077,3.1004575899613083,-23.89954241003869,23.89954241003869,15.0
2026-03-08,lunch,4,69,72.0,4.0,2026-03-09 04:00:00+03:00,0,3,0,46.0,73.0,33.0,56.142857142857146,13.861560415150144,73.0,0.0,0.0,0.0,0.8049999999999999,13.0,1.2246467991473532e-16,-1.0,210.0,0.34285714285714286,mega,25.709899175068745,15.187584008448223,49.92032967032967,11.401837554339034,0.32250586815508425,0.9033719989209603,1.4336120852441328,-3.9203296703296715,65.0,1,148.9479848746043,0.3222354278946922,0.3238807611100542,48.24138670699568,0.03359902645198778,56.034233662031795,0.0,48.24138670699568,48.42466358844369,48.757069034026905,48.37030728875348,-23.62969271124652,23.62969271124652,49.0
2026-04-10,lunch,4,16,26.0,4.0,2026-04-11 04:00:00+03:00,5,4,1,18.0,18.0,17.0,16.0,4.434711565216678,18.0,0.0,0.0,0.0,1.0588235294117647,1.0,1.2246467991473532e-16,-1.0,61.0,0.4262295081967213,medium,0.9839449541284404,1.150939531486101,1.721763085399449,1.284091001690495,0.30067772753723165,6.613360323886639,6.613360323886639,16.27823691460055,3.0,1,14.633233033532523,0.3197101325540834,0.23633178811845243,3.4582981287687473,0.7367836029130146,12.824195913713615,0.0,3.4582981287687473,,6.250660462444732,3.4582981287687473,-22.541701871231254,22.541701871231254,15.0
2026-02-18,lunch,4,69,71.0,4.0,2026-02-19 04:00:00+03:00,3,2,0,49.0,60.0,39.0,59.0,12.62273081917433,78.0,0.0,0.0,0.0,0.8166666666666667,10.0,1.2246467991473532e-16,-1.0,191.0,0.3717277486910995,mega,25.709899175068745,15.187584008448223,49.92032967032967,11.401837554339034,0.32250586815508425,0.9622875640679794,1.5318046938224978,-0.9203296703296715,65.0,1,156.66509136545636,0.3260532273628814,0.3228353657272639,50.577032067662316,0.024127460814089154,55.631116642410696,0.0,50.577032067662316,47.63489879664078,52.586783504419685,51.07946992685166,-19.920530073148342,19.920530073148342,49.0
2026-02-26,lunch,4,69,64.0,4.0,2026-02-27 04:00:00+03:00,4,2,0,36.0,48.0,73.0,45.285714285714285,13.161994348809557,73.0,0.0,0.0,0.0,0.7777777777777778,-37.0,1.2246467991473532e-16,-1.0,185.0,0.34594594594594597,mega,25.709899175068745,15.187584008448223,49.92032967032967,11.401837554339034,0.32250586815508425,0.7069867817642298,1.4336120852441328,-13.920329670329672,65.0,0,136.61892431670898,0.3215132272537391,0.3221258920632835,44.0084928682461,0.06516492838283133,58.60164382994513,0.0,44.0084928682461,48.21720344476177,49.99959446751291,45.506268268062804,-18.493731731937196,18.493731731937196,49.0
2026-03-03,dinner,6,69,49.0,3.0,2026-03-04 06:00:00+03:00,2,3,0,34.0,40.0,26.0,34.0,5.887840577551887,42.0,0.0,0.0,0.0,0.9714285714285714,8.0,-1.0,-1.8369701987210297e-16,175.0,0.28,mega,25.709899175068745,15.187584008448223,30.986263736263737,7.0934205573178035,0.20237672346557325,1.062956282744997,1.3130636433908787,3.013736263736263,40.0,1,148.0994774830009,0.2061885858823648,0.20874994358349647,30.91575756932174,0.2134995519595743,39.58573557239163,0.0,30.91575756932174,33.74775100517787,48.95275704278321,30.91575756932174,-18.08424243067826,18.08424243067826,49.0
2026-04-03,lunch,4,69,70.0,4.0,2026-04-04 04:00:00+03:00,5,4,1,46.0,49.0,52.0,43.0,8.812869377601487,52.0,0.0,0.0,0.0,1.0454545454545454,-6.0,1.2246467991473532e-16,-1.0,181.0,0.3867403314917127,mega,25.709899175068745,15.187584008448223,49.92032967032967,11.401837554339034,0.32250586815508425,0.9033719989209603,1.0212031292149986,-3.9203296703296715,65.0,1,153.06052206788752,0.31932586421225373,0.3199218961905765,48.967412451878154,0.1303365044026388,60.698438058411774,0.0,48.967412451878154,58.81465072186886,61.8192087150715,52.18036151767649,-17.819638482323512,17.819638482323512,49.0
2026-02-23,lunch,4,2,35.0,4.0,2026-02-24 04:00:00+03:00,1,2,0,11.0,15.0,34.0,23.285714285714285,8.440266301373166,34.0,0.0,0.0,0.0,0.45294117647058824,-23.0,1.2246467991473532e-16,-1.0,84.0,0.4166666666666667,medium,7.919532324621733,6.1652836583747,19.313186813186814,5.6393678951648205,0.3040886563507092,0.5415201514741682,1.6737895591019745,-8.313186813186814,26.0,1,57.647388480619014,0.3006405390103115,0.2981509523206777,17.187623774296622,0.10453606737319232,26.218944308918445,0.0,17.187623774296622,,23.53593008524365,17.187623774296622,-17.812376225703378,17.812376225703378,15.0
2026-02-23,afternoon,5,8,36.0,3.0,2026-02-24 05:00:00+03:00,1,2,0,15.0,20.0,17.0,17.142857142857142,2.6726124191242384,21.0,0.0,0.0,0.0,0.8267716535433071,-2.0,-0.7071067811865475,-0.7071067811865477,114.0,0.3157894736842105,high,14.99803536345776,11.147682695162223,18.17032967032967,5.3786230176458,0.1729097871902082,0.7824591573516767,1.0954428202923474,-3.1703296703296715,25.0,1,103.70369451655328,0.1747222018681568,0.1775714532873526,18.414815746572025,0.16293616878478026,24.243733695451784,0.0,18.414815746572025,18.697699098883074,39.19851785628494,18.414815746572025,-17.585184253427975,17.585184253427975,31.0
2026-02-12,lunch,4,16,23.0,4.0,2026-02-13 04:00:00+03:00,4,2,0,15.0,13.0,3.0,8.857142857142858,4.3369947901195145,15.0,0.0,0.0,0.0,1.5217391304347825,12.0,1.2246467991473532e-16,-1.0,57.0,0.40350877192982454,medium,0.9839449541284404,1.150939531486101,1.721763085399449,1.284091001690495,0.30067772753723165,5.511133603238866,5.511133603238866,13.278236914600551,3.0,1,20.076150633428057,0.3142545323001328,0.27706844142793596,5.562467765876381,0.591969312801472,9.176964072443292,0.0,5.562467765876381,,4.230121568512487,5.562467765876381,-17.43753223412362,17.43753223412362,15.0
2026-03-02,lunch,4,443,20.0,4.0,2026-03-03 04:00:00+03:00,1,3,0,0.0,0.0,0.0,0.0,0.0,0.0,0.0,0.0,0.0,0.0,0.0,1.2246467991473532e-16,-1.0,32.0,0.625,medium,0.9166666666666666,3.618872277262598,3.051282051282051,6.704078562018944,0.1776750957892397,0.0,0.0,-3.051282051282051,11.200000000000003,1,3.2474723392434566,0.1224366015644174,0.8222215598356126,2.6701417722957608,0.05240069160399215,5.580883803649828,0.0,2.6701417722957608,,1.4147966129175231,2.6701417722957608,-17.32985822770424,17.32985822770424,15.0
2026-02-02,lunch,4,10,34.0,4.0,2026-02-03 04:00:00+03:00,1,2,0,22.0,10.0,18.0,17.571428571428573,5.0615262143989295,22.0,0.0,0.0,0.0,1.1846153846153846,4.0,1.2246467991473532e-16,-1.0,67.0,0.5074626865671642,medium,6.580926180651078,5.576694893105304,15.826446280991735,5.457537267559647,0.3959618663932895,1.3074656188605107,1.3074656188605107,6.1735537190082646,23.0,1,43.552246272234804,0.4005775792593715,0.3945304385820605,17.182686823018706,0.17814712839273186,23.92916480798911,0.0,17.182686823018706,,21.348054291990124,17.182686823018706,-16.817313176981294,16.817313176981294,15.0
2026-03-03,lunch,4,69,65.0,4.0,2026-03-04 04:00:00+03:00,2,3,0,53.0,33.0,48.0,48.0,11.518101695447317,64.0,0.0,0.0,0.0,1.0816326530612246,5.0,1.2246467991473532e-16,-1.0,175.0,0.37142857142857144,mega,25.709899175068745,15.187584008448223,49.92032967032967,11.401837554339034,0.32250586815508425,1.0408416509306717,1.2568653898030753,3.0796703296703285,65.0,1,148.0994774830009,0.32271270527317353,0.326721572540812,48.38729417571864,0.04094833828639737,58.474313458487686,0.0,48.38729417571864,49.9999452575284,48.95275704278321,48.52865989248478,-16.471340107515218,16.471340107515218,49.0
2026-02-22,lunch,4,16,20.0,4.0,2026-02-23 04:00:00+03:00,0,2,0,15.0,11.0,8.0,9.857142857142858,2.9680841985233166,15.0,0.0,0.0,0.0,1.381578947368421,7.0,1.2246467991473532e-16,-1.0,46.0,0.43478260869565216,medium,0.9839449541284404,1.150939531486101,1.721763085399449,1.284091001690495,0.30067772753723165,5.511133603238866,5.511133603238866,13.278236914600551,3.0,1,11.934067654789256,0.3494876065825098,0.30090122765849553,3.5909756082856297,0.3511223854804019,9.133390848791505,0.0,3.5909756082856297,,4.444593928373114,3.5909756082856297,-16.40902439171437,16.40902439171437,15.0
2026-03-18,afternoon,5,35,33.0,3.0,2026-03-19 05:00:00+03:00,3,3,0,20.0,23.0,13.0,20.0,5.0990195135927925,26.0,0.0,0.0,0.0,0.9523809523809523,7.0,-0.7071067811865475,-0.7071067811865477,94.0,0.35106382978723405,high,12.99404216315307,8.966106707239911,14.947802197802197,4.638445237331112,0.19153985786058245,1.2540913006029286,1.6303186907838072,5.052197802197803,21.69999999999999,1,84.2309633114963,0.19967725755709664,0.19734733632528392,16.62275624563651,0.26744797302452894,22.334685632089183,0.0,16.62275624563651,18.080666257191616,28.764293430420047,16.62275624563651,-16.37724375436349,16.37724375436349,31.0
2026-02-19,dinner,6,69,53.0,3.0,2026-02-20 06:00:00+03:00,4,2,0,36.0,39.0,35.0,38.42857142857143,4.035556254807246,46.0,0.0,0.0,0.0,0.9130434782608695,1.0,-1.0,-1.8369701987210297e-16,193.0,0.27461139896373055,mega,25.709899175068745,15.187584008448223,30.986263736263737,7.0934205573178035,0.20237672346557325,1.1254831229064675,1.4381173237138194,5.013736263736263,40.0,1,179.01139240699476,0.21549765503024304,0.20718949546869958,37.08928007595464,0.4130705488219893,41.08143282549109,0.0,37.08928007595464,34.66748006593335,50.79096593803282,37.08928007595464,-15.91071992404536,15.91071992404536,49.0
2026-03-07,morning,3,35,33.0,2.0,2026-03-08 03:00:00+03:00,6,3,1,14.0,14.0,23.0,14.571428571428571,4.0766466144427795,23.0,0.0,0.0,0.0,0.8990825688073395,-9.0,0.7071067811865476,-0.7071067811865475,120.0,0.275,high,12.99404216315307,8.966106707239911,12.201101928374655,4.779768470093867,0.15533852671894582,1.060517529215359,1.7422787979966612,1.798898071625345,18.0,1,97.83107819664438,0.17804312357833268,0.17627254515728333,17.244933149203714,0.5121729731528686,23.305411948408548,0.0,17.244933149203714,21.821630817323296,34.731346662082686,17.244933149203714,-15.755066850796286,15.755066850796286,31.0
2026-04-08,lunch,4,123,43.0,4.0,2026-04-09 04:00:00+03:00,3,4,0,28.0,26.0,30.0,24.714285714285715,3.8172540616821506,30.0,0.0,0.0,0.0,1.0888888888888888,-2.0,1.2246467991473532e-16,-1.0,72.0,0.5972222222222222,medium,9.529330889092575,10.038386270221814,26.01923076923077,8.949331720839782,0.4426367956090107,1.0362989323843417,1.1103202846975089,1.98076923076923,36.0,1,61.284873838331876,0.4381022164563237,0.45203582323498864,27.702958397362767,0.2031519023301345,35.45982004957937,0.0,27.702958397362767,,32.6522030741996,27.702958397362767,-15.297041602637233,15.297041602637233,15.0
2026-02-18,lunch,4,126,41.0,4.0,2026-02-19 04:00:00+03:00,3,2,0,25.0,29.0,27.0,24.571428571428573,6.241184258807052,31.0,0.0,0.0,0.0,0.9776536312849161,-2.0,1.2246467991473532e-16,-1.0,91.0,0.45054945054945056,medium,8.943396226415095,8.296270027256874,23.39669421487603,7.377896665537009,0.36997738876250647,1.024728997289973,1.2706639566395665,1.6033057851239683,33.0,1,68.03599534226174,0.38697382364959454,0.3815175287709789,25.95692481045353,0.18495443113974436,34.10461823157563,0.0,25.95692481045353,,30.74550950757088,25.95692481045353,-15.043075189546471,15.043075189546471,15.0
2026-02-12,lunch,4,69,62.0,4.0,2026-02-13 04:00:00+03:00,4,2,0,39.0,37.0,46.0,43.285714285714285,9.214377998799565,56.0,0.0,0.0,0.0,0.8806451612903226,-7.0,1.2246467991473532e-16,-1.0,175.0,0.35428571428571426,mega,25.709899175068745,15.187584008448223,49.92032967032967,11.401837554339034,0.32250586815508425,0.7659023469112489,1.0997572160776907,-10.920329670329672,65.0,0,140.99644479673418,0.3190147789415844,0.32445965993529263,45.74765853083363,0.07821233749103648,53.445551726891914,0.0,45.74765853083363,46.730798071760745,50.98596542005868,47.05723525313989,-14.942764746860107,14.942764746860107,49.0
2026-01-24,lunch,4,8,31.0,4.0,2026-01-25 04:00:00+03:00,6,1,1,53.0,42.0,51.0,41.57142857142857,9.089502055616034,53.0,0.0,0.0,0.0,1.2449664429530203,2.0,1.2246467991473532e-16,-1.0,90.0,0.34444444444444444,high,14.99803536345776,11.147682695162223,34.80494505494506,8.197821234921355,0.33131290749065806,1.4802424614440266,1.4802424614440266,18.19505494505494,44.0,0,95.85678545770071,0.3582872905388574,0.3465187782545177,33.21617618420787,0.2944799257328682,53.97371068267116,1.0,47.74645033313217,29.89424517854223,39.928475609674436,45.94192635686992,14.94192635686992,14.94192635686992,31.0
2026-02-22,afternoon,5,29,32.0,3.0,2026-02-23 05:00:00+03:00,0,2,0,15.0,18.0,23.0,18.571428571428573,3.1547394428670152,23.0,0.0,0.0,0.0,0.7664233576642335,-8.0,-0.7071067811865475,-0.7071067811865477,101.0,0.31683168316831684,high,16.77201257861635,11.447047939359384,18.62912087912088,5.288620591889938,0.15962883189953359,0.7641707487753674,1.1717284814555633,-3.6291208791208796,25.69999999999999,1,100.43010872152543,0.16803026428068907,0.1699811737361128,17.07122775893031,0.16761031844919969,24.41339198308219,0.0,17.07122775893031,19.311108907389947,43.1099425038918,17.07122775893031,-14.92877224106969,14.92877224106969,31.0
2026-02-27,lunch,4,16,18.0,4.0,2026-02-28 04:00:00+03:00,5,2,1,10.0,7.0,11.0,11.0,4.966554808583779,20.0,0.0,0.0,0.0,0.8333333333333334,-1.0,1.2246467991473532e-16,-1.0,35.0,0.5142857142857142,medium,0.9839449541284404,1.150939531486101,1.721763085399449,1.284091001690495,0.30067772753723165,3.674089068825911,7.348178137651822,8.278236914600551,3.0,1,11.668851258741638,0.3442567079330485,0.27252680612059715,3.1800747646411684,0.6807773649443407,8.435006610034346,0.0,3.1800747646411684,,3.984053755192798,3.1800747646411684,-14.81992523535883,14.81992523535883,15.0
2026-02-14,dinner,6,54,22.0,3.0,2026-02-15 06:00:00+03:00,6,2,1,19.0,8.0,16.0,10.857142857142858,5.899959644736878,19.0,0.0,0.0,0.0,1.6024096385542168,3.0,-1.0,-1.8369701987210297e-16,46.0,0.4782608695652174,medium,2.1353135313531353,2.313692209602312,3.2115384615384617,2.4250253689062604,0.3076139596782138,4.511415525114155,4.511415525114155,15.788461538461538,6.0,1,25.86561422747831,0.29349994593994133,0.28198547009062436,7.293727387118213,0.7597889031828943,14.194695002750992,0.0,7.293727387118213,,4.161050487374935,7.293727387118213,-14.706272612881786,14.706272612881786,15.0
2026-03-07,morning,3,434,23.0,2.0,2026-03-08 03:00:00+03:00,6,3,1,18.0,11.0,11.0,8.714285714285714,5.089672082242813,18.0,0.0,0.0,0.0,1.8529411764705883,7.0,0.7071067811865476,-0.7071067811865475,78.0,0.2948717948717949,medium,7.621359223300971,6.761882045397149,5.980392156862745,3.4379656547349704,0.11778847166353328,2.5786516853932584,2.5786516853932584,12.019607843137255,9.0,1,51.35890295579792,0.15671879785727003,0.16194301683476886,8.317215685986044,0.5060727907192032,15.417962568928374,0.0,8.317215685986044,,25.16357360898109,8.317215685986044,-14.682784314013956,14.682784314013956,15.0
2026-04-04,lunch,4,16,18.0,4.0,2026-04-05 04:00:00+03:00,6,4,1,17.0,10.0,10.0,10.0,3.958114029012637,17.0,0.0,0.0,0.0,1.5454545454545454,7.0,1.2246467991473532e-16,-1.0,56.0,0.32142857142857145,medium,0.9839449541284404,1.150939531486101,1.721763085399449,1.284091001690495,0.30067772753723165,6.245951417004049,6.245951417004049,15.278236914600551,3.0,1,13.05495696086587,0.32222313220735566,0.25721644353022044,3.357949599914014,0.595226673415515,9.623235507444548,0.0,3.357949599914014,,4.572614826545454,3.357949599914014,-14.642050400085985,14.642050400085985,15.0
2026-02-15,lunch,4,123,38.0,4.0,2026-02-16 04:00:00+03:00,0,2,0,20.0,20.0,29.0,26.571428571428573,5.56348640264188,34.0,0.0,0.0,0.0,0.7253886010362693,-9.0,1.2246467991473532e-16,-1.0,73.0,0.5205479452054794,medium,9.529330889092575,10.038386270221814,26.01923076923077,8.949331720839782,0.4426367956090107,0.7402135231316725,1.2583629893238433,-6.01923076923077,36.0,1,50.42481567192467,0.43863981941518804,0.4658935096523027,23.49259434696342,0.25306814358014196,34.41680244263788,0.0,23.49259434696342,,33.62693484711608,23.49259434696342,-14.507405653036582,14.507405653036582,15.0
2026-04-08,lunch,4,16,18.0,4.0,2026-04-09 04:00:00+03:00,3,4,0,6.0,18.0,13.0,14.142857142857142,4.670066788550645,18.0,0.0,0.0,0.0,0.39622641509433965,-7.0,1.2246467991473532e-16,-1.0,50.0,0.36,medium,0.9839449541284404,1.150939531486101,1.721763085399449,1.284091001690495,0.30067772753723165,2.2044534412955468,6.613360323886639,4.278236914600551,3.0,1,12.615867546874577,0.37307770644643745,0.2789897442956281,3.5196976609700514,0.6662171046070365,9.019648365866313,0.0,3.5196976609700514,,4.185750742231842,3.5196976609700514,-14.480302339029949,14.480302339029949,15.0
2026-01-30,lunch,4,69,65.0,4.0,2026-01-31 04:00:00+03:00,5,1,1,40.0,31.0,60.0,45.57142857142857,12.55464247276868,64.0,0.0,0.0,0.0,0.8588957055214724,-20.0,1.2246467991473532e-16,-1.0,174.0,0.3735632183908046,mega,25.709899175068745,15.187584008448223,49.92032967032967,11.401837554339034,0.32250586815508425,0.7855408686269221,1.2568653898030753,-9.920329670329672,65.0,1,150.01957576174257,0.3410066174109452,0.3238704418259733,48.58690628450064,0.07830380659998881,62.679039368808716,0.0,48.58690628450064,41.3228738171938,57.41249908575238,50.79330448481358,-14.206695515186418,14.206695515186418,49.0
2026-02-21,afternoon,5,54,22.0,3.0,2026-02-22 05:00:00+03:00,6,2,1,18.0,14.0,6.0,10.0,5.567764362830013,18.0,0.0,0.0,0.0,1.6363636363636365,12.0,-0.7071067811865475,-0.7071067811865477,32.0,0.6875,medium,2.1353135313531353,2.313692209602312,3.2527472527472527,2.4487851897705966,0.29712413849118896,4.232558139534884,4.232558139534884,14.747252747252748,6.0,1,27.17701003101256,0.30979271332676783,0.29173805130825803,7.928567946832586,0.6315881686410445,13.275150193909084,0.0,7.928567946832586,,5.866421821820935,7.928567946832586,-14.071432053167413,14.071432053167413,15.0
2026-04-09,lunch,4,16,18.0,4.0,2026-04-10 04:00:00+03:00,4,4,0,18.0,6.0,10.0,14.857142857142858,4.845223470201389,18.0,0.0,0.0,0.0,1.135135135135135,8.0,1.2246467991473532e-16,-1.0,53.0,0.33962264150943394,medium,0.9839449541284404,1.150939531486101,1.721763085399449,1.284091001690495,0.30067772753723165,6.613360323886639,6.613360323886639,16.27823691460055,3.0,1,16.70479531797182,0.3381015670022328,0.243537612890394,4.068245975561487,0.5716897274574022,11.470654478341798,0.0,4.068245975561487,,6.726265111278815,4.068245975561487,-13.931754024438513,13.931754024438513,15.0
2026-04-03,lunch,4,16,17.0,4.0,2026-04-04 04:00:00+03:00,5,4,1,10.0,13.0,13.0,9.428571428571429,2.9358214555806366,13.0,0.0,0.0,0.0,0.958904109589041,-3.0,1.2246467991473532e-16,-1.0,43.0,0.3953488372093023,medium,0.9839449541284404,1.150939531486101,1.721763085399449,1.284091001690495,0.30067772753723165,3.674089068825911,4.776315789473684,8.278236914600551,3.0,1,12.133919368059582,0.3499166258739714,0.2625076554710877,3.1852467249845424,0.7613177153203745,8.56395083226715,0.0,3.1852467249845424,,3.683013846568429,3.1852467249845424,-13.814753275015457,13.814753275015457,15.0
2026-04-11,lunch,4,16,17.0,4.0,2026-04-12 04:00:00+03:00,6,4,1,26.0,18.0,18.0,17.285714285714285,5.851332774513437,26.0,0.0,0.0,0.0,1.421875,8.0,1.2246467991473532e-16,-1.0,54.0,0.3148148148148148,medium,0.9839449541284404,1.150939531486101,1.721763085399449,1.284091001690495,0.30067772753723165,9.552631578947368,9.552631578947368,24.27823691460055,3.0,1,13.574268558381037,0.32182090181598355,0.23556075859300502,3.197564998957414,0.6148236399969157,15.088563914410184,0.0,3.197564998957414,,7.1382427598299,3.197564998957414,-13.802435001042586,13.802435001042586,15.0
2026-04-06,lunch,4,16,18.0,4.0,2026-04-07 04:00:00+03:00,1,4,0,17.0,18.0,8.0,12.714285714285714,4.820590756130952,18.0,0.0,0.0,0.0,1.2395833333333335,9.0,1.2246467991473532e-16,-1.0,53.0,0.33962264150943394,medium,0.9839449541284404,1.150939531486101,1.721763085399449,1.284091001690495,0.30067772753723165,6.245951417004049,6.613360323886639,15.278236914600551,3.0,1,14.944342230671177,0.3676445560451902,0.2821993941753395,4.217284323844348,0.4595198878990868,9.858508802764106,0.0,4.217284323844348,,6.0076696215516385,4.217284323844348,-13.782715676155652,13.782715676155652,15.0
2026-02-18,lunch,4,29,31.0,4.0,2026-02-19 04:00:00+03:00,3,2,0,42.0,37.0,46.0,38.857142857142854,5.9281411203561705,46.0,0.0,0.0,0.0,1.0537634408602152,-4.0,1.2246467991473532e-16,-1.0,101.0,0.3069306930693069,high,16.77201257861635,11.447047939359384,39.06611570247934,7.990742783350609,0.33541085213730065,1.0482673267326734,1.148102310231023,2.933884297520663,49.0,0,120.64829396348594,0.3397280913983527,0.3411505460929084,41.159231370820976,0.15850600261504272,46.4563339134487,1.0,44.86720315066038,41.32765091299784,46.21632543185885,44.75553398465479,13.75553398465479,13.75553398465479,31.0
2026-02-11,lunch,4,8,56.0,4.0,2026-02-12 04:00:00+03:00,3,2,0,40.0,41.0,35.0,36.857142857142854,3.338091841585192,41.0,0.0,0.0,0.0,1.0566037735849056,5.0,1.2246467991473532e-16,-1.0,127.0,0.4409448818897638,high,14.99803536345776,11.147682695162223,34.80494505494506,8.197821234921355,0.33131290749065806,1.1171641218445483,1.145093224890662,5.195054945054942,44.0,1,113.5249793764252,0.34103083366328324,0.3402668569362641,38.6287879161704,0.17766952429963337,44.392394075880674,1.0,42.663312227967594,37.87376443308302,42.875460450664924,42.36628353610914,-13.633716463890863,13.633716463890863,31.0
2026-02-11,dinner,6,16,17.0,3.0,2026-02-12 06:00:00+03:00,3,2,0,11.0,15.0,2.0,6.428571428571429,5.094347941825424,15.0,0.0,0.0,0.0,1.4807692307692306,9.0,-1.0,-1.8369701987210297e-16,55.0,0.3090909090909091,medium,0.9839449541284404,1.150939531486101,1.5164835164835164,1.35948975489591,0.24700166286704747,4.37117903930131,5.960698689956332,9.483516483516484,4.0,1,17.047658298155124,0.22792614713585624,0.19958141364662388,3.402395742510398,0.3977366371768712,7.961308168108831,0.0,3.402395742510398,,3.845322566474531,3.402395742510398,-13.597604257489602,13.597604257489602,15.0
2026-03-07,morning,3,14,22.0,2.0,2026-03-08 03:00:00+03:00,6,3,1,6.0,5.0,4.0,5.571428571428571,2.0701966780270737,10.0,0.0,0.0,0.0,0.9130434782608696,2.0,0.7071067811865476,-0.7071067811865475,70.0,0.3142857142857143,medium,8.976897689768977,6.080682518563457,7.008264462809917,3.3095271843587963,0.15382636556093163,0.7492260061919505,1.2487100103199176,-1.008264462809917,11.0,1,51.440696038107,0.16417954998197748,0.1634930058713177,8.410194019382898,0.16442953846556807,10.977082583904927,0.0,8.410194019382898,,22.74866197189459,8.410194019382898,-13.589805980617102,13.589805980617102,15.0
2026-04-10,lunch,4,54,20.0,4.0,2026-04-11 04:00:00+03:00,5,4,1,15.0,4.0,10.0,8.0,3.8297084310253475,15.0,0.0,0.0,0.0,1.6666666666666667,5.0,1.2246467991473532e-16,-1.0,56.0,0.35714285714285715,medium,2.1353135313531353,2.313692209602312,2.9917355371900825,2.2193120273223412,0.28604169726316175,3.75776397515528,3.75776397515528,12.008264462809917,6.0,1,24.596921735136082,0.29449402056949925,0.2647262862728783,6.511451744687217,0.6499413648293898,11.690864977962422,0.0,6.511451744687217,,4.9042908553864315,6.511451744687217,-13.488548255312782,13.488548255312782,15.0
2026-02-07,lunch,4,9,25.0,4.0,2026-02-08 04:00:00+03:00,6,2,1,9.0,6.0,12.0,7.285714285714286,3.093772546815395,12.0,0.0,0.0,0.0,1.0862068965517242,-3.0,1.2246467991473532e-16,-1.0,62.0,0.4032258064516129,medium,8.026593305823017,5.120585258455439,11.845730027548209,5.455840016029125,0.2451649724663524,0.7006219172206735,0.9341625562942313,-2.8457300275482087,17.0,1,46.10405029067824,0.24904059749380195,0.2500507399397283,11.52835188940254,0.13081567505893463,16.002027635089682,0.0,11.52835188940254,,16.38007674010523,11.52835188940254,-13.47164811059746,13.47164811059746,15.0
2026-03-06,lunch,4,99,54.0,4.0,2026-03-07 04:00:00+03:00,5,3,1,28.0,39.0,38.0,36.142857142857146,5.398412465054494,42.0,0.0,0.0,0.0,0.7538461538461538,-10.0,1.2246467991473532e-16,-1.0,128.0,0.421875,mega,17.65933202357564,12.423628976413019,40.497252747252745,7.979484240247015,0.3282854062396855,0.6747434624296591,1.0121151936444885,-12.497252747252745,50.0,1,122.18767000977245,0.31571323962028636,0.32022119191547693,39.12708132790431,0.2784860152333806,48.821177208042606,0.0,39.12708132790431,45.01405851975648,44.8858584195918,40.566775600826176,-13.433224399173824,13.433224399173824,49.0
2026-02-13,lunch,4,16,17.0,4.0,2026-02-14 04:00:00+03:00,5,2,1,23.0,15.0,7.0,11.714285714285714,6.074928962939558,23.0,0.0,0.0,0.0,1.808988764044944,16.0,1.2246467991473532e-16,-1.0,43.0,0.3953488372093023,medium,0.9839449541284404,1.150939531486101,1.721763085399449,1.284091001690495,0.30067772753723165,8.450404858299596,8.450404858299596,21.27823691460055,3.0,1,15.180336301570753,0.30217536954715674,0.24281871541496988,3.6860697603146453,0.5734479027578242,10.873220932992403,0.0,3.6860697603146453,,5.308701477027411,3.6860697603146453,-13.313930239685355,13.313930239685355,15.0
2026-04-08,dinner,6,434,23.0,3.0,2026-04-09 06:00:00+03:00,3,4,0,8.0,12.0,12.0,11.285714285714286,1.70433620649269,13.0,0.0,0.0,0.0,0.6511627906976744,-4.0,-1.0,-1.8369701987210297e-16,72.0,0.3194444444444444,medium,7.621359223300971,6.761882045397149,9.711538461538462,4.59042711696186,0.19428502784213808,0.7468581687612208,1.2136445242369838,-1.7115384615384617,14.899999999999999,1,47.92681475689195,0.19388381243316238,0.20358757354493887,9.757303924093401,0.1627251199974915,15.784344417018398,0.0,9.757303924093401,,21.716012711053374,9.757303924093401,-13.242696075906599,13.242696075906599,15.0
2026-02-22,deep_night,0,11,31.0,6.0,2026-02-23 00:00:00+03:00,0,2,0,17.0,26.0,15.0,19.714285714285715,3.8606685826112583,26.0,0.0,0.0,0.0,0.8206896551724138,2.0,0.0,1.0,37.0,0.8378378378378378,high,11.908256880733944,9.470112751506083,20.730027548209367,8.806317217055936,0.5661038391866547,0.7823275862068965,1.1965010141987829,-3.7300275482093674,31.0,1,32.264366668474445,0.5167787119401741,0.5512160746802162,17.784637547039686,0.16039156239579044,27.98599874452418,0.0,17.784637547039686,20.612074406233702,,17.784637547039686,-13.215362452960314,13.215362452960314,31.0
2026-03-07,morning,3,29,32.0,2.0,2026-03-08 03:00:00+03:00,6,3,1,14.0,15.0,23.0,16.571428571428573,3.7796447300922584,23.0,0.0,0.0,0.0,0.7967479674796747,-9.0,0.7071067811865476,-0.7071067811865475,142.0,0.22535211267605634,high,16.77201257861635,11.447047939359384,18.077134986225897,5.116283240787247,0.15346567505224112,0.7338628158844764,1.2056317689530685,-4.0771349862258965,25.0,1,110.68298332706499,0.1688733079117054,0.17044385255291822,18.865234090315372,0.313323734658296,26.073018913547735,0.0,18.865234090315372,23.822947568023746,45.81585926724273,18.865234090315372,-13.134765909684628,13.134765909684628,31.0
2026-02-16,lunch,4,69,60.0,4.0,2026-02-17 04:00:00+03:00,1,2,0,57.0,68.0,33.0,53.42857142857143,17.309507434327745,78.0,0.0,0.0,0.0,1.047244094488189,24.0,1.2246467991473532e-16,-1.0,166.0,0.3614457831325301,mega,25.709899175068745,15.187584008448223,49.92032967032967,11.401837554339034,0.32250586815508425,1.1193957377933639,1.5318046938224978,7.0796703296703285,65.0,0,140.07383756915453,0.33220254729957854,0.33316993641533005,46.66839155636649,0.029523776917039782,57.76225586871939,0.0,46.66839155636649,46.56797841952162,47.49682456278428,46.87549980797094,-13.12450019202906,13.12450019202906,49.0
2026-02-13,dinner,6,54,19.0,3.0,2026-02-14 06:00:00+03:00,5,2,1,8.0,5.0,12.0,9.857142857142858,4.7759317216145085,16.0,0.0,0.0,0.0,0.7368421052631579,-4.0,-1.0,-1.8369701987210297e-16,50.0,0.38,medium,2.1353135313531353,2.313692209602312,3.2115384615384617,2.4250253689062604,0.3076139596782138,1.8995433789954337,3.7990867579908674,4.788461538461538,6.0,1,18.781183188251944,0.3164154271707761,0.3128842653051397,5.876336703417451,0.6559912969784759,10.688381906083155,0.0,5.876336703417451,,4.501964602735748,5.876336703417451,-13.12366329658255,13.12366329658255,15.0
2026-03-12,opening,1,479,16.0,2.0,2026-03-13 01:00:00+03:00,4,3,0,14.0,9.0,7.0,7.714285714285714,4.111540089159038,14.0,0.0,0.0,0.0,1.6065573770491801,7.0,0.7071067811865475,0.7071067811865476,44.0,0.36363636363636365,medium,4.030946702068614,7.26952048693661,4.4715430016863404,7.26952048693661,0.08346337542980571,2.558693223407944,2.558693223407944,9.52845699831366,12.0,1,28.3519994817014,0.0970444755147116,0.1069197721285763,3.0313893239730274,0.4891284843133138,14.86289976266622,0.0,3.0313893239730274,,1.8862828241271141,3.0313893239730274,-12.968610676026973,12.968610676026973,15.0
2026-04-05,lunch,4,16,17.0,4.0,2026-04-06 04:00:00+03:00,0,4,0,18.0,17.0,6.0,11.142857142857142,4.980915960897531,18.0,0.0,0.0,0.0,1.4823529411764707,12.0,1.2246467991473532e-16,-1.0,45.0,0.37777777777777777,medium,0.9839449541284404,1.150939531486101,1.721763085399449,1.284091001690495,0.30067772753723165,6.613360323886639,6.613360323886639,16.27823691460055,3.0,1,14.423548458110632,0.3533410953760384,0.2822824100640967,4.0715140204317555,0.34209515264710016,10.08318543442315,0.0,4.0715140204317555,,4.420561117345032,4.0715140204317555,-12.928485979568244,12.928485979568244,15.0
2026-02-09,dinner,6,16,15.0,3.0,2026-02-10 06:00:00+03:00,1,2,0,7.0,6.0,1.0,2.857142857142857,2.6726124191242433,7.0,0.0,0.0,0.0,1.8148148148148149,6.0,-1.0,-1.8369701987210297e-16,42.0,0.35714285714285715,medium,0.9839449541284404,1.150939531486101,1.5164835164835164,1.35948975489591,0.24700166286704747,2.7816593886462884,2.7816593886462884,5.483516483516484,4.0,1,9.607103496634148,0.2310294518038369,0.21777533831169682,2.092190214174987,0.23014818395096745,4.273437705729311,0.0,2.092190214174987,,2.834064966180756,2.092190214174987,-12.907809785825012,12.907809785825012,15.0
2026-04-04,lunch,4,35,46.0,4.0,2026-04-05 04:00:00+03:00,6,4,1,31.0,32.0,30.0,31.285714285714285,4.715728494951241,38.0,0.0,0.0,0.0,0.9601769911504425,1.0,1.2246467991473532e-16,-1.0,116.0,0.39655172413793105,high,12.99404216315307,8.966106707239911,27.76098901098901,6.366710522390032,0.3561335102986236,1.0778488871907537,1.3212341197822142,3.239010989010989,37.0,1,94.50659722858478,0.34767646945983116,0.34573535087566726,32.67427155289012,0.23560340559482668,39.667422720703186,0.0,32.67427155289012,33.22773942994314,34.44384645853842,33.1166652793022,-12.883334720697803,12.883334720697803,31.0
2026-02-19,lunch,4,142,25.0,4.0,2026-02-20 04:00:00+03:00,4,2,0,17.0,13.0,11.0,12.142857142857142,4.0999419275794535,18.0,0.0,0.0,0.0,1.2934782608695652,6.0,1.2246467991473532e-16,-1.0,46.0,0.5434782608695652,medium,4.23006416131989,3.624165403205612,9.288461538461538,4.106271337026147,0.360800260700566,1.652336448598131,1.749532710280374,7.711538461538462,14.0,1,33.097812249177444,0.38694175834828115,0.3673564783899315,12.158695750268965,0.427962048163821,16.301416544950357,0.0,12.158695750268965,,13.351610738863736,12.158695750268965,-12.841304249731035,12.841304249731035,15.0
2026-03-05,lunch,4,4,42.0,4.0,2026-03-06 04:00:00+03:00,4,3,0,28.0,32.0,22.0,24.428571428571427,4.50396650583843,32.0,0.0,0.0,0.0,1.101123595505618,6.0,1.2246467991473532e-16,-1.0,93.0,0.45161290322580644,high,12.723424723424724,8.703156453277504,27.208791208791208,6.88395184651641,0.37716923282176296,0.9925983638488508,1.1343981301129724,0.791208791208792,36.0,1,80.16131003850437,0.37154599796039856,0.36351211788227666,29.13960758431453,0.1920058987983675,35.365281448276285,0.0,29.13960758431453,32.15522555018986,29.55690595123685,29.243932176045107,-12.756067823954893,12.756067823954893,31.0
2026-04-06,afternoon,5,16,16.0,3.0,2026-04-07 05:00:00+03:00,1,4,0,7.0,10.0,4.0,7.428571428571429,2.2990681342044392,10.0,0.0,0.0,0.0,0.8305084745762712,3.0,-0.7071067811865475,-0.7071067811865477,53.0,0.3018867924528302,medium,0.9839449541284404,1.150939531486101,1.1928374655647382,1.135199470644021,0.20261772968384537,3.192211055276382,4.560301507537688,5.807162534435262,3.0,1,14.944342230671177,0.2861932507266038,0.21967838403730183,3.2829489517342507,0.4043276177615529,6.903557781656355,0.0,3.2829489517342507,,6.0076696215516385,3.2829489517342507,-12.717051048265748,12.717051048265748,15.0
2026-03-06,morning,3,8,31.0,2.0,2026-03-07 03:00:00+03:00,5,3,1,16.0,13.0,13.0,13.0,2.081665999466135,16.0,0.0,0.0,0.0,1.1428571428571428,3.0,0.7071067811865476,-0.7071067811865475,105.0,0.29523809523809524,high,14.99803536345776,11.147682695162223,17.12947658402204,4.901492218536396,0.16378186879871234,0.8825406473180367,0.8825406473180367,-1.12947658402204,23.0,1,104.99496545488314,0.17512337234385741,0.17671293497222518,18.553968502839794,0.2059477115130813,22.508096492223764,0.0,18.553968502839794,20.598180256480216,41.0728670838873,18.553968502839794,-12.446031497160206,12.446031497160206,31.0
2026-03-03,lunch,4,443,20.0,4.0,2026-03-04 04:00:00+03:00,2,3,0,20.0,0.0,0.0,2.857142857142857,7.559289460184544,20.0,0.0,0.0,0.0,5.185185185185185,20.0,1.2246467991473532e-16,-1.0,29.0,0.6896551724137931,medium,0.9166666666666666,3.618872277262598,3.051282051282051,6.704078562018944,0.1776750957892397,4.936708860759494,4.936708860759494,16.94871794871795,11.200000000000003,1,13.781356524661318,0.2864022540253843,0.5523164196887989,7.611669494155807,0.17282974282933714,16.656147068687357,0.0,7.611669494155807,,5.252349506334164,7.611669494155807,-12.388330505844193,12.388330505844193,15.0
2026-02-16,dinner,6,29,31.0,3.0,2026-02-17 06:00:00+03:00,1,2,0,15.0,15.0,18.0,16.0,3.366501646120729,22.0,0.0,0.0,0.0,0.8823529411764706,-3.0,-1.0,-1.8369701987210297e-16,128.0,0.2421875,high,16.77201257861635,11.447047939359384,17.923076923076923,5.005739447980066,0.15345369313412213,0.7926829268292683,1.1626016260162602,-2.9230769230769234,24.0,1,118.09748299927972,0.15609359786970295,0.15814681497390104,18.676740792770513,0.18146683690958026,23.184076327572566,0.0,18.676740792770513,17.866829618733327,42.69285779878114,18.676740792770513,-12.323259207229487,12.323259207229487,31.0
2026-02-03,lunch,4,115,33.0,4.0,2026-02-04 04:00:00+03:00,2,2,0,21.0,26.0,17.0,18.714285714285715,4.111540089159043,26.0,0.0,0.0,0.0,1.0652173913043477,4.0,1.2246467991473532e-16,-1.0,66.0,0.5,medium,8.859724950884086,7.0585746120055335,21.186813186813186,5.342613320180643,0.3419472329595375,0.9465081723625558,1.1718672610203071,-0.18681318681318615,28.0,1,58.125472819263834,0.3512476399357072,0.3560261968651784,20.6941910288328,0.11363298086350111,25.61669738024693,0.0,20.6941910288328,,26.426769393085838,20.6941910288328,-12.305808971167199,12.305808971167199,15.0
2026-03-08,lunch,4,123,32.0,4.0,2026-03-09 04:00:00+03:00,0,3,0,14.0,20.0,32.0,25.857142857142858,7.358183005529111,36.0,0.0,0.0,0.0,0.5212765957446809,-18.0,1.2246467991473532e-16,-1.0,45.0,0.7111111111111111,medium,9.529330889092575,10.038386270221814,26.01923076923077,8.949331720839782,0.4426367956090107,0.5181494661921708,1.3323843416370107,-12.01923076923077,36.0,0,42.828454824944906,0.4325720938061482,0.4610372410883194,19.74551265256832,0.2084207602594967,33.4237269292132,0.0,19.74551265256832,,33.9842186393671,19.74551265256832,-12.25448734743168,12.25448734743168,15.0
2026-02-15,lunch,4,29,31.0,4.0,2026-02-16 04:00:00+03:00,0,2,0,45.0,39.0,33.0,35.42857142857143,8.141603913585739,46.0,0.0,0.0,0.0,1.2352941176470587,12.0,1.2246467991473532e-16,-1.0,110.0,0.2818181818181818,high,16.77201257861635,11.447047939359384,39.06611570247934,7.990742783350609,0.33541085213730065,1.1231435643564358,1.148102310231023,5.933884297520663,49.0,0,111.12250204200166,0.3405611557365785,0.34967035188130413,38.856244390957656,0.08465250583296915,45.80989242064314,1.0,43.723798011737486,38.6569305803226,41.74204173085308,43.243351891109775,12.243351891109775,12.243351891109775,31.0
2026-02-19,lunch,4,69,73.0,4.0,2026-02-20 04:00:00+03:00,4,2,0,71.0,49.0,62.0,63.57142857142857,9.60654538768826,78.0,0.0,0.0,0.0,1.0995575221238938,9.0,1.2246467991473532e-16,-1.0,193.0,0.37823834196891193,mega,25.709899175068745,15.187584008448223,49.92032967032967,11.401837554339034,0.32250586815508425,1.3943350418127867,1.5318046938224978,21.07967032967033,65.0,1,179.01139240699476,0.33763857012012966,0.3246214673850872,58.11094088180629,0.05621545123246872,64.19648530257115,1.0,62.37082197634169,53.361280928535265,50.79096593803282,60.79669674250165,-12.203303257498348,12.203303257498348,49.0
2026-01-30,lunch,4,29,47.0,4.0,2026-01-31 04:00:00+03:00,5,1,1,35.0,32.0,36.0,34.57142857142857,4.825527358301329,44.0,0.0,0.0,0.0,0.9839357429718876,-1.0,1.2246467991473532e-16,-1.0,113.0,0.415929203539823,high,16.77201257861635,11.447047939359384,39.06611570247934,7.990742783350609,0.33541085213730065,0.8735561056105611,1.0981848184818483,-4.066115702479337,49.0,0,96.75911858099673,0.3550495516276527,0.3470657552347973,33.58177656616694,0.08006817234411634,44.83749619576675,0.0,33.58177656616694,39.70779914053279,38.93895535327091,34.92107126294293,-12.078928737057069,12.078928737057069,31.0
2026-02-06,afternoon,5,54,18.0,3.0,2026-02-07 05:00:00+03:00,5,2,1,9.0,6.0,10.0,8.571428571428571,2.7602622373694023,13.0,0.0,0.0,0.0,0.9402985074626866,-1.0,-0.7071067811865475,-0.7071067811865477,40.0,0.45,medium,2.1353135313531353,2.313692209602312,3.2527472527472527,2.4487851897705966,0.29712413849118896,2.116279069767442,3.056847545219638,5.747252747252747,6.0,1,20.8849715536815,0.3232492116502006,0.28664987235263045,5.98667442995112,0.6720589767974339,10.954833715680984,0.0,5.98667442995112,,5.210742872203826,5.98667442995112,-12.013325570048881,12.013325570048881,15.0
2026-04-11,dinner,6,16,15.0,3.0,2026-04-12 06:00:00+03:00,6,4,1,8.0,13.0,11.0,9.714285714285714,2.288688541085309,13.0,0.0,0.0,0.0,0.7466666666666667,-3.0,-1.0,-1.8369701987210297e-16,54.0,0.2777777777777778,medium,0.9839449541284404,1.150939531486101,1.5164835164835164,1.35948975489591,0.24700166286704747,3.1790393013100435,5.165938864628821,6.483516483516484,4.0,1,13.574268558381037,0.30090153655244156,0.22024857245792978,2.989713272143984,0.551300880163579,9.0381388439117,0.0,2.989713272143984,,7.1382427598299,2.989713272143984,-12.010286727856016,12.010286727856016,15.0
2026-02-18,lunch,4,47,19.0,4.0,2026-02-19 04:00:00+03:00,3,2,0,10.0,8.0,9.0,8.428571428571429,3.408672412985393,13.0,0.0,0.0,0.0,1.0606060606060606,1.0,1.2246467991473532e-16,-1.0,28.0,0.6785714285714286,medium,2.1574023115024765,2.162834723516841,4.81267217630854,2.4000815524754775,0.44135599903644834,1.7203791469194312,2.2364928909952604,5.18732782369146,8.0,1,15.317867316439548,0.4997505765432736,0.4622619671897869,7.080867478849488,0.41963874269675205,10.883173388363383,0.0,7.080867478849488,,7.001974302419314,7.080867478849488,-11.919132521150512,11.919132521150512,15.0
2026-03-05,lunch,4,69,68.0,4.0,2026-03-06 04:00:00+03:00,4,3,0,55.0,65.0,64.0,53.142857142857146,11.582005747833888,65.0,0.0,0.0,0.0,1.0158311345646438,-9.0,1.2246467991473532e-16,-1.0,196.0,0.3469387755102041,mega,25.709899175068745,15.187584008448223,49.92032967032967,11.401837554339034,0.32250586815508425,1.0801186943620178,1.2765039115187482,5.0796703296703285,65.0,1,175.8699010927782,0.3293312812928889,0.3228387250580205,56.777614644872685,0.09084568847177128,62.98575266415155,0.0,56.777614644872685,51.70756920018152,54.298151788566926,56.157748930796245,-11.842251069203755,11.842251069203755,49.0
2026-02-28,lunch,4,101,28.0,4.0,2026-03-01 04:00:00+03:00,6,3,1,19.0,23.0,13.0,14.857142857142858,5.304984179322024,23.0,0.0,0.0,0.0,1.1981981981981982,6.0,1.2246467991473532e-16,-1.0,49.0,0.5714285714285714,medium,7.729605866177819,5.750763658040518,16.97252747252747,4.423118975685863,0.3662322135926719,1.0571690614490983,1.2797309691225927,2.027472527472529,23.0,1,44.91321544834022,0.3553824350320745,0.35983116476256416,16.16117462800825,0.13775941132546302,21.811758939075972,0.0,16.16117462800825,,22.131592605671315,16.16117462800825,-11.83882537199175,11.83882537199175,15.0
2026-03-08,lunch,4,16,15.0,4.0,2026-03-09 04:00:00+03:00,0,3,0,12.0,9.0,4.0,7.571428571428571,2.6367367999823093,12.0,0.0,0.0,0.0,1.4000000000000001,8.0,1.2246467991473532e-16,-1.0,37.0,0.40540540540540543,medium,0.9839449541284404,1.150939531486101,1.721763085399449,1.284091001690495,0.30067772753723165,4.4089068825910935,4.4089068825910935,10.278236914600551,3.0,1,11.883710360865885,0.33179574492798203,0.26962959744610354,3.2042000407663584,0.40478140750312785,7.923090608324596,0.0,3.2042000407663584,,3.4776875850840696,3.2042000407663584,-11.79579995923364,11.79579995923364,15.0
2026-01-24,afternoon,5,29,31.0,3.0,2026-01-25 05:00:00+03:00,6,1,1,18.0,27.0,11.0,18.571428571428573,5.503245795502343,27.0,0.0,0.0,0.0,0.9197080291970802,7.0,-0.7071067811865475,-0.7071067811865477,125.0,0.248,high,16.77201257861635,11.447047939359384,18.62912087912088,5.288620591889938,0.15962883189953359,0.9170048985304409,1.3755073477956612,-0.6291208791208796,25.69999999999999,1,120.23643176050007,0.16532327064918634,0.1598420601638488,19.218838959348354,0.03169360466412897,23.25627364851078,0.0,19.218838959348354,17.665759843799446,36.32261190327121,19.218838959348354,-11.781161040651646,11.781161040651646,31.0
2026-03-14,lunch,4,16,15.0,4.0,2026-03-15 04:00:00+03:00,6,3,1,12.0,9.0,12.0,10.142857142857142,3.18478525851542,15.0,0.0,0.0,0.0,1.0769230769230769,0.0,1.2246467991473532e-16,-1.0,39.0,0.38461538461538464,medium,0.9839449541284404,1.150939531486101,1.721763085399449,1.284091001690495,0.30067772753723165,4.4089068825910935,5.511133603238866,10.278236914600551,3.0,1,12.609431438005258,0.3341963311053365,0.2622359670951521,3.3066464476653237,0.6575228243997869,8.526126986037932,0.0,3.3066464476653237,,3.9058941515045644,3.3066464476653237,-11.693353552334676,11.693353552334676,15.0
2026-02-21,lunch,4,16,15.0,4.0,2026-02-22 04:00:00+03:00,6,2,1,11.0,12.0,15.0,9.857142857142858,2.9680841985233166,15.0,0.0,0.0,0.0,1.013157894736842,-4.0,1.2246467991473532e-16,-1.0,26.0,0.5769230769230769,medium,0.9839449541284404,1.150939531486101,1.721763085399449,1.284091001690495,0.30067772753723165,4.041497975708502,5.511133603238866,9.278236914600551,3.0,1,12.998785137801704,0.3442948708587585,0.2557089378017118,3.3239055402999513,0.7322901123937134,9.589380829723716,0.0,3.3239055402999513,,4.223191012698451,3.3239055402999513,-11.67609445970005,11.67609445970005,15.0
2026-03-22,lunch,4,33,34.0,4.0,2026-03-23 04:00:00+03:00,0,3,0,19.0,15.0,22.0,21.428571428571427,4.6496287614225285,28.0,0.0,0.0,0.0,0.8471337579617835,-3.0,1.2246467991473532e-16,-1.0,60.0,0.5666666666666667,high,10.31622364802933,7.111279172128111,22.126373626373628,5.787367932362405,0.35735223315635023,0.8215728201473034,1.2107388928486575,-3.1263736263736277,29.0,1,61.15184850851149,0.351350023867797,0.3614896916918604,22.105762863729172,0.15819918951485967,29.175484695143236,0.0,22.105762863729172,23.73058054462819,23.28437916578035,22.400416939241968,-11.599583060758032,11.599583060758032,31.0
2026-01-25,afternoon,5,126,23.0,3.0,2026-01-26 05:00:00+03:00,0,1,0,11.0,9.0,8.0,12.0,2.7080128015453266,15.0,0.0,0.0,0.0,0.8461538461538461,3.0,-0.7071067811865475,-0.7071067811865477,65.0,0.35384615384615387,medium,8.943396226415095,8.296270027256874,12.090659340659341,4.388191091061965,0.19280413992264367,0.8402938090241343,1.1458551941238195,-1.0906593406593412,18.0,1,55.05324288559398,0.20814767649584687,0.20725212442028967,11.409901544265551,0.06439216691878229,16.199695111035417,0.0,11.409901544265551,,24.404653459423155,11.409901544265551,-11.590098455734449,11.590098455734449,15.0
2026-02-20,dinner,6,54,19.0,3.0,2026-02-21 06:00:00+03:00,5,2,1,14.0,5.0,19.0,11.571428571428571,7.634508123364214,22.0,0.0,0.0,0.0,1.1136363636363638,-5.0,-1.0,-1.8369701987210297e-16,54.0,0.35185185185185186,medium,2.1353135313531353,2.313692209602312,3.2115384615384617,2.4250253689062604,0.3076139596782138,3.324200913242009,5.223744292237443,10.788461538461538,6.0,1,26.858322101541365,0.3067272366577595,0.2789898093142979,7.493198161611018,0.8919029171376437,13.682144624268108,0.0,7.493198161611018,,5.744232886479803,7.493198161611018,-11.50680183838898,11.50680183838898,15.0
2026-03-07,deep_night,0,11,35.0,6.0,2026-03-08 00:00:00+03:00,6,3,1,25.0,25.0,24.0,19.571428571428573,8.791229395580235,27.0,0.0,0.0,0.0,1.2152777777777777,1.0,0.0,1.0,44.0,0.7954545454545454,high,11.908256880733944,9.470112751506083,20.730027548209367,8.806317217055936,0.5661038391866547,1.1504817444219066,1.2425202839756593,4.269972451790633,31.0,1,32.376103486112015,0.7064180860378009,0.7266042247419937,23.52461357369298,0.25083003766796946,31.319137697980267,0.0,23.52461357369298,29.772021215328255,,23.52461357369298,-11.475386426307018,11.475386426307018,31.0
2026-03-01,lunch,4,123,32.0,4.0,2026-03-02 04:00:00+03:00,0,3,0,22.0,25.0,21.0,26.428571428571427,4.117326918327131,32.0,0.0,0.0,0.0,0.8020833333333334,1.0,1.2246467991473532e-16,-1.0,63.0,0.5079365079365079,medium,9.529330889092575,10.038386270221814,26.01923076923077,8.949331720839782,0.4426367956090107,0.8142348754448399,1.184341637010676,-4.01923076923077,36.0,0,44.86908765751344,0.446334097739228,0.46320803565506313,20.783721955471638,0.2263723562407157,33.638433933615005,0.0,20.783721955471638,,32.59122078719494,20.783721955471638,-11.216278044528362,11.216278044528362,15.0
2026-03-20,lunch,4,16,15.0,4.0,2026-03-21 04:00:00+03:00,5,3,1,9.0,12.0,12.0,11.142857142857142,2.3401261667248754,15.0,0.0,0.0,0.0,0.7411764705882353,-3.0,1.2246467991473532e-16,-1.0,37.0,0.40540540540540543,medium,0.9839449541284404,1.150939531486101,1.721763085399449,1.284091001690495,0.30067772753723165,3.3066801619433197,5.511133603238866,7.278236914600551,3.0,1,14.081560595622552,0.349265473923735,0.269429365656317,3.7939859387295733,0.7726873159410619,9.185471620521321,0.0,3.7939859387295733,,4.364141799054212,3.7939859387295733,-11.206014061270427,11.206014061270427,15.0
2026-02-14,lunch,4,16,15.0,4.0,2026-02-15 04:00:00+03:00,6,2,1,17.0,23.0,5.0,13.142857142857142,5.956189257922422,23.0,0.0,0.0,0.0,1.202020202020202,12.0,1.2246467991473532e-16,-1.0,36.0,0.4166666666666667,medium,0.9839449541284404,1.150939531486101,1.721763085399449,1.284091001690495,0.30067772753723165,6.245951417004049,8.450404858299596,15.278236914600551,3.0,1,15.364598811925946,0.32708832916658925,0.24995299653331918,3.840427513573166,0.5442697163836497,11.043362434448532,0.0,3.840427513573166,,5.5007620555899654,3.840427513573166,-11.159572486426834,11.159572486426834,15.0
2026-02-23,lunch,4,10,24.0,4.0,2026-02-24 04:00:00+03:00,1,2,0,11.0,11.0,27.0,17.857142857142858,8.76410427879106,30.0,0.0,0.0,0.0,0.5833333333333334,-16.0,1.2246467991473532e-16,-1.0,48.0,0.5,medium,6.580926180651078,5.576694893105304,15.826446280991735,5.457537267559647,0.3959618663932895,0.6537328094302554,1.7829076620825148,-4.8264462809917354,23.0,1,32.16435191227991,0.4015200345761259,0.40059948456701533,12.885022797491427,0.150911175249105,23.313891236595875,0.0,12.885022797491427,,21.153418528213077,12.885022797491427,-11.114977202508573,11.114977202508573,15.0
2026-04-10,afternoon,5,54,18.0,3.0,2026-04-11 05:00:00+03:00,5,4,1,12.0,9.0,6.0,7.428571428571429,3.258688021128685,12.0,0.0,0.0,0.0,1.423728813559322,6.0,-0.7071067811865475,-0.7071067811865477,56.0,0.32142857142857145,medium,2.1353135313531353,2.313692209602312,3.2527472527472527,2.4487851897705966,0.29712413849118896,2.8217054263565893,2.8217054263565893,8.747252747252748,6.0,1,24.596921735136082,0.311783120121427,0.2802677872803794,6.89372482861526,0.7193553544054438,10.48635956922049,0.0,6.89372482861526,,4.9042908553864315,6.89372482861526,-11.106275171384741,11.106275171384741,15.0
2026-02-12,lunch,4,35,41.0,4.0,2026-02-13 04:00:00+03:00,4,2,0,28.0,31.0,36.0,32.42857142857143,5.191568255583345,40.0,0.0,0.0,0.0,0.8376068376068375,-8.0,1.2246467991473532e-16,-1.0,110.0,0.37272727272727274,high,12.99404216315307,8.966106707239911,27.76098901098901,6.366710522390032,0.3561335102986236,0.973540930365842,1.3907727576654887,0.23901098901098905,37.0,1,85.69867586966511,0.3506527116057744,0.34997658406752935,29.9925298399758,0.21172658082732437,39.31402143321024,0.0,29.9925298399758,30.71275964016305,29.740044436115134,29.929408489010633,-11.070591510989367,11.070591510989367,31.0
2026-02-12,lunch,4,29,32.0,4.0,2026-02-13 04:00:00+03:00,4,2,0,46.0,28.0,33.0,34.142857142857146,7.057586259446215,46.0,0.0,0.0,0.0,1.3089430894308942,13.0,1.2246467991473532e-16,-1.0,104.0,0.3076923076923077,high,16.77201257861635,11.447047939359384,39.06611570247934,7.990742783350609,0.33541085213730065,1.148102310231023,1.148102310231023,6.933884297520663,49.0,0,114.58262234497502,0.3374048164532746,0.34243843071440944,39.23749338295507,0.1344468858848756,45.566085256558395,1.0,43.66750769447739,35.37787734098796,43.403840337262594,43.0591869801043,11.0591869801043,11.0591869801043,31.0
2026-01-30,morning,3,18,18.0,2.0,2026-01-31 03:00:00+03:00,5,1,1,6.0,7.0,15.0,9.285714285714286,3.988077469754307,15.0,0.0,0.0,0.0,0.5833333333333333,-9.0,0.7071067811865476,-0.7071067811865475,58.0,0.3103448275862069,medium,6.109124254928932,5.453053535091321,6.545454545454546,4.194181710535974,0.15181598308203162,0.7951807228915663,1.9879518072289155,-0.5454545454545459,12.0,1,38.41102648485006,0.1721172937758427,0.18098851627588516,6.951954692126741,0.37274126431073124,14.49136816973527,0.0,6.951954692126741,,18.54538733074733,6.951954692126741,-11.04804530787326,11.04804530787326,15.0
2026-02-16,lunch,4,2,34.0,4.0,2026-02-17 04:00:00+03:00,1,2,0,23.0,21.0,21.0,20.142857142857142,2.4784787961281918,23.0,0.0,0.0,0.0,1.087837837837838,2.0,1.2246467991473532e-16,-1.0,80.0,0.425,medium,7.919532324621733,6.1652836583747,19.313186813186814,5.6393678951648205,0.3040886563507092,1.1322694076278064,1.1322694076278064,3.686813186813186,26.0,1,74.72800101513468,0.30378459012242437,0.30754597949272633,22.98229626773304,0.2199024422194281,26.412297213551426,0.0,22.98229626773304,,24.35654139440358,22.98229626773304,-11.017703732266959,11.017703732266959,15.0
2026-03-15,lunch,4,123,32.0,4.0,2026-03-16 04:00:00+03:00,0,3,0,23.0,14.0,32.0,27.142857142857142,7.289914755527484,37.0,0.0,0.0,0.0,0.817258883248731,-9.0,1.2246467991473532e-16,-1.0,62.0,0.5161290322580645,medium,9.529330889092575,10.038386270221814,26.01923076923077,8.949331720839782,0.4426367956090107,0.8512455516014235,1.3693950177935943,-3.01923076923077,36.0,0,45.276402755742716,0.4408613109109993,0.4634978913072389,20.98551720326401,0.3256897200184232,35.50552657701152,0.0,20.98551720326401,,34.30620657284412,20.98551720326401,-11.01448279673599,11.01448279673599,15.0
2026-03-07,morning,3,20,16.0,2.0,2026-03-08 03:00:00+03:00,6,3,1,8.0,4.0,1.0,2.5714285714285716,2.6367367999823137,8.0,0.0,0.0,0.0,2.2399999999999998,7.0,0.7071067811865476,-0.7071067811865475,37.0,0.43243243243243246,medium,5.7518037518037515,4.597145761347301,5.928374655647383,3.4256659396332876,0.17468658518591648,1.1546719681908548,1.1546719681908548,2.0716253443526167,11.0,1,27.318764546035663,0.1707232705467577,0.18317919656116516,5.004229340586456,0.12186447411967151,9.841341649736666,0.0,5.004229340586456,,14.582327946287162,5.004229340586456,-10.995770659413544,10.995770659413544,15.0
2026-03-06,morning,3,434,18.0,2.0,2026-03-07 03:00:00+03:00,5,3,1,11.0,8.0,7.0,7.142857142857143,3.0237157840738185,11.0,0.0,0.0,0.0,1.3508771929824561,4.0,0.7071067811865476,-0.7071067811865475,53.0,0.33962264150943394,medium,7.621359223300971,6.761882045397149,5.980392156862745,3.4379656547349704,0.11778847166353328,1.5758426966292134,1.5758426966292134,5.019607843137255,9.0,1,48.057144724474554,0.14094970311274602,0.14684558590965263,7.0569795742104375,0.4425464238292006,12.900554934864207,0.0,7.0569795742104375,,24.66673462224079,7.0569795742104375,-10.943020425789562,10.943020425789562,15.0
2026-04-06,opening,1,6,17.0,2.0,2026-04-07 01:00:00+03:00,1,4,0,9.0,4.0,7.0,7.0,1.8257418583505491,9.0,0.0,0.0,0.0,1.125,2.0,0.7071067811865475,0.7071067811865476,95.0,0.17894736842105263,medium,10.223521320495186,7.858411454975636,5.31404958677686,3.5172025341231974,0.0629514877721597,1.425392670157068,1.425392670157068,3.68595041322314,9.0,1,86.18435949122073,0.07121304932283112,0.07053697000412894,6.079183580257302,0.23616922868166346,10.511151021930566,0.0,6.079183580257302,,32.327617111565246,6.079183580257302,-10.920816419742698,10.920816419742698,15.0
2026-02-20,lunch,4,99,55.0,4.0,2026-02-21 04:00:00+03:00,5,2,1,43.0,42.0,48.0,42.142857142857146,4.634241089562594,48.0,0.0,0.0,0.0,0.9966887417218543,-5.0,1.2246467991473532e-16,-1.0,126.0,0.4365079365079365,mega,17.65933202357564,12.423628976413019,40.497252747252745,7.979484240247015,0.3282854062396855,1.0362131744455478,1.156703078450844,2.5027472527472554,50.0,1,129.91356422319467,0.3278539781406704,0.32486558844662217,42.20444648856618,0.37674044103844767,54.23564427618313,0.04113914005915029,42.55091368017105,47.98123402127734,48.75430092547398,44.11208672758562,-10.88791327241438,10.88791327241438,49.0
2026-03-16,lunch,4,6,18.0,4.0,2026-03-17 04:00:00+03:00,1,3,0,28.0,18.0,29.0,25.714285714285715,4.309458036856741,31.0,0.0,0.0,0.0,1.0481283422459893,-1.0,1.2246467991473532e-16,-1.0,85.0,0.21176470588235294,medium,10.223521320495186,7.858411454975636,25.560439560439562,7.174655102463964,0.31008066999141487,1.0541994207695489,1.1671493587091435,2.439560439560438,34.0,0,90.7680051875937,0.32375965822835245,0.3171749447838838,28.78933703351831,0.21969335517817323,34.441237579363204,0.0,28.78933703351831,,32.91851112561862,28.78933703351831,10.789337033518311,10.789337033518311,15.0
2026-03-12,lunch,4,126,15.0,4.0,2026-03-13 04:00:00+03:00,4,3,0,22.0,21.0,26.0,20.0,6.633249580710783,27.0,0.0,0.0,0.0,1.0476190476190477,-4.0,1.2246467991473532e-16,-1.0,47.0,0.3191489361702128,medium,8.943396226415095,8.296270027256874,23.39669421487603,7.377896665537009,0.36997738876250647,0.9017615176151762,1.1067073170731707,-1.3966942148760317,33.0,0,72.37121451667146,0.37581516154190675,0.35631069295302464,25.786637594287203,0.15281771793702806,31.374521518333804,0.0,25.786637594287203,,29.87974423201924,25.786637594287203,10.786637594287203,10.786637594287203,15.0
2026-02-07,lunch,4,6,15.0,4.0,2026-02-08 04:00:00+03:00,6,2,1,25.0,17.0,27.0,25.857142857142858,4.634241089562677,31.0,0.0,0.0,0.0,0.9308510638297872,-2.0,1.2246467991473532e-16,-1.0,62.0,0.24193548387096775,medium,10.223521320495186,7.858411454975636,25.560439560439562,7.174655102463964,0.31008066999141487,0.9412494828299545,1.1671493587091435,-0.560439560439562,34.0,0,83.78846527895946,0.3139114318168888,0.3076504553155252,25.777559493260952,0.1791969735897194,32.17035120670866,0.0,25.777559493260952,,26.41473164605013,25.777559493260952,10.777559493260952,10.777559493260952,15.0
2026-02-28,afternoon,5,126,22.0,3.0,2026-03-01 05:00:00+03:00,6,3,1,10.0,14.0,6.0,12.0,4.618802153517005,21.0,0.0,0.0,0.0,0.7692307692307693,4.0,-0.7071067811865475,-0.7071067811865477,63.0,0.3492063492063492,medium,8.943396226415095,8.296270027256874,12.090659340659341,4.388191091061965,0.19280413992264367,0.763903462749213,1.6041972717733473,-2.0906593406593412,18.0,1,58.802852908335836,0.18865051209283631,0.19088785726722,11.224750592871743,0.079135688629848,15.490749976274719,0.0,11.224750592871743,,22.736963997146933,11.224750592871743,-10.775249407128257,10.775249407128257,15.0
2026-01-31,lunch,4,123,15.0,4.0,2026-02-01 04:00:00+03:00,6,2,1,18.0,35.0,18.0,27.0,7.257180352359088,36.0,0.0,0.0,0.0,0.6428571428571429,0.0,1.2246467991473532e-16,-1.0,31.0,0.4838709677419355,medium,9.529330889092575,10.038386270221814,26.01923076923077,8.949331720839782,0.4426367956090107,0.6661921708185053,1.3323843416370107,-8.01923076923077,36.0,0,53.14690851826367,0.4556393379687744,0.48458758680896125,25.75433214522202,0.019673309098514117,29.042928085327244,0.0,25.75433214522202,,23.788016615960338,25.75433214522202,10.754332145222019,10.754332145222019,15.0
2026-02-22,lunch,4,6,15.0,4.0,2026-02-23 04:00:00+03:00,0,2,0,22.0,23.0,27.0,26.857142857142858,3.338091841585204,31.0,0.0,0.0,0.0,0.7897435897435897,-5.0,1.2246467991473532e-16,-1.0,63.0,0.23809523809523808,medium,10.223521320495186,7.858411454975636,25.560439560439562,7.174655102463964,0.31008066999141487,0.82829954489036,1.1671493587091435,-3.560439560439562,34.0,0,79.18661352391747,0.32424731246076016,0.32522134844528294,25.75317722906392,0.20816362389073,33.0375629414597,0.0,25.75317722906392,,32.579897307056186,25.75317722906392,10.753177229063919,10.753177229063919,15.0
2026-03-02,lunch,4,29,31.0,4.0,2026-03-03 04:00:00+03:00,1,3,0,35.0,38.0,35.0,36.142857142857146,2.853569193634076,41.0,0.0,0.0,0.0,0.9423076923076922,0.0,1.2246467991473532e-16,-1.0,98.0,0.3163265306122449,high,16.77201257861635,11.447047939359384,39.06611570247934,7.990742783350609,0.33541085213730065,0.8735561056105611,1.023308580858086,-4.066115702479337,49.0,0,118.59621448915786,0.3342455803852006,0.340421960251359,40.37275581478974,0.12040486088910758,44.58934105190237,0.0,40.37275581478974,39.64127864557096,45.85060369567907,41.74221778501207,10.742217785012073,10.742217785012073,31.0
2026-03-03,opening,1,6,16.0,2.0,2026-03-04 01:00:00+03:00,2,3,0,10.0,5.0,9.0,6.857142857142857,2.410295378065477,10.0,0.0,0.0,0.0,1.2727272727272727,1.0,0.7071067811865475,0.7071067811865476,85.0,0.18823529411764706,medium,10.223521320495186,7.858411454975636,5.31404958677686,3.5172025341231974,0.0629514877721597,1.5837696335078533,1.5837696335078533,4.68595041322314,9.0,1,76.14767520277515,0.07043918400584057,0.07015737857607886,5.342321276889388,0.2661595692910154,10.928625497486285,0.0,5.342321276889388,,31.916815062342923,5.342321276889388,-10.657678723110612,10.657678723110612,15.0
2026-04-05,lunch,4,6,35.0,4.0,2026-04-06 04:00:00+03:00,0,4,0,25.0,18.0,28.0,24.428571428571427,5.255382728122507,31.0,0.0,0.0,0.0,0.9831460674157304,-3.0,1.2246467991473532e-16,-1.0,89.0,0.39325842696629215,medium,10.223521320495186,7.858411454975636,25.560439560439562,7.174655102463964,0.31008066999141487,0.9412494828299545,1.1671493587091435,-0.560439560439562,34.0,1,75.8917813308926,0.3213621652286107,0.3207763894959472,24.34429160773966,0.21273515507469526,33.34505584617928,0.0,24.34429160773966,,32.28943232466513,24.34429160773966,-10.65570839226034,10.65570839226034,15.0
2026-04-05,afternoon,5,1,15.0,3.0,2026-04-06 05:00:00+03:00,0,4,0,1.0,5.0,4.0,5.0,2.3094010767585016,8.0,0.0,0.0,0.0,0.16666666666666666,-3.0,-0.7071067811865475,-0.7071067811865477,37.0,0.40540540540540543,medium,4.8180943214629455,4.2007427440961616,4.815934065934066,2.37332953137807,0.1742448188390449,0.17194142654700048,1.3755314123760038,-3.8159340659340657,8.0,1,27.298260313870912,0.15858163013125393,0.15920210674481602,4.345940552436652,0.16918337801375136,7.489155881731001,0.0,4.345940552436652,,15.20502473208143,4.345940552436652,-10.654059447563348,10.654059447563348,15.0
2026-02-18,lunch,4,10,30.0,4.0,2026-02-19 04:00:00+03:00,3,2,0,22.0,27.0,23.0,20.571428571428573,5.5334480768366925,27.0,0.0,0.0,0.0,1.019867549668874,-1.0,1.2246467991473532e-16,-1.0,61.0,0.4918032786885246,medium,6.580926180651078,5.576694893105304,15.826446280991735,5.457537267559647,0.3959618663932895,1.3074656188605107,1.6046168958742633,6.1735537190082646,23.0,1,48.614026380582345,0.4117180942774776,0.39972204829996655,19.432098200954986,0.2916925352118993,25.700067539386698,0.0,19.432098200954986,,21.511716993103605,19.432098200954986,-10.567901799045014,10.567901799045014,15.0
2026-04-01,lunch,4,2,30.0,4.0,2026-04-02 04:00:00+03:00,3,4,0,15.0,22.0,23.0,18.0,4.082482904638586,23.0,0.0,0.0,0.0,0.7894736842105263,-8.0,1.2246467991473532e-16,-1.0,81.0,0.37037037037037035,medium,7.919532324621733,6.1652836583747,19.313186813186814,5.6393678951648205,0.3040886563507092,0.7384365701920476,1.1322694076278064,-4.313186813186814,26.0,1,66.56353320586787,0.29817811225166124,0.29200487660088875,19.436876299898607,0.15640142231851661,24.90411437219281,0.0,19.436876299898607,,23.175200263696972,19.436876299898607,-10.563123700101393,10.563123700101393,15.0
2026-03-11,afternoon,5,126,24.0,3.0,2026-03-12 05:00:00+03:00,3,3,0,15.0,11.0,22.0,12.857142857142858,7.244045173533258,22.0,0.0,0.0,0.0,1.0824742268041236,-7.0,-0.7071067811865475,-0.7071067811865477,78.0,0.3076923076923077,medium,8.943396226415095,8.296270027256874,12.090659340659341,4.388191091061965,0.19280413992264367,1.1458551941238195,1.6805876180482686,2.9093406593406588,18.0,1,68.60390556387702,0.2061826310827791,0.19829387285195474,13.60373412703094,0.2938090751745266,19.374268849947924,0.0,13.60373412703094,,29.99742594628806,13.60373412703094,-10.39626587296906,10.39626587296906,15.0
2026-01-29,dinner,6,9,20.0,3.0,2026-01-30 06:00:00+03:00,4,1,0,7.0,7.0,11.0,9.0,2.7688746209726873,14.0,0.0,0.0,0.0,0.7,-4.0,-1.0,-1.8369701987210297e-16,49.0,0.40816326530612246,medium,8.026593305823017,5.120585258455439,11.785714285714286,4.220925738382678,0.24758062020767085,0.547486033519553,1.094972067039106,-4.7857142857142865,17.0,1,37.22008193552005,0.2562634882273081,0.25823462425679145,9.611513873426011,0.05348414107739476,14.826065770944595,0.0,9.611513873426011,,9.508026116847978,9.611513873426011,-10.388486126573989,10.388486126573989,15.0
2026-02-11,lunch,4,16,15.0,4.0,2026-02-12 04:00:00+03:00,3,2,0,13.0,11.0,1.0,6.857142857142857,4.2594432902501635,13.0,0.0,0.0,0.0,1.6545454545454545,12.0,1.2246467991473532e-16,-1.0,55.0,0.2727272727272727,medium,0.9839449541284404,1.150939531486101,1.721763085399449,1.284091001690495,0.30067772753723165,4.776315789473684,4.776315789473684,11.278236914600551,3.0,1,17.047658298155124,0.31074467288609287,0.27210068645962565,4.6386795254571425,0.4795880333542964,7.13190833455357,0.0,4.6386795254571425,,3.845322566474531,4.6386795254571425,-10.361320474542858,10.361320474542858,15.0
2026-03-07,morning,3,115,22.0,2.0,2026-03-08 03:00:00+03:00,6,3,1,9.0,13.0,9.0,9.0,3.511884584284274,14.0,0.0,0.0,0.0,0.9,0.0,0.7071067811865476,-0.7071067811865475,90.0,0.24444444444444444,medium,8.859724950884086,7.0585746120055335,10.774104683195592,4.081854667295583,0.17325508925160527,0.7643893308376228,1.1890500701918578,-1.774104683195592,16.0,1,61.42393279286365,0.18642078602525372,0.18976100472351976,11.65586720084376,0.1627501138714282,16.867228852367308,0.0,11.65586720084376,,23.024886168535915,11.65586720084376,-10.34413279915624,10.34413279915624,15.0
2026-04-05,lunch,4,126,33.0,4.0,2026-04-06 04:00:00+03:00,0,4,0,16.0,16.0,22.0,21.285714285714285,3.860668582611273,26.0,0.0,0.0,0.0,0.717948717948718,-6.0,1.2246467991473532e-16,-1.0,85.0,0.38823529411764707,medium,8.943396226415095,8.296270027256874,23.39669421487603,7.377896665537009,0.36997738876250647,0.6558265582655827,1.065718157181572,-7.396694214876032,33.0,1,60.79994153354763,0.37691705895698013,0.3736512459555816,22.717973908036587,0.18148428109272982,29.75529772740947,0.0,22.717973908036587,,29.373276865513738,22.717973908036587,-10.282026091963413,10.282026091963413,15.0
2026-04-10,lunch,4,99,56.0,4.0,2026-04-11 04:00:00+03:00,5,4,1,43.0,37.0,34.0,37.57142857142857,3.505098327538525,43.0,0.0,0.0,0.0,1.114814814814815,9.0,1.2246467991473532e-16,-1.0,161.0,0.34782608695652173,mega,17.65933202357564,12.423628976413019,40.497252747252745,7.979484240247015,0.3282854062396855,1.0362131744455478,1.0362131744455478,2.5027472527472554,50.0,1,123.79777322642443,0.32129102994180664,0.32323884330390257,40.01624902130827,0.14453926834387007,48.64101500664938,1.0,46.05358521104704,41.953858342411145,44.76334831573442,45.725885301755255,-10.274114698244745,10.274114698244745,49.0
2026-03-15,lunch,4,8,32.0,4.0,2026-03-16 04:00:00+03:00,0,3,0,43.0,33.0,39.0,35.285714285714285,4.715728494951294,43.0,0.0,0.0,0.0,1.1850393700787403,4.0,1.2246467991473532e-16,-1.0,106.0,0.3018867924528302,high,14.99803536345776,11.147682695162223,34.80494505494506,8.197821234921355,0.33131290749065806,1.2009514309828895,1.2009514309828895,8.195054945054942,44.0,0,110.77481510569169,0.3379725057430881,0.339540402526499,37.61252531078505,0.17130265619676732,44.49178203767728,1.0,42.428005019609614,39.27637083878367,42.37889266765758,42.25449637771008,10.254496377710083,10.254496377710083,31.0
2026-02-25,lunch,4,29,32.0,4.0,2026-02-26 04:00:00+03:00,3,2,0,41.0,35.0,31.0,31.0,6.082762530298214,41.0,0.0,0.0,0.0,1.28125,10.0,1.2246467991473532e-16,-1.0,103.0,0.3106796116504854,high,16.77201257861635,11.447047939359384,39.06611570247934,7.990742783350609,0.33541085213730065,1.023308580858086,1.023308580858086,1.9338842975206632,49.0,0,117.64329012977565,0.3374820047614675,0.342591852173613,40.30363266135756,0.09123435897361147,43.548126443167746,1.0,42.57477830862469,37.87007053916275,42.538125713852715,42.23440340486769,10.234403404867692,10.234403404867692,31.0
2026-02-15,lunch,4,7,37.0,4.0,2026-02-16 04:00:00+03:00,0,2,0,20.0,23.0,33.0,26.571428571428573,7.020378500174631,37.0,0.0,0.0,0.0,0.7253886010362693,-13.0,1.2246467991473532e-16,-1.0,111.0,0.3333333333333333,high,12.872377020983832,6.9762070291099025,25.81267217630854,6.227115387092842,0.2507803114805857,0.7459159560258913,1.379944518647899,-5.8126721763085385,33.0,1,105.17528691100462,0.2532731960848619,0.24813204641953512,26.09735917398932,0.10508140958343433,33.65618843741795,0.0,26.09735917398932,27.289416024313955,28.81144789559514,26.775881354390776,-10.224118645609224,10.224118645609224,31.0
2026-01-27,lunch,4,126,17.0,4.0,2026-01-28 04:00:00+03:00,2,1,0,29.0,20.0,29.0,22.142857142857142,5.639993245521108,29.0,0.0,0.0,0.0,1.2530864197530864,0.0,1.2246467991473532e-16,-1.0,56.0,0.30357142857142855,medium,8.943396226415095,8.296270027256874,23.39669421487603,7.377896665537009,0.36997738876250647,1.1886856368563685,1.1886856368563685,5.603305785123968,33.0,0,70.41221471735238,0.40184384487373703,0.3866285423468135,27.2233719395808,0.14236679051420664,32.97270534206402,0.0,27.2233719395808,,25.33646000801323,27.2233719395808,10.223371939580801,10.223371939580801,15.0
2026-02-05,opening,1,6,15.0,2.0,2026-02-06 01:00:00+03:00,4,2,0,8.0,3.0,3.0,3.4285714285714284,2.3704530408864026,8.0,0.0,0.0,0.0,1.8064516129032258,5.0,0.7071067811865475,0.7071067811865476,94.0,0.1595744680851064,medium,10.223521320495186,7.858411454975636,5.31404958677686,3.5172025341231974,0.0629514877721597,1.2670157068062826,1.2670157068062826,2.68595041322314,9.0,1,81.09590213176766,0.059164357630213216,0.05944433599416273,4.820692054070535,0.1856863317407081,9.134079384786194,0.0,4.820692054070535,,32.17141709457991,4.820692054070535,-10.179307945929466,10.179307945929466,15.0
2026-03-07,lunch,4,21,35.0,4.0,2026-03-08 04:00:00+03:00,6,3,1,25.0,10.0,18.0,14.714285714285714,5.407226205560064,25.0,0.0,0.0,0.0,1.590909090909091,7.0,1.2246467991473532e-16,-1.0,84.0,0.4166666666666667,high,10.276351970669111,6.879601240859492,19.412087912087912,5.840908928943945,0.31422961130898425,1.224764468371467,1.224764468371467,5.587912087912088,27.0,1,63.50181012894959,0.3187784719756139,0.32239209561646726,20.472481642911067,0.19900133014841684,27.294046145467668,1.0,25.247576794700684,21.936556950573596,22.5774848963149,24.850946629330338,-10.149053370669662,10.149053370669662,31.0
2026-02-20,afternoon,5,54,18.0,3.0,2026-02-21 05:00:00+03:00,5,2,1,14.0,8.0,15.0,9.571428571428571,4.928053803045802,15.0,0.0,0.0,0.0,1.3243243243243243,-1.0,-0.7071067811865475,-0.7071067811865477,54.0,0.3333333333333333,medium,2.1353135313531353,2.313692209602312,3.2527472527472527,2.4487851897705966,0.29712413849118896,3.2919896640826876,3.5271317829457365,10.747252747252748,6.0,1,26.858322101541365,0.3226537651428746,0.2934760975015409,7.882275555799745,0.8647354330774125,13.246615123121462,0.0,7.882275555799745,,5.744232886479803,7.882275555799745,-10.117724444200256,10.117724444200256,15.0
2026-02-18,lunch,4,7,39.0,4.0,2026-02-19 04:00:00+03:00,3,2,0,31.0,31.0,31.0,28.0,6.082762530298209,37.0,0.0,0.0,0.0,1.0689655172413792,0.0,1.2246467991473532e-16,-1.0,106.0,0.36792452830188677,high,12.872377020983832,6.9762070291099025,25.81267217630854,6.227115387092842,0.2507803114805857,1.1561697318401316,1.379944518647899,5.1873278236914615,33.0,1,112.6577501617907,0.25774010460169705,0.25561197040430333,28.796669500171046,0.18501860708436077,35.521583224261285,0.0,28.796669500171046,28.968057121469958,29.26333736665954,28.91333646679317,-10.086663533206831,10.086663533206831,31.0
2026-02-23,afternoon,5,123,20.0,3.0,2026-02-24 05:00:00+03:00,1,2,0,7.0,10.0,9.0,8.857142857142858,2.544836041121407,11.0,0.0,0.0,0.0,0.7101449275362318,-2.0,-0.7071067811865475,-0.7071067811865477,73.0,0.273972602739726,medium,9.529330889092575,10.038386270221814,11.35989010989011,5.427674822829868,0.18851876592146113,0.5663480773505224,0.8899755501222494,-4.3598901098901095,18.0,1,50.243185516611106,0.1899632607634614,0.1987208798013457,9.98437002988319,0.09524434514106031,15.746854670574365,0.0,9.98437002988319,,33.499518916529425,9.98437002988319,-10.01562997011681,10.01562997011681,15.0
2026-03-19,lunch,4,99,50.0,4.0,2026-03-20 04:00:00+03:00,4,3,0,31.0,33.0,44.0,37.714285714285715,4.5355736761106105,44.0,0.0,0.0,0.0,0.8007380073800738,-13.0,1.2246467991473532e-16,-1.0,121.0,0.4132231404958678,mega,17.65933202357564,12.423628976413019,40.497252747252745,7.979484240247015,0.3282854062396855,0.7470374048328369,1.0603111552466071,-9.497252747252745,50.0,1,120.17771641274528,0.3170766782931148,0.3258925119686826,39.16501788440953,0.16524688941356827,46.049086234244925,0.0,39.16501788440953,40.19963725731555,42.456180061213246,39.98780842861046,-10.012191571389543,10.012191571389543,49.0
2026-02-07,dinner,6,54,16.0,3.0,2026-02-08 06:00:00+03:00,6,2,1,12.0,9.0,7.0,8.857142857142858,2.2677868380553474,12.0,0.0,0.0,0.0,1.217391304347826,5.0,-1.0,-1.8369701987210297e-16,41.0,0.3902439024390244,medium,2.1353135313531353,2.313692209602312,3.2115384615384617,2.4250253689062604,0.3076139596782138,2.8493150684931505,2.8493150684931505,8.788461538461538,6.0,1,22.07138516578029,0.29030252404717105,0.2716419785186226,5.9955147350791345,0.7240738848005883,10.474693165759097,0.0,5.9955147350791345,,4.502216318926379,5.9955147350791345,-10.004485264920866,10.004485264920866,15.0
2026-02-13,lunch,4,69,78.0,4.0,2026-02-14 04:00:00+03:00,5,2,1,62.0,39.0,56.0,45.57142857142857,11.65986196112032,62.0,0.0,0.0,0.0,1.3312883435582823,6.0,1.2246467991473532e-16,-1.0,224.0,0.3482142857142857,mega,25.709899175068745,15.187584008448223,49.92032967032967,11.401837554339034,0.32250586815508425,1.2175883463717292,1.2175883463717292,12.079670329670328,65.0,1,170.6121831517098,0.3284849030552738,0.3273231320542857,55.84531415583708,0.6159127400234058,73.56112029618397,1.0,68.2463784540799,67.12502179485688,64.28707849116543,68.05251559799306,-9.947484402006936,9.947484402006936,49.0
2026-01-29,lunch,4,123,35.0,4.0,2026-01-30 04:00:00+03:00,4,1,0,28.0,29.0,32.0,27.428571428571427,5.8268671644702055,36.0,0.0,0.0,0.0,0.9849246231155779,-4.0,1.2246467991473532e-16,-1.0,58.0,0.603448275862069,medium,9.529330889092575,10.038386270221814,26.01923076923077,8.949331720839782,0.4426367956090107,1.0362989323843417,1.3323843416370107,1.98076923076923,36.0,0,54.631876648109724,0.4360816952023573,0.45935047076363944,25.095178257010282,0.16464769463317072,35.814721367441415,0.0,25.095178257010282,,27.836228306228882,25.095178257010282,-9.904821742989718,9.904821742989718,15.0
2026-02-08,lunch,4,29,33.0,4.0,2026-02-09 04:00:00+03:00,0,2,0,40.0,34.0,36.0,35.285714285714285,3.302235894778299,40.0,0.0,0.0,0.0,1.1023622047244095,4.0,1.2246467991473532e-16,-1.0,90.0,0.36666666666666664,high,16.77201257861635,11.447047939359384,39.06611570247934,7.990742783350609,0.33541085213730065,0.9983498349834984,0.9983498349834984,0.9338842975206632,49.0,0,116.51903029207327,0.3376158661708841,0.34234595653485334,39.88981887985337,0.11768610936901364,44.21736276128121,1.0,42.91909959685286,39.43871785882534,45.34870644076844,42.886968131901035,9.886968131901035,9.886968131901035,31.0
2026-02-26,lunch,4,8,31.0,4.0,2026-02-27 04:00:00+03:00,4,2,0,37.0,32.0,34.0,32.857142857142854,2.7945525240231253,37.0,0.0,0.0,0.0,1.0928270042194095,3.0,1.2246467991473532e-16,-1.0,94.0,0.32978723404255317,high,14.99803536345776,11.147682695162223,34.80494505494506,8.197821234921355,0.33131290749065806,1.0333768127062073,1.0333768127062073,2.1950549450549417,44.0,0,109.1277907164488,0.3354998965859968,0.33722237549854356,36.800332818308775,0.1942123181240867,42.93702799966633,1.0,41.09601944525906,37.65738977576752,40.74750757591322,40.86668846432836,9.866688464328362,9.866688464328362,31.0
2026-04-12,lunch,4,123,33.0,4.0,2026-04-13 04:00:00+03:00,0,4,0,17.0,29.0,24.0,28.428571428571427,7.976154939508615,43.0,0.0,0.0,0.0,0.5776699029126214,-7.0,1.2246467991473532e-16,-1.0,55.0,0.6,medium,9.529330889092575,10.038386270221814,26.01923076923077,8.949331720839782,0.4426367956090107,0.6291814946619216,1.5914590747330961,-9.01923076923077,36.0,0,50.1413548684076,0.4475998796450348,0.4621947045677578,23.175068700030756,0.26425009292558976,33.82115918501006,0.0,23.175068700030756,,34.07854760389587,23.175068700030756,-9.824931299969244,9.824931299969244,15.0
2026-04-09,lunch,4,29,31.0,4.0,2026-04-10 04:00:00+03:00,4,4,0,37.0,39.0,24.0,32.857142857142854,6.011892975000236,40.0,0.0,0.0,0.0,1.0928270042194095,13.0,1.2246467991473532e-16,-1.0,112.0,0.2767857142857143,high,16.77201257861635,11.447047939359384,39.06611570247934,7.990742783350609,0.33541085213730065,0.923473597359736,0.9983498349834984,-2.066115702479337,49.0,0,103.6913404915607,0.3268017623383421,0.33303257205807046,34.532593824053606,0.07030802342935402,43.075368248582464,1.0,40.5125359212238,39.210912421564736,44.335049209963046,40.81672039744457,9.81672039744457,9.81672039744457,31.0
2026-01-24,lunch,4,18,25.0,4.0,2026-01-25 04:00:00+03:00,6,1,1,20.0,5.0,14.0,9.571428571428571,5.623081683476417,20.0,0.0,0.0,0.0,1.8918918918918919,6.0,1.2246467991473532e-16,-1.0,49.0,0.5102040816326531,medium,6.109124254928932,5.453053535091321,11.975206611570249,6.953431693708665,0.27885867315263196,1.5414012738853502,1.5414012738853502,8.024793388429751,20.0,1,43.935424983853764,0.332019752894825,0.34596756018324143,15.200231787277716,0.2947005780880311,19.359270101660034,0.0,15.200231787277716,,18.430491917288485,15.200231787277716,-9.799768212722284,9.799768212722284,15.0
2026-02-01,afternoon,5,123,21.0,3.0,2026-02-02 05:00:00+03:00,0,2,0,6.0,11.0,20.0,11.428571428571429,4.276179870598792,20.0,0.0,0.0,0.0,0.48275862068965514,-14.0,-0.7071067811865475,-0.7071067811865477,68.0,0.3088235294117647,medium,9.529330889092575,10.038386270221814,11.35989010989011,5.427674822829868,0.18851876592146113,0.4854412091575906,1.6181373638586354,-5.3598901098901095,18.0,1,55.00946756351178,0.19271503158632702,0.20385300706636297,11.21384537994143,0.2617288193200755,18.038714613516962,0.0,11.21384537994143,,32.62621196844573,11.21384537994143,-9.78615462005857,9.78615462005857,15.0
2026-02-17,lunch,4,123,40.0,4.0,2026-02-18 04:00:00+03:00,2,2,0,36.0,38.0,31.0,29.714285714285715,7.273565968956487,38.0,0.0,0.0,0.0,1.172093023255814,5.0,1.2246467991473532e-16,-1.0,68.0,0.5882352941176471,medium,9.529330889092575,10.038386270221814,26.01923076923077,8.949331720839782,0.4426367956090107,1.3323843416370107,1.406405693950178,9.98076923076923,36.0,1,65.88825644988698,0.44517909040336134,0.4588017862502124,30.229649752120224,0.2808750246590202,38.68381997698333,0.0,30.229649752120224,,35.09574660215401,30.229649752120224,-9.770350247879776,9.770350247879776,15.0
2026-02-22,lunch,4,123,21.0,4.0,2026-02-23 04:00:00+03:00,0,2,0,26.0,21.0,38.0,31.285714285714285,6.921326600064606,40.0,0.0,0.0,0.0,0.8053097345132744,-12.0,1.2246467991473532e-16,-1.0,37.0,0.5675675675675675,medium,9.529330889092575,10.038386270221814,26.01923076923077,8.949331720839782,0.4426367956090107,0.9622775800711744,1.480427046263345,-0.01923076923077005,36.0,0,66.45163795748235,0.44607635699984843,0.4625637787701007,30.73812075907569,0.46421804521191534,37.06731369864015,0.0,30.73812075907569,,35.005161274282386,30.73812075907569,9.738120759075692,9.738120759075692,15.0
2026-03-05,lunch,4,10,27.0,4.0,2026-03-06 04:00:00+03:00,4,3,0,18.0,11.0,14.0,14.571428571428571,4.961758520831848,24.0,0.0,0.0,0.0,1.1559633027522935,4.0,1.2246467991473532e-16,-1.0,54.0,0.5,medium,6.580926180651078,5.576694893105304,15.826446280991735,5.457537267559647,0.3959618663932895,1.0697445972495088,1.4263261296660117,2.1735537190082646,23.0,1,43.25953831961263,0.4000654158674187,0.3994479848626447,17.279935407857625,0.16668105108957695,22.735079441493188,0.0,17.279935407857625,,20.51032768397301,17.279935407857625,-9.720064592142375,9.720064592142375,15.0
2026-04-02,lunch,4,6,18.0,4.0,2026-04-03 04:00:00+03:00,4,4,0,31.0,29.0,25.0,25.714285714285715,4.151878519188132,31.0,0.0,0.0,0.0,1.160427807486631,6.0,1.2246467991473532e-16,-1.0,72.0,0.25,medium,10.223521320495186,7.858411454975636,25.560439560439562,7.174655102463964,0.31008066999141487,1.1671493587091435,1.1671493587091435,5.439560439560438,34.0,0,88.44125590024998,0.3171738614671817,0.3124640356130217,27.634711733276077,0.20608857976811984,33.78568597731113,0.0,27.634711733276077,,31.81774957334005,27.634711733276077,9.634711733276077,9.634711733276077,15.0
2026-02-07,afternoon,5,54,16.0,3.0,2026-02-08 05:00:00+03:00,6,2,1,18.0,9.0,10.0,9.714285714285714,4.535573676110716,18.0,0.0,0.0,0.0,1.6800000000000002,8.0,-0.7071067811865475,-0.7071067811865477,41.0,0.3902439024390244,medium,2.1353135313531353,2.313692209602312,3.2527472527472527,2.4487851897705966,0.29712413849118896,4.232558139534884,4.232558139534884,14.747252747252748,6.0,1,22.07138516578029,0.30894275270155924,0.28908401974212494,6.380484745000473,0.678399396456644,12.988625801651256,0.0,6.380484745000473,,4.502216318926379,6.380484745000473,-9.619515254999527,9.619515254999527,15.0
2026-03-07,lunch,4,54,15.0,4.0,2026-03-08 04:00:00+03:00,6,3,1,5.0,5.0,5.0,4.428571428571429,2.5727509827123876,9.0,0.0,0.0,0.0,0.9210526315789473,0.0,1.2246467991473532e-16,-1.0,40.0,0.375,medium,2.1353135313531353,2.313692209602312,2.9917355371900825,2.2193120273223412,0.28604169726316175,1.2525879917184266,2.2546583850931676,2.0082644628099175,6.0,1,17.234760795676028,0.33553700847379164,0.31225606325386496,5.381658557179846,0.2776253799626522,7.134371946908203,0.0,5.381658557179846,,3.4493813043333206,5.381658557179846,-9.618341442820153,9.618341442820153,15.0
2026-01-31,lunch,4,128,33.0,4.0,2026-02-01 04:00:00+03:00,6,2,1,24.0,27.0,27.0,26.428571428571427,4.649628761422567,35.0,0.0,0.0,0.0,0.875,-3.0,1.2246467991473532e-16,-1.0,91.0,0.3626373626373626,high,11.91429880843263,7.322747993958596,22.86263736263736,5.724417727106647,0.31992864956999584,1.0057563895924477,1.466728068155653,1.1373626373626387,30.0,1,70.59689482075676,0.322555512731192,0.3195823537098486,22.561521811424065,0.3135592658118303,32.277587552589694,0.0,22.561521811424065,26.08448490077651,25.870361901227668,23.388731833874967,-9.611268166125033,9.611268166125033,31.0
2026-02-25,lunch,4,6,32.0,4.0,2026-02-26 04:00:00+03:00,3,2,0,13.0,34.0,28.0,23.714285714285715,7.867957924694482,34.0,0.0,0.0,0.0,0.5260115606936416,-15.0,1.2246467991473532e-16,-1.0,95.0,0.3368421052631579,medium,10.223521320495186,7.858411454975636,25.560439560439562,7.174655102463964,0.31008066999141487,0.4894497310715763,1.2800992966487381,-12.560439560439562,34.0,0,70.08648722894176,0.31746241082370397,0.31968858150785096,22.405849685088505,0.11973242546796319,32.633053006083436,0.0,22.405849685088505,,31.77509297433774,22.405849685088505,-9.594150314911495,9.594150314911495,15.0
2026-03-08,lunch,4,29,33.0,4.0,2026-03-09 04:00:00+03:00,0,3,0,38.0,33.0,35.0,31.714285714285715,4.191828786034628,38.0,0.0,0.0,0.0,1.1615720524017468,3.0,1.2246467991473532e-16,-1.0,97.0,0.3402061855670103,high,16.77201257861635,11.447047939359384,39.06611570247934,7.990742783350609,0.33541085213730065,0.9484323432343235,0.9484323432343235,-1.0661157024793368,49.0,0,124.45667992212682,0.3323456210646054,0.3367949863728847,41.91638581838718,0.08600238899100414,43.10436099491596,1.0,42.74796844195732,39.99292994188025,43.369469766762236,42.5915411700539,9.591541170053901,9.591541170053901,31.0
2026-02-13,afternoon,5,54,15.0,3.0,2026-02-14 05:00:00+03:00,5,2,1,2.0,3.0,18.0,7.285714285714286,6.725927091345489,18.0,0.0,0.0,0.0,0.24137931034482762,-16.0,-0.7071067811865475,-0.7071067811865477,50.0,0.3,medium,2.1353135313531353,2.313692209602312,3.2527472527472527,2.4487851897705966,0.29712413849118896,0.4702842377260982,4.232558139534884,-1.2527472527472527,6.0,1,18.781183188251944,0.2918425006756254,0.2885855700058021,5.419978455765075,0.29680785586311986,10.370627926680934,0.0,5.419978455765075,,4.501964602735748,5.419978455765075,-9.580021544234924,9.580021544234924,15.0
2026-03-03,lunch,4,33,32.0,4.0,2026-03-04 04:00:00+03:00,2,3,0,15.0,26.0,28.0,23.857142857142858,4.879500364742678,28.0,0.0,0.0,0.0,0.603448275862069,-13.0,1.2246467991473532e-16,-1.0,64.0,0.5,high,10.31622364802933,7.111279172128111,22.126373626373628,5.787367932362405,0.35735223315635023,0.6486101211689237,1.2107388928486575,-7.126373626373628,29.0,1,60.572168620935834,0.35115027882072924,0.3600356407775127,21.80813954272218,0.11087881412270498,30.997579751466326,0.0,21.80813954272218,22.83932491777207,24.285860917714647,22.427569886470295,-9.572430113529705,9.572430113529705,31.0
2026-04-04,lunch,4,69,76.0,4.0,2026-04-05 04:00:00+03:00,6,4,1,70.0,46.0,50.0,45.57142857142857,13.33987934549561,70.0,0.0,0.0,0.0,1.5030674846625767,20.0,1.2246467991473532e-16,-1.0,197.0,0.38578680203045684,mega,25.709899175068745,15.187584008448223,49.92032967032967,11.401837554339034,0.32250586815508425,1.3746965200971135,1.3746965200971135,20.07967032967033,65.0,1,175.29674483082232,0.32522812661328315,0.3221322699860008,56.46873833350955,0.5047648885795095,71.0151376890486,1.0,66.65121788238687,67.6281954445894,60.69859695776201,66.42772320565956,-9.57227679434044,9.57227679434044,49.0
2026-03-12,afternoon,5,54,15.0,3.0,2026-03-13 05:00:00+03:00,4,3,0,13.0,5.0,4.0,7.428571428571429,3.552329886011092,13.0,0.0,0.0,0.0,1.542372881355932,9.0,-0.7071067811865475,-0.7071067811865477,28.0,0.5357142857142857,medium,2.1353135313531353,2.313692209602312,3.2527472527472527,2.4487851897705966,0.29712413849118896,3.056847545219638,3.056847545219638,9.747252747252748,6.0,1,20.57310573423565,0.27930147977214503,0.2644090692062901,5.439715737871838,0.6892106566575777,11.109535571463509,0.0,5.439715737871838,,4.968669227777649,5.439715737871838,-9.560284262128162,9.560284262128162,15.0
2026-01-31,lunch,4,18,26.0,4.0,2026-02-01 04:00:00+03:00,6,2,1,22.0,10.0,25.0,13.285714285714286,7.111359122659247,25.0,0.0,0.0,0.0,1.5399999999999998,-3.0,1.2246467991473532e-16,-1.0,53.0,0.49056603773584906,medium,6.109124254928932,5.453053535091321,11.975206611570249,6.953431693708665,0.27885867315263196,1.6955414012738852,1.9267515923566878,10.024793388429751,20.0,1,48.492155509402906,0.32147340835977545,0.33946169454717295,16.461229281466938,0.6859359325021642,22.726147844791452,0.0,16.461229281466938,,22.39275584779373,16.461229281466938,-9.538770718533062,9.538770718533062,15.0
2026-03-17,lunch,4,7,36.0,4.0,2026-03-18 04:00:00+03:00,2,3,0,17.0,29.0,30.0,21.428571428571427,8.100558475750153,30.0,0.0,0.0,0.0,0.7579617834394905,-13.0,1.2246467991473532e-16,-1.0,106.0,0.33962264150943394,high,12.872377020983832,6.9762070291099025,25.81267217630854,6.227115387092842,0.2507803114805857,0.6340285626220077,1.118873934038837,-8.812672176308538,33.0,1,101.5476298255359,0.2529556660217375,0.2569265221521021,26.090279363864013,0.0917100220351187,33.0271731171752,0.0,26.090279363864013,27.35788277028466,27.82269680234017,26.523383723483054,-9.476616276516946,9.476616276516946,31.0
2026-02-04,lunch,4,1,20.0,4.0,2026-02-05 04:00:00+03:00,3,2,0,12.0,16.0,9.0,11.142857142857142,3.287784027201877,16.0,0.0,0.0,0.0,0.9882352941176471,3.0,1.2246467991473532e-16,-1.0,34.0,0.5882352941176471,medium,4.8180943214629455,4.2007427440961616,11.460055096418733,4.104360569877324,0.41188275422050785,0.9630776033606013,1.2841034711474684,0.5399449035812669,17.0,1,24.704071550485196,0.42633573009425535,0.4266969577884842,10.541152175581075,0.20698606010017684,17.03044138926652,0.0,10.541152175581075,,13.688243670993776,10.541152175581075,-9.458847824418925,9.458847824418925,15.0
2026-02-08,dinner,6,54,16.0,3.0,2026-02-09 06:00:00+03:00,0,2,0,16.0,12.0,11.0,10.142857142857142,3.3380918415851077,16.0,0.0,0.0,0.0,1.435897435897436,5.0,-1.0,-1.8369701987210297e-16,25.0,0.64,medium,2.1353135313531353,2.313692209602312,3.2115384615384617,2.4250253689062604,0.3076139596782138,3.7990867579908674,3.7990867579908674,12.788461538461538,6.0,1,22.786743891722892,0.3069568677604808,0.2873497357056615,6.54776483487917,0.42570317163239146,12.079377840767382,0.0,6.54776483487917,,4.764512713421476,6.54776483487917,-9.452235165120829,9.452235165120829,15.0
2026-04-04,dinner,6,20,15.0,3.0,2026-04-05 06:00:00+03:00,6,4,1,9.0,4.0,8.0,5.714285714285714,2.751622897751175,9.0,0.0,0.0,0.0,1.3404255319148937,1.0,-1.0,-1.8369701987210297e-16,40.0,0.375,medium,5.7518037518037515,4.597145761347301,6.623626373626373,2.9817797545504368,0.20426100566691752,1.1805405405405407,1.1805405405405407,2.376373626373627,10.699999999999989,1,25.86609592574898,0.20002500058834916,0.21549319786211626,5.573967727247904,0.27474739824528227,9.830077514650082,0.0,5.573967727247904,,12.044012323642102,5.573967727247904,-9.426032272752096,9.426032272752096,15.0
2026-02-15,lunch,4,115,30.0,4.0,2026-02-16 04:00:00+03:00,0,2,0,16.0,23.0,13.0,21.714285714285715,5.154748157905333,26.0,0.0,0.0,0.0,0.7044025157232704,3.0,1.2246467991473532e-16,-1.0,69.0,0.43478260869565216,medium,8.859724950884086,7.0585746120055335,21.186813186813186,5.342613320180643,0.3419472329595375,0.7211490837048044,1.1718672610203071,-5.186813186813186,28.0,1,59.04276719047966,0.347183014151692,0.3485400018952764,20.578766188472144,0.11463015672568538,26.050060341778668,0.0,20.578766188472144,,27.498097921667153,20.578766188472144,-9.421233811527856,9.421233811527856,15.0
2026-03-05,lunch,4,29,31.0,4.0,2026-03-06 04:00:00+03:00,4,3,0,29.0,25.0,35.0,32.857142857142854,4.705619740571606,38.0,0.0,0.0,0.0,0.8565400843881857,-6.0,1.2246467991473532e-16,-1.0,108.0,0.28703703703703703,high,16.77201257861635,11.447047939359384,39.06611570247934,7.990742783350609,0.33541085213730065,0.7238036303630363,0.9484323432343235,-10.066115702479337,49.0,0,116.71674628813888,0.3294484874323993,0.33730786867100754,39.369476928666856,0.11129353657986603,42.21537701783376,0.0,39.369476928666856,39.55110604694721,43.45837092512046,40.39170042778026,9.391700427780258,9.391700427780258,31.0
2026-04-08,lunch,4,4,38.0,4.0,2026-04-09 04:00:00+03:00,3,4,0,24.0,30.0,27.0,24.714285714285715,3.9036002917941537,30.0,0.0,0.0,0.0,0.9333333333333333,-3.0,1.2246467991473532e-16,-1.0,87.0,0.4367816091954023,high,12.723424723424724,8.703156453277504,27.208791208791208,6.88395184651641,0.37716923282176296,0.8507985975847293,1.0634982469809116,-3.208791208791208,36.0,1,76.40392918128411,0.37083654493962903,0.36825368071197967,28.136028141865307,0.1291818983935519,34.91566355738857,0.0,28.136028141865307,30.72326325838421,30.03837038511926,28.611613702678795,-9.388386297321205,9.388386297321205,31.0
2026-04-04,morning,3,18,19.0,2.0,2026-04-05 03:00:00+03:00,6,4,1,12.0,6.0,11.0,7.142857142857143,3.1320159337914895,12.0,0.0,0.0,0.0,1.473684210526316,1.0,0.7071067811865476,-0.7071067811865475,63.0,0.30158730158730157,medium,6.109124254928932,5.453053535091321,6.545454545454546,4.194181710535974,0.15181598308203162,1.5903614457831325,1.5903614457831325,5.454545454545454,12.0,1,51.47885893092688,0.17842626357373492,0.18746109048326434,9.650283032025685,0.5343094646971522,14.167253794488802,0.0,9.650283032025685,,21.489685497208253,9.650283032025685,-9.349716967974315,9.349716967974315,15.0
2026-02-12,lunch,4,37,21.0,4.0,2026-02-13 04:00:00+03:00,4,2,0,12.0,13.0,16.0,12.285714285714286,1.8898223650460746,16.0,0.0,0.0,0.0,0.9032258064516129,-4.0,1.2246467991473532e-16,-1.0,29.0,0.7241379310344828,medium,4.2158570119156735,4.037725090920908,10.324175824175825,3.792027032582001,0.4077077915187296,1.0596797671033478,1.412906356137797,1.6758241758241752,15.0,1,28.01354493391867,0.4119730334361992,0.4163214162922414,11.662638702255364,0.35084985044119577,17.457670836238634,0.0,11.662638702255364,,13.284904901854603,11.662638702255364,-9.337361297744636,9.337361297744636,15.0
2026-04-09,lunch,4,54,15.0,4.0,2026-04-10 04:00:00+03:00,4,4,0,4.0,5.0,7.0,6.857142857142857,2.267786838055353,10.0,0.0,0.0,0.0,0.5090909090909091,-3.0,1.2246467991473532e-16,-1.0,50.0,0.3,medium,2.1353135313531353,2.313692209602312,2.9917355371900825,2.2193120273223412,0.28604169726316175,1.0020703933747412,2.505175983436853,1.0082644628099175,6.0,1,19.17454500571779,0.3446405865795128,0.295444964174729,5.665022762281021,0.4085437925081508,7.9990949571468715,0.0,5.665022762281021,,4.586443335552474,5.665022762281021,-9.334977237718979,9.334977237718979,15.0
2026-03-14,morning,3,18,17.0,2.0,2026-03-15 03:00:00+03:00,6,3,1,9.0,7.0,7.0,7.428571428571429,2.507132682112031,12.0,0.0,0.0,0.0,1.0677966101694916,2.0,0.7071067811865476,-0.7071067811865475,50.0,0.34,medium,6.109124254928932,5.453053535091321,6.545454545454546,4.194181710535974,0.15181598308203162,1.1927710843373494,1.5903614457831325,2.454545454545454,12.0,1,41.72612103030766,0.1726467211360358,0.18382190889263647,7.670175218476337,0.394292576550557,13.826195590805668,0.0,7.670175218476337,,22.150090930315258,7.670175218476337,-9.329824781523662,9.329824781523662,15.0
2026-04-03,late_evening,7,9,17.0,3.0,2026-04-04 07:00:00+03:00,5,4,1,9.0,11.0,12.0,8.0,2.708012801545315,12.0,0.0,0.0,0.0,1.0,-3.0,-0.7071067811865477,0.7071067811865474,60.0,0.2833333333333333,medium,8.026593305823017,5.120585258455439,7.818681318681318,4.356064442801886,0.16039924640483944,1.0205607476635514,1.360747663551402,1.1813186813186816,14.0,1,48.688384987903575,0.1565284918152126,0.1576212181303631,7.674322550593445,0.3097070939297733,14.14571620190696,0.0,7.674322550593445,,14.057626136682599,7.674322550593445,-9.325677449406555,9.325677449406555,15.0
2026-03-08,lunch,4,434,27.0,4.0,2026-03-09 04:00:00+03:00,0,3,0,20.0,15.0,15.0,16.142857142857142,4.259443290250162,23.0,0.0,0.0,0.0,1.1666666666666667,5.0,1.2246467991473532e-16,-1.0,63.0,0.42857142857142855,medium,7.621359223300971,6.761882045397149,16.980392156862745,6.830783838121162,0.3594009148733045,1.1123227917121046,1.2791712104689203,3.019607843137255,24.0,1,50.66516594688879,0.3600454059084251,0.3488649264062035,17.675299389419443,0.18772796681077814,24.837366730337955,0.0,17.675299389419443,,22.989001668752728,17.675299389419443,-9.324700610580557,9.324700610580557,15.0
2026-02-23,lunch,4,6,34.0,4.0,2026-02-24 04:00:00+03:00,1,2,0,15.0,22.0,30.0,25.142857142857142,5.580578567035664,31.0,0.0,0.0,0.0,0.5737704918032787,-15.0,1.2246467991473532e-16,-1.0,91.0,0.37362637362637363,medium,10.223521320495186,7.858411454975636,25.560439560439562,7.174655102463964,0.31008066999141487,0.5647496896979727,1.1671493587091435,-10.560439560439562,34.0,1,78.64137970558126,0.31958652891556955,0.31379818210821603,24.67752199009335,0.1268178226555524,31.484115971362225,0.0,24.67752199009335,,31.840010022777918,24.67752199009335,-9.32247800990665,9.32247800990665,15.0
2026-02-05,lunch,4,35,36.0,4.0,2026-02-06 04:00:00+03:00,4,2,0,26.0,22.0,30.0,26.285714285714285,5.186980037050646,32.0,0.0,0.0,0.0,0.9528795811518325,-4.0,1.2246467991473532e-16,-1.0,85.0,0.4235294117647059,high,12.99404216315307,8.966106707239911,27.76098901098901,6.366710522390032,0.3561335102986236,0.9040022924825676,1.1126182061323908,-1.760989010989011,37.0,0,73.87774971570047,0.35237386336830423,0.35243546204778997,26.03713885610388,0.140479243181692,36.49993871112092,0.0,26.03713885610388,29.85221693528095,28.65664941803916,26.692016496587698,-9.307983503412302,9.307983503412302,31.0
2026-03-17,lunch,4,6,18.0,4.0,2026-03-18 04:00:00+03:00,2,3,0,18.0,28.0,23.0,24.142857142857142,4.879500364742745,31.0,0.0,0.0,0.0,0.7159090909090909,-5.0,1.2246467991473532e-16,-1.0,64.0,0.28125,medium,10.223521320495186,7.858411454975636,25.560439560439562,7.174655102463964,0.31008066999141487,0.6776996276375672,1.1671493587091435,-7.560439560439562,34.0,0,87.13449086716878,0.3221263480177231,0.3131979093382203,27.29034037084751,0.13136015161382844,31.388588064692705,0.0,27.29034037084751,,31.562102336837214,27.29034037084751,9.29034037084751,9.29034037084751,15.0
2026-04-09,lunch,4,35,41.0,4.0,2026-04-10 04:00:00+03:00,4,4,0,32.0,33.0,32.0,33.57142857142857,6.7046536787801845,46.0,0.0,0.0,0.0,0.9256198347107438,0.0,1.2246467991473532e-16,-1.0,110.0,0.37272727272727274,high,12.99404216315307,8.966106707239911,27.76098901098901,6.366710522390032,0.3561335102986236,1.1126182061323908,1.5993886713153118,4.239010989010989,37.0,1,92.0912261033668,0.35665141357601676,0.3473172998466322,31.984875989787046,0.25106352991743863,39.6438965425682,0.0,31.984875989787046,31.15859388372414,30.993011411009682,31.736909845092704,-9.263090154907296,9.263090154907296,31.0
2026-02-13,dinner,6,9,21.0,3.0,2026-02-14 06:00:00+03:00,5,2,1,13.0,5.0,11.0,9.285714285714286,3.6384193323605807,14.0,0.0,0.0,0.0,1.2638888888888888,2.0,-1.0,-1.8369701987210297e-16,63.0,0.3333333333333333,medium,8.026593305823017,5.120585258455439,11.785714285714286,4.220925738382678,0.24758062020767085,1.0167597765363128,1.094972067039106,1.2142857142857135,17.0,1,48.48936074206395,0.24721379255131093,0.2426168589458376,11.764336395531165,0.18380271788170044,16.724752446689568,0.0,11.764336395531165,,15.95387389945277,11.764336395531165,-9.235663604468835,9.235663604468835,15.0
2026-02-05,lunch,4,6,17.0,4.0,2026-02-06 04:00:00+03:00,4,2,0,30.0,24.0,28.0,27.142857142857142,2.9113897843110923,31.0,0.0,0.0,0.0,1.0659898477157361,2.0,1.2246467991473532e-16,-1.0,94.0,0.18085106382978725,medium,10.223521320495186,7.858411454975636,25.560439560439562,7.174655102463964,0.31008066999141487,1.1294993793959454,1.1671493587091435,4.439560439560438,34.0,0,81.09590213176766,0.32196714063347576,0.323490757839691,26.233774838298935,0.2643093303486908,34.789251225872405,0.0,26.233774838298935,,32.17141709457991,26.233774838298935,9.233774838298935,9.233774838298935,15.0
2026-01-30,lunch,4,18,22.0,4.0,2026-01-31 04:00:00+03:00,5,1,1,10.0,10.0,20.0,13.0,6.733003292241409,25.0,0.0,0.0,0.0,0.7142857142857143,-10.0,1.2246467991473532e-16,-1.0,58.0,0.3793103448275862,medium,6.109124254928932,5.453053535091321,11.975206611570249,6.953431693708665,0.27885867315263196,0.7707006369426751,1.9267515923566878,-1.9752066115702487,20.0,1,38.41102648485006,0.31725410285081734,0.3336059270847397,12.814146100754895,0.13053921561598425,17.917384122404094,0.0,12.814146100754895,,18.54538733074733,12.814146100754895,-9.185853899245105,9.185853899245105,15.0
2026-02-01,afternoon,5,126,23.0,3.0,2026-02-02 05:00:00+03:00,0,2,0,13.0,8.0,23.0,14.571428571428571,4.613644360558619,23.0,0.0,0.0,0.0,0.8348623853211009,-10.0,-0.7071067811865475,-0.7071067811865477,73.0,0.3150684931506849,medium,8.943396226415095,8.296270027256874,12.090659340659341,4.388191091061965,0.19280413992264367,0.9930745015739769,1.7569779643231898,0.9093406593406588,18.0,1,67.96305777123729,0.20682250559540155,0.20339051715011316,13.823041467194969,0.23225306163300677,19.96614499098045,0.0,13.823041467194969,,29.928291293293476,13.823041467194969,-9.176958532805031,9.176958532805031,15.0
2026-03-22,lunch,4,123,35.0,4.0,2026-03-23 04:00:00+03:00,0,3,0,17.0,20.0,32.0,25.571428571428573,5.349677337844581,32.0,0.0,0.0,0.0,0.6397849462365591,-15.0,1.2246467991473532e-16,-1.0,60.0,0.5833333333333334,medium,9.529330889092575,10.038386270221814,26.01923076923077,8.949331720839782,0.4426367956090107,0.6291814946619216,1.184341637010676,-9.01923076923077,36.0,0,56.450189106527105,0.43885077652793664,0.45746775205049406,25.824141113388244,0.26021030377309917,34.39457583134647,0.0,25.824141113388244,,34.063011293573275,25.824141113388244,-9.175858886611756,9.175858886611756,15.0
2026-03-05,lunch,4,115,32.0,4.0,2026-03-06 04:00:00+03:00,4,3,0,25.0,28.0,22.0,22.0,3.6514837167010814,28.0,0.0,0.0,0.0,1.0869565217391304,3.0,1.2246467991473532e-16,-1.0,67.0,0.47761194029850745,medium,8.859724950884086,7.0585746120055335,21.186813186813186,5.342613320180643,0.3419472329595375,1.1267954432887568,1.2620108964834076,3.813186813186814,28.0,1,65.18315003862533,0.3497213287595793,0.35017116444245105,22.82525955105243,0.24797671446672978,29.091643758995183,0.0,22.82525955105243,,27.27549333173711,22.82525955105243,-9.17474044894757,9.17474044894757,15.0
2026-02-18,lunch,4,2,32.0,4.0,2026-02-19 04:00:00+03:00,3,2,0,27.0,34.0,17.0,23.285714285714285,5.794085654478089,34.0,0.0,0.0,0.0,1.111764705882353,10.0,1.2246467991473532e-16,-1.0,84.0,0.38095238095238093,medium,7.919532324621733,6.1652836583747,19.313186813186814,5.6393678951648205,0.3040886563507092,1.3291858263456857,1.6737895591019745,7.686813186813186,26.0,1,75.38530680694679,0.31429876324691197,0.3028158369634638,22.827864775493097,0.24487323809809164,27.79063497738418,0.0,22.827864775493097,,24.77669062489985,22.827864775493097,-9.172135224506903,9.172135224506903,15.0
2026-03-01,lunch,4,10,24.0,4.0,2026-03-02 04:00:00+03:00,0,3,0,14.0,11.0,11.0,15.142857142857142,4.413183712037188,24.0,0.0,0.0,0.0,0.8672566371681416,3.0,1.2246467991473532e-16,-1.0,60.0,0.4,medium,6.580926180651078,5.576694893105304,15.826446280991735,5.457537267559647,0.3959618663932895,0.8320235756385069,1.4263261296660117,-1.8264462809917354,23.0,1,37.397703824683695,0.3964751003968683,0.3977538766958886,14.875081675792599,0.16582736282492871,21.832924964211344,0.0,14.875081675792599,,20.758278984921397,14.875081675792599,-9.124918324207401,9.124918324207401,15.0
2026-01-25,afternoon,5,115,20.0,3.0,2026-01-26 05:00:00+03:00,0,1,0,12.0,9.0,8.0,11.857142857142858,2.4102953780655003,14.0,0.0,0.0,0.0,0.9333333333333333,4.0,-0.7071067811865475,-0.7071067811865477,61.0,0.32786885245901637,medium,8.859724950884086,7.0585746120055335,10.81868131868132,3.431354761820502,0.17551070249498216,1.0153417015341701,1.1845653184565317,1.1813186813186807,15.0,1,57.70019972155614,0.1893248256223803,0.18891387713131777,10.900368440650553,0.10353795034399828,14.954255789985337,0.0,10.900368440650553,,23.355459000658747,10.900368440650553,-9.099631559349447,9.099631559349447,15.0
2026-04-11,lunch,4,54,17.0,4.0,2026-04-12 04:00:00+03:00,6,4,1,20.0,15.0,9.0,9.428571428571429,5.968169536721255,20.0,0.0,0.0,0.0,1.917808219178082,11.0,1.2246467991473532e-16,-1.0,50.0,0.34,medium,2.1353135313531353,2.313692209602312,2.9917355371900825,2.2193120273223412,0.28604169726316175,5.010351966873706,5.010351966873706,17.00826446280992,6.0,1,30.548481450384763,0.31170469201702866,0.26253175924955974,8.019946577572053,0.4840660734343931,13.504468650245837,0.0,8.019946577572053,,5.441310286273566,8.019946577572053,-8.980053422427947,8.980053422427947,15.0
2026-02-11,lunch,4,25,25.0,4.0,2026-02-12 04:00:00+03:00,3,2,0,16.0,21.0,14.0,15.428571428571429,4.825527358301303,22.0,0.0,0.0,0.0,0.9739130434782608,2.0,1.2246467991473532e-16,-1.0,48.0,0.5208333333333334,medium,7.156736938588451,5.584595796433097,15.87087912087912,5.024165108521969,0.36929438528740477,0.9483797427129133,1.3040221462302557,0.12912087912087955,21.69999999999999,1,44.084390355024496,0.3674228125919056,0.3634536333301978,16.022631847680383,0.21082131533177906,22.103541846217045,0.0,16.022631847680383,,20.10831447268059,16.022631847680383,-8.977368152319617,8.977368152319617,15.0
2026-02-11,lunch,4,33,32.0,4.0,2026-02-12 04:00:00+03:00,3,2,0,23.0,29.0,18.0,23.428571428571427,3.3094381626465097,29.0,0.0,0.0,0.0,0.9415204678362573,5.0,1.2246467991473532e-16,-1.0,70.0,0.45714285714285713,high,10.31622364802933,7.111279172128111,22.126373626373628,5.787367932362405,0.35735223315635023,0.994535519125683,1.2539795675932526,0.8736263736263723,29.0,1,62.83404942177938,0.3558311893099814,0.3606832978575997,22.663192163194797,0.12709771621759924,30.208430420007723,0.0,22.663192163194797,22.65998024464156,24.166002377811214,23.0388947168489,-8.961105283151099,8.961105283151099,31.0
2026-02-05,lunch,4,128,33.0,4.0,2026-02-06 04:00:00+03:00,4,2,0,24.0,17.0,27.0,23.571428571428573,5.798193478924954,33.0,0.0,0.0,0.0,0.9767441860465116,-3.0,1.2246467991473532e-16,-1.0,89.0,0.3707865168539326,high,11.91429880843263,7.322747993958596,22.86263736263736,5.724417727106647,0.31992864956999584,1.0057563895924477,1.3829150356896156,1.1373626373626387,30.0,1,74.33111987756867,0.3245874425804037,0.32284787934913756,23.99764442211957,0.202542247157307,30.581186360201116,0.0,23.99764442211957,24.62844989325758,24.314281279915544,24.076803636568563,-8.923196363431437,8.923196363431437,31.0
2026-03-06,lunch,4,115,15.0,4.0,2026-03-07 04:00:00+03:00,5,3,1,32.0,25.0,21.0,23.428571428571427,5.25538272812241,32.0,0.0,0.0,0.0,1.3099415204678364,11.0,1.2246467991473532e-16,-1.0,51.0,0.29411764705882354,medium,8.859724950884086,7.0585746120055335,21.186813186813186,5.342613320180643,0.3419472329595375,1.4422981674096087,1.4422981674096087,10.813186813186814,28.0,0,70.30811674649371,0.3446813163719832,0.33993346670028585,23.90008186280403,0.2655404233025465,28.637370228305855,0.0,23.90008186280403,,22.65360320464811,23.90008186280403,8.90008186280403,8.90008186280403,15.0
2026-02-21,dinner,6,38,15.0,3.0,2026-02-22 06:00:00+03:00,6,2,1,9.0,15.0,9.0,7.714285714285714,3.98807746975431,15.0,0.0,0.0,0.0,1.0327868852459015,0.0,-1.0,-1.8369701987210297e-16,20.0,0.75,medium,2.3802752293577982,3.6892704924960964,5.818681318681318,3.6499869681766577,0.41647984853532405,1.3199033037872683,2.199838839645447,3.1813186813186816,10.0,1,14.050538413880073,0.4543526084558864,0.43700815085478206,6.140199810763813,0.3270998123255283,13.558104811598184,0.0,6.140199810763813,,0.391077711827323,6.140199810763813,-8.859800189236186,8.859800189236186,15.0
2026-02-22,morning,3,14,15.0,2.0,2026-02-23 03:00:00+03:00,0,2,0,6.0,8.0,3.0,4.0,2.5819888974716334,8.0,0.0,0.0,0.0,1.2,3.0,0.7071067811865476,-0.7071067811865475,46.0,0.32608695652173914,medium,8.976897689768977,6.080682518563457,7.008264462809917,3.3095271843587963,0.15382636556093163,0.7492260061919505,0.998968008255934,-1.008264462809917,11.0,1,41.3384928444223,0.14918110191622752,0.14896580459298947,6.158021847230906,0.059962858595072874,9.141596591213425,0.0,6.158021847230906,,22.180393849232754,6.158021847230906,-8.841978152769094,8.841978152769094,15.0
2026-01-25,afternoon,5,123,20.0,3.0,2026-01-26 05:00:00+03:00,0,1,0,11.0,6.0,15.0,10.857142857142858,4.336994790119516,17.0,0.0,0.0,0.0,0.927710843373494,-4.0,-0.7071067811865475,-0.7071067811865477,59.0,0.3389830508474576,medium,9.529330889092575,10.038386270221814,11.35989010989011,5.427674822829868,0.18851876592146113,0.8899755501222494,1.37541675927984,-0.3598901098901095,18.0,1,52.33396527387188,0.20265885969535502,0.21324137555413375,11.159766743202708,0.13526592849871882,16.86009281940228,0.0,11.159766743202708,,27.451277030861302,11.159766743202708,-8.840233256797292,8.840233256797292,15.0
2026-03-18,lunch,4,126,31.0,4.0,2026-03-19 04:00:00+03:00,3,3,0,23.0,22.0,22.0,18.428571428571427,4.353433237386403,23.0,0.0,0.0,0.0,1.1838235294117647,1.0,1.2246467991473532e-16,-1.0,67.0,0.4626865671641791,medium,8.943396226415095,8.296270027256874,23.39669421487603,7.377896665537009,0.36997738876250647,0.9427506775067751,0.9427506775067751,-0.39669421487603174,33.0,0,59.69685028958836,0.3778178715870944,0.3712200481055567,22.16066763625121,0.14275673481301518,29.423524949445536,0.0,22.16066763625121,,28.65258780116087,22.16066763625121,-8.839332363748792,8.839332363748792,15.0
2026-02-10,lunch,4,4,37.0,4.0,2026-02-11 04:00:00+03:00,2,2,0,28.0,36.0,25.0,27.285714285714285,6.369570517030843,36.0,0.0,0.0,0.0,0.98989898989899,3.0,1.2246467991473532e-16,-1.0,79.0,0.46835443037974683,high,12.723424723424724,8.703156453277504,27.208791208791208,6.88395184651641,0.37716923282176296,0.9925983638488508,1.276197896377094,0.791208791208792,36.0,1,72.81794087360916,0.377043026471214,0.3757389528266713,27.360536850844372,0.17170628053244272,36.84635757811593,0.0,27.360536850844372,30.29206642280163,30.60473667870236,28.171586807808872,-8.828413192191128,8.828413192191128,31.0
2026-03-20,morning,3,2,19.0,2.0,2026-03-21 03:00:00+03:00,5,3,1,6.0,10.0,13.0,9.571428571428571,3.101458950082614,13.0,0.0,0.0,0.0,0.5675675675675675,-7.0,0.7071067811865476,-0.7071067811865475,64.0,0.296875,medium,7.919532324621733,6.1652836583747,8.986225895316805,3.3269912118032376,0.14149121221966263,0.6008275862068966,1.3017931034482757,-2.986225895316805,13.0,1,66.72164980954945,0.15827162216254584,0.15325903111490619,10.225695404199612,0.37629906928625934,14.996564036817848,0.0,10.225695404199612,,22.36922195712547,10.225695404199612,-8.774304595800388,8.774304595800388,15.0
2026-02-06,dinner,6,38,15.0,3.0,2026-02-07 06:00:00+03:00,5,2,1,10.0,7.0,8.0,7.571428571428571,3.408672412985391,13.0,0.0,0.0,0.0,1.1666666666666667,2.0,-1.0,-1.8369701987210297e-16,26.0,0.5769230769230769,medium,2.3802752293577982,3.6892704924960964,5.818681318681318,3.6499869681766577,0.41647984853532405,1.4665592264302982,1.9065269943593877,4.181318681318682,10.0,1,13.782785920099276,0.4476347693392956,0.4537269901044918,6.253621970781213,0.3487585645888677,12.817302680362674,0.0,6.253621970781213,,0.4032169612638884,6.253621970781213,-8.746378029218787,8.746378029218787,15.0
2026-03-11,lunch,4,29,33.0,4.0,2026-03-12 04:00:00+03:00,3,3,0,35.0,29.0,29.0,32.57142857142857,3.258688021128695,38.0,0.0,0.0,0.0,1.0425531914893618,6.0,1.2246467991473532e-16,-1.0,105.0,0.3142857142857143,high,16.77201257861635,11.447047939359384,39.06611570247934,7.990742783350609,0.33541085213730065,0.8735561056105611,0.9484323432343235,-4.066115702479337,49.0,0,112.29660470980522,0.3330836250583563,0.3403167170596125,38.21641185178193,0.06619193675040826,43.00915576719369,1.0,41.57133259257016,39.02008361838378,44.878626175568385,41.68932908826005,8.689329088260052,8.689329088260052,31.0
2026-04-05,lunch,4,7,34.0,4.0,2026-04-06 04:00:00+03:00,0,4,0,19.0,20.0,25.0,21.714285714285715,2.563479777846631,25.0,0.0,0.0,0.0,0.8364779874213836,-6.0,1.2246467991473532e-16,-1.0,122.0,0.2786885245901639,high,12.872377020983832,6.9762070291099025,25.81267217630854,6.227115387092842,0.2507803114805857,0.7086201582245968,0.9323949450323642,-6.8126721763085385,33.0,1,98.91762204869707,0.24818841032477568,0.24868820289558285,24.599645661994956,0.08583102814068398,30.583101530934602,0.0,24.599645661994956,26.804859603666916,27.53429305786723,25.333307510963024,-8.666692489036976,8.666692489036976,31.0
2026-02-12,lunch,4,99,54.0,4.0,2026-02-13 04:00:00+03:00,4,2,0,45.0,37.0,40.0,38.0,5.033222956847066,45.0,0.0,0.0,0.0,1.1538461538461537,5.0,1.2246467991473532e-16,-1.0,131.0,0.4122137404580153,mega,17.65933202357564,12.423628976413019,40.497252747252745,7.979484240247015,0.3282854062396855,1.0844091360476664,1.0844091360476664,4.502747252747255,50.0,1,127.03223614286198,0.32424821662074454,0.3281481031746942,41.68538733231998,0.1602953197666483,47.766743907120784,1.0,45.94233693468054,43.162721731668874,40.37366204587482,45.34745000623276,-8.652549993767238,8.652549993767238,49.0
2026-02-19,dinner,6,38,15.0,3.0,2026-02-20 06:00:00+03:00,4,2,0,8.0,3.0,7.0,6.285714285714286,2.138089935299401,9.0,0.0,0.0,0.0,1.0980392156862746,1.0,-1.0,-1.8369701987210297e-16,22.0,0.6818181818181818,medium,2.3802752293577982,3.6892704924960964,5.818681318681318,3.6499869681766577,0.41647984853532405,1.1732473811442385,1.3199033037872683,2.1813186813186816,10.0,1,14.992335744673378,0.4334469584531902,0.4238422143249013,6.354384779924733,0.27830388192010874,10.389998316792134,0.0,6.354384779924733,,0.5041663251738265,6.354384779924733,-8.645615220075268,8.645615220075268,15.0
2026-04-09,morning,3,434,16.0,2.0,2026-04-10 03:00:00+03:00,4,4,0,7.0,3.0,6.0,7.714285714285714,3.4982989063393752,13.0,0.0,0.0,0.0,0.8032786885245901,1.0,0.7071067811865476,-0.7071067811865475,65.0,0.24615384615384617,medium,7.621359223300971,6.761882045397149,5.980392156862745,3.4379656547349704,0.11778847166353328,1.002808988764045,1.8623595505617978,1.0196078431372548,9.0,1,56.67850598300612,0.12887854404115462,0.13000194633925477,7.368316093391892,0.2719432707844773,10.960545479612728,0.0,7.368316093391892,,23.836306672091524,7.368316093391892,-8.631683906608108,8.631683906608108,15.0
2026-02-19,lunch,4,54,15.0,4.0,2026-02-20 04:00:00+03:00,4,2,0,12.0,7.0,13.0,10.857142857142858,2.6726124191242424,15.0,0.0,0.0,0.0,1.0120481927710843,-1.0,1.2246467991473532e-16,-1.0,44.0,0.3409090909090909,medium,2.1353135313531353,2.313692209602312,2.9917355371900825,2.2193120273223412,0.28604169726316175,3.006211180124224,3.75776397515528,9.008264462809917,6.0,1,20.806548245398655,0.34633527742418385,0.3061686012721252,6.370311773594697,0.7927641029839083,12.214637932757084,0.0,6.370311773594697,,7.1230184037927975,6.370311773594697,-8.629688226405303,8.629688226405303,15.0
2026-01-26,lunch,4,123,36.0,4.0,2026-01-27 04:00:00+03:00,1,1,0,25.0,18.0,24.0,28.0,7.371114795832,40.0,0.0,0.0,0.0,0.8620689655172413,1.0,1.2246467991473532e-16,-1.0,64.0,0.5625,medium,9.529330889092575,10.038386270221814,26.01923076923077,8.949331720839782,0.4426367956090107,0.9252669039145908,1.480427046263345,-1.01923076923077,36.0,1,61.552890532962664,0.4313297375977308,0.4447421966416092,27.375167745270325,0.06720727567318409,34.02333345691852,0.0,27.375167745270325,,28.249895873980638,27.375167745270325,-8.624832254729675,8.624832254729675,15.0
2026-01-26,lunch,4,6,35.0,4.0,2026-01-27 04:00:00+03:00,1,1,0,24.0,30.0,30.0,27.0,5.099019513592837,35.0,0.0,0.0,0.0,0.8571428571428571,-6.0,1.2246467991473532e-16,-1.0,92.0,0.3804347826086957,medium,10.223521320495186,7.858411454975636,25.560439560439562,7.174655102463964,0.31008066999141487,0.9035995035167562,1.3177492759619363,-1.560439560439562,34.0,1,79.33711905276073,0.3372715718315423,0.33315756274095,26.43176121850635,0.0735441336280918,32.76588954127902,0.0,26.43176121850635,,27.30986353045474,26.43176121850635,-8.568238781493651,8.568238781493651,15.0
2026-04-11,lunch,4,29,31.0,4.0,2026-04-12 04:00:00+03:00,6,4,1,35.0,31.0,28.0,34.285714285714285,4.680252333449771,40.0,0.0,0.0,0.0,0.9919028340080972,7.0,1.2246467991473532e-16,-1.0,85.0,0.36470588235294116,high,16.77201257861635,11.447047939359384,39.06611570247934,7.990742783350609,0.33541085213730065,0.8735561056105611,0.9983498349834984,-4.066115702479337,49.0,0,116.12629329113294,0.33214901165137445,0.32824317977963724,38.11766376590423,0.05169655465447076,44.664929795932665,0.0,38.11766376590423,37.98394137153767,43.706276809363644,39.51481702676908,8.51481702676908,8.51481702676908,31.0
2026-02-15,lunch,4,142,18.0,4.0,2026-02-16 04:00:00+03:00,0,2,0,9.0,7.0,16.0,9.571428571428571,3.6903993847614474,16.0,0.0,0.0,0.0,0.8513513513513514,-7.0,1.2246467991473532e-16,-1.0,40.0,0.45,medium,4.23006416131989,3.624165403205612,9.288461538461538,4.106271337026147,0.360800260700566,0.874766355140187,1.5551401869158878,-0.2884615384615383,14.0,1,25.458839974191733,0.3795641382689007,0.3743475703343154,9.530454887868821,0.3142091337989583,15.688425910799843,0.0,9.530454887868821,,11.906664240720897,9.530454887868821,-8.469545112131179,8.469545112131179,15.0
2026-03-24,morning,3,2,19.0,2.0,2026-03-25 03:00:00+03:00,2,3,0,9.0,9.0,10.0,10.714285714285714,4.070801956792857,19.0,0.0,0.0,0.0,0.7682926829268293,-1.0,0.7071067811865476,-0.7071067811865475,81.0,0.2345679012345679,medium,7.919532324621733,6.1652836583747,8.986225895316805,3.3269912118032376,0.14149121221966263,0.9012413793103448,1.9026206896551723,0.013774104683195176,13.0,1,74.02563795609906,0.14497272510919998,0.14252515802357124,10.550515747488692,0.21607531268050098,13.745686483705583,0.0,10.550515747488692,,24.392384143555017,10.550515747488692,-8.449484252511308,8.449484252511308,15.0
2026-03-03,lunch,4,26,24.0,4.0,2026-03-04 04:00:00+03:00,2,3,0,15.0,17.0,18.0,14.142857142857142,2.6095064302514763,18.0,0.0,0.0,0.0,0.9905660377358491,-3.0,1.2246467991473532e-16,-1.0,58.0,0.41379310344827586,medium,6.941311325080238,5.5889179275364755,15.826446280991735,5.194574867535046,0.38014555485808005,0.8914538310412574,1.0697445972495088,-0.8264462809917354,22.0,1,40.089530187852255,0.38687720792102254,0.3881454886515084,15.560570284573311,0.17519883330125752,22.100330706226085,0.0,15.560570284573311,,20.175448630173282,15.560570284573311,-8.439429715426689,8.439429715426689,15.0
2026-01-27,afternoon,5,101,16.0,3.0,2026-01-28 05:00:00+03:00,2,1,0,6.0,9.0,10.0,8.571428571428571,1.9880595947759994,11.0,0.0,0.0,0.0,0.6268656716417911,-4.0,-0.7071067811865475,-0.7071067811865477,50.0,0.32,medium,7.729605866177819,5.750763658040518,8.983516483516484,2.9052536713761077,0.19600364087772512,0.6009906439185471,1.1018161805173363,-2.9835164835164836,13.0,1,36.52395488753815,0.20694254526903366,0.20726178461286726,7.5700200711110135,0.07116833162634696,11.307755670513519,0.0,7.5700200711110135,,15.604417572378185,7.5700200711110135,-8.429979928888987,8.429979928888987,15.0
2026-03-07,lunch,4,12,35.0,4.0,2026-03-08 04:00:00+03:00,6,3,1,28.0,17.0,22.0,20.142857142857142,4.598136268408902,28.0,0.0,0.0,0.0,1.3243243243243243,6.0,1.2246467991473532e-16,-1.0,79.0,0.4430379746835443,high,10.67869167869168,7.720744590793598,22.975274725274726,5.27658622437569,0.37767392152948936,1.1678698292654979,1.1678698292654979,5.024725274725274,29.69999999999999,1,59.4912435877854,0.3733473549694606,0.39023888295358417,23.215796443216952,0.12663922986699228,28.459435949115473,1.0,26.886344097345912,24.62247237073476,24.67050935187025,26.59089125364975,-8.409108746350249,8.409108746350249,31.0
2026-04-05,afternoon,5,126,20.0,3.0,2026-04-06 05:00:00+03:00,0,4,0,8.0,10.0,11.0,12.571428571428571,3.909694909544004,19.0,0.0,0.0,0.0,0.5894736842105264,-3.0,-0.7071067811865475,-0.7071067811865477,85.0,0.23529411764705882,medium,8.943396226415095,8.296270027256874,12.090659340659341,4.388191091061965,0.19280413992264367,0.6111227701993703,1.4514165792235048,-4.090659340659341,18.0,1,60.79994153354763,0.19250313831651358,0.1908351871400298,11.602768220657433,0.1688111989562639,17.547699244298652,0.0,11.602768220657433,,29.373276865513738,11.602768220657433,-8.397231779342567,8.397231779342567,15.0
2026-02-17,morning,3,115,19.0,2.0,2026-02-18 03:00:00+03:00,2,2,0,11.0,11.0,9.0,11.0,3.2145502536643273,17.0,0.0,0.0,0.0,0.9166666666666666,2.0,0.7071067811865476,-0.7071067811865475,62.0,0.3064516129032258,medium,8.859724950884086,7.0585746120055335,10.774104683195592,4.081854667295583,0.17325508925160527,0.9342536265793169,1.4438465138043988,0.225895316804408,16.0,1,62.485409355285,0.16996043525868626,0.17006642816715958,10.626670381616139,0.15716182330435255,15.978724588887788,0.0,10.626670381616139,,26.83258555556553,10.626670381616139,-8.373329618383861,8.373329618383861,15.0
2026-02-14,lunch,4,14,26.0,4.0,2026-02-15 04:00:00+03:00,6,2,1,17.0,22.0,17.0,18.428571428571427,3.690399384761436,23.0,0.0,0.0,0.0,0.8750000000000001,0.0,1.2246467991473532e-16,-1.0,52.0,0.5,medium,8.976897689768977,6.080682518563457,18.424242424242426,4.409515911174649,0.4121223874637316,0.8751950078003119,1.1840873634945397,-1.4242424242424256,24.0,1,43.093309541511275,0.4125094521601451,0.4113675151850793,17.72718766719296,0.13737582881147797,22.877994838321868,0.0,17.72718766719296,,22.541387427409312,17.72718766719296,-8.272812332807039,8.272812332807039,15.0
2026-04-09,dinner,6,115,18.0,3.0,2026-04-10 06:00:00+03:00,4,4,0,14.0,11.0,5.0,9.142857142857142,3.1320159337914917,14.0,0.0,0.0,0.0,1.3802816901408452,9.0,-1.0,-1.8369701987210297e-16,65.0,0.27692307692307694,medium,8.859724950884086,7.0585746120055335,10.244505494505495,3.4044368275703665,0.16551450234185303,1.2450525287075496,1.2450525287075496,3.7554945054945055,15.0,1,59.77142162073047,0.16307861748027913,0.16333793017218953,9.762940290979374,0.19309241392784898,14.977549351865587,0.0,9.762940290979374,,25.85980946584046,9.762940290979374,-8.237059709020626,8.237059709020626,15.0
2026-01-29,afternoon,5,101,16.0,3.0,2026-01-30 05:00:00+03:00,4,1,0,8.0,16.0,11.0,9.714285714285714,3.1997023671109215,16.0,0.0,0.0,0.0,0.7466666666666667,-3.0,-0.7071067811865475,-0.7071067811865477,49.0,0.32653061224489793,medium,7.729605866177819,5.750763658040518,8.983516483516484,2.9052536713761077,0.19600364087772512,0.8013208585580628,1.6026417171161256,-0.9835164835164836,13.0,1,38.071820446836114,0.20648206989831686,0.20412075354650885,7.771248678495571,0.13929333507920977,12.7251351883984,0.0,7.771248678495571,,15.53108097739952,7.771248678495571,-8.22875132150443,8.22875132150443,15.0
2026-02-24,afternoon,5,126,21.0,3.0,2026-02-25 05:00:00+03:00,2,2,0,11.0,11.0,9.0,9.714285714285714,3.728908942943213,15.0,0.0,0.0,0.0,1.0266666666666668,2.0,-0.7071067811865475,-0.7071067811865477,78.0,0.2692307692307692,medium,8.943396226415095,8.296270027256874,12.090659340659341,4.388191091061965,0.19280413992264367,0.8402938090241343,1.1458551941238195,-1.0906593406593412,18.0,1,68.76182827076985,0.19549404024521128,0.18651221767264056,12.824921082006556,0.11404634557220074,17.08481921737729,0.0,12.824921082006556,,31.079497287842848,12.824921082006556,-8.175078917993444,8.175078917993444,15.0
2026-03-19,lunch,4,35,39.0,4.0,2026-03-20 04:00:00+03:00,4,3,0,28.0,25.0,20.0,25.142857142857142,4.336994790119539,32.0,0.0,0.0,0.0,1.0710382513661203,8.0,1.2246467991473532e-16,-1.0,99.0,0.3939393939393939,high,12.99404216315307,8.966106707239911,27.76098901098901,6.366710522390032,0.3561335102986236,0.973540930365842,1.1126182061323908,0.23901098901098905,37.0,1,92.973740611857,0.3480266956417736,0.3420587628518147,31.802482691397326,0.11752474458430504,35.08752306374224,0.0,31.802482691397326,29.899083802149644,28.094001002213613,30.875362269101398,-8.124637730898602,8.124637730898602,31.0
2026-03-11,lunch,4,123,37.0,4.0,2026-03-12 04:00:00+03:00,3,3,0,27.0,30.0,28.0,25.0,6.244997998398424,32.0,0.0,0.0,0.0,1.0384615384615385,-1.0,1.2246467991473532e-16,-1.0,66.0,0.5606060606060606,medium,9.529330889092575,10.038386270221814,26.01923076923077,8.949331720839782,0.4426367956090107,0.999288256227758,1.184341637010676,0.98076923076923,36.0,1,63.92679573347282,0.4421965543029814,0.4527726477085388,28.94430456376741,0.2016413339528342,36.63824507181934,0.0,28.94430456376741,,31.89312835039173,28.94430456376741,-8.05569543623259,8.05569543623259,15.0
2026-02-26,lunch,4,126,35.0,4.0,2026-02-27 04:00:00+03:00,4,2,0,34.0,28.0,34.0,23.428571428571427,10.952277432222985,34.0,0.0,0.0,0.0,1.391812865497076,0.0,1.2246467991473532e-16,-1.0,78.0,0.44871794871794873,medium,8.943396226415095,8.296270027256874,23.39669421487603,7.377896665537009,0.36997738876250647,1.3936314363143631,1.3936314363143631,10.603305785123968,33.0,1,71.3911724863713,0.387380844927628,0.37749300453959084,26.949668199484474,0.3533257598161277,35.716648595840645,0.0,26.949668199484474,,30.78966284934316,26.949668199484474,-8.050331800515526,8.050331800515526,15.0
2026-02-14,dinner,6,434,19.0,3.0,2026-02-15 06:00:00+03:00,6,2,1,12.0,15.0,12.0,11.142857142857142,2.4784787961282073,15.0,0.0,0.0,0.0,0.9882352941176471,0.0,-1.0,-1.8369701987210297e-16,67.0,0.2835820895522388,medium,7.621359223300971,6.761882045397149,9.711538461538462,4.59042711696186,0.19428502784213808,1.1202872531418313,1.4003590664272891,2.2884615384615383,14.899999999999999,1,56.021001141981586,0.19118429322166527,0.19547090823161622,10.950475973267551,0.3242005747659513,16.327055070781864,0.0,10.950475973267551,,25.453899792761966,10.950475973267551,-8.049524026732449,8.049524026732449,15.0
2026-02-17,lunch,4,1,20.0,4.0,2026-02-18 04:00:00+03:00,2,2,0,11.0,16.0,12.0,12.428571428571429,2.370453040886413,16.0,0.0,0.0,0.0,0.8191489361702128,-1.0,1.2246467991473532e-16,-1.0,35.0,0.5714285714285714,medium,4.8180943214629455,4.2007427440961616,11.460055096418733,4.104360569877324,0.41188275422050785,0.8828211364138846,1.2841034711474684,-0.4600550964187331,17.0,1,28.44919333832584,0.4216591456733767,0.42085834209016254,11.97308034217031,0.2411273897129754,17.450483273724203,0.0,11.97308034217031,,15.23708433170481,11.97308034217031,-8.02691965782969,8.02691965782969,15.0
2026-02-28,lunch,4,18,22.0,4.0,2026-03-01 04:00:00+03:00,6,3,1,15.0,8.0,13.0,12.571428571428571,4.57737708217067,21.0,0.0,0.0,0.0,1.105263157894737,2.0,1.2246467991473532e-16,-1.0,50.0,0.44,medium,6.109124254928932,5.453053535091321,11.975206611570249,6.953431693708665,0.27885867315263196,1.1560509554140126,1.6184713375796178,3.0247933884297513,20.0,1,41.79556551898519,0.30715529823502374,0.33432909949774536,13.973473782961335,0.31091364554174367,19.845578238195852,0.0,13.973473782961335,,21.53851193428473,13.973473782961335,-8.026526217038665,8.026526217038665,15.0
2026-02-01,lunch,4,8,43.0,4.0,2026-02-02 04:00:00+03:00,0,2,0,34.0,32.0,44.0,31.571428571428573,7.742892285985992,44.0,0.0,0.0,0.0,1.0438596491228072,-10.0,1.2246467991473532e-16,-1.0,100.0,0.43,high,14.99803536345776,11.147682695162223,34.80494505494506,8.197821234921355,0.33131290749065806,0.9495895035678661,1.2288805340290032,-0.8049450549450583,44.0,0,97.55715442843854,0.3379687576093781,0.3466058671706343,33.81388210936842,0.14200678088338817,43.565258834957234,0.0,33.81388210936842,37.655538013042005,38.486186624156915,34.981958238065545,-8.018041761934455,8.018041761934455,31.0
2026-01-26,lunch,4,128,35.0,4.0,2026-01-27 04:00:00+03:00,1,1,0,28.0,27.0,19.0,22.857142857142858,5.727959829601115,30.0,0.0,0.0,0.0,1.1736526946107784,9.0,1.2246467991473532e-16,-1.0,73.0,0.4794520547945205,high,11.91429880843263,7.322747993958596,22.86263736263736,5.724417727106647,0.31992864956999584,1.1733824545245224,1.2571954869905595,5.137362637362639,30.0,1,73.43791403726281,0.34300639055670934,0.3303622692510984,24.261115930417237,0.07056277849552185,29.596536045902372,1.0,27.99591001125683,21.713156534166394,20.804790929251073,26.982025247914954,-8.017974752085046,8.017974752085046,31.0
2026-03-10,lunch,4,142,19.0,4.0,2026-03-11 04:00:00+03:00,2,3,0,10.0,4.0,12.0,8.0,2.9999999999999987,12.0,0.0,0.0,0.0,1.1111111111111112,-2.0,1.2246467991473532e-16,-1.0,33.0,0.5757575757575758,medium,4.23006416131989,3.624165403205612,9.288461538461538,4.106271337026147,0.360800260700566,0.9719626168224299,1.1663551401869159,0.7115384615384617,14.0,1,30.250142743884364,0.3735398761100265,0.363167546954392,10.985870135316686,0.15955842132606604,14.59376022823043,0.0,10.985870135316686,,11.753581362745575,10.985870135316686,-8.014129864683314,8.014129864683314,15.0
2026-03-08,dinner,6,434,18.0,3.0,2026-03-09 06:00:00+03:00,0,3,0,17.0,10.0,15.0,13.857142857142858,2.6095064302514617,17.0,0.0,0.0,0.0,1.1442307692307692,2.0,-1.0,-1.8369701987210297e-16,63.0,0.2857142857142857,medium,7.621359223300971,6.761882045397149,9.711538461538462,4.59042711696186,0.19428502784213808,1.5870736086175943,1.5870736086175943,7.288461538461538,14.899999999999999,1,50.66516594688879,0.20360160642137004,0.19727917166770317,9.995181970408943,0.24055838745439964,18.160406660184687,0.0,9.995181970408943,,22.989001668752728,9.995181970408943,-8.004818029591057,8.004818029591057,15.0
2026-03-04,afternoon,5,126,22.0,3.0,2026-03-05 05:00:00+03:00,3,3,0,12.0,13.0,11.0,14.0,4.041451884327383,22.0,0.0,0.0,0.0,0.8,1.0,-0.7071067811865475,-0.7071067811865477,91.0,0.24175824175824176,medium,8.943396226415095,8.296270027256874,12.090659340659341,4.388191091061965,0.19280413992264367,0.9166841552990556,1.6805876180482686,-0.09065934065934123,18.0,1,72.40472599358179,0.1973988901538143,0.19384178587133225,14.035061392120365,0.21228816530948158,18.46020529768169,0.0,14.035061392120365,,31.502661313206268,14.035061392120365,-7.964938607879635,7.964938607879635,15.0
2026-02-22,afternoon,5,434,21.0,3.0,2026-02-23 05:00:00+03:00,0,2,0,12.0,13.0,13.0,12.0,2.516611478423579,15.0,0.0,0.0,0.0,0.9230769230769231,-1.0,-0.7071067811865475,-0.7071067811865477,64.0,0.328125,medium,7.621359223300971,6.761882045397149,9.76923076923077,4.7179897040648715,0.2155200181716186,1.114285714285714,1.3928571428571428,2.23076923076923,15.0,1,55.29476067932793,0.2310179322607283,0.2357702296836674,13.036858425668566,0.23004595384686918,16.624702947514102,0.0,13.036858425668566,,22.97472302411186,13.036858425668566,-7.963141574331434,7.963141574331434,15.0
2026-03-19,dinner,6,115,18.0,3.0,2026-03-20 06:00:00+03:00,4,3,0,7.0,7.0,6.0,7.857142857142857,3.1320159337914903,14.0,0.0,0.0,0.0,0.7903225806451613,1.0,-1.0,-1.8369701987210297e-16,75.0,0.24,medium,8.859724950884086,7.0585746120055335,10.244505494505495,3.4044368275703665,0.16551450234185303,0.6225262643537748,1.2450525287075496,-3.2445054945054945,15.0,1,61.663640283085535,0.16438198586247338,0.16302722666190528,10.052852261228779,0.1503107444487933,13.721720669298822,0.0,10.052852261228779,,25.92255602730637,10.052852261228779,-7.947147738771221,7.947147738771221,15.0
2026-04-04,dinner,6,101,15.0,3.0,2026-04-05 06:00:00+03:00,6,4,1,6.0,5.0,10.0,6.428571428571429,1.8126539343499037,10.0,0.0,0.0,0.0,0.8076923076923077,-4.0,-1.0,-1.8369701987210297e-16,52.0,0.28846153846153844,medium,7.729605866177819,5.750763658040518,8.73076923076923,3.0934104783184213,0.1886565216438235,0.6166007905138341,1.0276679841897234,-2.73076923076923,13.0,1,38.452706104092435,0.18566463240092745,0.183741599450678,7.065361722772793,0.16585714581942057,11.390026689017205,0.0,7.065361722772793,,20.309568108075105,7.065361722772793,-7.934638277227207,7.934638277227207,15.0
2026-03-05,lunch,4,6,20.0,4.0,2026-03-06 04:00:00+03:00,4,3,0,30.0,28.0,21.0,25.428571428571427,3.1014589500827268,30.0,0.0,0.0,0.0,1.1351351351351353,9.0,1.2246467991473532e-16,-1.0,77.0,0.2597402597402597,medium,10.223521320495186,7.858411454975636,25.560439560439562,7.174655102463964,0.31008066999141487,1.1294993793959454,1.1294993793959454,4.439560439560438,34.0,0,88.84482558992808,0.3191610132496529,0.31433539259681154,27.92707313200529,0.22364691048163796,32.49443344772283,0.0,27.92707313200529,,32.82069917928028,27.92707313200529,7.92707313200529,7.92707313200529,15.0
2026-03-05,dinner,6,38,15.0,3.0,2026-03-06 06:00:00+03:00,4,3,0,5.0,8.0,10.0,8.428571428571429,2.572750982712409,13.0,0.0,0.0,0.0,0.5303030303030303,-5.0,-1.0,-1.8369701987210297e-16,22.0,0.6818181818181818,medium,2.3802752293577982,3.6892704924960964,5.818681318681318,3.6499869681766577,0.41647984853532405,0.7332796132151491,1.9065269943593877,-0.8186813186813184,10.0,1,16.797208097039213,0.45643443546751056,0.42150892968534576,7.080173206685022,0.3302054892802884,11.404728048097539,0.0,7.080173206685022,,0.44963180353379095,7.080173206685022,-7.919826793314978,7.919826793314978,15.0
2026-02-13,morning,3,14,15.0,2.0,2026-02-14 03:00:00+03:00,5,2,1,4.0,3.0,8.0,4.428571428571429,1.8126539343499577,8.0,0.0,0.0,0.0,0.7368421052631579,-4.0,0.7071067811865476,-0.7071067811865475,50.0,0.3,medium,8.976897689768977,6.080682518563457,7.008264462809917,3.3095271843587963,0.15382636556093163,0.499484004127967,0.998968008255934,-3.008264462809917,11.0,1,44.801934917071826,0.16083904608453764,0.1581727606581949,7.086445728662027,0.28161478831340325,11.019980926760596,0.0,7.086445728662027,,22.643492876804448,7.086445728662027,-7.913554271337973,7.913554271337973,15.0
2026-04-09,lunch,4,14,26.0,4.0,2026-04-10 04:00:00+03:00,4,4,0,16.0,12.0,8.0,14.428571428571429,3.8668308667927533,20.0,0.0,0.0,0.0,1.037037037037037,8.0,1.2246467991473532e-16,-1.0,57.0,0.45614035087719296,medium,8.976897689768977,6.080682518563457,18.424242424242426,4.409515911174649,0.4121223874637316,0.8237129485179406,1.029641185647426,-2.4242424242424256,24.0,1,44.632937151158835,0.4130325772733202,0.4053442684287738,18.091705257363916,0.05987026434952311,22.28321055128029,0.0,18.091705257363916,,20.877161799443265,18.091705257363916,-7.908294742636084,7.908294742636084,15.0
2026-02-19,lunch,4,8,34.0,4.0,2026-02-20 04:00:00+03:00,4,2,0,44.0,30.0,41.0,36.0,6.683312551921171,44.0,0.0,0.0,0.0,1.1891891891891893,3.0,1.2246467991473532e-16,-1.0,101.0,0.33663366336633666,high,14.99803536345776,11.147682695162223,34.80494505494506,8.197821234921355,0.33131290749065806,1.2288805340290032,1.2288805340290032,9.195054945054942,44.0,0,106.54395123261152,0.33827825431576297,0.3423995323086022,36.4805990723567,0.2655632468109561,44.83155870061847,1.0,42.32627081213994,37.20273560258791,40.64413864582219,41.8820289376095,7.882028937609498,7.882028937609498,31.0
2026-03-25,lunch,4,126,17.0,4.0,2026-03-26 04:00:00+03:00,3,3,0,25.0,14.0,31.0,18.142857142857142,7.646972634722198,31.0,0.0,0.0,0.0,1.3059701492537314,-6.0,1.2246467991473532e-16,-1.0,51.0,0.3333333333333333,medium,8.943396226415095,8.296270027256874,23.39669421487603,7.377896665537009,0.36997738876250647,1.024728997289973,1.2706639566395665,1.6033057851239683,33.0,0,64.98314261334065,0.3825553640781043,0.3825869047680399,24.861699394538114,0.14181623437184948,31.57084278373694,0.0,24.861699394538114,,29.9828384784131,24.861699394538114,7.861699394538114,7.861699394538114,15.0
2026-04-07,lunch,4,30,31.0,4.0,2026-04-08 04:00:00+03:00,2,4,0,15.0,19.0,22.0,22.285714285714285,5.282495802626071,31.0,0.0,0.0,0.0,0.6441717791411044,-7.0,1.2246467991473532e-16,-1.0,77.0,0.4025974025974026,high,13.703483043079743,8.347813742646773,27.502747252747252,6.67320559196118,0.33448548715889054,0.5262650602409639,1.0876144578313254,-12.502747252747252,35.69999999999999,0,64.76712146417137,0.32768446848390187,0.34155935628700224,22.121816315864457,0.07670353408986658,30.967380920644562,0.0,22.121816315864457,25.488449271337835,26.39823029762146,23.190919811303708,-7.809080188696292,7.809080188696292,31.0
2026-02-12,lunch,4,12,32.0,4.0,2026-02-13 04:00:00+03:00,4,2,0,26.0,15.0,26.0,22.714285714285715,5.468524655221174,29.0,0.0,0.0,0.0,1.0963855421686746,0.0,1.2246467991473532e-16,-1.0,67.0,0.47761194029850745,high,10.67869167869168,7.720744590793598,22.975274725274726,5.27658622437569,0.37767392152948936,1.0844505557465336,1.20957946602498,3.0247252747252737,29.69999999999999,1,64.9847840719844,0.37634626787649833,0.37459280679880164,24.34283266473869,0.24002125874658467,30.861776826015195,0.0,24.34283266473869,25.104737563628646,23.758348360456736,24.1967115886682,-7.803288411331799,7.803288411331799,31.0
2026-01-27,lunch,4,37,19.0,4.0,2026-01-28 04:00:00+03:00,2,1,0,15.0,10.0,13.0,11.571428571428571,3.7796447300922478,15.0,0.0,0.0,0.0,1.1931818181818181,2.0,1.2246467991473532e-16,-1.0,41.0,0.4634146341463415,medium,4.2158570119156735,4.037725090920908,10.324175824175825,3.792027032582001,0.4077077915187296,1.3245997088791848,1.3245997088791848,4.675824175824175,15.0,1,26.915325087404497,0.4237513273080831,0.4161816029286,11.201663138220365,0.15333442434215278,16.092088719250107,0.0,11.201663138220365,,11.61289170068602,11.201663138220365,-7.798336861779635,7.798336861779635,15.0
2026-02-18,lunch,4,8,44.0,4.0,2026-02-19 04:00:00+03:00,3,2,0,30.0,39.0,56.0,37.714285714285715,9.860937847796007,56.0,0.0,0.0,0.0,0.7749077490774907,-26.0,1.2246467991473532e-16,-1.0,106.0,0.41509433962264153,high,14.99803536345776,11.147682695162223,34.80494505494506,8.197821234921355,0.33131290749065806,0.8378730913834113,1.5640297705823676,-4.804945054945058,44.0,1,103.3437717243591,0.34037100759132083,0.3408195306533584,35.22157577504388,0.1342608018978787,46.99910750938952,0.0,35.22157577504388,35.50814852407322,39.23845154535215,36.22579471762095,-7.77420528237905,7.77420528237905,31.0
2026-03-28,dinner,6,18,16.0,3.0,2026-03-29 06:00:00+03:00,6,3,1,6.0,7.0,7.0,7.571428571428571,2.5727509827124004,13.0,0.0,0.0,0.0,0.7000000000000001,-1.0,-1.0,-1.8369701987210297e-16,59.0,0.2711864406779661,medium,6.109124254928932,5.453053535091321,7.587912087912088,4.223829426308926,0.1847327720874314,0.6986564299424185,1.5137555982085733,-1.5879120879120876,13.0,1,41.89399538855715,0.18653008831534015,0.19662738551308012,8.237506781949028,0.19434825434779265,12.485127078982956,0.0,8.237506781949028,,21.4800903339149,8.237506781949028,-7.762493218050972,7.762493218050972,15.0
2026-02-23,lunch,4,25,23.0,4.0,2026-02-24 04:00:00+03:00,1,2,0,13.0,9.0,21.0,16.142857142857142,4.561745697594717,21.0,0.0,0.0,0.0,0.7583333333333333,-8.0,1.2246467991473532e-16,-1.0,55.0,0.41818181818181815,medium,7.156736938588451,5.584595796433097,15.87087912087912,5.024165108521969,0.36929438528740477,0.770558540954242,1.2447484123106987,-2.8708791208791204,21.69999999999999,1,41.63878885291199,0.36863082119326807,0.3661288773357982,15.245163016339015,0.14245339826205658,22.00823792985187,0.0,15.245163016339015,,20.410409721290108,15.245163016339015,-7.754836983660985,7.754836983660985,15.0
2026-01-25,lunch,4,8,44.0,4.0,2026-01-26 04:00:00+03:00,0,1,0,31.0,53.0,31.0,38.714285714285715,8.769536014223467,53.0,0.0,0.0,0.0,0.7805755395683454,0.0,1.2246467991473532e-16,-1.0,104.0,0.4230769230769231,high,14.99803536345776,11.147682695162223,34.80494505494506,8.197821234921355,0.33131290749065806,0.865802194429525,1.4802424614440266,-3.8049450549450583,44.0,1,102.94711870354354,0.3502449068118316,0.3514475357218725,36.180511178027466,0.06717396723893386,45.340022312441654,0.0,36.180511178027466,30.803717002923218,36.48198865727088,36.255880547838316,-7.744119452161684,7.744119452161684,31.0
2026-03-05,morning,3,126,22.0,2.0,2026-03-06 03:00:00+03:00,4,3,0,18.0,11.0,10.0,11.285714285714286,4.231401884099628,18.0,0.0,0.0,0.0,1.4651162790697674,8.0,0.7071067811865476,-0.7071067811865475,89.0,0.24719101123595505,medium,8.943396226415095,8.296270027256874,11.534435261707989,3.7091493415132546,0.18641640460775238,1.436043956043956,1.436043956043956,6.465564738292011,16.0,1,78.3083712257919,0.1866145940878579,0.18214859927255758,14.263760130093448,0.25312850925804087,16.749080570754884,0.0,14.263760130093448,,31.57994255412798,14.263760130093448,-7.7362398699065515,7.7362398699065515,15.0
2026-01-30,lunch,4,101,25.0,4.0,2026-01-31 04:00:00+03:00,5,1,1,19.0,12.0,16.0,14.285714285714286,4.535573676110706,21.0,0.0,0.0,0.0,1.2429906542056075,3.0,1.2246467991473532e-16,-1.0,54.0,0.46296296296296297,medium,7.729605866177819,5.750763658040518,16.97252747252747,4.423118975685863,0.3662322135926719,1.0571690614490983,1.1684500152858455,2.027472527472529,23.0,1,46.68461932933687,0.3801745962988788,0.3698006995249528,17.26400488504491,0.0687307828158254,21.088070050578345,0.0,17.26400488504491,,19.0535304488611,17.26400488504491,-7.735995114955092,7.735995114955092,15.0
2026-03-06,morning,3,25,15.0,2.0,2026-03-07 03:00:00+03:00,5,3,1,6.0,10.0,3.0,6.142857142857143,2.11570094204979,10.0,0.0,0.0,0.0,0.84,3.0,0.7071067811865476,-0.7071067811865475,47.0,0.3191489361702128,medium,7.156736938588451,5.584595796433097,7.966942148760331,3.5083181761095705,0.18243381589767566,0.6691244239631335,1.1152073732718892,-1.9669421487603307,12.0,1,38.90275321403249,0.18805939267018007,0.1869782956945048,7.273970493783714,0.11756085421737374,11.56602201255085,0.0,7.273970493783714,,18.261540349513318,7.273970493783714,-7.726029506216286,7.726029506216286,15.0
2026-03-14,lunch,4,69,51.0,4.0,2026-03-15 04:00:00+03:00,6,3,1,64.0,57.0,46.0,53.57142857142857,11.103410029613174,72.0,0.0,0.0,0.0,1.1727748691099478,18.0,1.2246467991473532e-16,-1.0,175.0,0.2914285714285714,mega,25.709899175068745,15.187584008448223,49.92032967032967,11.401837554339034,0.32250586815508425,1.2568653898030753,1.4139735635284596,14.079670329670328,65.0,0,170.49414725002612,0.327065663908475,0.3207408023940378,54.68442959246061,0.47500546214447126,65.82070877701284,0.19231609560687887,56.183609605113475,59.55574901286489,66.94695483539434,58.709111227031364,7.709111227031364,7.709111227031364,49.0
2026-03-16,lunch,4,8,31.0,4.0,2026-03-17 04:00:00+03:00,1,3,0,32.0,43.0,35.0,34.285714285714285,4.535573676110761,43.0,0.0,0.0,0.0,0.9068825910931174,-3.0,1.2246467991473532e-16,-1.0,92.0,0.33695652173913043,high,14.99803536345776,11.147682695162223,34.80494505494506,8.197821234921355,0.33131290749065806,0.8937312974756387,1.2009514309828895,-2.8049450549450583,44.0,0,111.28942401010856,0.33547389947481915,0.33630197044808513,37.426852584631945,0.14508541818396697,44.404752061258066,0.0,37.426852584631945,38.29422533169896,42.51328777696181,38.69846138271441,7.698461382714413,7.698461382714413,31.0
2026-02-28,dinner,6,2,16.0,3.0,2026-03-01 06:00:00+03:00,6,3,1,11.0,13.0,4.0,9.428571428571429,3.7796447300922695,13.0,0.0,0.0,0.0,1.0547945205479452,7.0,-1.0,-1.8369701987210297e-16,65.0,0.24615384615384617,medium,7.919532324621733,6.1652836583747,8.604395604395604,3.172294390471247,0.13768836988463973,1.145308924485126,1.3535469107551488,2.395604395604396,13.0,1,61.78325666713776,0.13788195998317035,0.1345119561862757,8.31058671385546,0.16466591600238067,13.378273250452397,0.0,8.31058671385546,,23.001184694214196,8.31058671385546,-7.689413286144539,7.689413286144539,15.0
2026-02-05,dinner,6,26,15.0,3.0,2026-02-06 06:00:00+03:00,4,2,0,7.0,5.0,11.0,7.714285714285714,2.0586634591635518,11.0,0.0,0.0,0.0,0.8032786885245901,-4.0,-1.0,-1.8369701987210297e-16,56.0,0.26785714285714285,medium,6.941311325080238,5.5889179275364755,6.604395604395604,2.8800792798971733,0.1587104167361632,0.9205202312138728,1.4465317919075145,0.395604395604396,10.0,1,44.47771310419272,0.16615139249623942,0.1645110229962676,7.317074083305242,0.31163731583592624,10.986928374635436,0.0,7.317074083305242,,19.634726007255537,7.317074083305242,-7.682925916694758,7.682925916694758,15.0
2026-03-01,lunch,4,1,19.0,4.0,2026-03-02 04:00:00+03:00,0,3,0,9.0,8.0,8.0,12.0,4.47213595499958,19.0,0.0,0.0,0.0,0.6923076923076923,1.0,1.2246467991473532e-16,-1.0,37.0,0.5135135135135135,medium,4.8180943214629455,4.2007427440961616,11.460055096418733,4.104360569877324,0.41188275422050785,0.722308202520451,1.5248728719876188,-2.460055096418733,17.0,1,26.88483815742278,0.42962007177935546,0.4210556577969375,11.320013215137854,0.2245028850844171,16.264837519876615,0.0,11.320013215137854,,15.868722239798103,11.320013215137854,-7.679986784862146,7.679986784862146,15.0
2026-02-08,lunch,4,4,36.0,4.0,2026-02-09 04:00:00+03:00,0,2,0,16.0,27.0,22.0,25.714285714285715,5.648430038936662,33.0,0.0,0.0,0.0,0.5989304812834224,-6.0,1.2246467991473532e-16,-1.0,86.0,0.4186046511627907,high,12.723424723424724,8.703156453277504,27.208791208791208,6.88395184651641,0.37716923282176296,0.5671990650564862,1.1698480716790027,-11.208791208791208,36.0,1,74.42141604614503,0.37029173390820647,0.3717914673371535,27.66924747310504,0.14949857620638524,33.51453033111763,0.0,27.66924747310504,30.73352359871178,30.305371142467543,28.328278390445668,-7.671721609554332,7.671721609554332,31.0
2026-02-23,afternoon,5,26,16.0,3.0,2026-02-24 05:00:00+03:00,1,2,0,7.0,4.0,9.0,6.428571428571429,1.8126539343499428,9.0,0.0,0.0,0.0,0.9423076923076923,-2.0,-0.7071067811865475,-0.7071067811865477,55.0,0.2909090909090909,medium,6.941311325080238,5.5889179275364755,7.956043956043956,3.463821956093745,0.18808268034158107,0.7815950920245399,1.0049079754601227,-0.9560439560439562,12.0,1,43.90334376682736,0.19135082194770425,0.1897976306475967,8.332750624450766,0.17150912919173023,11.075850490139352,0.0,8.332750624450766,,19.30684682342128,8.332750624450766,-7.667249375549234,7.667249375549234,15.0
2026-02-14,lunch,4,35,32.0,4.0,2026-02-15 04:00:00+03:00,6,2,1,37.0,41.0,37.0,32.714285714285715,5.559205150447466,41.0,0.0,0.0,0.0,1.097457627118644,0.0,1.2246467991473532e-16,-1.0,104.0,0.3076923076923077,high,12.99404216315307,8.966106707239911,27.76098901098901,6.366710522390032,0.3561335102986236,1.286464800840577,1.4255420766071258,9.239010989010989,37.0,0,100.06621650456324,0.35506160565485256,0.3480641281473611,34.82946040466588,0.3815121129543166,42.552373861343696,1.0,40.23549982434035,35.26338241084372,36.75644667127182,39.65208114049527,7.6520811404952696,7.6520811404952696,31.0
2026-02-26,dinner,6,434,19.0,3.0,2026-02-27 06:00:00+03:00,4,2,0,14.0,12.0,15.0,12.857142857142858,1.9518001458970509,15.0,0.0,0.0,0.0,1.0103092783505154,-1.0,-1.0,-1.8369701987210297e-16,68.0,0.27941176470588236,medium,7.621359223300971,6.761882045397149,9.711538461538462,4.59042711696186,0.19428502784213808,1.3070017953321365,1.4003590664272891,4.288461538461538,14.899999999999999,1,53.84805096058933,0.20617936954590915,0.2107821820078394,11.350209678342353,0.3556412510090372,17.616129049256333,0.0,11.350209678342353,,22.417636977716754,11.350209678342353,-7.6497903216576475,7.6497903216576475,15.0
2026-03-12,lunch,4,115,15.0,4.0,2026-03-13 04:00:00+03:00,4,3,0,14.0,17.0,32.0,20.0,6.928203230275501,32.0,0.0,0.0,0.0,0.6666666666666666,-18.0,1.2246467991473532e-16,-1.0,50.0,0.3,medium,8.859724950884086,7.0585746120055335,21.186813186813186,5.342613320180643,0.3419472329595375,0.6310054482417038,1.4422981674096087,-7.186813186813186,28.0,0,64.64509084905204,0.3475184683364505,0.349499105878409,22.593401451172205,0.11752965923109555,27.094949554152336,0.0,22.593401451172205,,26.107859824850806,22.593401451172205,7.593401451172205,7.593401451172205,15.0
2026-02-18,dinner,6,126,18.0,3.0,2026-02-19 06:00:00+03:00,3,2,0,10.0,7.0,7.0,7.714285714285714,3.4503277967117802,12.0,0.0,0.0,0.0,1.1475409836065573,3.0,-1.0,-1.8369701987210297e-16,91.0,0.1978021978021978,medium,8.943396226415095,8.296270027256874,9.626373626373626,3.255504689004298,0.15540061024800586,0.9410548086866598,1.1292657704239917,0.3736263736263741,14.0,1,68.03599534226174,0.15536330241905796,0.1531726943223162,10.421256717474787,0.17920132104989217,13.284856591760533,0.0,10.421256717474787,,30.74550950757088,10.421256717474787,-7.578743282525213,7.578743282525213,15.0
2026-02-09,lunch,4,10,28.0,4.0,2026-02-10 04:00:00+03:00,1,2,0,19.0,8.0,34.0,20.142857142857142,8.783100656536803,34.0,0.0,0.0,0.0,0.8986486486486487,-15.0,1.2246467991473532e-16,-1.0,61.0,0.45901639344262296,medium,6.580926180651078,5.576694893105304,15.826446280991735,5.457537267559647,0.3959618663932895,1.1291748526522594,2.020628683693517,3.1735537190082646,23.0,1,51.48668039620463,0.4091844825856514,0.3966539132839822,20.42239326115626,0.18715571161868516,25.598298617976972,0.0,20.42239326115626,,22.58709653580591,20.42239326115626,-7.577606738843741,7.577606738843741,15.0
2026-03-01,dinner,6,115,17.0,3.0,2026-03-02 06:00:00+03:00,0,3,0,13.0,10.0,10.0,9.857142857142858,2.7342623276105864,13.0,0.0,0.0,0.0,1.1973684210526314,3.0,-1.0,-1.8369701987210297e-16,62.0,0.27419354838709675,medium,8.859724950884086,7.0585746120055335,10.244505494505495,3.4044368275703665,0.16551450234185303,1.1561202052284387,1.1561202052284387,2.7554945054945055,15.0,1,56.96726808288621,0.16518214986064914,0.16575840975788594,9.442803765670389,0.19058128777004785,15.42747399671065,0.0,9.442803765670389,,27.855613796017483,9.442803765670389,-7.557196234329611,7.557196234329611,15.0
2026-02-05,lunch,4,29,33.0,4.0,2026-02-06 04:00:00+03:00,4,2,0,38.0,30.0,35.0,37.714285714285715,5.437961803049842,47.0,0.0,0.0,0.0,0.981549815498155,3.0,1.2246467991473532e-16,-1.0,101.0,0.32673267326732675,high,16.77201257861635,11.447047939359384,39.06611570247934,7.990742783350609,0.33541085213730065,0.9484323432343235,1.1730610561056105,-1.0661157024793368,49.0,0,113.3636278513611,0.33469803826708316,0.343083895526901,38.89323505430686,0.11535655244086639,44.67467846138785,0.0,38.89323505430686,40.753860384292864,45.45548322346461,40.533797096596295,7.533797096596295,7.533797096596295,31.0
2026-02-28,dinner,6,14,15.0,3.0,2026-03-01 06:00:00+03:00,6,3,1,9.0,9.0,6.0,8.142857142857142,1.6761634196950528,11.0,0.0,0.0,0.0,0.984375,3.0,-1.0,-1.8369701987210297e-16,52.0,0.28846153846153844,medium,8.976897689768977,6.080682518563457,7.461538461538462,2.9627910759871594,0.16599111060495278,1.0636363636363637,1.3,1.5384615384615383,11.0,1,45.979368316643345,0.16140443986179762,0.16267809698900942,7.479836138508293,0.2132569166239632,11.803877155124514,0.0,7.479836138508293,,22.638846967344104,7.479836138508293,-7.520163861491707,7.520163861491707,15.0
2026-01-31,dinner,6,434,19.0,3.0,2026-02-01 06:00:00+03:00,6,2,1,13.0,10.0,20.0,11.714285714285714,4.151878519188056,20.0,0.0,0.0,0.0,1.0224719101123596,-7.0,-1.0,-1.8369701987210297e-16,62.0,0.3064516129032258,medium,7.621359223300971,6.761882045397149,9.711538461538462,4.59042711696186,0.19428502784213808,1.2136445242369838,1.867145421903052,3.2884615384615383,14.899999999999999,1,57.31434373137884,0.20193466297733464,0.20041958280484054,11.486916859376175,0.5084217674570343,17.92095206061338,0.0,11.486916859376175,,23.455180931995816,11.486916859376175,-7.513083140623825,7.513083140623825,15.0
2026-02-13,afternoon,5,17,17.0,3.0,2026-02-14 05:00:00+03:00,5,2,1,5.0,2.0,9.0,6.142857142857143,2.853569193634045,9.0,0.0,0.0,0.0,0.7,-4.0,-0.7071067811865475,-0.7071067811865477,42.0,0.40476190476190477,medium,8.011462631820265,6.234805877300177,9.898351648351648,3.523724789751481,0.2090963799197349,0.45878497605243257,0.8258129568943786,-4.898351648351648,14.0,1,45.824144789626914,0.20014395815566158,0.20755240931176241,9.510911655738111,0.08059205888975074,11.816908092358329,0.0,9.510911655738111,,19.609329847623737,9.510911655738111,-7.489088344261889,7.489088344261889,15.0
2026-03-06,lunch,4,29,33.0,4.0,2026-03-07 04:00:00+03:00,5,3,1,31.0,29.0,37.0,32.285714285714285,4.644505202002532,38.0,0.0,0.0,0.0,0.9313304721030043,-6.0,1.2246467991473532e-16,-1.0,93.0,0.3548387096774194,high,16.77201257861635,11.447047939359384,39.06611570247934,7.990742783350609,0.33541085213730065,0.7737211221122112,0.9484323432343235,-8.066115702479337,49.0,0,116.97888213090464,0.33350267341313955,0.33106925123365105,38.72811091722812,0.17023376980189964,43.97993040566976,0.0,38.72811091722812,41.13662068569415,45.67697265402802,40.4653263514281,7.4653263514280965,7.4653263514280965,31.0
2026-03-04,lunch,4,2,28.0,4.0,2026-03-05 04:00:00+03:00,3,3,0,29.0,29.0,24.0,23.142857142857142,4.298393941484502,29.0,0.0,0.0,0.0,1.2011834319526626,5.0,1.2246467991473532e-16,-1.0,77.0,0.36363636363636365,medium,7.919532324621733,6.1652836583747,19.313186813186814,5.6393678951648205,0.3040886563507092,1.4276440357046254,1.4276440357046254,9.686813186813186,26.0,1,68.05473872685528,0.3051514537728467,0.3018800383872165,20.544367139295062,0.2827782972978645,28.632764861985336,0.0,20.544367139295062,,25.490326127379454,20.544367139295062,-7.455632860704938,7.455632860704938,15.0
2026-03-08,lunch,4,115,15.0,4.0,2026-03-09 04:00:00+03:00,0,3,0,27.0,15.0,17.0,23.714285714285715,6.10230245383617,32.0,0.0,0.0,0.0,1.092485549132948,10.0,1.2246467991473532e-16,-1.0,55.0,0.2727272727272727,medium,8.859724950884086,7.0585746120055335,21.186813186813186,5.342613320180643,0.3419472329595375,1.2169390787518575,1.4422981674096087,5.813186813186814,28.0,0,66.73153134304121,0.3539347330360013,0.3363478245535798,22.445005396360937,0.19627413434382818,28.59705617584965,0.0,22.445005396360937,,26.72203795298263,22.445005396360937,7.445005396360937,7.445005396360937,15.0
2026-02-04,lunch,4,10,25.0,4.0,2026-02-05 04:00:00+03:00,3,2,0,24.0,34.0,21.0,20.142857142857142,8.153293228885524,34.0,0.0,0.0,0.0,1.135135135135135,3.0,1.2246467991473532e-16,-1.0,57.0,0.43859649122807015,medium,6.580926180651078,5.576694893105304,15.826446280991735,5.457537267559647,0.3959618663932895,1.4263261296660117,2.020628683693517,8.173553719008265,23.0,1,43.390003709253804,0.41375683806608826,0.40517682983370656,17.580624149388225,0.25440356781072854,25.326120395996767,0.0,17.580624149388225,,21.95537913406062,17.580624149388225,-7.419375850611775,7.419375850611775,15.0
2026-03-24,dinner,6,434,18.0,3.0,2026-03-25 06:00:00+03:00,2,3,0,16.0,6.0,9.0,12.285714285714286,3.903600291794127,17.0,0.0,0.0,0.0,1.2043010752688172,7.0,-1.0,-1.8369701987210297e-16,40.0,0.45,medium,7.621359223300971,6.761882045397149,9.711538461538462,4.59042711696186,0.19428502784213808,1.4937163375224416,1.5870736086175943,6.288461538461538,14.899999999999999,1,50.859398446875815,0.20244353883370295,0.20870121063261693,10.61441802790962,0.2194734876567982,16.46244906477112,0.0,10.61441802790962,,22.728517273677504,10.61441802790962,-7.38558197209038,7.38558197209038,15.0
2026-02-03,opening,1,5,16.0,2.0,2026-02-04 01:00:00+03:00,2,2,0,10.0,14.0,10.0,10.857142857142858,2.853569193634032,14.0,0.0,0.0,0.0,0.8433734939759036,0.0,0.7071067811865475,0.7071067811865476,31.0,0.5161290322580645,medium,2.9972480220158237,3.8581158362573085,8.991735537190083,4.639779716685801,0.35198888511523774,1.0008271298593878,1.401157981803143,1.008264462809917,15.0,1,23.349766862718237,0.37557982207954077,0.36938277844100526,8.625001759700577,0.2561608803959457,15.172974882327166,0.0,8.625001759700577,,0.7390597005525248,8.625001759700577,-7.374998240299423,7.374998240299423,15.0
2026-02-07,lunch,4,69,55.0,4.0,2026-02-08 04:00:00+03:00,6,2,1,56.0,46.0,48.0,47.857142857142854,6.256425268702321,56.0,0.0,0.0,0.0,1.1461988304093569,8.0,1.2246467991473532e-16,-1.0,166.0,0.3313253012048193,mega,25.709899175068745,15.187584008448223,49.92032967032967,11.401837554339034,0.32250586815508425,1.0997572160776907,1.0997572160776907,6.0796703296703285,65.0,0,184.08954735143985,0.32868232645885964,0.3266947691712111,60.14109217881138,0.4779320085235533,60.66717465520159,1.0,60.50934991228452,58.97808021217538,69.02031581928826,62.3608980889306,7.360898088930597,7.360898088930597,49.0
2026-02-06,lunch,4,29,34.0,4.0,2026-02-07 04:00:00+03:00,5,2,1,33.0,38.0,47.0,37.42857142857143,5.652643713553991,47.0,0.0,0.0,0.0,0.8587360594795539,-14.0,1.2246467991473532e-16,-1.0,101.0,0.33663366336633666,high,16.77201257861635,11.447047939359384,39.06611570247934,7.990742783350609,0.33541085213730065,0.8236386138613861,1.1730610561056105,-6.066115702479337,49.0,0,119.10536425282656,0.33648326842481857,0.33502824069488785,39.90366064294827,0.28647514129975976,46.371388300419014,0.0,39.90366064294827,41.86636188901146,45.72521003425773,41.359047990775636,7.359047990775636,7.359047990775636,31.0
2026-03-15,lunch,4,434,16.0,4.0,2026-03-16 04:00:00+03:00,0,3,0,15.0,18.0,27.0,17.0,4.760952285695237,27.0,0.0,0.0,0.0,0.8333333333333334,-12.0,1.2246467991473532e-16,-1.0,40.0,0.4,medium,7.621359223300971,6.761882045397149,16.980392156862745,6.830783838121162,0.3594009148733045,0.8342420937840785,1.5016357688113413,-1.9803921568627452,24.0,0,63.247237561583205,0.3615824889829427,0.3692417080171841,23.353518024607585,0.3069087656423438,25.863418093247283,0.0,23.353518024607585,,23.309054649495483,23.353518024607585,7.353518024607585,7.353518024607585,15.0
2026-02-26,lunch,4,101,23.0,4.0,2026-02-27 04:00:00+03:00,4,2,0,7.0,14.0,17.0,13.857142857142858,3.9339789623471866,18.0,0.0,0.0,0.0,0.47115384615384615,-10.0,1.2246467991473532e-16,-1.0,50.0,0.46,medium,7.729605866177819,5.750763658040518,16.97252747252747,4.423118975685863,0.3662322135926719,0.38948333842861516,1.0015285845307247,-9.97252747252747,23.0,1,43.82139494740009,0.3592991287555923,0.35717447769847116,15.651883852356049,0.12881673451326991,21.024526259113568,0.0,15.651883852356049,,19.26654447424086,15.651883852356049,-7.348116147643951,7.348116147643951,15.0
2026-03-31,lunch,4,2,15.0,4.0,2026-04-01 04:00:00+03:00,2,4,0,22.0,19.0,24.0,19.285714285714285,4.3861253103502404,24.0,0.0,0.0,0.0,1.0845070422535212,-2.0,1.2246467991473532e-16,-1.0,55.0,0.2727272727272727,medium,7.919532324621733,6.1652836583747,19.313186813186814,5.6393678951648205,0.3040886563507092,1.0830403029483364,1.181498512307276,2.686813186813186,26.0,0,75.16258372020408,0.30044268060870094,0.2967829691888609,22.306974768388503,0.1735589351208112,25.868982291116943,0.0,22.306974768388503,,23.824375692858702,22.306974768388503,7.306974768388503,7.306974768388503,15.0
2026-04-07,lunch,4,10,24.0,4.0,2026-04-08 04:00:00+03:00,2,4,0,16.0,17.0,20.0,15.571428571428571,4.3915503282683845,21.0,0.0,0.0,0.0,0.9655172413793105,-4.0,1.2246467991473532e-16,-1.0,43.0,0.5581395348837209,medium,6.580926180651078,5.576694893105304,15.826446280991735,5.457537267559647,0.3959618663932895,0.9508840864440079,1.2480353634577603,0.17355371900826455,23.0,1,43.68133927974276,0.39283153358855866,0.3828679048740057,16.72418285212572,0.19424001860586307,23.07670149135635,0.0,16.72418285212572,,20.485783459640686,16.72418285212572,-7.275817147874282,7.275817147874282,15.0
2026-02-16,lunch,4,10,27.0,4.0,2026-02-17 04:00:00+03:00,1,2,0,25.0,13.0,28.0,21.0,5.859465277082323,28.0,0.0,0.0,0.0,1.1363636363636365,-3.0,1.2246467991473532e-16,-1.0,63.0,0.42857142857142855,medium,6.580926180651078,5.576694893105304,15.826446280991735,5.457537267559647,0.3959618663932895,1.4857563850687623,1.6640471512770139,9.173553719008265,23.0,1,49.321068892524195,0.41084097431643124,0.40014763201319614,19.735708925703268,0.41902269566903755,27.180876780098323,0.0,19.735708925703268,,22.20650090137662,19.735708925703268,-7.264291074296732,7.264291074296732,15.0
2026-03-27,lunch,4,18,20.0,4.0,2026-03-28 04:00:00+03:00,5,3,1,9.0,11.0,15.0,10.857142857142858,3.532165125838658,16.0,0.0,0.0,0.0,0.7590361445783133,-6.0,1.2246467991473532e-16,-1.0,50.0,0.4,medium,6.109124254928932,5.453053535091321,11.975206611570249,6.953431693708665,0.27885867315263196,0.6936305732484076,1.2331210191082802,-2.9752066115702487,20.0,1,38.65699529921946,0.30145663514613597,0.32974715596766363,12.74703425817296,0.28444417421501145,19.09711479993517,0.0,12.74703425817296,,20.55855684451469,12.74703425817296,-7.25296574182704,7.25296574182704,15.0
2026-03-07,afternoon,5,17,18.0,3.0,2026-03-08 05:00:00+03:00,6,3,1,11.0,5.0,11.0,7.857142857142857,3.0237157840738367,11.0,0.0,0.0,0.0,1.2419354838709677,0.0,-0.7071067811865475,-0.7071067811865477,69.0,0.2608695652173913,medium,8.011462631820265,6.234805877300177,9.898351648351648,3.523724789751481,0.2090963799197349,1.0093269473153517,1.0093269473153517,1.1016483516483522,14.0,1,53.121822320802046,0.20001816281335216,0.20231035867975097,10.747094927443463,0.17666188341254718,14.227959285980447,0.0,10.747094927443463,,20.809553526105898,10.747094927443463,-7.252905072556537,7.252905072556537,15.0
2026-02-09,lunch,4,434,25.0,4.0,2026-02-10 04:00:00+03:00,1,2,0,23.0,20.0,14.0,18.285714285714285,4.191828786034641,24.0,0.0,0.0,0.0,1.1925925925925926,9.0,1.2246467991473532e-16,-1.0,50.0,0.5,medium,7.621359223300971,6.761882045397149,16.980392156862745,6.830783838121162,0.3594009148733045,1.2791712104689203,1.3347873500545255,6.019607843137255,24.0,1,49.0425611948496,0.3613950569946851,0.36188950119756685,17.74798800825527,0.21558941219677827,25.413826146479366,0.0,17.74798800825527,,22.52039047194807,17.74798800825527,-7.25201199174473,7.25201199174473,15.0
2026-03-14,lunch,4,434,15.0,4.0,2026-03-15 04:00:00+03:00,6,3,1,18.0,12.0,20.0,17.714285714285715,4.785891965429428,27.0,0.0,0.0,0.0,0.9618320610687022,-2.0,1.2246467991473532e-16,-1.0,51.0,0.29411764705882354,medium,7.621359223300971,6.761882045397149,16.980392156862745,6.830783838121162,0.3594009148733045,1.0010905125408942,1.5016357688113413,1.0196078431372548,24.0,0,63.34621774294429,0.34917484100867524,0.3509741887510323,22.23288738277612,0.25904127271742905,25.451470468843674,0.0,22.23288738277612,,24.947583975248264,22.23288738277612,7.23288738277612,7.23288738277612,15.0
2026-03-28,lunch,4,29,34.0,4.0,2026-03-29 04:00:00+03:00,6,3,1,32.0,30.0,34.0,28.714285714285715,4.498677054212164,34.0,0.0,0.0,0.0,1.0769230769230769,-2.0,1.2246467991473532e-16,-1.0,95.0,0.35789473684210527,high,16.77201257861635,11.447047939359384,39.06611570247934,7.990742783350609,0.33541085213730065,0.7986798679867987,0.8485973597359736,-7.066115702479337,49.0,0,110.49712996344054,0.3342058137602053,0.33954495167703935,37.518742653887955,0.09418683252573655,42.87101132089725,1.0,41.26533072079446,39.121222269915194,41.82828865729337,41.203065903648145,7.203065903648145,7.203065903648145,31.0
2026-03-05,afternoon,5,434,21.0,3.0,2026-03-06 05:00:00+03:00,4,3,0,17.0,14.0,15.0,14.142857142857142,2.7342623276105886,17.0,0.0,0.0,0.0,1.1226415094339623,2.0,-0.7071067811865475,-0.7071067811865477,60.0,0.35,medium,7.621359223300971,6.761882045397149,9.76923076923077,4.7179897040648715,0.2155200181716186,1.5785714285714285,1.5785714285714285,7.23076923076923,15.0,1,58.67394102731967,0.23252035428621892,0.2352570714692222,13.803459537645072,0.41701177156578645,18.153370782195278,0.0,13.803459537645072,,22.53285650791269,13.803459537645072,-7.196540462354928,7.196540462354928,15.0
2026-03-30,afternoon,5,126,19.0,3.0,2026-03-31 05:00:00+03:00,1,3,0,11.0,5.0,11.0,9.714285714285714,2.2886885410852997,12.0,0.0,0.0,0.0,1.0266666666666668,0.0,-0.7071067811865475,-0.7071067811865477,65.0,0.2923076923076923,medium,8.943396226415095,8.296270027256874,12.090659340659341,4.388191091061965,0.19280413992264367,0.8402938090241343,0.9166841552990556,-1.0906593406593412,18.0,1,61.40116382933879,0.1928826796168394,0.19230272611544688,11.807611191043021,0.10719624814981836,16.58313063938612,0.0,11.807611191043021,,29.02284587906946,11.807611191043021,-7.192388808956979,7.192388808956979,15.0
2026-02-15,afternoon,5,54,15.0,3.0,2026-02-16 05:00:00+03:00,0,2,0,6.0,15.0,5.0,5.428571428571429,4.429339411136563,15.0,0.0,0.0,0.0,0.9333333333333333,1.0,-0.7071067811865475,-0.7071067811865477,39.0,0.38461538461538464,medium,2.1353135313531353,2.313692209602312,3.2527472527472527,2.4487851897705966,0.29712413849118896,1.4108527131782946,3.5271317829457365,2.7472527472527473,6.0,1,27.41346685380871,0.29301251895231406,0.28511370057475277,7.815954980272727,0.3044170137680997,9.02774674509898,0.0,7.815954980272727,,5.084778260551959,7.815954980272727,-7.184045019727273,7.184045019727273,15.0
2026-01-26,afternoon,5,10,15.0,3.0,2026-01-27 05:00:00+03:00,1,1,0,5.0,1.0,4.0,5.571428571428571,2.760262237369434,10.0,0.0,0.0,0.0,0.7608695652173914,1.0,-0.7071067811865475,-0.7071067811865477,47.0,0.3191489361702128,medium,6.580926180651078,5.576694893105304,6.972527472527473,3.2165743608811352,0.17562383145186847,0.6271536871123363,1.2543073742246726,-1.9725274725274726,11.0,1,42.82631019437066,0.18436266422740216,0.18275862563687756,7.826877592221781,0.051869017105696635,9.046367527836889,0.0,7.826877592221781,,17.960755833829403,7.826877592221781,-7.173122407778219,7.173122407778219,15.0
2026-02-05,afternoon,5,115,19.0,3.0,2026-02-06 05:00:00+03:00,4,2,0,13.0,8.0,15.0,11.0,3.0550504633039073,15.0,0.0,0.0,0.0,1.0833333333333333,-2.0,-0.7071067811865475,-0.7071067811865477,77.0,0.24675324675324675,medium,8.859724950884086,7.0585746120055335,10.81868131868132,3.431354761820502,0.17551070249498216,1.099953509995351,1.2691771269177126,2.1813186813186807,15.0,1,66.43092158700874,0.17832990859248246,0.1784451415466164,11.85427520566595,0.24200163857135595,16.61436743831513,0.0,11.85427520566595,,26.665512844727868,11.85427520566595,-7.1457247943340505,7.1457247943340505,15.0
2026-03-01,lunch,4,29,35.0,4.0,2026-03-02 04:00:00+03:00,0,3,0,38.0,37.0,24.0,34.57142857142857,5.442338432976013,41.0,0.0,0.0,0.0,1.0682730923694779,14.0,1.2246467991473532e-16,-1.0,111.0,0.3153153153153153,high,16.77201257861635,11.447047939359384,39.06611570247934,7.990742783350609,0.33541085213730065,0.9484323432343235,1.023308580858086,-1.0661157024793368,49.0,0,117.73953474123611,0.3322683262458143,0.3439579385800989,40.49744765897551,0.0668797797909669,42.78397791056497,1.0,42.09801883508813,39.4954688340202,44.794849851504836,42.13299967933511,7.132999679335107,7.132999679335107,31.0
2026-03-07,lunch,4,30,43.0,4.0,2026-03-08 04:00:00+03:00,6,3,1,37.0,31.0,32.0,26.857142857142858,6.841748592978552,37.0,0.0,0.0,0.0,1.3282051282051281,5.0,1.2246467991473532e-16,-1.0,124.0,0.3467741935483871,high,13.703483043079743,8.347813742646773,27.502747252747252,6.67320559196118,0.33448548715889054,1.2981204819277108,1.2981204819277108,9.497252747252748,35.69999999999999,1,87.06396228689238,0.33807937683994427,0.3383670859794526,29.45957921284073,0.30192613640380145,39.22577301098588,1.0,36.29591487154234,32.86154116744561,32.962499998162635,35.871686110921964,-7.128313889078036,7.128313889078036,31.0
2026-01-24,morning,3,18,15.0,2.0,2026-01-25 03:00:00+03:00,6,1,1,15.0,5.0,10.0,7.285714285714286,4.070801956792857,15.0,0.0,0.0,0.0,1.810344827586207,5.0,0.7071067811865476,-0.7071067811865475,49.0,0.30612244897959184,medium,6.109124254928932,5.453053535091321,6.545454545454546,4.194181710535974,0.15181598308203162,1.9879518072289155,1.9879518072289155,8.454545454545453,12.0,1,43.935424983853764,0.1722542532838944,0.17949047675694452,7.8859903768708834,0.38742225531936797,14.132694486042045,0.0,7.8859903768708834,,18.430491917288485,7.8859903768708834,-7.1140096231291166,7.1140096231291166,15.0
2026-03-24,lunch,4,7,35.0,4.0,2026-03-25 04:00:00+03:00,2,3,0,28.0,17.0,36.0,24.428571428571427,6.6044717895564995,36.0,0.0,0.0,0.0,1.101123595505618,-8.0,1.2246467991473532e-16,-1.0,108.0,0.32407407407407407,high,12.872377020983832,6.9762070291099025,25.81267217630854,6.227115387092842,0.2507803114805857,1.0442823384362478,1.3426487208466045,2.1873278236914615,33.0,1,106.92412535004435,0.25583667215959205,0.2568696440938071,27.46556202370751,0.18344478533859473,34.916398928698406,0.0,27.46556202370751,27.888097760091348,29.1515733348714,27.887064851498483,-7.112935148501517,7.112935148501517,31.0
2026-03-20,lunch,4,6,18.0,4.0,2026-03-21 04:00:00+03:00,5,3,1,21.0,29.0,25.0,22.428571428571427,4.859943170351746,29.0,0.0,0.0,0.0,0.8963414634146342,-4.0,1.2246467991473532e-16,-1.0,69.0,0.2608695652173913,medium,10.223521320495186,7.858411454975636,25.560439560439562,7.174655102463964,0.31008066999141487,0.7906495655771617,1.0918494000827472,-4.560439560439562,34.0,0,82.96966017765716,0.3104485700541269,0.30264784588711974,25.11058892675428,0.14537252025482528,30.58788434686989,0.0,25.11058892675428,,26.146340578550006,25.11058892675428,7.110588926754279,7.110588926754279,15.0
2026-03-30,lunch,4,35,36.0,4.0,2026-03-31 04:00:00+03:00,1,3,0,28.0,30.0,29.0,27.571428571428573,4.50396650583843,35.0,0.0,0.0,0.0,0.98,-1.0,1.2246467991473532e-16,-1.0,85.0,0.4235294117647059,high,12.99404216315307,8.966106707239911,27.76098901098901,6.366710522390032,0.3561335102986236,0.973540930365842,1.2169261629573025,0.23901098901098905,37.0,0,80.08506703795882,0.35290752000896736,0.3585607189313357,28.715359212794727,0.17841902586179723,38.22858261382308,0.0,28.715359212794727,31.013736634994917,29.47465865736998,28.905184073938543,-7.094815926061457,7.094815926061457,31.0
2026-02-15,lunch,4,126,31.0,4.0,2026-02-16 04:00:00+03:00,0,2,0,18.0,14.0,25.0,24.714285714285715,6.421689437998011,32.0,0.0,0.0,0.0,0.7,-7.0,1.2246467991473532e-16,-1.0,66.0,0.4696969696969697,medium,8.943396226415095,8.296270027256874,23.39669421487603,7.377896665537009,0.36997738876250647,0.7378048780487805,1.3116531165311653,-5.396694214876032,33.0,0,63.65341990322808,0.3801688371284635,0.3757583137620844,23.918301728026883,0.19911751520216217,31.609476490987987,0.0,23.918301728026883,,30.538776757414738,23.918301728026883,-7.081698271973117,7.081698271973117,15.0
2026-02-18,dinner,6,434,18.0,3.0,2026-02-19 06:00:00+03:00,3,2,0,11.0,14.0,10.0,13.571428571428571,2.9920529661723694,19.0,0.0,0.0,0.0,0.7549019607843137,1.0,-1.0,-1.8369701987210297e-16,57.0,0.3157894736842105,medium,7.621359223300971,6.761882045397149,9.711538461538462,4.59042711696186,0.19428502784213808,1.0269299820466786,1.7737881508078994,1.2884615384615383,14.899999999999999,1,52.74615086621124,0.20509829427773196,0.20703473730825261,10.920285488607504,0.2585897128028262,16.905281887561184,0.0,10.920285488607504,,22.781763673658375,10.920285488607504,-7.0797145113924955,7.0797145113924955,15.0
2026-02-14,lunch,4,54,15.0,4.0,2026-02-15 04:00:00+03:00,6,2,1,10.0,13.0,7.0,6.714285714285714,3.860668582611294,13.0,0.0,0.0,0.0,1.2962962962962963,3.0,1.2246467991473532e-16,-1.0,46.0,0.32608695652173914,medium,2.1353135313531353,2.313692209602312,2.9917355371900825,2.2193120273223412,0.28604169726316175,2.505175983436853,3.256728778467909,7.008264462809917,6.0,1,25.86561422747831,0.3189913632262781,0.3064768179978395,7.927211143997198,0.6769934807207652,9.099701908304485,0.0,7.927211143997198,,4.161050487374935,7.927211143997198,-7.072788856002802,7.072788856002802,15.0
2026-02-20,lunch,4,29,33.0,4.0,2026-02-21 04:00:00+03:00,5,2,1,29.0,31.0,39.0,36.285714285714285,6.129553700835725,45.0,0.0,0.0,0.0,0.7777777777777778,-10.0,1.2246467991473532e-16,-1.0,107.0,0.308411214953271,high,16.77201257861635,11.447047939359384,39.06611570247934,7.990742783350609,0.33541085213730065,0.7238036303630363,1.1231435643564358,-10.066115702479337,49.0,0,116.21941543535094,0.33548972501174945,0.3272450169423327,38.03222457316942,0.2972205842997592,45.25922183992357,0.0,38.03222457316942,39.51449063024079,46.17776271530652,40.0686091087037,7.068609108703697,7.068609108703697,31.0
2026-02-14,lunch,4,33,32.0,4.0,2026-02-15 04:00:00+03:00,6,2,1,28.0,27.0,22.0,26.571428571428573,3.5050983275386884,32.0,0.0,0.0,0.0,1.015544041450777,6.0,1.2246467991473532e-16,-1.0,79.0,0.4050632911392405,high,10.31622364802933,7.111279172128111,22.126373626373628,5.787367932362405,0.35735223315635023,1.2107388928486575,1.3837015918270372,5.873626373626372,29.0,1,72.5388355260828,0.3521053206283872,0.34521052316310974,25.041169361601817,0.17076528586893122,32.12731792155733,0.0,25.041169361601817,25.56510425063251,24.746306935241392,24.96745375501171,-7.032546244988289,7.032546244988289,31.0
2026-02-04,afternoon,5,9,15.0,3.0,2026-02-05 05:00:00+03:00,3,2,0,6.0,5.0,5.0,7.857142857142857,3.1847852585154266,14.0,0.0,0.0,0.0,0.6774193548387096,1.0,-0.7071067811865475,-0.7071067811865477,52.0,0.28846153846153844,medium,8.026593305823017,5.120585258455439,8.923076923076923,3.3656202805507363,0.1891174222190078,0.6046511627906976,1.4108527131782946,-2.9230769230769234,13.0,1,42.007516099674035,0.18921941093505248,0.19042392615773915,7.999236143834367,0.11748538337701747,12.657874136967745,0.0,7.999236143834367,,12.084092136697242,7.999236143834367,-7.000763856165633,7.000763856165633,15.0
2026-02-23,lunch,4,126,31.0,4.0,2026-02-24 04:00:00+03:00,1,2,0,10.0,18.0,29.0,23.714285714285715,12.051476890327393,41.0,0.0,0.0,0.0,0.40462427745664736,-19.0,1.2246467991473532e-16,-1.0,71.0,0.43661971830985913,medium,8.943396226415095,8.296270027256874,23.39669421487603,7.377896665537009,0.36997738876250647,0.4098915989159892,1.6805555555555556,-13.396694214876032,33.0,0,64.38268784726554,0.38148782266620523,0.3728206163716376,24.003193366880282,0.09062643159476075,29.95628908881646,0.0,24.003193366880282,,29.270719393971486,24.003193366880282,-6.996806633119718,6.996806633119718,15.0
2026-03-24,lunch,4,6,21.0,4.0,2026-03-25 04:00:00+03:00,2,3,0,31.0,27.0,18.0,23.285714285714285,5.559205150447569,31.0,0.0,0.0,0.0,1.2764705882352942,13.0,1.2246467991473532e-16,-1.0,78.0,0.2692307692307692,medium,10.223521320495186,7.858411454975636,25.560439560439562,7.174655102463964,0.31008066999141487,1.1671493587091435,1.1671493587091435,5.439560439560438,34.0,0,85.88699649820246,0.32143525028747744,0.32596381449610234,27.99605299416746,0.135327710915852,32.221870128988186,0.0,27.99605299416746,,32.956441668518735,27.99605299416746,6.99605299416746,6.99605299416746,15.0
2026-04-10,lunch,4,6,31.0,4.0,2026-04-11 04:00:00+03:00,5,4,1,25.0,28.0,18.0,26.428571428571427,5.159365040297899,35.0,0.0,0.0,0.0,0.9114583333333334,7.0,1.2246467991473532e-16,-1.0,89.0,0.34831460674157305,medium,10.223521320495186,7.858411454975636,25.560439560439562,7.174655102463964,0.31008066999141487,0.9412494828299545,1.3177492759619363,-0.560439560439562,34.0,0,80.46043545685482,0.3042414107808825,0.2984800432361654,24.015834253962723,0.07773293717889325,29.932971425874943,0.0,24.015834253962723,,25.85777866925173,24.015834253962723,-6.984165746037277,6.984165746037277,15.0
2026-04-05,lunch,4,142,17.0,4.0,2026-04-06 04:00:00+03:00,0,4,0,8.0,5.0,8.0,11.0,4.163331998932278,16.0,0.0,0.0,0.0,0.6666666666666666,0.0,1.2246467991473532e-16,-1.0,33.0,0.5151515151515151,medium,4.23006416131989,3.624165403205612,9.288461538461538,4.106271337026147,0.360800260700566,0.7775700934579439,1.5551401869158878,-1.2884615384615383,14.0,1,27.03230411529731,0.3765977511784375,0.37084373035864415,10.024760498306183,0.21237026990563226,14.36414347019599,0.0,10.024760498306183,,12.149915162585524,10.024760498306183,-6.975239501693817,6.975239501693817,15.0
2026-02-13,dinner,6,139,8.0,3.0,2026-02-14 06:00:00+03:00,5,2,1,1.0,1.0,1.0,0.7142857142857143,0.7559289460184544,2.0,0.0,0.0,0.0,0.5833333333333333,0.0,-1.0,-1.8369701987210297e-16,16.0,0.5,low,0.28473177441540576,0.657489566091835,0.37637362637362637,0.6750916949999366,0.20111064530707387,0.7265469061876247,1.4530938123752495,0.6236263736263736,1.0,1,3.25205758630968,0.24741240062803516,0.3156610530945212,1.0265479224185403,0.514342646576299,1.7152557331973295,0.0,1.0265479224185403,,0.4070096162216639,1.0265479224185403,-6.9734520775814595,6.9734520775814595,1.0
2026-02-23,afternoon,5,25,15.0,3.0,2026-02-24 05:00:00+03:00,1,2,0,5.0,5.0,15.0,9.142857142857142,4.7759317216145165,15.0,0.0,0.0,0.0,0.49295774647887325,-10.0,-0.7071067811865475,-0.7071067811865477,55.0,0.2727272727272727,medium,7.156736938588451,5.584595796433097,8.282967032967033,3.485449643380467,0.19242555287295085,0.538620893755549,1.615862681266647,-3.282967032967033,13.0,1,41.63878885291199,0.19429302863852813,0.1929743373582444,8.035217687290546,0.19093181401654594,13.2897758914978,0.0,8.035217687290546,,20.410409721290108,8.035217687290546,-6.964782312709454,6.964782312709454,15.0
2026-04-07,lunch,4,8,46.0,4.0,2026-04-08 04:00:00+03:00,2,4,0,34.0,24.0,29.0,28.285714285714285,6.524678426668145,37.0,0.0,0.0,0.0,1.1609756097560977,5.0,1.2246467991473532e-16,-1.0,104.0,0.4423076923076923,high,14.99803536345776,11.147682695162223,34.80494505494506,8.197821234921355,0.33131290749065806,0.9495895035678661,1.0333768127062073,-0.8049450549450583,44.0,1,108.46742261649005,0.3317800456693746,0.3345283249649136,36.2854252011558,0.07438020343564239,40.913834327808374,1.0,39.5253115898126,34.63900008222065,37.76824331792653,39.04938211697419,-6.9506178830258065,6.9506178830258065,31.0
2026-02-08,lunch,4,6,33.0,4.0,2026-02-09 04:00:00+03:00,0,2,0,15.0,25.0,27.0,24.142857142857142,6.121780008803909,31.0,0.0,0.0,0.0,0.5965909090909091,-12.0,1.2246467991473532e-16,-1.0,109.0,0.30275229357798167,medium,10.223521320495186,7.858411454975636,25.560439560439562,7.174655102463964,0.31008066999141487,0.5647496896979727,1.1671493587091435,-10.560439560439562,34.0,0,82.98990832865319,0.32171473366031006,0.31393336222361784,26.05330095224392,0.18739192409083946,32.15151300455692,0.0,26.05330095224392,,32.757962272596345,26.05330095224392,-6.946699047756081,6.946699047756081,15.0
2026-02-03,lunch,4,10,24.0,4.0,2026-02-04 04:00:00+03:00,2,2,0,34.0,22.0,22.0,19.857142857142858,8.029706749078107,34.0,0.0,0.0,0.0,1.6301369863013697,12.0,1.2246467991473532e-16,-1.0,52.0,0.46153846153846156,medium,6.580926180651078,5.576694893105304,15.826446280991735,5.457537267559647,0.3959618663932895,2.020628683693517,2.020628683693517,18.173553719008265,23.0,1,41.28840814289973,0.43248186522838267,0.41346870366512717,17.071464591241433,0.39361912177583236,26.637808384360433,0.0,17.071464591241433,,21.374647482431158,17.071464591241433,-6.928535408758567,6.928535408758567,15.0
2026-03-01,afternoon,5,115,17.0,3.0,2026-03-02 05:00:00+03:00,0,3,0,8.0,12.0,11.0,10.857142857142858,1.7728105208558635,13.0,0.0,0.0,0.0,0.6746987951807228,-3.0,-0.7071067811865475,-0.7071067811865477,62.0,0.27419354838709675,medium,8.859724950884086,7.0585746120055335,10.81868131868132,3.431354761820502,0.17551070249498216,0.6768944676894467,1.099953509995351,-2.8186813186813193,15.0,1,56.96726808288621,0.17627672901476907,0.17689169382684464,10.077036543869685,0.18527758336659347,15.601788523890821,0.0,10.077036543869685,,27.855613796017483,10.077036543869685,-6.922963456130315,6.922963456130315,15.0
2026-04-10,lunch,4,123,29.0,4.0,2026-04-11 04:00:00+03:00,5,4,1,32.0,43.0,21.0,27.571428571428573,8.059303999253352,43.0,0.0,0.0,0.0,1.1199999999999999,11.0,1.2246467991473532e-16,-1.0,41.0,0.7073170731707317,medium,9.529330889092575,10.038386270221814,26.01923076923077,8.949331720839782,0.4426367956090107,1.184341637010676,1.5914590747330961,5.98076923076923,36.0,0,46.019305946872855,0.46666214389994,0.47991254072224576,22.085242039238107,0.050553107254440344,33.097243974973026,0.0,22.085242039238107,,27.70562841883567,22.085242039238107,-6.914757960761893,6.914757960761893,15.0
2026-02-18,lunch,4,30,35.0,4.0,2026-02-19 04:00:00+03:00,3,2,0,31.0,18.0,24.0,30.714285714285715,8.035634920243002,40.0,0.0,0.0,0.0,0.9774774774774775,7.0,1.2246467991473532e-16,-1.0,77.0,0.45454545454545453,high,13.703483043079743,8.347813742646773,27.502747252747252,6.67320559196118,0.33448548715889054,1.0876144578313254,1.4033734939759037,3.497252747252748,35.69999999999999,0,82.17464636731914,0.3410694734746621,0.3397767773924961,27.921036526055687,0.12862330654564696,36.38932711060971,0.0,27.921036526055687,30.618571811243186,28.590447702929506,28.088389320274143,-6.911610679725857,6.911610679725857,31.0
2026-03-14,lunch,4,6,18.0,4.0,2026-03-15 04:00:00+03:00,6,3,1,25.0,31.0,22.0,25.428571428571427,3.5050983275387453,31.0,0.0,0.0,0.0,0.945945945945946,3.0,1.2246467991473532e-16,-1.0,71.0,0.2535211267605634,medium,10.223521320495186,7.858411454975636,25.560439560439562,7.174655102463964,0.31008066999141487,0.9412494828299545,1.1671493587091435,-0.560439560439562,34.0,0,84.30728030495247,0.30840680274951415,0.29542532634923535,24.906505797707045,0.11936783791902385,31.13526920428469,0.0,24.906505797707045,,26.356721218287074,24.906505797707045,6.9065057977070445,6.9065057977070445,15.0
2026-02-24,afternoon,5,2,19.0,3.0,2026-02-25 05:00:00+03:00,2,2,0,16.0,8.0,15.0,10.857142857142858,3.976119189552026,16.0,0.0,0.0,0.0,1.3493975903614457,1.0,-0.7071067811865475,-0.7071067811865477,81.0,0.2345679012345679,medium,7.919532324621733,6.1652836583747,10.104395604395604,3.761495865855915,0.15959778045043044,1.4408708560118753,1.4408708560118753,5.895604395604396,15.0,1,74.7107396115501,0.1685272785158439,0.16199317236166536,12.102629719161333,0.25268531989062903,16.122638533415802,0.0,12.102629719161333,,25.000538143611344,12.102629719161333,-6.8973702808386665,6.8973702808386665,15.0
2026-02-19,late_evening,7,9,15.0,3.0,2026-02-20 07:00:00+03:00,4,2,0,11.0,7.0,6.0,7.428571428571429,2.9920529661723787,11.0,0.0,0.0,0.0,1.3050847457627117,5.0,-0.7071067811865477,0.7071067811865474,48.0,0.3125,medium,8.026593305823017,5.120585258455439,7.818681318681318,4.356064442801886,0.16039924640483944,1.2473520249221186,1.2473520249221186,3.1813186813186816,14.0,1,50.42401484738632,0.16218166109567425,0.16095990876338953,8.1162448293191,0.20534730595414508,13.193574625650509,0.0,8.1162448293191,,13.613920213817599,8.1162448293191,-6.8837551706808995,6.8837551706808995,15.0
2026-03-22,lunch,4,4,35.0,4.0,2026-03-23 04:00:00+03:00,0,3,0,13.0,22.0,29.0,22.428571428571427,6.924765768773791,33.0,0.0,0.0,0.0,0.5548780487804879,-16.0,1.2246467991473532e-16,-1.0,75.0,0.4666666666666667,high,12.723424723424724,8.703156453277504,27.208791208791208,6.88395184651641,0.37716923282176296,0.46084924035839503,1.1698480716790027,-14.208791208791208,36.0,0,74.32653985075024,0.3655047264778738,0.3694825840196069,27.46236200529148,0.14642101619523384,32.885072436687196,0.0,27.46236200529148,27.865710536933424,30.094338213163145,28.120356057259396,-6.8796439427406035,6.8796439427406035,31.0
2026-03-07,dinner,6,434,17.0,3.0,2026-03-08 06:00:00+03:00,6,3,1,10.0,13.0,6.0,12.285714285714286,3.5456210417116667,17.0,0.0,0.0,0.0,0.7526881720430108,4.0,-1.0,-1.8369701987210297e-16,78.0,0.21794871794871795,medium,7.621359223300971,6.761882045397149,9.711538461538462,4.59042711696186,0.19428502784213808,0.933572710951526,1.5870736086175943,0.2884615384615383,14.899999999999999,1,51.35890295579792,0.19144809734881668,0.1978300170486259,10.160332647344227,0.2120495173816203,14.81330679646794,0.0,10.160332647344227,,25.16357360898109,10.160332647344227,-6.839667352655773,6.839667352655773,15.0
2026-01-25,lunch,4,10,23.0,4.0,2026-01-26 04:00:00+03:00,0,1,0,19.0,16.0,20.0,18.857142857142858,4.059087394500205,25.0,0.0,0.0,0.0,0.9568345323741007,-1.0,1.2246467991473532e-16,-1.0,44.0,0.5227272727272727,medium,6.580926180651078,5.576694893105304,15.826446280991735,5.457537267559647,0.3959618663932895,1.1291748526522594,1.4857563850687623,3.1735537190082646,23.0,1,37.665714630150994,0.4120859660794116,0.4291416060915923,16.163925270970584,0.20506969697635677,23.703287700108554,0.0,16.163925270970584,,18.860774061085877,16.163925270970584,-6.836074729029416,6.836074729029416,15.0
2026-03-15,lunch,4,29,33.0,4.0,2026-03-16 04:00:00+03:00,0,3,0,25.0,25.0,33.0,29.714285714285715,4.029651999626655,35.0,0.0,0.0,0.0,0.813953488372093,-8.0,1.2246467991473532e-16,-1.0,105.0,0.3142857142857143,high,16.77201257861635,11.447047939359384,39.06611570247934,7.990742783350609,0.33541085213730065,0.6239686468646864,0.8735561056105611,-14.066115702479337,49.0,0,112.02438686002847,0.33708202300724216,0.3443617259946342,38.57691121261003,0.09819616326538769,41.1508118492081,0.0,38.57691121261003,38.04057376979788,43.54730555945131,39.81950979932035,6.81950979932035,6.81950979932035,31.0
2026-02-08,lunch,4,142,16.0,4.0,2026-02-09 04:00:00+03:00,0,2,0,5.0,9.0,14.0,12.285714285714286,4.231401884099646,17.0,0.0,0.0,0.0,0.3763440860215054,-9.0,1.2246467991473532e-16,-1.0,37.0,0.43243243243243246,medium,4.23006416131989,3.624165403205612,9.288461538461538,4.106271337026147,0.360800260700566,0.48598130841121495,1.652336448598131,-4.288461538461538,14.0,1,24.945444123565874,0.37588974060669766,0.36802578229961264,9.180566588386606,0.2541225039483321,14.871488784320757,0.0,9.180566588386606,,12.548033357328602,9.180566588386606,-6.819433411613394,6.819433411613394,15.0
2026-03-04,lunch,4,37,18.0,4.0,2026-03-05 04:00:00+03:00,3,3,0,9.0,15.0,13.0,9.571428571428571,3.8234863173611022,15.0,0.0,0.0,0.0,0.8513513513513514,-4.0,1.2246467991473532e-16,-1.0,38.0,0.47368421052631576,medium,4.2158570119156735,4.037725090920908,10.324175824175825,3.792027032582001,0.4077077915187296,0.7947598253275109,1.3245997088791848,-1.3241758241758248,15.0,1,26.805699598801574,0.41409209536387975,0.4173388909714429,11.187060942277501,0.20665254236089214,15.748235641116878,0.0,11.187060942277501,,12.54551133926978,11.187060942277501,-6.812939057722499,6.812939057722499,15.0
2026-02-26,lunch,4,6,21.0,4.0,2026-02-27 04:00:00+03:00,4,2,0,32.0,13.0,31.0,24.285714285714285,8.360906763309986,34.0,0.0,0.0,0.0,1.265536723163842,1.0,1.2246467991473532e-16,-1.0,84.0,0.25,medium,10.223521320495186,7.858411454975636,25.560439560439562,7.174655102463964,0.31008066999141487,1.2047993380223416,1.2800992966487381,6.439560439560438,34.0,0,88.73613149569235,0.3232311974292996,0.3132137878962343,27.793379869024136,0.3421201729614313,34.288159152255446,0.0,27.793379869024136,,31.69555978464149,27.793379869024136,6.793379869024136,6.793379869024136,15.0
2026-02-15,lunch,4,10,25.0,4.0,2026-02-16 04:00:00+03:00,0,2,0,13.0,13.0,19.0,20.142857142857142,5.610364558225298,28.0,0.0,0.0,0.0,0.6148648648648649,-6.0,1.2246467991473532e-16,-1.0,55.0,0.45454545454545453,medium,6.580926180651078,5.576694893105304,15.826446280991735,5.457537267559647,0.3959618663932895,0.7725933202357564,1.6640471512770139,-2.8264462809917354,23.0,1,46.84953858433562,0.39828399724699415,0.38935756733570565,18.241222373997196,0.31075263404571357,23.973549944817336,0.0,18.241222373997196,,21.566561660314516,18.241222373997196,-6.758777626002804,6.758777626002804,15.0
2026-04-08,lunch,4,126,33.0,4.0,2026-04-09 04:00:00+03:00,3,4,0,27.0,28.0,26.0,24.142857142857142,6.309478885734049,33.0,0.0,0.0,0.0,1.0738636363636365,1.0,1.2246467991473532e-16,-1.0,72.0,0.4583333333333333,medium,8.943396226415095,8.296270027256874,23.39669421487603,7.377896665537009,0.36997738876250647,1.1067073170731707,1.3526422764227644,3.6033057851239683,33.0,1,70.30517606280206,0.3807866174388531,0.37356885011485774,26.26382377890359,0.237366892397662,33.65102698235279,0.0,26.26382377890359,,30.617789094936843,26.26382377890359,-6.736176221096411,6.736176221096411,15.0
2026-03-21,dinner,6,434,17.0,3.0,2026-03-22 06:00:00+03:00,6,3,1,11.0,14.0,14.0,11.714285714285714,2.1380899352993894,14.0,0.0,0.0,0.0,0.8651685393258427,-3.0,-1.0,-1.8369701987210297e-16,63.0,0.2698412698412698,medium,7.621359223300971,6.761882045397149,9.711538461538462,4.59042711696186,0.19428502784213808,1.0269299820466786,1.3070017953321365,1.2884615384615383,14.899999999999999,1,51.54978357851789,0.1913197341351376,0.19946142931631033,10.28219351351764,0.35694319067302255,17.00776823820089,0.0,10.28219351351764,,25.18294970189728,10.28219351351764,-6.71780648648236,6.71780648648236,15.0
2026-03-30,lunch,4,6,22.0,4.0,2026-03-31 04:00:00+03:00,1,3,0,28.0,19.0,31.0,24.714285714285715,4.111540089159124,31.0,0.0,0.0,0.0,1.0888888888888888,-3.0,1.2246467991473532e-16,-1.0,76.0,0.2894736842105263,medium,10.223521320495186,7.858411454975636,25.560439560439562,7.174655102463964,0.31008066999141487,1.0541994207695489,1.1671493587091435,2.439560439560438,34.0,0,87.58566978956559,0.325176572355432,0.3275171747796384,28.685811120660844,0.2249365206462739,33.88768798850444,0.0,28.685811120660844,,32.92894165371224,28.685811120660844,6.685811120660844,6.685811120660844,15.0
2026-02-19,afternoon,5,101,16.0,3.0,2026-02-20 05:00:00+03:00,4,2,0,8.0,9.0,12.0,9.428571428571429,1.9023794624226815,12.0,0.0,0.0,0.0,0.7671232876712328,-4.0,-0.7071067811865475,-0.7071067811865477,54.0,0.2962962962962963,medium,7.729605866177819,5.750763658040518,8.983516483516484,2.9052536713761077,0.19600364087772512,0.8013208585580628,1.2019812878370941,-0.9835164835164836,13.0,1,47.103590283482035,0.1984143575335574,0.1978297146348965,9.318489824060334,0.2112418903172441,12.986907840379974,0.0,9.318489824060334,,20.176555748912076,9.318489824060334,-6.681510175939666,6.681510175939666,15.0
2026-04-03,lunch,4,30,31.0,4.0,2026-04-04 04:00:00+03:00,5,4,1,22.0,20.0,22.0,22.571428571428573,2.5727509827124315,27.0,0.0,0.0,0.0,0.9333333333333332,0.0,1.2246467991473532e-16,-1.0,80.0,0.3875,high,13.703483043079743,8.347813742646773,27.502747252747252,6.67320559196118,0.33448548715889054,0.771855421686747,0.9472771084337349,-5.502747252747252,35.69999999999999,0,67.18629692830457,0.3324621405657278,0.3320340805186757,22.308140324044334,0.08842323256300949,31.56703158614421,0.0,22.308140324044334,28.84972836240563,30.3615046989117,24.321481417761177,-6.678518582238823,6.678518582238823,31.0
2026-03-23,dinner,6,434,16.0,3.0,2026-03-24 06:00:00+03:00,1,3,0,6.0,17.0,12.0,11.714285714285714,3.54562104171167,17.0,0.0,0.0,0.0,0.4719101123595506,-6.0,-1.0,-1.8369701987210297e-16,47.0,0.3404255319148936,medium,7.621359223300971,6.761882045397149,9.711538461538462,4.59042711696186,0.19428502784213808,0.5601436265709157,1.5870736086175943,-3.7115384615384617,14.899999999999999,1,44.69634833855994,0.20064471092110744,0.20885810367922325,9.33519455537763,0.19224206800301483,15.40310478911223,0.0,9.33519455537763,,23.566698493775252,9.33519455537763,-6.66480544462237,6.66480544462237,15.0
2026-02-04,lunch,4,8,35.0,4.0,2026-02-05 04:00:00+03:00,3,2,0,39.0,42.0,34.0,36.142857142857146,5.273473599964665,43.0,0.0,0.0,0.0,1.0499999999999998,5.0,1.2246467991473532e-16,-1.0,111.0,0.3153153153153153,high,14.99803536345776,11.147682695162223,34.80494505494506,8.197821234921355,0.33131290749065806,1.0892350187984345,1.2009514309828895,4.195054945054942,44.0,0,101.82361063806472,0.34063865044776,0.34249620036373246,34.87419975085329,0.1600359649022963,45.02695881881466,1.0,41.981131098426246,38.70167508848738,39.69449840095437,41.65767711064893,6.657677110648933,6.657677110648933,31.0
2026-02-08,lunch,4,7,33.0,4.0,2026-02-09 04:00:00+03:00,0,2,0,22.0,24.0,26.0,26.142857142857142,3.848314411469487,32.0,0.0,0.0,0.0,0.8105263157894737,-4.0,1.2246467991473532e-16,-1.0,112.0,0.29464285714285715,high,12.872377020983832,6.9762070291099025,25.81267217630854,6.227115387092842,0.2507803114805857,0.8205075516284804,1.193465529641426,-3.8126721763085385,33.0,1,100.16884183483347,0.2538071871296712,0.25492914309825443,25.535957014098678,0.13040442634384106,33.41702961130402,0.0,25.535957014098678,29.75250997459688,28.787439971446393,26.348827753435607,-6.651172246564393,6.651172246564393,31.0
2026-02-19,afternoon,5,115,17.0,3.0,2026-02-20 05:00:00+03:00,4,2,0,8.0,13.0,18.0,12.571428571428571,3.4086724129854074,18.0,0.0,0.0,0.0,0.5894736842105264,-10.0,-0.7071067811865475,-0.7071067811865477,66.0,0.25757575757575757,medium,8.859724950884086,7.0585746120055335,10.81868131868132,3.431354761820502,0.17551070249498216,0.6768944676894467,1.5230125523012552,-2.8186813186813193,15.0,1,57.93392546272168,0.18163449453193042,0.17942549106620154,10.394823025541555,0.24257341628198179,16.56706026584183,0.0,10.394823025541555,,26.80285856154967,10.394823025541555,-6.605176974458445,6.605176974458445,15.0
2026-01-25,lunch,4,29,35.0,4.0,2026-01-26 04:00:00+03:00,0,1,0,44.0,36.0,39.0,34.57142857142857,5.76937728751679,44.0,0.0,0.0,0.0,1.2369477911646587,5.0,1.2246467991473532e-16,-1.0,100.0,0.35,high,16.77201257861635,11.447047939359384,39.06611570247934,7.990742783350609,0.33541085213730065,1.0981848184818483,1.0981848184818483,4.933884297520663,49.0,0,102.92336924843727,0.3568073011584914,0.3516228189578071,36.19020523177079,0.05724380065895877,44.918574109879295,1.0,42.30006344644674,38.07613407625765,36.526190469140644,41.60497968518443,6.604979685184432,6.604979685184432,31.0
2026-03-10,morning,3,2,17.0,2.0,2026-03-11 03:00:00+03:00,2,3,0,9.0,7.0,10.0,11.0,2.449489742783176,14.0,0.0,0.0,0.0,0.75,-1.0,0.7071067811865476,-0.7071067811865475,67.0,0.2537313432835821,medium,7.919532324621733,6.1652836583747,8.986225895316805,3.3269912118032376,0.14149121221966263,0.9012413793103448,1.4019310344827585,0.013774104683195176,13.0,1,73.82823338081302,0.14154607065162145,0.14080285340005116,10.395225921503378,0.21316922411595424,13.488754316748558,0.0,10.395225921503378,,25.021103796702274,10.395225921503378,-6.604774078496622,6.604774078496622,15.0
2026-03-01,lunch,4,434,15.0,4.0,2026-03-02 04:00:00+03:00,0,3,0,21.0,14.0,16.0,18.0,3.8297084310253573,25.0,0.0,0.0,0.0,1.105263157894737,5.0,1.2246467991473532e-16,-1.0,52.0,0.28846153846153844,medium,7.621359223300971,6.761882045397149,16.980392156862745,6.830783838121162,0.3594009148733045,1.16793893129771,1.390403489640131,4.019607843137255,24.0,0,59.529382964096705,0.35872597333683076,0.3627183159584246,21.592397538781285,0.20063476681228026,25.471778553695504,0.0,21.592397538781285,,24.11928921176614,21.592397538781285,6.5923975387812845,6.5923975387812845,15.0
2026-03-27,lunch,4,123,15.0,4.0,2026-03-28 04:00:00+03:00,5,3,1,23.0,30.0,20.0,26.571428571428573,6.604471789556515,35.0,0.0,0.0,0.0,0.8341968911917098,3.0,1.2246467991473532e-16,-1.0,32.0,0.46875,medium,9.529330889092575,10.038386270221814,26.01923076923077,8.949331720839782,0.4426367956090107,0.8512455516014235,1.295373665480427,-3.01923076923077,36.0,0,46.03197281822673,0.4610297244221039,0.4688045260414539,21.57999719980187,0.025439311555286396,30.85315087430196,0.0,21.57999719980187,,26.686292871217553,21.57999719980187,6.57999719980187,6.57999719980187,15.0
2026-03-19,lunch,4,6,21.0,4.0,2026-03-20 04:00:00+03:00,4,3,0,29.0,18.0,31.0,23.857142857142858,5.756983337031465,31.0,0.0,0.0,0.0,1.1666666666666667,-2.0,1.2246467991473532e-16,-1.0,67.0,0.31343283582089554,medium,10.223521320495186,7.858411454975636,25.560439560439562,7.174655102463964,0.31008066999141487,1.0918494000827472,1.1671493587091435,3.439560439560438,34.0,0,87.88779263255157,0.32117373592168974,0.3137649256784218,27.57610672339309,0.2307725950501893,33.8604571449459,0.0,27.57610672339309,,32.60972167928037,27.57610672339309,6.576106723393089,6.576106723393089,15.0
2026-01-24,dinner,6,434,20.0,3.0,2026-01-25 06:00:00+03:00,6,1,1,16.0,16.0,12.0,12.142857142857142,3.387652649872835,16.0,0.0,0.0,0.0,1.2173913043478262,4.0,-1.0,-1.8369701987210297e-16,78.0,0.2564102564102564,medium,7.621359223300971,6.761882045397149,9.711538461538462,4.59042711696186,0.19428502784213808,1.4937163375224416,1.4937163375224416,6.288461538461538,14.899999999999999,1,66.42561526408407,0.20237441479290363,0.2021952256534201,13.430942267488746,0.20472486147673274,15.621452700360068,0.0,13.430942267488746,,24.027003046665357,13.430942267488746,-6.569057732511254,6.569057732511254,15.0
2026-03-13,lunch,4,8,33.0,4.0,2026-03-14 04:00:00+03:00,5,3,1,35.0,34.0,34.0,33.857142857142854,3.338091841585162,39.0,0.0,0.0,0.0,1.0040983606557379,1.0,1.2246467991473532e-16,-1.0,111.0,0.2972972972972973,high,14.99803536345776,11.147682695162223,34.80494505494506,8.197821234921355,0.33131290749065806,0.9775186066139798,1.0892350187984345,0.1950549450549417,44.0,0,114.17323325735083,0.33580484640171143,0.3385536716502778,38.653767323459725,0.25018143877063603,44.250742275999656,0.0,38.653767323459725,38.23681279454537,42.14504521017553,39.52658679513868,6.526586795138677,6.526586795138677,31.0
2026-03-19,lunch,4,8,31.0,4.0,2026-03-20 04:00:00+03:00,4,3,0,30.0,28.0,35.0,33.142857142857146,4.879500364742692,43.0,0.0,0.0,0.0,0.8786610878661087,-5.0,1.2246467991473532e-16,-1.0,88.0,0.3522727272727273,high,14.99803536345776,11.147682695162223,34.80494505494506,8.197821234921355,0.33131290749065806,0.8378730913834113,1.2009514309828895,-4.804945054945058,44.0,0,109.73837703201683,0.3321570585325394,0.33332687921368503,36.578750746056905,0.2160118892905423,42.76392483766004,0.0,36.578750746056905,39.420337864419885,40.28755060904773,37.505950711804616,6.505950711804616,6.505950711804616,31.0
2026-03-03,lunch,4,2,29.0,4.0,2026-03-04 04:00:00+03:00,2,3,0,29.0,20.0,25.0,22.571428571428573,3.5989416433697685,29.0,0.0,0.0,0.0,1.2303030303030302,4.0,1.2246467991473532e-16,-1.0,67.0,0.43283582089552236,medium,7.919532324621733,6.1652836583747,19.313186813186814,5.6393678951648205,0.3040886563507092,1.4276440357046254,1.4276440357046254,9.686813186813186,26.0,1,74.92838983445743,0.3048235121726456,0.30023524305213656,22.496143333453567,0.2825665560218006,28.48227365161837,0.0,22.496143333453567,,25.424183463921764,22.496143333453567,-6.503856666546433,6.503856666546433,15.0
2026-02-11,afternoon,5,126,20.0,3.0,2026-02-12 05:00:00+03:00,3,2,0,10.0,19.0,13.0,12.0,5.9441848333756715,19.0,0.0,0.0,0.0,0.7692307692307693,-3.0,-0.7071067811865475,-0.7071067811865477,69.0,0.2898550724637681,medium,8.943396226415095,8.296270027256874,12.090659340659341,4.388191091061965,0.19280413992264367,0.763903462749213,1.4514165792235048,-2.0906593406593412,18.0,1,68.8463511673716,0.19882020530537123,0.1960516292796181,13.497439316319939,0.18460349614185742,17.443806094064556,0.0,13.497439316319939,,31.409666782692828,13.497439316319939,-6.502560683680061,6.502560683680061,15.0
2026-01-27,lunch,4,115,17.0,4.0,2026-01-28 04:00:00+03:00,2,1,0,24.0,22.0,20.0,22.571428571428573,1.3972762620114645,24.0,0.0,0.0,0.0,1.018181818181818,4.0,1.2246467991473532e-16,-1.0,49.0,0.3469387755102041,medium,8.859724950884086,7.0585746120055335,21.186813186813186,5.342613320180643,0.3419472329595375,1.0817236255572065,1.0817236255572065,2.813186813186814,28.0,0,65.87473859266932,0.36896313700972105,0.3564108060041916,23.4784686771287,0.07588448520312022,27.57590005835273,0.0,23.4784686771287,,23.04764613343983,23.4784686771287,6.478468677128699,6.478468677128699,15.0
2026-03-07,lunch,4,101,23.0,4.0,2026-03-08 04:00:00+03:00,6,3,1,17.0,17.0,28.0,13.0,8.185352771872433,28.0,0.0,0.0,0.0,1.2142857142857142,-11.0,1.2246467991473532e-16,-1.0,63.0,0.36507936507936506,medium,7.729605866177819,5.750763658040518,16.97252747252747,4.423118975685863,0.3662322135926719,0.9458881076123511,1.5579333537144606,0.02747252747252915,23.0,1,46.233734391614156,0.35721930724791906,0.3578181249784522,16.543268150759157,0.22521308297209047,22.837263162536967,0.0,16.543268150759157,,22.41091099475304,16.543268150759157,-6.4567318492408425,6.4567318492408425,15.0
2026-02-11,lunch,4,29,46.0,4.0,2026-02-12 04:00:00+03:00,3,2,0,28.0,25.0,38.0,33.0,5.228129047119387,40.0,0.0,0.0,0.0,0.8235294117647058,-10.0,1.2246467991473532e-16,-1.0,117.0,0.39316239316239315,high,16.77201257861635,11.447047939359384,39.06611570247934,7.990742783350609,0.33541085213730065,0.6988448844884488,0.9983498349834984,-11.066115702479337,49.0,0,111.58276364993816,0.33498130134846,0.3451139584706178,38.50876926032152,0.10323913237654087,42.32018074105943,0.0,38.50876926032152,38.580657983827855,42.648241534598654,39.54363732889081,-6.45636267110919,6.45636267110919,31.0
2026-01-24,lunch,4,6,30.0,4.0,2026-01-25 04:00:00+03:00,6,1,1,35.0,20.0,12.0,25.142857142857142,7.559289460184589,35.0,0.0,0.0,0.0,1.3387978142076502,23.0,1.2246467991473532e-16,-1.0,75.0,0.4,medium,10.223521320495186,7.858411454975636,25.560439560439562,7.174655102463964,0.31008066999141487,1.3177492759619363,1.3177492759619363,9.439560439560438,34.0,0,74.16290927286596,0.3241954937286352,0.31757931875972795,23.552606204116284,0.05659318430521434,31.38828679686587,0.0,23.552606204116284,,25.171348327150014,23.552606204116284,-6.447393795883716,6.447393795883716,15.0
2026-02-08,afternoon,5,6,21.0,3.0,2026-02-09 05:00:00+03:00,0,2,0,9.0,12.0,20.0,13.428571428571429,3.690399384761422,20.0,0.0,0.0,0.0,0.6237623762376238,-11.0,-0.7071067811865475,-0.7071067811865477,109.0,0.1926605504587156,medium,10.223521320495186,7.858411454975636,14.112637362637363,4.041241206698928,0.17560393845596073,0.5955280858025813,1.3233957462279584,-5.112637362637363,19.0,1,82.98990832865319,0.17970940350946085,0.17536274022965584,14.553337735920561,0.20939226169104627,18.57180573641822,0.0,14.553337735920561,,32.757962272596345,14.553337735920561,-6.446662264079439,6.446662264079439,15.0
2026-04-05,dinner,6,2,15.0,3.0,2026-04-06 06:00:00+03:00,0,4,0,10.0,6.0,11.0,10.0,1.999999999999989,12.0,0.0,0.0,0.0,0.9090909090909091,-1.0,-1.0,-1.8369701987210297e-16,65.0,0.23076923076923078,medium,7.919532324621733,6.1652836583747,8.604395604395604,3.172294390471247,0.13768836988463973,1.0411899313501145,1.2494279176201373,1.395604395604396,13.0,1,60.12131098533599,0.13884411104032557,0.14243664576291698,8.563477875620471,0.19944358109996171,13.32092855497649,0.0,8.563477875620471,,24.326422732580742,8.563477875620471,-6.436522124379529,6.436522124379529,15.0
2026-01-27,lunch,4,6,22.0,4.0,2026-01-28 04:00:00+03:00,2,1,0,35.0,24.0,27.0,27.714285714285715,5.879747322073378,35.0,0.0,0.0,0.0,1.2189054726368158,8.0,1.2246467991473532e-16,-1.0,67.0,0.3283582089552239,medium,10.223521320495186,7.858411454975636,25.560439560439562,7.174655102463964,0.31008066999141487,1.3177492759619363,1.3177492759619363,9.439560439560438,34.0,0,87.00848988407957,0.3361431651180402,0.3267533818614492,28.43031832028069,0.1397936237701987,35.053672778357566,0.0,28.43031832028069,,26.80609032410436,28.43031832028069,6.430318320280691,6.430318320280691,15.0
2026-02-23,afternoon,5,2,16.0,3.0,2026-02-24 05:00:00+03:00,1,2,0,8.0,7.0,16.0,10.857142857142858,3.976119189552026,16.0,0.0,0.0,0.0,0.6746987951807228,-8.0,-0.7071067811865475,-0.7071067811865477,84.0,0.19047619047619047,medium,7.919532324621733,6.1652836583747,10.104395604395604,3.761495865855915,0.15959778045043044,0.7204354280059376,1.4408708560118753,-2.104395604395604,15.0,1,57.647388480619014,0.167438416926888,0.16605186920618875,9.572456612062101,0.19101149671450432,15.589711519095074,0.0,9.572456612062101,,23.53593008524365,9.572456612062101,-6.427543387937899,6.427543387937899,15.0
2026-02-17,morning,3,6,19.0,2.0,2026-02-18 03:00:00+03:00,2,2,0,15.0,13.0,16.0,14.142857142857142,2.4784787961282166,16.0,0.0,0.0,0.0,0.9905660377358491,-1.0,0.7071067811865476,-0.7071067811865475,88.0,0.2159090909090909,medium,10.223521320495186,7.858411454975636,11.15702479338843,3.8672907939562746,0.1360488109560432,1.2338545207341944,1.3161114887831407,3.8429752066115697,16.0,1,95.33219589365119,0.13983197902633976,0.13189632476193935,12.573966269857838,0.30606055626052914,18.172951774386252,0.0,12.573966269857838,,32.41487900735486,12.573966269857838,-6.426033730142162,6.426033730142162,15.0
2026-03-10,lunch,4,115,17.0,4.0,2026-03-11 04:00:00+03:00,2,3,0,20.0,15.0,28.0,23.142857142857142,6.618876325292953,32.0,0.0,0.0,0.0,0.8284023668639053,-8.0,1.2246467991473532e-16,-1.0,58.0,0.29310344827586204,medium,8.859724950884086,7.0585746120055335,21.186813186813186,5.342613320180643,0.3419472329595375,0.9014363546310055,1.4422981674096087,-1.1868131868131861,28.0,0,66.09150085371003,0.35269725439532806,0.3539782155258104,23.39495153361885,0.1955593855808409,28.841228416993413,0.0,23.39495153361885,,26.836930337270005,23.39495153361885,6.394951533618851,6.394951533618851,15.0
2026-03-07,lunch,4,8,32.0,4.0,2026-03-08 04:00:00+03:00,6,3,1,34.0,23.0,36.0,33.285714285714285,6.1295537008357135,40.0,0.0,0.0,0.0,0.9916666666666667,-2.0,1.2246467991473532e-16,-1.0,109.0,0.29357798165137616,high,14.99803536345776,11.147682695162223,34.80494505494506,8.197821234921355,0.33131290749065806,0.9495895035678661,1.1171641218445483,-0.8049450549450583,44.0,0,110.95456723277728,0.33481934505194044,0.3340133325135385,37.0603047590174,0.16021005768554622,43.65551319383103,0.0,37.0603047590174,37.24994036735586,42.36273747276054,38.385912937453185,6.385912937453185,6.385912937453185,31.0
2026-03-09,lunch,4,8,35.0,4.0,2026-03-10 04:00:00+03:00,1,3,0,39.0,32.0,30.0,32.57142857142857,5.826867164470213,40.0,0.0,0.0,0.0,1.1617021276595745,9.0,1.2246467991473532e-16,-1.0,94.0,0.3723404255319149,high,14.99803536345776,11.147682695162223,34.80494505494506,8.197821234921355,0.33131290749065806,1.0892350187984345,1.1171641218445483,4.195054945054942,44.0,0,108.75673369943529,0.3374793851998995,0.34125988738741153,37.11431069489199,0.1478255506431206,43.56636433649247,1.0,41.630748244012324,39.10489325398519,40.09696309521817,41.38340167660583,6.383401676605828,6.383401676605828,31.0
2026-02-19,morning,3,6,17.0,2.0,2026-02-20 03:00:00+03:00,4,2,0,6.0,19.0,16.0,13.285714285714286,4.4239607334862985,19.0,0.0,0.0,0.0,0.42,-10.0,0.7071067811865476,-0.7071067811865475,103.0,0.1650485436893204,medium,10.223521320495186,7.858411454975636,11.15702479338843,3.8672907939562746,0.1360488109560432,0.4935418082936777,1.5628823929299795,-5.15702479338843,16.0,1,82.51092530146506,0.13208115532674133,0.12887188243075404,10.633338264703134,0.20412465216221085,16.620861485498654,0.0,10.633338264703134,,32.756923578493485,10.633338264703134,-6.366661735296866,6.366661735296866,15.0
2026-03-27,lunch,4,2,15.0,4.0,2026-03-28 04:00:00+03:00,5,3,1,12.0,23.0,17.0,18.0,4.242640687119242,24.0,0.0,0.0,0.0,0.631578947368421,-5.0,1.2246467991473532e-16,-1.0,56.0,0.26785714285714285,medium,7.919532324621733,6.1652836583747,19.313186813186814,5.6393678951648205,0.3040886563507092,0.590749256153638,1.181498512307276,-7.313186813186814,26.0,0,73.85135577838768,0.3032646032034069,0.28898443597287365,21.34189239544939,0.1443571583420056,24.197130129087967,0.0,21.34189239544939,,22.349481022575034,21.34189239544939,6.341892395449388,6.341892395449388,15.0
2026-04-04,lunch,4,18,23.0,4.0,2026-04-05 04:00:00+03:00,6,4,1,14.0,7.0,20.0,11.857142857142858,4.140393356054164,20.0,0.0,0.0,0.0,1.0888888888888888,-6.0,1.2246467991473532e-16,-1.0,63.0,0.36507936507936506,medium,6.109124254928932,5.453053535091321,11.975206611570249,6.953431693708665,0.27885867315263196,1.0789808917197452,1.5414012738853502,2.0247933884297513,20.0,1,51.47885893092688,0.30834331117305047,0.3239566429178383,16.676918320504054,0.4206311433708569,20.70502967378717,0.0,16.676918320504054,,21.489685497208253,16.676918320504054,-6.323081679495946,6.323081679495946,15.0
2026-02-04,lunch,4,142,17.0,4.0,2026-02-05 04:00:00+03:00,3,2,0,11.0,14.0,10.0,10.714285714285714,4.386125310350279,16.0,0.0,0.0,0.0,0.9390243902439025,1.0,1.2246467991473532e-16,-1.0,35.0,0.4857142857142857,medium,4.23006416131989,3.624165403205612,9.288461538461538,4.106271337026147,0.360800260700566,1.0691588785046728,1.5551401869158878,1.7115384615384617,14.0,1,28.44433006191723,0.380426985042008,0.375738101632807,10.687618579681764,0.2674972473320826,15.491557058479177,0.0,10.687618579681764,,12.339638134457193,10.687618579681764,-6.312381420318236,6.312381420318236,15.0
2026-03-21,lunch,4,69,59.0,4.0,2026-03-22 04:00:00+03:00,6,3,1,61.0,55.0,51.0,48.57142857142857,8.100558475750146,61.0,0.0,0.0,0.0,1.2305475504322767,10.0,1.2246467991473532e-16,-1.0,166.0,0.35542168674698793,mega,25.709899175068745,15.187584008448223,49.92032967032967,11.401837554339034,0.32250586815508425,1.197949824656056,1.197949824656056,11.079670329670328,65.0,0,201.9116441033626,0.3243263036787389,0.3182897210508283,64.2664008785734,0.42136701716302166,66.20346203978781,1.0,65.62234369142348,60.62461079031844,66.32312944330363,65.30183265342006,6.301832653420064,6.301832653420064,49.0
2026-01-30,lunch,4,123,18.0,4.0,2026-01-31 04:00:00+03:00,5,1,1,35.0,28.0,24.0,27.857142857142858,6.309478885734059,36.0,0.0,0.0,0.0,1.2128712871287128,11.0,1.2246467991473532e-16,-1.0,41.0,0.43902439024390244,medium,9.529330889092575,10.038386270221814,26.01923076923077,8.949331720839782,0.4426367956090107,1.295373665480427,1.3323843416370107,8.98076923076923,36.0,0,50.630736044094824,0.4639361702800162,0.47972356304326835,24.288757094576404,0.0253090955299726,32.547977028785446,0.0,24.288757094576404,,24.835951679986806,24.288757094576404,6.288757094576404,6.288757094576404,15.0
2026-03-30,afternoon,5,115,17.0,3.0,2026-03-31 05:00:00+03:00,1,3,0,11.0,8.0,9.0,9.0,2.7080128015453284,14.0,0.0,0.0,0.0,1.1,2.0,-0.7071067811865475,-0.7071067811865477,56.0,0.30357142857142855,medium,8.859724950884086,7.0585746120055335,10.81868131868132,3.431354761820502,0.17551070249498216,0.9307298930729893,1.1845653184565317,0.18131868131868067,15.0,1,61.33183182264383,0.1749285813012626,0.17526811084644534,10.749514298306682,0.19382869690182394,15.819374417998779,0.0,10.749514298306682,,26.000406480026903,10.749514298306682,-6.250485701693318,6.250485701693318,15.0
2026-03-07,dinner,6,101,15.0,3.0,2026-03-08 06:00:00+03:00,6,3,1,6.0,10.0,11.0,9.0,3.651483716701104,14.0,0.0,0.0,0.0,0.6,-5.0,-1.0,-1.8369701987210297e-16,63.0,0.23809523809523808,medium,7.729605866177819,5.750763658040518,8.73076923076923,3.0934104783184213,0.1886565216438235,0.6166007905138341,1.4387351778656128,-2.73076923076923,13.0,1,46.233734391614156,0.18933691095012298,0.1896543022473482,8.768426636330808,0.2682646069947026,13.714522317656362,0.0,8.768426636330808,,22.41091099475304,8.768426636330808,-6.231573363669192,6.231573363669192,15.0
2026-03-15,lunch,4,2,25.0,4.0,2026-03-16 04:00:00+03:00,0,3,0,11.0,14.0,17.0,19.0,5.567764362829998,27.0,0.0,0.0,0.0,0.55,-6.0,1.2246467991473532e-16,-1.0,74.0,0.33783783783783783,medium,7.919532324621733,6.1652836583747,19.313186813186814,5.6393678951648205,0.3040886563507092,0.5415201514741682,1.3291858263456857,-8.313186813186814,26.0,0,62.886514651038176,0.29033152810288887,0.2986072802209237,18.77837110251978,0.17163578697004453,24.18115637702839,0.0,18.77837110251978,,23.926962601839257,18.77837110251978,-6.221628897480219,6.221628897480219,15.0
2026-01-29,lunch,4,7,32.0,4.0,2026-01-30 04:00:00+03:00,4,1,0,26.0,29.0,29.0,25.285714285714285,4.9569575922564155,30.0,0.0,0.0,0.0,0.9891304347826088,-3.0,1.2246467991473532e-16,-1.0,115.0,0.2782608695652174,high,12.872377020983832,6.9762070291099025,25.81267217630854,6.227115387092842,0.2507803114805857,0.9696907428336587,1.118873934038837,0.1873278236914615,33.0,0,104.32648926279983,0.2657074356237408,0.25293304876743095,26.38761699644261,0.09112609528438587,33.89368922234661,0.0,26.38761699644261,26.540417771666807,23.98304123667738,25.786473056501304,-6.213526943498696,6.213526943498696,31.0
2026-03-18,lunch,4,434,15.0,4.0,2026-03-19 04:00:00+03:00,3,3,0,17.0,18.0,16.0,16.0,2.0816659994661326,18.0,0.0,0.0,0.0,1.0,1.0,1.2246467991473532e-16,-1.0,46.0,0.32608695652173914,medium,7.621359223300971,6.761882045397149,16.980392156862745,6.830783838121162,0.3594009148733045,0.945474372955289,1.0010905125408942,0.019607843137254832,24.0,0,57.48305079699091,0.35714845963073316,0.36876512155259417,21.1977442143663,0.1921450368039468,24.558010641600127,0.0,21.1977442143663,,21.98318742516011,21.1977442143663,6.197744214366299,6.197744214366299,15.0
2026-02-22,lunch,4,18,21.0,4.0,2026-02-23 04:00:00+03:00,0,2,0,13.0,16.0,13.0,12.0,2.7688746209727513,16.0,0.0,0.0,0.0,1.0,0.0,1.2246467991473532e-16,-1.0,47.0,0.44680851063829785,medium,6.109124254928932,5.453053535091321,11.975206611570249,6.953431693708665,0.27885867315263196,1.0019108280254776,1.2331210191082802,1.0247933884297513,20.0,1,45.71750790711007,0.296346860887432,0.3242164060522084,14.822366107306648,0.18414826300004147,18.733123650407904,0.0,14.822366107306648,,13.926966407932941,14.822366107306648,-6.177633892693352,6.177633892693352,15.0
2026-02-15,lunch,4,4,37.0,4.0,2026-02-16 04:00:00+03:00,0,2,0,25.0,30.0,36.0,31.285714285714285,4.309458036856634,37.0,0.0,0.0,0.0,0.7743362831858407,-11.0,1.2246467991473532e-16,-1.0,80.0,0.4625,high,12.723424723424724,8.703156453277504,27.208791208791208,6.88395184651641,0.37716923282176296,0.8862485391507596,1.3116478379431242,-2.208791208791208,36.0,1,82.95860374733361,0.3711780329834423,0.3690657381847962,30.61717833078968,0.2932319296096467,38.03449507996238,0.0,30.61717833078968,32.78805405620087,31.45623960072495,30.8269436482735,-6.173056351726501,6.173056351726501,31.0
2026-03-26,lunch,4,115,17.0,4.0,2026-03-27 04:00:00+03:00,4,3,0,14.0,19.0,21.0,19.0,3.1622776601683658,24.0,0.0,0.0,0.0,0.7,-7.0,1.2246467991473532e-16,-1.0,51.0,0.3333333333333333,medium,8.859724950884086,7.0585746120055335,21.186813186813186,5.342613320180643,0.3419472329595375,0.6310054482417038,1.0817236255572065,-7.186813186813186,28.0,0,68.66755763986991,0.34313721806916664,0.3374646377049393,23.172872461021736,0.15007984121054593,25.339355489862427,0.0,23.172872461021736,,26.62220883618554,23.172872461021736,6.172872461021736,6.172872461021736,15.0
2026-03-02,lunch,4,2,29.0,4.0,2026-03-03 04:00:00+03:00,1,3,0,20.0,20.0,35.0,23.428571428571427,5.563486402641888,35.0,0.0,0.0,0.0,0.8187134502923977,-15.0,1.2246467991473532e-16,-1.0,75.0,0.38666666666666666,medium,7.919532324621733,6.1652836583747,19.313186813186814,5.6393678951648205,0.3040886563507092,0.9845820935893967,1.7230186637814444,0.6868131868131861,26.0,1,74.18628722140885,0.313166313244822,0.30796087931277166,22.846474245654903,0.19196115029989197,28.137663054051266,0.0,22.846474245654903,,25.458372964724923,22.846474245654903,-6.153525754345097,6.153525754345097,15.0
2026-01-29,lunch,4,1,15.0,4.0,2026-01-30 04:00:00+03:00,4,1,0,9.0,11.0,17.0,12.714285714285714,2.8702082220799356,17.0,0.0,0.0,0.0,0.65625,-8.0,1.2246467991473532e-16,-1.0,30.0,0.5,medium,4.8180943214629455,4.2007427440961616,11.460055096418733,4.104360569877324,0.41188275422050785,0.722308202520451,1.3643599380941853,-2.460055096418733,17.0,0,21.276866462241806,0.4252149731201659,0.4161951544193098,8.855328722811763,0.10199995661474331,16.448450158717183,0.0,8.855328722811763,,11.89471510147311,8.855328722811763,-6.1446712771882375,6.1446712771882375,15.0
2026-02-05,morning,3,6,17.0,2.0,2026-02-06 03:00:00+03:00,4,2,0,11.0,15.0,6.0,10.714285714285714,2.9277002188456205,15.0,0.0,0.0,0.0,0.9390243902439025,5.0,0.7071067811865476,-0.7071067811865475,94.0,0.18085106382978725,medium,10.223521320495186,7.858411454975636,11.15702479338843,3.8672907939562746,0.1360488109560432,0.9048266485384092,1.2338545207341944,-0.15702479338843034,16.0,1,81.09590213176766,0.1333155972274501,0.13394647507850332,10.862510233861562,0.17658174783156397,15.447546998519286,0.0,10.862510233861562,,32.17141709457991,10.862510233861562,-6.137489766138438,6.137489766138438,15.0
2026-01-31,dinner,6,6,16.0,3.0,2026-02-01 06:00:00+03:00,6,2,1,12.0,5.0,11.0,8.428571428571429,3.2586880211286835,12.0,0.0,0.0,0.0,1.2727272727272727,1.0,-1.0,-1.8369701987210297e-16,87.0,0.1839080459770115,medium,10.223521320495186,7.858411454975636,10.60989010989011,3.789431583157042,0.13266247089010186,1.0336015144344535,1.0336015144344535,1.3901098901098905,16.0,1,75.29385179968898,0.13306971826720673,0.13115482633513612,9.875152056891684,0.14288322869722828,14.578563624092778,0.0,9.875152056891684,,26.742688917993487,9.875152056891684,-6.124847943108316,6.124847943108316,15.0
2026-03-28,lunch,4,18,20.0,4.0,2026-03-29 04:00:00+03:00,6,3,1,20.0,9.0,16.0,11.571428571428571,4.79086432205936,20.0,0.0,0.0,0.0,1.590909090909091,4.0,1.2246467991473532e-16,-1.0,59.0,0.3389830508474576,medium,6.109124254928932,5.453053535091321,11.975206611570249,6.953431693708665,0.27885867315263196,1.5414012738853502,1.5414012738853502,8.024793388429751,20.0,1,41.89399538855715,0.31452455243930616,0.33155048059196357,13.889974304993629,0.3879957060493371,20.667294083673497,0.0,13.889974304993629,,21.4800903339149,13.889974304993629,-6.110025695006371,6.110025695006371,15.0
2026-02-23,lunch,4,26,23.0,4.0,2026-02-24 04:00:00+03:00,1,2,0,11.0,12.0,23.0,14.142857142857142,4.59813626840888,23.0,0.0,0.0,0.0,0.7264150943396227,-12.0,1.2246467991473532e-16,-1.0,55.0,0.41818181818181815,medium,6.941311325080238,5.5889179275364755,15.826446280991735,5.194574867535046,0.38014555485808005,0.6537328094302554,1.3668958742632613,-4.8264462809917354,22.0,1,43.90334376682736,0.3881926943481676,0.3850417409867461,16.904619919118815,0.16291048823762605,21.89266363216199,0.0,16.904619919118815,,19.30684682342128,16.904619919118815,-6.095380080881185,6.095380080881185,15.0
2026-02-08,afternoon,5,434,19.0,3.0,2026-02-09 05:00:00+03:00,0,2,0,17.0,8.0,14.0,11.142857142857142,3.338091841585117,17.0,0.0,0.0,0.0,1.4000000000000001,3.0,-0.7071067811865475,-0.7071067811865477,64.0,0.296875,medium,7.621359223300971,6.761882045397149,9.76923076923077,4.7179897040648715,0.2155200181716186,1.5785714285714285,1.5785714285714285,7.23076923076923,15.0,1,55.79343130484591,0.23230954118453925,0.231854245324854,12.935943909269133,0.18995051232854068,16.811158877770183,0.0,12.935943909269133,,21.829498362338526,12.935943909269133,-6.064056090730867,6.064056090730867,15.0
2026-04-04,afternoon,5,115,15.0,3.0,2026-04-05 05:00:00+03:00,6,4,1,3.0,10.0,8.0,9.285714285714286,4.270608298368663,17.0,0.0,0.0,0.0,0.29166666666666663,-5.0,-0.7071067811865475,-0.7071067811865477,45.0,0.3333333333333333,medium,8.859724950884086,7.0585746120055335,10.81868131868132,3.431354761820502,0.17551070249498216,0.25383542538354253,1.4384007438400743,-7.818681318681319,15.0,1,51.68746459417591,0.1712622183336626,0.17315158618875237,8.949766480556535,0.12654483499098002,14.009983845930968,0.0,8.949766480556535,,21.661283126009927,8.949766480556535,-6.050233519443465,6.050233519443465,15.0
2026-02-19,lunch,4,115,26.0,4.0,2026-02-20 04:00:00+03:00,4,2,0,21.0,18.0,23.0,20.571428571428573,5.56348640264186,30.0,0.0,0.0,0.0,0.9735099337748344,-2.0,1.2246467991473532e-16,-1.0,66.0,0.3939393939393939,medium,8.859724950884086,7.0585746120055335,21.186813186813186,5.342613320180643,0.3419472329595375,0.9465081723625558,1.3521545319465083,-0.18681318681318615,28.0,0,57.93392546272168,0.3489754368811437,0.34473126535683457,19.971635431852583,0.16613714780525932,27.03291218693432,0.0,19.971635431852583,,26.80285856154967,19.971635431852583,-6.028364568147417,6.028364568147417,15.0
2026-02-02,lunch,4,123,26.0,4.0,2026-02-03 04:00:00+03:00,1,2,0,25.0,15.0,36.0,26.571428571428573,7.934253648099554,36.0,0.0,0.0,0.0,0.9067357512953368,-11.0,1.2246467991473532e-16,-1.0,53.0,0.49056603773584906,medium,9.529330889092575,10.038386270221814,26.01923076923077,8.949331720839782,0.4426367956090107,0.9252669039145908,1.3323843416370107,-1.01923076923077,36.0,0,71.26382947187034,0.437561601759917,0.4491325499693727,32.00690545128366,0.14755581905462814,35.74462325931789,0.0,32.00690545128366,,33.58743315509001,32.00690545128366,6.006905451283657,6.006905451283657,15.0
2026-03-07,lunch,4,115,27.0,4.0,2026-03-08 04:00:00+03:00,6,3,1,15.0,32.0,19.0,22.571428571428573,6.133436852128454,32.0,0.0,0.0,0.0,0.6363636363636364,-4.0,1.2246467991473532e-16,-1.0,90.0,0.3,medium,8.859724950884086,7.0585746120055335,21.186813186813186,5.342613320180643,0.3419472329595375,0.6760772659732541,1.4422981674096087,-6.186813186813186,28.0,0,61.42393279286365,0.336105376295163,0.34212758812264,21.014821979429577,0.1359387110188512,26.461153470997644,0.0,21.014821979429577,,23.024886168535915,21.014821979429577,-5.985178020570423,5.985178020570423,15.0
2026-02-16,afternoon,5,25,15.0,3.0,2026-02-17 05:00:00+03:00,1,2,0,9.0,2.0,8.0,7.142857142857143,3.2366943748507553,11.0,0.0,0.0,0.0,1.105263157894737,1.0,-0.7071067811865475,-0.7071067811865477,54.0,0.2777777777777778,medium,7.156736938588451,5.584595796433097,8.282967032967033,3.485449643380467,0.19242555287295085,0.9695176087599882,1.1849659662622078,0.7170329670329672,13.0,1,47.48236878234848,0.19331468561176018,0.1900683840887792,9.02489710716847,0.19720260087507516,11.932313689723433,0.0,9.02489710716847,,20.7795989565902,9.02489710716847,-5.975102892831529,5.975102892831529,15.0
2026-02-01,lunch,4,29,36.0,4.0,2026-02-02 04:00:00+03:00,0,2,0,42.0,47.0,35.0,35.857142857142854,6.414269805898216,47.0,0.0,0.0,0.0,1.1395348837209303,7.0,1.2246467991473532e-16,-1.0,111.0,0.32432432432432434,high,16.77201257861635,11.447047939359384,39.06611570247934,7.990742783350609,0.33541085213730065,1.0482673267326734,1.1730610561056105,2.933884297520663,49.0,0,115.95646458282532,0.33971478658172594,0.35330051026021897,40.967478105083195,0.115289799484433,46.101485089085365,0.0,40.967478105083195,40.8844244592032,44.928975281575774,41.957852399206345,5.957852399206345,5.957852399206345,31.0
2026-03-05,lunch,4,14,15.0,4.0,2026-03-06 04:00:00+03:00,4,3,0,14.0,17.0,21.0,17.714285714285715,3.251373336211724,23.0,0.0,0.0,0.0,0.748091603053435,-7.0,1.2246467991473532e-16,-1.0,34.0,0.4411764705882353,medium,8.976897689768977,6.080682518563457,18.424242424242426,4.409515911174649,0.4121223874637316,0.7207488299531981,1.1840873634945397,-4.424242424242426,24.0,0,51.11268768261536,0.41258258244272744,0.4099170819934406,20.951963787699764,0.187871560688041,24.0058196267069,0.0,20.951963787699764,,22.400310880538598,20.951963787699764,5.951963787699764,5.951963787699764,15.0
2026-02-01,afternoon,5,6,20.0,3.0,2026-02-02 05:00:00+03:00,0,2,0,14.0,13.0,18.0,15.285714285714286,1.9760470401186918,18.0,0.0,0.0,0.0,0.8596491228070176,-4.0,-0.7071067811865475,-0.7071067811865477,90.0,0.2222222222222222,medium,10.223521320495186,7.858411454975636,14.112637362637363,4.041241206698928,0.17560393845596073,0.926377022359571,1.1910561716051626,-0.11263736263736313,19.0,1,77.90822079163758,0.17982003911947672,0.18056839531551275,14.067762410232664,0.17209158029997892,19.853556716226244,0.0,14.067762410232664,,32.76722744801595,14.067762410232664,-5.932237589767336,5.932237589767336,15.0
2026-04-10,lunch,4,126,17.0,4.0,2026-04-11 04:00:00+03:00,5,4,1,30.0,33.0,16.0,26.142857142857142,7.289914755527476,33.0,0.0,0.0,0.0,1.105263157894737,14.0,1.2246467991473532e-16,-1.0,43.0,0.3953488372093023,medium,8.943396226415095,8.296270027256874,23.39669421487603,7.377896665537009,0.36997738876250647,1.2296747967479675,1.3526422764227644,6.603305785123968,33.0,0,65.90910695154838,0.35118341412509246,0.3474729156465808,22.90162956011684,0.08167822202710118,30.644786538032495,0.0,22.90162956011684,,24.05996551610702,22.90162956011684,5.901629560116842,5.901629560116842,15.0
2026-03-11,lunch,4,25,24.0,4.0,2026-03-12 04:00:00+03:00,3,3,0,19.0,21.0,18.0,17.571428571428573,3.866830866792737,23.0,0.0,0.0,0.0,1.023076923076923,1.0,1.2246467991473532e-16,-1.0,58.0,0.41379310344827586,medium,7.156736938588451,5.584595796433097,15.87087912087912,5.024165108521969,0.36929438528740477,1.1262009444715844,1.3632958801498127,3.1291208791208796,21.69999999999999,1,49.1205650629083,0.37042973036950033,0.368521294805893,18.101974238580077,0.2724646502757679,23.571084367638676,0.0,18.101974238580077,,21.041102137126074,18.101974238580077,-5.898025761419923,5.898025761419923,15.0
2026-03-30,lunch,4,123,23.0,4.0,2026-03-31 04:00:00+03:00,1,3,0,24.0,18.0,30.0,24.428571428571427,6.294366339755571,31.0,0.0,0.0,0.0,0.9438202247191012,-6.0,1.2246467991473532e-16,-1.0,56.0,0.4107142857142857,medium,9.529330889092575,10.038386270221814,26.01923076923077,8.949331720839782,0.4426367956090107,0.888256227758007,1.1473309608540925,-2.01923076923077,36.0,0,64.17553507039698,0.44255102574702254,0.4501584142438806,28.889157100542448,0.15691327898614799,34.49996347786252,0.0,28.889157100542448,,33.59021663416823,28.889157100542448,5.889157100542448,5.889157100542448,15.0
2026-02-14,lunch,4,25,21.0,4.0,2026-02-15 04:00:00+03:00,6,2,1,19.0,23.0,8.0,18.0,5.8309518948453105,25.0,0.0,0.0,0.0,1.0,11.0,1.2246467991473532e-16,-1.0,34.0,0.6176470588235294,medium,7.156736938588451,5.584595796433097,15.87087912087912,5.024165108521969,0.36929438528740477,1.1262009444715844,1.481843347988927,3.1291208791208796,21.69999999999999,0,42.877897773069144,0.36155535264705724,0.3524413742349687,15.111945215446992,0.14219581761068462,22.164730901686983,0.0,15.111945215446992,,18.038420443050576,15.111945215446992,-5.888054784553008,5.888054784553008,15.0
2026-03-30,dinner,6,115,16.0,3.0,2026-03-31 06:00:00+03:00,1,3,0,7.0,12.0,10.0,9.428571428571429,2.1491969707422354,12.0,0.0,0.0,0.0,0.6712328767123288,-3.0,-1.0,-1.8369701987210297e-16,56.0,0.2857142857142857,medium,8.859724950884086,7.0585746120055335,10.244505494505495,3.4044368275703665,0.16551450234185303,0.6225262643537748,1.067187881749328,-3.2445054945054945,15.0,1,61.33183182264383,0.16459507529451506,0.16491454790807167,10.11451131740519,0.14142982444405203,14.34031302246293,0.0,10.11451131740519,,26.000406480026903,10.11451131740519,-5.88548868259481,5.88548868259481,15.0
2026-02-06,lunch,4,123,29.0,4.0,2026-02-07 04:00:00+03:00,5,2,1,31.0,25.0,18.0,24.857142857142858,6.6690471940293445,34.0,0.0,0.0,0.0,1.1988950276243093,13.0,1.2246467991473532e-16,-1.0,45.0,0.6444444444444445,medium,9.529330889092575,10.038386270221814,26.01923076923077,8.949331720839782,0.4426367956090107,1.1473309608540925,1.2583629893238433,4.98076923076923,36.0,0,48.97168618389202,0.4673451470179008,0.47214468423352285,23.12172130967687,0.029510436789875014,31.04188072364287,0.0,23.12172130967687,,26.210674646510938,23.12172130967687,-5.878278690323128,5.878278690323128,15.0
2026-04-08,lunch,4,7,32.0,4.0,2026-04-09 04:00:00+03:00,3,4,0,26.0,25.0,23.0,24.571428571428573,4.928053803045811,34.0,0.0,0.0,0.0,1.0167597765363128,3.0,1.2246467991473532e-16,-1.0,104.0,0.3076923076923077,high,12.872377020983832,6.9762070291099025,25.81267217630854,6.227115387092842,0.2507803114805857,0.9696907428336587,1.2680571252440154,0.1873278236914615,33.0,0,101.99332083579242,0.2508120196164171,0.2507809847980439,25.57798544202287,0.11735510002347103,33.73187190463629,0.0,25.57798544202287,28.83557266657387,27.796007395243773,26.132490930328096,-5.867509069671904,5.867509069671904,31.0
2026-02-27,dinner,6,9,17.0,3.0,2026-02-28 06:00:00+03:00,5,2,1,6.0,7.0,12.0,7.714285714285714,2.7516228977511683,12.0,0.0,0.0,0.0,0.6885245901639343,-6.0,-1.0,-1.8369701987210297e-16,47.0,0.3617021276595745,medium,8.026593305823017,5.120585258455439,11.785714285714286,4.220925738382678,0.24758062020767085,0.4692737430167597,0.9385474860335195,-5.7857142857142865,17.0,1,44.49415830448929,0.245966312664181,0.25041352035300124,11.141938816170887,0.11666025697360154,15.208087806469262,0.0,11.141938816170887,,14.712070065595213,11.141938816170887,-5.858061183829113,5.858061183829113,15.0
2026-03-01,lunch,4,25,21.0,4.0,2026-03-02 04:00:00+03:00,0,3,0,18.0,13.0,13.0,17.857142857142858,3.848314411469511,23.0,0.0,0.0,0.0,0.9545454545454545,5.0,1.2246467991473532e-16,-1.0,46.0,0.45652173913043476,medium,7.156736938588451,5.584595796433097,15.87087912087912,5.024165108521969,0.36929438528740477,1.0669272105520273,1.3632958801498127,2.1291208791208796,21.69999999999999,0,40.635920572914074,0.3730509653113225,0.3727426254583922,15.146739722266686,0.20897232813123798,22.960795016617247,0.0,15.146739722266686,,20.949039597071632,15.146739722266686,-5.853260277733314,5.853260277733314,15.0
2026-01-28,lunch,4,29,32.0,4.0,2026-01-29 04:00:00+03:00,3,1,0,30.0,30.0,34.0,34.57142857142857,4.755948656056742,44.0,0.0,0.0,0.0,0.8433734939759037,-4.0,1.2246467991473532e-16,-1.0,98.0,0.32653061224489793,high,16.77201257861635,11.447047939359384,39.06611570247934,7.990742783350609,0.33541085213730065,0.7487623762376238,1.0981848184818483,-9.066115702479337,49.0,0,111.84996879789941,0.35155659743450357,0.34855057651985255,38.985371108235356,0.07153084607291256,42.17523394782005,0.0,38.985371108235356,37.29273730662806,34.45267027962999,37.852195901084016,5.852195901084016,5.852195901084016,31.0
2026-02-14,lunch,4,115,16.0,4.0,2026-02-15 04:00:00+03:00,6,2,1,23.0,23.0,20.0,22.285714285714285,4.608480795022918,26.0,0.0,0.0,0.0,0.9877300613496933,3.0,1.2246467991473532e-16,-1.0,48.0,0.3333333333333333,medium,8.859724950884086,7.0585746120055335,21.186813186813186,5.342613320180643,0.3419472329595375,1.0366518078256564,1.1718672610203071,1.8131868131868139,28.0,0,64.19715411578387,0.3436139864328772,0.34026911126379766,21.844308576642828,0.1717203420075308,27.262178422890514,0.0,21.844308576642828,,24.098383919925034,21.844308576642828,5.8443085766428275,5.8443085766428275,15.0
2026-03-11,lunch,4,35,34.0,4.0,2026-03-12 04:00:00+03:00,3,3,0,24.0,20.0,26.0,29.142857142857142,5.871642911161278,36.0,0.0,0.0,0.0,0.7962085308056872,-2.0,1.2246467991473532e-16,-1.0,91.0,0.37362637362637363,high,12.99404216315307,8.966106707239911,27.76098901098901,6.366710522390032,0.3561335102986236,0.8344636545992932,1.2516954818989396,-3.760989010989011,37.0,0,79.4593420137971,0.3516232339947674,0.34906968695396795,27.736847642324427,0.12443520555286179,36.347921850659205,0.0,27.736847642324427,31.21367525608728,29.420378262629555,28.15773029740071,-5.842269702599289,5.842269702599289,31.0
2026-03-29,lunch,4,26,21.0,4.0,2026-03-30 04:00:00+03:00,0,3,0,7.0,8.0,18.0,13.857142857142858,4.67006678855065,18.0,0.0,0.0,0.0,0.47115384615384615,-11.0,1.2246467991473532e-16,-1.0,45.0,0.4666666666666667,medium,6.941311325080238,5.5889179275364755,15.826446280991735,5.194574867535046,0.38014555485808005,0.41601178781925346,1.0697445972495088,-8.826446280991735,22.0,0,38.97357574332556,0.38423023661959055,0.38975514586300947,15.190151698642902,0.16659652147725176,21.58441880330837,0.0,15.190151698642902,,20.325981585814915,15.190151698642902,-5.809848301357098,5.809848301357098,15.0
2026-02-12,lunch,4,128,31.0,4.0,2026-02-13 04:00:00+03:00,4,2,0,24.0,21.0,33.0,26.285714285714285,3.903600291794175,33.0,0.0,0.0,0.0,0.8795811518324608,-9.0,1.2246467991473532e-16,-1.0,90.0,0.34444444444444444,high,11.91429880843263,7.322747993958596,22.86263736263736,5.724417727106647,0.31992864956999584,1.0057563895924477,1.3829150356896156,1.1373626373626387,30.0,1,80.75984499459936,0.3235596180749224,0.3143038305423885,25.383128635812117,0.24252491266935086,31.388036260445414,0.0,25.383128635812117,24.63603682699271,24.68821299025328,25.209399724422408,-5.790600275577592,5.790600275577592,31.0
2026-03-04,dinner,6,434,17.0,3.0,2026-03-05 06:00:00+03:00,3,3,0,13.0,12.0,14.0,13.285714285714286,3.903600291794124,19.0,0.0,0.0,0.0,0.9099999999999999,-1.0,-1.0,-1.8369701987210297e-16,60.0,0.2833333333333333,medium,7.621359223300971,6.761882045397149,9.711538461538462,4.59042711696186,0.19428502784213808,1.2136445242369838,1.7737881508078994,3.2884615384615383,14.899999999999999,1,52.28042469808902,0.20936729988832958,0.21450749933556812,11.21454316618855,0.3104044346441129,17.43052254010899,0.0,11.21454316618855,,23.06232777877588,11.21454316618855,-5.78545683381145,5.78545683381145,15.0
2026-02-25,lunch,4,1,19.0,4.0,2026-02-26 04:00:00+03:00,3,2,0,17.0,13.0,9.0,11.142857142857142,4.52506248312556,17.0,0.0,0.0,0.0,1.4000000000000001,8.0,1.2246467991473532e-16,-1.0,36.0,0.5277777777777778,medium,4.8180943214629455,4.2007427440961616,11.460055096418733,4.104360569877324,0.41188275422050785,1.3643599380941853,1.3643599380941853,5.539944903581267,17.0,1,31.24565793296551,0.4313234549735703,0.4235640086297538,13.234536126360938,0.19090630896366753,17.554985940745347,0.0,13.234536126360938,,14.554759151756505,13.234536126360938,-5.765463873639062,5.765463873639062,15.0
2026-03-07,lunch,4,39,32.0,4.0,2026-03-08 04:00:00+03:00,6,3,1,22.0,18.0,21.0,20.0,3.6514837167011485,26.0,0.0,0.0,0.0,1.0476190476190477,1.0,1.2246467991473532e-16,-1.0,79.0,0.4050632911392405,high,13.975252062328138,10.88644786812501,31.903846153846153,8.171649339940124,0.3788943098271915,0.668614845119813,0.7901811805961426,-9.903846153846153,41.0,0,62.66848645069855,0.3660896058787285,0.37713898853101463,23.634729592786048,0.035493799510582326,32.40952741503499,0.0,23.634729592786048,30.474821073937374,34.052477461047864,26.239166559851505,-5.760833440148495,5.760833440148495,31.0
2026-04-03,lunch,4,6,18.0,4.0,2026-04-04 04:00:00+03:00,5,4,1,18.0,31.0,26.0,24.714285714285715,5.089672082242885,31.0,0.0,0.0,0.0,0.7,-8.0,1.2246467991473532e-16,-1.0,63.0,0.2857142857142857,medium,10.223521320495186,7.858411454975636,25.560439560439562,7.174655102463964,0.31008066999141487,0.6776996276375672,1.1671493587091435,-7.560439560439562,34.0,0,79.29410021622066,0.3086124427119302,0.29963786281213456,23.759514722399572,0.17302733733883746,30.427899968020306,0.0,23.759514722399572,,25.973370870650935,23.759514722399572,5.759514722399572,5.759514722399572,15.0
2026-02-17,lunch,4,35,36.0,4.0,2026-02-18 04:00:00+03:00,2,2,0,29.0,34.0,31.0,33.142857142857146,4.598136268408849,41.0,0.0,0.0,0.0,0.8493723849372384,-2.0,1.2246467991473532e-16,-1.0,95.0,0.37894736842105264,high,12.99404216315307,8.966106707239911,27.76098901098901,6.366710522390032,0.3561335102986236,1.0083102493074791,1.4255420766071258,1.239010989010989,37.0,0,85.13248542372254,0.353476460883593,0.35413720695959405,30.148580609485453,0.18879780991335318,39.386833894437416,0.0,30.148580609485453,30.07808223031905,30.53585174596489,30.245398393605313,-5.7546016063946865,5.7546016063946865,31.0
2026-02-11,lunch,4,14,23.0,4.0,2026-02-12 04:00:00+03:00,3,2,0,12.0,20.0,13.0,16.285714285714285,2.8702082220799525,20.0,0.0,0.0,0.0,0.6942148760330579,-1.0,1.2246467991473532e-16,-1.0,40.0,0.575,medium,8.976897689768977,6.080682518563457,18.424242424242426,4.409515911174649,0.4121223874637316,0.6177847113884555,1.029641185647426,-6.424242424242426,24.0,0,41.989270970377994,0.4125891056069228,0.4108731208514794,17.252262805877635,0.10980969904647095,22.579738624219566,0.0,17.252262805877635,,21.836932074693692,17.252262805877635,-5.747737194122365,5.747737194122365,15.0
2026-03-06,lunch,4,7,38.0,4.0,2026-03-07 04:00:00+03:00,5,3,1,30.0,32.0,28.0,27.0,5.228129047119367,33.0,0.0,0.0,0.0,1.0714285714285714,2.0,1.2246467991473532e-16,-1.0,110.0,0.34545454545454546,high,12.872377020983832,6.9762070291099025,25.81267217630854,6.227115387092842,0.2507803114805857,1.118873934038837,1.2307613274427207,4.1873278236914615,33.0,1,98.0360432324061,0.26023279363508567,0.26016476464482846,25.50552411426916,0.25965915279328894,36.155941065421125,1.0,32.96081598007554,28.068351138079795,27.41116959783466,32.25325208555043,-5.746747914449571,5.746747914449571,31.0
2026-02-03,lunch,4,37,18.0,4.0,2026-02-04 04:00:00+03:00,2,2,0,17.0,15.0,19.0,12.714285714285714,4.715728494951229,19.0,0.0,0.0,0.0,1.2395833333333335,-2.0,1.2246467991473532e-16,-1.0,33.0,0.5454545454545454,medium,4.2158570119156735,4.037725090920908,10.324175824175825,3.792027032582001,0.4077077915187296,1.5012130033964095,1.677826297913634,6.675824175824175,15.0,1,28.607922966546692,0.42401212779103625,0.42852062105725947,12.259084916782825,0.38994109150802975,18.142857494051107,0.0,12.259084916782825,,14.626801572720307,12.259084916782825,-5.740915083217175,5.740915083217175,15.0
2026-01-30,lunch,4,30,34.0,4.0,2026-01-31 04:00:00+03:00,5,1,1,28.0,15.0,31.0,26.571428571428573,6.47706576718047,32.0,0.0,0.0,0.0,1.015544041450777,-3.0,1.2246467991473532e-16,-1.0,99.0,0.3434343434343434,high,13.703483043079743,8.347813742646773,27.502747252747252,6.67320559196118,0.33448548715889054,0.9823614457831326,1.122698795180723,0.49725274725274815,35.69999999999999,0,82.0361317063644,0.3575202315903773,0.33805092754321353,27.732390415393713,0.17056477831623382,36.71636684486353,0.0,27.732390415393713,29.724762209643977,29.887272536218706,28.27111094559996,-5.728889054400039,5.728889054400039,31.0
2026-01-24,lunch,4,25,21.0,4.0,2026-01-25 04:00:00+03:00,6,1,1,15.0,20.0,17.0,17.428571428571427,2.2253945610567696,20.0,0.0,0.0,0.0,0.8139534883720931,-2.0,1.2246467991473532e-16,-1.0,46.0,0.45652173913043476,medium,7.156736938588451,5.584595796433097,15.87087912087912,5.024165108521969,0.36929438528740477,0.8891060087933561,1.1854746783911416,-0.8708791208791204,21.69999999999999,0,41.98668938274043,0.3784636302890219,0.3638747264181217,15.277895112347329,0.11172677701474111,21.863152369966702,0.0,15.277895112347329,,15.830975453212265,15.277895112347329,-5.722104887652671,5.722104887652671,15.0
2026-02-18,lunch,4,37,17.0,4.0,2026-02-19 04:00:00+03:00,3,2,0,14.0,10.0,12.0,12.428571428571429,4.577377082170608,21.0,0.0,0.0,0.0,1.0425531914893618,2.0,1.2246467991473532e-16,-1.0,28.0,0.6071428571428571,medium,4.2158570119156735,4.037725090920908,10.324175824175825,3.792027032582001,0.4077077915187296,1.2362930616205725,1.8544395924308588,3.675824175824175,15.0,1,26.748550205181516,0.42469269463890386,0.4222100102031102,11.293505655048094,0.286784754631277,16.781586752838923,0.0,11.293505655048094,,13.810753888048184,11.293505655048094,-5.706494344951906,5.706494344951906,15.0
2026-03-04,afternoon,5,6,21.0,3.0,2026-03-05 05:00:00+03:00,3,3,0,10.0,13.0,17.0,14.285714285714286,2.6903708365381775,17.0,0.0,0.0,0.0,0.6542056074766355,-7.0,-0.7071067811865475,-0.7071067811865477,86.0,0.2441860465116279,medium,10.223521320495186,7.858411454975636,14.112637362637363,4.041241206698928,0.17560393845596073,0.6616978731139792,1.1248863842937646,-4.112637362637363,19.0,1,88.26213874132881,0.17515628147110296,0.1735969717122979,15.322040002345371,0.1830528620484079,19.030336419336326,0.0,15.322040002345371,,32.756764701901844,15.322040002345371,-5.677959997654629,5.677959997654629,15.0
2026-02-13,dinner,6,290,6.0,3.0,2026-02-14 06:00:00+03:00,5,2,1,0.0,0.0,0.0,0.0,0.0,0.0,0.0,0.0,0.0,0.0,0.0,-1.0,-1.8369701987210297e-16,9.0,0.6666666666666666,low,0.15548539857932123,0.428422817977247,0.23659305993690852,0.5314641839413475,0.17034700315457413,0.0,0.0,-0.23659305993690852,1.0,1,0.9095007000146038,0.17590422491662394,0.3545992374814648,0.322508254714037,0.3143143621073134,1.2093413364948944,0.0,0.322508254714037,,0.1768740899942644,0.322508254714037,-5.677491745285963,5.677491745285963,1.0
2026-02-03,dinner,6,9,15.0,3.0,2026-02-04 06:00:00+03:00,2,2,0,5.0,5.0,7.0,8.714285714285714,5.376314900074388,20.0,0.0,0.0,0.0,0.5147058823529412,-2.0,-1.0,-1.8369701987210297e-16,40.0,0.375,medium,8.026593305823017,5.120585258455439,11.785714285714286,4.220925738382678,0.24758062020767085,0.39106145251396646,1.5642458100558658,-6.7857142857142865,17.0,0,36.9847093679101,0.24064477934598702,0.25241522655937365,9.335503794333617,0.08502884177551624,15.633538609856805,0.0,9.335503794333617,,12.424552744404181,9.335503794333617,-5.664496205666383,5.664496205666383,15.0
2026-03-31,lunch,4,123,24.0,4.0,2026-04-01 04:00:00+03:00,2,4,0,23.0,24.0,31.0,23.428571428571427,5.798193478924967,31.0,0.0,0.0,0.0,0.9415204678362573,-8.0,1.2246467991473532e-16,-1.0,62.0,0.3870967741935484,medium,9.529330889092575,10.038386270221814,26.01923076923077,8.949331720839782,0.4426367956090107,0.8512455516014235,1.1473309608540925,-3.01923076923077,36.0,0,65.96477629759285,0.4374184617811364,0.4495487211943699,29.654380828455547,0.13873189965976918,34.85513374063369,0.0,29.654380828455547,,33.18023852769211,29.654380828455547,5.6543808284555475,5.6543808284555475,15.0
2026-02-26,lunch,4,29,35.0,4.0,2026-02-27 04:00:00+03:00,4,2,0,32.0,41.0,29.0,31.142857142857142,6.094494002200436,41.0,0.0,0.0,0.0,0.9955555555555556,3.0,1.2246467991473532e-16,-1.0,110.0,0.3181818181818182,high,16.77201257861635,11.447047939359384,39.06611570247934,7.990742783350609,0.33541085213730065,0.7986798679867987,1.023308580858086,-7.066115702479337,49.0,0,118.10591774176949,0.3321397039935028,0.3373911963867596,39.84789688725182,0.07453608722899074,43.52630145117767,0.0,39.84789688725182,37.90617167005129,43.01807769800007,40.64044208993889,5.640442089938887,5.640442089938887,31.0
2026-02-25,lunch,4,434,15.0,4.0,2026-02-26 04:00:00+03:00,3,2,0,17.0,18.0,19.0,18.142857142857142,2.9113897843110115,23.0,0.0,0.0,0.0,0.8880597014925373,-2.0,1.2246467991473532e-16,-1.0,48.0,0.3125,medium,7.621359223300971,6.761882045397149,16.980392156862745,6.830783838121162,0.3594009148733045,0.945474372955289,1.2791712104689203,0.019607843137254832,24.0,0,55.782452903779536,0.3599637204351828,0.36992088262455186,20.63509421312862,0.2060106219437391,25.60400102861186,0.0,20.63509421312862,,23.102293869473733,20.63509421312862,5.635094213128621,5.635094213128621,15.0
2026-01-31,lunch,4,20,17.0,4.0,2026-02-01 04:00:00+03:00,6,2,1,11.0,10.0,10.0,6.285714285714286,3.903600291794131,11.0,0.0,0.0,0.0,1.5098039215686274,1.0,1.2246467991473532e-16,-1.0,37.0,0.4594594594594595,medium,5.7518037518037515,4.597145761347301,11.222527472527473,4.769905450006113,0.33908490601013946,0.8999775230388851,0.8999775230388851,-0.22252747252747263,17.0,1,33.36382410653344,0.33331946864781054,0.34068912572309107,11.366692065633869,0.09224321882872152,14.892677915827939,0.0,11.366692065633869,,14.155150725048552,11.366692065633869,-5.633307934366131,5.633307934366131,15.0
2026-02-01,lunch,4,10,22.0,4.0,2026-02-02 04:00:00+03:00,0,2,0,10.0,11.0,23.0,17.714285714285715,5.21901286050295,23.0,0.0,0.0,0.0,0.5343511450381679,-13.0,1.2246467991473532e-16,-1.0,48.0,0.4583333333333333,medium,6.580926180651078,5.576694893105304,15.826446280991735,5.457537267559647,0.3959618663932895,0.5943025540275049,1.3668958742632613,-5.8264462809917354,23.0,0,41.61935310941834,0.39194094375513816,0.39355772977621123,16.37961812449718,0.2936756248727195,23.264272855745915,0.0,16.37961812449718,,21.873220211972026,16.37961812449718,-5.620381875502819,5.620381875502819,15.0
2026-01-26,lunch,4,14,22.0,4.0,2026-01-27 04:00:00+03:00,1,1,0,14.0,22.0,20.0,19.285714285714285,3.638419332360572,25.0,0.0,0.0,0.0,0.6901408450704226,-6.0,1.2246467991473532e-16,-1.0,38.0,0.5789473684210527,medium,8.976897689768977,6.080682518563457,18.424242424242426,4.409515911174649,0.4121223874637316,0.7207488299531981,1.2870514820592822,-4.424242424242426,24.0,0,38.4030577630506,0.4278623475273146,0.4270334535814451,16.399390384643223,0.0779491801756951,22.408245542180055,0.0,16.399390384643223,,18.807845427065033,16.399390384643223,-5.6006096153567775,5.6006096153567775,15.0
2026-02-07,lunch,4,8,31.0,4.0,2026-02-08 04:00:00+03:00,6,2,1,36.0,38.0,34.0,38.142857142857146,3.436498771936973,43.0,0.0,0.0,0.0,0.9197080291970802,2.0,1.2246467991473532e-16,-1.0,94.0,0.32978723404255317,high,14.99803536345776,11.147682695162223,34.80494505494506,8.197821234921355,0.33131290749065806,1.0054477096600936,1.2009514309828895,1.1950549450549417,44.0,0,104.5583116300363,0.33979868285626946,0.3413675192730088,35.69281146051968,0.23806783194726838,45.79020163791681,0.0,35.69281146051968,38.405597230516555,39.32306308873349,36.60037436757313,5.6003743675731315,5.6003743675731315,31.0
2026-03-03,lunch,4,123,27.0,4.0,2026-03-04 04:00:00+03:00,2,3,0,36.0,32.0,30.0,29.428571428571427,4.685336802448785,36.0,0.0,0.0,0.0,1.1830985915492958,6.0,1.2246467991473532e-16,-1.0,60.0,0.45,medium,9.529330889092575,10.038386270221814,26.01923076923077,8.949331720839782,0.4426367956090107,1.3323843416370107,1.3323843416370107,9.98076923076923,36.0,0,72.22226383592869,0.44048822457011866,0.4512156003358179,32.587812134340396,0.33969691499612586,38.431746536358006,0.0,32.587812134340396,,34.902575860349415,32.587812134340396,5.587812134340396,5.587812134340396,15.0
2026-03-09,afternoon,5,123,16.0,3.0,2026-03-10 05:00:00+03:00,1,3,0,4.0,2.0,11.0,8.142857142857142,5.580578567035606,16.0,0.0,0.0,0.0,0.4375,-7.0,-0.7071067811865475,-0.7071067811865477,63.0,0.25396825396825395,medium,9.529330889092575,10.038386270221814,11.35989010989011,5.427674822829868,0.18851876592146113,0.32362747277172704,1.2945098910869082,-7.3598901098901095,18.0,0,53.79378774102328,0.18562429292916766,0.19367381627389302,10.41844816363174,0.10257948216699285,15.854482773180955,0.0,10.41844816363174,,34.06980942089045,10.41844816363174,-5.581551836368259,5.581551836368259,15.0
2026-02-16,lunch,4,123,36.0,4.0,2026-02-17 04:00:00+03:00,1,2,0,38.0,20.0,23.0,27.857142857142858,7.057586259446207,38.0,0.0,0.0,0.0,1.316831683168317,15.0,1.2246467991473532e-16,-1.0,59.0,0.6101694915254238,medium,9.529330889092575,10.038386270221814,26.01923076923077,8.949331720839782,0.4426367956090107,1.406405693950178,1.406405693950178,11.98076923076923,36.0,1,67.25474728189286,0.4464459480103374,0.4523131048976796,30.42020356218174,0.2598275517138348,36.44630992499885,0.0,30.42020356218174,,33.97585360251347,30.42020356218174,-5.57979643781826,5.57979643781826,15.0
2026-02-25,lunch,4,126,34.0,4.0,2026-02-26 04:00:00+03:00,3,2,0,28.0,31.0,41.0,24.428571428571427,12.313368654395417,41.0,0.0,0.0,0.0,1.101123595505618,-13.0,1.2246467991473532e-16,-1.0,69.0,0.4927536231884058,medium,8.943396226415095,8.296270027256874,23.39669421487603,7.377896665537009,0.36997738876250647,1.1476964769647697,1.6805555555555556,4.603305785123968,33.0,1,74.8791458893992,0.3932681488439645,0.3796579479460209,28.428462872320026,0.19040303594157348,34.93997860216018,0.0,28.428462872320026,,31.319560695098822,28.428462872320026,-5.571537127679974,5.571537127679974,15.0
2026-04-11,lunch,4,123,17.0,4.0,2026-04-12 04:00:00+03:00,6,4,1,29.0,32.0,19.0,28.714285714285715,7.521398046336107,43.0,0.0,0.0,0.0,0.9759615384615384,10.0,1.2246467991473532e-16,-1.0,29.0,0.5862068965517241,medium,9.529330889092575,10.038386270221814,26.01923076923077,8.949331720839782,0.4426367956090107,1.0733096085409253,1.5914590747330961,2.98076923076923,36.0,0,46.088154027795326,0.46618423503824963,0.4893602120063846,22.553708826024828,0.051001073768179965,31.90720799565447,0.0,22.553708826024828,,26.743201951510446,22.553708826024828,5.5537088260248275,5.5537088260248275,15.0
2026-03-27,lunch,4,29,32.0,4.0,2026-03-28 04:00:00+03:00,5,3,1,30.0,30.0,18.0,26.714285714285715,5.7362672448868315,34.0,0.0,0.0,0.0,1.0824742268041236,12.0,1.2246467991473532e-16,-1.0,99.0,0.32323232323232326,high,16.77201257861635,11.447047939359384,39.06611570247934,7.990742783350609,0.33541085213730065,0.7487623762376238,0.8485973597359736,-9.066115702479337,49.0,0,110.08623177793005,0.33183427975791413,0.3349119752727109,36.86919733507603,0.03137121068134507,39.38417171994709,0.0,36.86919733507603,38.13781577669362,39.58397204782558,37.547891013263424,5.547891013263424,5.547891013263424,31.0
2026-02-02,lunch,4,69,54.0,4.0,2026-02-03 04:00:00+03:00,1,2,0,37.0,48.0,49.0,43.57142857142857,11.516034370348464,65.0,0.0,0.0,0.0,0.8301282051282052,-12.0,1.2246467991473532e-16,-1.0,148.0,0.36486486486486486,mega,25.709899175068745,15.187584008448223,49.92032967032967,11.401837554339034,0.32250586815508425,0.7266253034799028,1.2765039115187482,-12.920329670329672,65.0,0,148.43512057096225,0.32219073039378043,0.3269732727733589,48.53431716759566,0.05642717656590762,56.428347490804335,0.0,48.53431716759566,48.257948662580205,48.26324405339096,48.46654888904449,-5.533451110955511,5.533451110955511,49.0
2026-03-21,lunch,4,8,31.0,4.0,2026-03-22 04:00:00+03:00,6,3,1,27.0,31.0,43.0,31.714285714285715,5.282495802626075,43.0,0.0,0.0,0.0,0.8253275109170305,-16.0,1.2246467991473532e-16,-1.0,88.0,0.3522727272727273,high,14.99803536345776,11.147682695162223,34.80494505494506,8.197821234921355,0.33131290749065806,0.7540857822450702,1.2009514309828895,-7.804945054945058,44.0,0,104.05171753061747,0.3335389629522394,0.33461935875255605,34.81771899719731,0.22110777393534944,44.02817659907307,0.0,34.81771899719731,39.80018574931363,41.678256768685635,36.53285344006939,5.532853440069388,5.532853440069388,31.0
2026-03-26,lunch,4,123,23.0,4.0,2026-03-27 04:00:00+03:00,4,3,0,30.0,31.0,25.0,26.857142857142858,6.466028441750314,35.0,0.0,0.0,0.0,1.0769230769230769,5.0,1.2246467991473532e-16,-1.0,50.0,0.46,medium,9.529330889092575,10.038386270221814,26.01923076923077,8.949331720839782,0.4426367956090107,1.1103202846975089,1.295373665480427,3.98076923076923,36.0,0,62.91214944606711,0.43880891953017714,0.4534100144426616,28.524998588960173,0.2841476312463476,36.10494889463452,0.0,28.524998588960173,,33.33667095687625,28.524998588960173,5.524998588960173,5.524998588960173,15.0
2026-04-08,morning,3,2,16.0,2.0,2026-04-09 03:00:00+03:00,3,4,0,15.0,12.0,6.0,10.285714285714286,3.5923198500080527,15.0,0.0,0.0,0.0,1.3291139240506329,9.0,0.7071067811865476,-0.7071067811865475,87.0,0.1839080459770115,medium,7.919532324621733,6.1652836583747,8.986225895316805,3.3269912118032376,0.14149121221966263,1.5020689655172412,1.5020689655172412,6.013774104683195,13.0,1,73.78908157878028,0.14528000063477065,0.14239909278924107,10.507498274569611,0.2154543968658478,13.823451506902671,0.0,10.507498274569611,,24.70222743684763,10.507498274569611,-5.4925017254303885,5.4925017254303885,15.0
2026-02-18,dinner,6,135,6.0,3.0,2026-02-19 06:00:00+03:00,3,2,0,0.0,0.0,0.0,0.0,0.0,0.0,0.0,0.0,0.0,0.0,0.0,-1.0,-1.8369701987210297e-16,7.0,0.8571428571428571,low,0.18659295093296477,0.8339361180545659,0.425414364640884,1.4872367318367268,0.1261454967052952,0.0,0.0,-0.425414364640884,1.0,1,1.9352923974290615,0.10465125940112205,0.2733060525193672,0.5289271256120791,0.13446719345679833,0.8362874724944263,0.0,0.5289271256120791,,0.10296525899042991,0.5289271256120791,-5.471072874387921,5.471072874387921,1.0
2026-04-12,lunch,4,142,15.0,4.0,2026-04-13 04:00:00+03:00,0,4,0,3.0,6.0,17.0,10.428571428571429,4.685336802448787,17.0,0.0,0.0,0.0,0.2625,-14.0,1.2246467991473532e-16,-1.0,35.0,0.42857142857142855,medium,4.23006416131989,3.624165403205612,9.288461538461538,4.106271337026147,0.360800260700566,0.29158878504672897,1.652336448598131,-6.288461538461538,14.0,1,25.741014371472527,0.38074141657590455,0.3706644302788893,9.541278426802565,0.19463033692216114,14.669178954171137,0.0,9.541278426802565,,11.52970614320919,9.541278426802565,-5.458721573197435,5.458721573197435,15.0
2026-02-26,lunch,4,434,25.0,4.0,2026-02-27 04:00:00+03:00,4,2,0,15.0,17.0,20.0,17.571428571428573,3.1014589500826277,23.0,0.0,0.0,0.0,0.8076923076923076,-5.0,1.2246467991473532e-16,-1.0,68.0,0.36764705882352944,medium,7.621359223300971,6.761882045397149,16.980392156862745,6.830783838121162,0.3594009148733045,0.8342420937840785,1.2791712104689203,-1.9803921568627452,24.0,1,53.84805096058933,0.35508951630362917,0.36301664526101596,19.547738813557366,0.2097672892244552,25.14107059644261,0.0,19.547738813557366,,22.417636977716754,19.547738813557366,-5.452261186442634,5.452261186442634,15.0
2026-02-26,lunch,4,142,17.0,4.0,2026-02-27 04:00:00+03:00,4,2,0,9.0,13.0,25.0,11.142857142857142,7.104659772022202,25.0,0.0,0.0,0.0,0.7411764705882353,-16.0,1.2246467991473532e-16,-1.0,41.0,0.4146341463414634,medium,4.23006416131989,3.624165403205612,9.288461538461538,4.106271337026147,0.360800260700566,0.874766355140187,2.4299065420560746,-0.2884615384615383,14.0,1,29.502283550372052,0.434573958594903,0.391644668539927,11.554412062256404,0.44202911386823013,16.775717045018254,0.0,11.554412062256404,,12.84267028981349,11.554412062256404,-5.445587937743596,5.445587937743596,15.0
2026-02-27,lunch,4,8,31.0,4.0,2026-02-28 04:00:00+03:00,5,2,1,31.0,37.0,33.0,32.42857142857143,2.8199966227605895,37.0,0.0,0.0,0.0,0.9273504273504273,-2.0,1.2246467991473532e-16,-1.0,97.0,0.31958762886597936,high,14.99803536345776,11.147682695162223,34.80494505494506,8.197821234921355,0.33131290749065806,0.865802194429525,1.0333768127062073,-3.8049450549450583,44.0,0,102.79626249573197,0.33856752895894593,0.33883173893123886,34.830636377060955,0.1459799711920709,42.949745054116974,0.0,34.830636377060955,36.73468238340241,41.201742989036056,36.42341303005473,5.423413030054732,5.423413030054732,31.0
2026-02-02,lunch,4,14,23.0,4.0,2026-02-03 04:00:00+03:00,1,2,0,15.0,21.0,22.0,18.428571428571427,3.598941643369745,22.0,0.0,0.0,0.0,0.7720588235294118,-7.0,1.2246467991473532e-16,-1.0,44.0,0.5227272727272727,medium,8.976897689768977,6.080682518563457,18.424242424242426,4.409515911174649,0.4121223874637316,0.7722308892355694,1.1326053042121684,-3.4242424242424256,24.0,0,41.66506123693052,0.4175731826673326,0.4220076999627157,17.58297666140275,0.2012249534474938,24.20749428544307,0.0,17.58297666140275,,22.21319836359157,17.58297666140275,-5.41702333859725,5.41702333859725,15.0
2026-04-06,lunch,4,69,52.0,4.0,2026-04-07 04:00:00+03:00,1,4,0,43.0,76.0,32.0,51.142857142857146,15.92093560304137,76.0,0.0,0.0,0.0,0.8246575342465753,11.0,1.2246467991473532e-16,-1.0,157.0,0.33121019108280253,mega,25.709899175068745,15.187584008448223,49.92032967032967,11.401837554339034,0.32250586815508425,0.8444564337739412,1.4925276503911518,-6.9203296703296715,65.0,0,141.76706308499945,0.3210917461387049,0.32402503608767647,45.936077732160854,0.0296588268304853,55.17604680753196,0.0,45.936077732160854,46.27408102598096,48.56335022492267,46.5928958553513,-5.407104144648699,5.407104144648699,49.0
2026-02-21,lunch,4,20,15.0,4.0,2026-02-22 04:00:00+03:00,6,2,1,10.0,8.0,12.0,7.0,3.214550253664316,12.0,0.0,0.0,0.0,1.25,-2.0,1.2246467991473532e-16,-1.0,33.0,0.45454545454545453,medium,5.7518037518037515,4.597145761347301,11.222527472527473,4.769905450006113,0.33908490601013946,0.8181613845808047,0.9817936614969656,-1.2225274725274726,17.0,0,27.993654661542084,0.33329885419763006,0.34296949499413676,9.600969602309352,0.11901461513591191,15.372464148859658,0.0,9.600969602309352,,14.370112758419513,9.600969602309352,-5.399030397690648,5.399030397690648,15.0
2026-03-27,lunch,4,126,15.0,4.0,2026-03-28 04:00:00+03:00,5,3,1,27.0,17.0,17.0,18.0,6.429100507328611,27.0,0.0,0.0,0.0,1.4210526315789473,10.0,1.2246467991473532e-16,-1.0,47.0,0.3191489361702128,medium,8.943396226415095,8.296270027256874,23.39669421487603,7.377896665537009,0.36997738876250647,1.1067073170731707,1.1067073170731707,3.6033057851239683,33.0,0,57.33351380404306,0.35048309571030356,0.3555676518615223,20.385942876273763,0.07262778443816677,27.753717851500486,0.0,20.385942876273763,,22.79968536293007,20.385942876273763,5.385942876273763,5.385942876273763,15.0
2026-02-02,lunch,4,126,21.0,4.0,2026-02-03 04:00:00+03:00,1,2,0,25.0,21.0,29.0,22.571428571428573,3.690399384761431,29.0,0.0,0.0,0.0,1.0606060606060606,-4.0,1.2246467991473532e-16,-1.0,63.0,0.3333333333333333,medium,8.943396226415095,8.296270027256874,23.39669421487603,7.377896665537009,0.36997738876250647,1.024728997289973,1.1886856368563685,1.6033057851239683,33.0,0,70.0725367677127,0.38574062844011775,0.37652939164371385,26.384369640078635,0.1872448221634528,33.18532460518121,0.0,26.384369640078635,,30.365855054107506,26.384369640078635,5.384369640078635,5.384369640078635,15.0
2026-02-03,lunch,4,123,34.0,4.0,2026-02-04 04:00:00+03:00,2,2,0,26.0,25.0,29.0,25.142857142857142,6.768273325562729,35.0,0.0,0.0,0.0,0.994535519125683,-3.0,1.2246467991473532e-16,-1.0,64.0,0.53125,medium,9.529330889092575,10.038386270221814,26.01923076923077,8.949331720839782,0.4426367956090107,0.9622775800711744,1.295373665480427,-0.01923076923077005,36.0,0,62.90609128558293,0.4423578438444464,0.45507798271571687,28.627177122773816,0.20208579585012867,36.70233571558475,0.0,28.627177122773816,,33.31831415543479,28.627177122773816,-5.372822877226184,5.372822877226184,15.0
2026-03-31,afternoon,5,123,18.0,3.0,2026-04-01 05:00:00+03:00,2,4,0,13.0,15.0,15.0,10.571428571428571,4.720774754816662,15.0,0.0,0.0,0.0,1.123456790123457,-2.0,-0.7071067811865475,-0.7071067811865477,62.0,0.2903225806451613,medium,9.529330889092575,10.038386270221814,11.35989010989011,5.427674822829868,0.18851876592146113,1.0517892865081129,1.2136030228939765,1.6401098901098905,18.0,1,65.96477629759285,0.18657458764170956,0.19174857627217437,12.648651939175902,0.22736019338299754,18.220379105998767,0.0,12.648651939175902,,33.18023852769211,12.648651939175902,-5.3513480608240975,5.3513480608240975,15.0
2026-02-04,lunch,4,30,31.0,4.0,2026-02-05 04:00:00+03:00,3,2,0,25.0,17.0,15.0,24.285714285714285,6.626066850308869,34.0,0.0,0.0,0.0,0.9887005649717514,10.0,1.2246467991473532e-16,-1.0,81.0,0.38271604938271603,high,13.703483043079743,8.347813742646773,27.502747252747252,6.67320559196118,0.33448548715889054,0.8771084337349397,1.192867469879518,-2.502747252747252,35.69999999999999,0,73.74057196833658,0.33796246242634537,0.3431434677738295,25.303595580840657,0.05240091377390427,32.98585112942195,0.0,25.303595580840657,27.27209082021981,26.719107646477003,25.65747359724974,-5.342526402750259,5.342526402750259,31.0
2026-03-09,lunch,4,123,30.0,4.0,2026-03-10 04:00:00+03:00,1,3,0,32.0,14.0,36.0,25.857142857142858,7.358183005529111,36.0,0.0,0.0,0.0,1.1914893617021276,-4.0,1.2246467991473532e-16,-1.0,63.0,0.47619047619047616,medium,9.529330889092575,10.038386270221814,26.01923076923077,8.949331720839782,0.4426367956090107,1.184341637010676,1.3323843416370107,5.98076923076923,36.0,0,53.79378774102328,0.4394122983576424,0.4584672372224545,24.662689245358088,0.22281592385464605,36.509215553146774,0.0,24.662689245358088,,34.06980942089045,24.662689245358088,-5.337310754641912,5.337310754641912,15.0
2026-03-05,lunch,4,128,31.0,4.0,2026-03-06 04:00:00+03:00,4,3,0,25.0,21.0,27.0,26.0,3.5590260840104775,32.0,0.0,0.0,0.0,0.9259259259259259,-2.0,1.2246467991473532e-16,-1.0,84.0,0.36904761904761907,high,11.91429880843263,7.322747993958596,22.86263736263736,5.724417727106647,0.31992864956999584,1.0476629058254663,1.3410085194565968,2.1373626373626387,30.0,1,80.58095974277919,0.32292085820752475,0.3220470351887969,25.950859177829834,0.2595133178803822,31.73029346564836,0.0,25.950859177829834,26.418618259950108,24.844708234120386,25.67432144190247,-5.325678558097529,5.325678558097529,31.0
2026-02-18,lunch,4,142,17.0,4.0,2026-02-19 04:00:00+03:00,3,2,0,13.0,10.0,10.0,11.142857142857142,3.532165125838622,18.0,0.0,0.0,0.0,1.0705882352941176,3.0,1.2246467991473532e-16,-1.0,36.0,0.4722222222222222,medium,4.23006416131989,3.624165403205612,9.288461538461538,4.106271337026147,0.360800260700566,1.263551401869159,1.749532710280374,3.7115384615384617,14.0,1,31.85161408776567,0.3860643584446838,0.36670218969776375,11.680056631391812,0.27413650270432893,15.630683319103232,0.0,11.680056631391812,,12.972633304308381,11.680056631391812,-5.319943368608188,5.319943368608188,15.0
2026-04-09,dinner,6,135,6.0,3.0,2026-04-10 06:00:00+03:00,4,4,0,0.0,0.0,0.0,0.0,0.0,0.0,0.0,0.0,0.0,0.0,0.0,-1.0,-1.8369701987210297e-16,6.0,1.0,low,0.18659295093296477,0.8339361180545659,0.425414364640884,1.4872367318367268,0.1261454967052952,0.0,0.0,-0.425414364640884,1.0,1,2.0414082025516316,0.10901609920187624,0.3338105731454632,0.68144364211761,0.17028993454113128,0.8125270787430026,0.0,0.68144364211761,,0.14481724809578733,0.68144364211761,-5.31855635788239,5.31855635788239,1.0
2026-03-10,lunch,4,6,23.0,4.0,2026-03-11 04:00:00+03:00,2,3,0,29.0,22.0,28.0,25.142857142857142,3.9339789623472994,30.0,0.0,0.0,0.0,1.109289617486339,1.0,1.2246467991473532e-16,-1.0,80.0,0.2875,medium,10.223521320495186,7.858411454975636,25.560439560439562,7.174655102463964,0.31008066999141487,1.0918494000827472,1.1294993793959454,3.439560439560438,34.0,0,89.38814337651411,0.322009324354923,0.3167102095099931,28.310137616485086,0.2209602299779721,33.82698318956088,0.0,28.310137616485086,,32.57096863591156,28.310137616485086,5.310137616485086,5.310137616485086,15.0
2026-04-05,morning,3,126,16.0,2.0,2026-04-06 03:00:00+03:00,0,4,0,12.0,7.0,8.0,9.714285714285714,1.704336206492671,12.0,0.0,0.0,0.0,1.12,4.0,0.7071067811865476,-0.7071067811865475,85.0,0.18823529411764706,medium,8.943396226415095,8.296270027256874,11.534435261707989,3.7091493415132546,0.18641640460775238,0.9573626373626374,0.9573626373626374,0.46556473829201117,16.0,1,60.79994153354763,0.17741615161542026,0.17587892224138477,10.693428189259564,0.14229659741252113,15.308100374925015,0.0,10.693428189259564,,29.373276865513738,10.693428189259564,-5.3065718107404365,5.3065718107404365,15.0
2026-01-28,lunch,4,4,31.0,4.0,2026-01-29 04:00:00+03:00,3,1,0,19.0,31.0,18.0,26.0,6.164414002968983,35.0,0.0,0.0,0.0,0.7037037037037037,1.0,1.2246467991473532e-16,-1.0,83.0,0.37349397590361444,high,12.723424723424724,8.703156453277504,27.208791208791208,6.88395184651641,0.37716923282176296,0.6735488897545774,1.2407479548110636,-8.208791208791208,36.0,0,70.44279897377852,0.3874780354366066,0.3686060494843594,25.965641844345384,0.04531593561470886,32.416677155482276,0.0,25.965641844345384,28.092186243967998,24.882984917770916,25.694977612701766,-5.305022387298234,5.305022387298234,31.0
2026-03-26,lunch,4,126,27.0,4.0,2026-03-27 04:00:00+03:00,4,3,0,17.0,25.0,14.0,16.142857142857142,5.145501965424759,25.0,0.0,0.0,0.0,0.9916666666666667,3.0,1.2246467991473532e-16,-1.0,62.0,0.43548387096774194,medium,8.943396226415095,8.296270027256874,23.39669421487603,7.377896665537009,0.36997738876250647,0.6968157181571816,1.024728997289973,-6.396694214876032,33.0,0,57.800386580249985,0.3724666205654369,0.37558600042089063,21.70901601845741,0.08301604271767782,27.447527676097735,0.0,21.70901601845741,,27.794138282255577,21.70901601845741,-5.290983981542588,5.290983981542588,15.0
2026-04-01,afternoon,5,2,16.0,3.0,2026-04-02 05:00:00+03:00,3,4,0,7.0,9.0,17.0,10.0,3.91578004149025,17.0,0.0,0.0,0.0,0.6363636363636364,-10.0,-0.7071067811865475,-0.7071067811865477,81.0,0.19753086419753085,medium,7.919532324621733,6.1652836583747,10.104395604395604,3.761495865855915,0.15959778045043044,0.6303809995051954,1.5309252845126176,-3.104395604395604,15.0,1,66.56353320586787,0.16434106393911455,0.16093868102397096,10.71264723844767,0.18642102693419174,15.1063972791659,0.0,10.71264723844767,,23.175200263696972,10.71264723844767,-5.287352761552331,5.287352761552331,15.0
2026-03-08,lunch,4,18,18.0,4.0,2026-03-09 04:00:00+03:00,0,3,0,19.0,19.0,13.0,14.142857142857142,4.4131837120372355,19.0,0.0,0.0,0.0,1.2547169811320755,6.0,1.2246467991473532e-16,-1.0,46.0,0.391304347826087,medium,6.109124254928932,5.453053535091321,11.975206611570249,6.953431693708665,0.27885867315263196,1.4643312101910828,1.4643312101910828,7.024793388429751,20.0,0,38.41077972035923,0.2943968891820079,0.33111522792405323,12.718394081847348,0.2057689040716242,20.390246055377645,0.0,12.718394081847348,,14.7749554530855,12.718394081847348,-5.281605918152652,5.281605918152652,15.0
2026-03-07,dinner,6,140,6.0,3.0,2026-03-08 06:00:00+03:00,6,3,1,1.0,2.0,0.0,0.7142857142857143,0.7559289460184545,2.0,0.0,0.0,0.0,0.5833333333333333,1.0,-1.0,-1.8369701987210297e-16,13.0,0.46153846153846156,low,0.26666666666666666,0.5867246021995556,0.46703296703296704,0.7760257507662547,0.25306776556776556,0.6816479400749064,1.3632958801498127,0.532967032967033,1.0,1,1.8505144797613127,0.2880567514542618,0.3967410416069546,0.7341750422092549,0.4559135519934148,1.7475977970043441,0.0,0.7341750422092549,,0.266060358575824,0.7341750422092549,-5.265824957790745,5.265824957790745,1.0
2026-01-24,lunch,4,99,52.0,4.0,2026-01-25 04:00:00+03:00,6,1,1,45.0,36.0,31.0,38.57142857142857,5.442338432975915,45.0,0.0,0.0,0.0,1.1371841155234657,14.0,1.2246467991473532e-16,-1.0,139.0,0.37410071942446044,mega,17.65933202357564,12.423628976413019,40.497252747252745,7.979484240247015,0.3282854062396855,1.0844091360476664,1.0844091360476664,4.502747252747255,50.0,1,125.77868161569903,0.3458749102494182,0.3330165869568728,41.88638726359525,0.08256805211696353,49.59553729625766,1.0,47.282792286458935,40.576463849329045,46.33073956795754,46.76263159440038,-5.237368405599618,5.237368405599618,49.0
2026-03-23,lunch,4,25,21.0,4.0,2026-03-24 04:00:00+03:00,1,3,0,15.0,16.0,13.0,15.142857142857142,3.132015933791512,20.0,0.0,0.0,0.0,0.9292035398230089,2.0,1.2246467991473532e-16,-1.0,42.0,0.5,medium,7.156736938588451,5.584595796433097,15.87087912087912,5.024165108521969,0.36929438528740477,0.8891060087933561,1.1854746783911416,-0.8708791208791204,21.69999999999999,0,42.620420666577964,0.3693435348255364,0.36991337710355215,15.765863742347882,0.14577113776011233,21.686924316731123,0.0,15.765863742347882,,20.219102891236933,15.765863742347882,-5.234136257652118,5.234136257652118,15.0
2026-02-24,lunch,4,8,32.0,4.0,2026-02-25 04:00:00+03:00,2,2,0,35.0,29.0,30.0,33.57142857142857,5.126959555693272,44.0,0.0,0.0,0.0,1.012396694214876,5.0,1.2246467991473532e-16,-1.0,102.0,0.3137254901960784,high,14.99803536345776,11.147682695162223,34.80494505494506,8.197821234921355,0.33131290749065806,0.9775186066139798,1.2288805340290032,0.1950549450549417,44.0,0,106.8156956873157,0.3395129564070896,0.34045280701448,36.36570342995111,0.1289390169213431,43.631564229996144,0.0,36.36570342995111,37.397248771780895,39.83518239554806,37.23307317135035,5.233073171350348,5.233073171350348,31.0
2026-01-28,lunch,4,10,21.0,4.0,2026-01-29 04:00:00+03:00,3,1,0,22.0,18.0,12.0,19.285714285714285,4.461475305855891,25.0,0.0,0.0,0.0,1.0845070422535212,10.0,1.2246467991473532e-16,-1.0,40.0,0.525,medium,6.580926180651078,5.576694893105304,15.826446280991735,5.457537267559647,0.3959618663932895,1.3074656188605107,1.4857563850687623,6.1735537190082646,23.0,0,38.62363750303831,0.4123349243262809,0.4082208306049839,15.766973382476104,0.11281480086006679,23.190364992094192,0.0,15.766973382476104,,18.9431973629403,15.766973382476104,-5.233026617523896,5.233026617523896,15.0
2026-02-27,lunch,4,126,17.0,4.0,2026-02-28 04:00:00+03:00,5,2,1,35.0,34.0,9.0,23.571428571428573,11.118410300894979,35.0,0.0,0.0,0.0,1.4244186046511627,26.0,1.2246467991473532e-16,-1.0,51.0,0.3333333333333333,medium,8.943396226415095,8.296270027256874,23.39669421487603,7.377896665537009,0.36997738876250647,1.4346205962059622,1.4346205962059622,11.603305785123968,33.0,0,62.1485529958698,0.3572564810793507,0.3576290895847408,22.226130426921934,0.14945744701029634,32.35968510154996,0.0,22.226130426921934,,23.813874121676236,22.226130426921934,5.226130426921934,5.226130426921934,15.0
2026-04-08,lunch,4,434,23.0,4.0,2026-04-09 04:00:00+03:00,3,4,0,14.0,20.0,18.0,17.428571428571427,3.5523298860111074,21.0,0.0,0.0,0.0,0.7596899224806202,-4.0,1.2246467991473532e-16,-1.0,72.0,0.3194444444444444,medium,7.621359223300971,6.761882045397149,16.980392156862745,6.830783838121162,0.3594009148733045,0.7786259541984732,1.16793893129771,-2.980392156862745,24.0,0,47.92681475689195,0.35326061041763523,0.3709410785839748,17.77802435901586,0.16236675173535714,24.94393251215765,0.0,17.77802435901586,,21.716012711053374,17.77802435901586,-5.221975640984141,5.221975640984141,15.0
2026-03-05,lunch,4,25,23.0,4.0,2026-03-06 04:00:00+03:00,4,3,0,18.0,21.0,20.0,18.285714285714285,2.811540841738214,21.0,0.0,0.0,0.0,0.9333333333333333,-2.0,1.2246467991473532e-16,-1.0,52.0,0.4423076923076923,medium,7.156736938588451,5.584595796433097,15.87087912087912,5.024165108521969,0.36929438528740477,1.0669272105520273,1.2447484123106987,2.1291208791208796,21.69999999999999,1,48.09686015582306,0.3715082273994891,0.36970606798825434,17.781701050790282,0.29565420379808616,23.99697972882085,0.0,17.781701050790282,,20.918432654901018,17.781701050790282,-5.218298949209718,5.218298949209718,15.0
2026-02-09,lunch,4,123,23.0,4.0,2026-02-10 04:00:00+03:00,1,2,0,29.0,20.0,26.0,27.714285714285715,4.535573676110737,34.0,0.0,0.0,0.0,1.0099502487562189,3.0,1.2246467991473532e-16,-1.0,62.0,0.3709677419354839,medium,9.529330889092575,10.038386270221814,26.01923076923077,8.949331720839782,0.4426367956090107,1.0733096085409253,1.2583629893238433,2.98076923076923,36.0,0,61.76460978301214,0.44390668191199056,0.45682018346148556,28.21532037250267,0.22918222380618666,35.802860379100935,0.0,28.21532037250267,,34.28543482908321,28.21532037250267,5.215320372502671,5.215320372502671,15.0
2026-03-16,lunch,4,2,17.0,4.0,2026-03-17 04:00:00+03:00,1,3,0,25.0,11.0,21.0,20.142857142857142,5.899959644736875,27.0,0.0,0.0,0.0,1.1824324324324325,4.0,1.2246467991473532e-16,-1.0,70.0,0.24285714285714285,medium,7.919532324621733,6.1652836583747,19.313186813186814,5.6393678951648205,0.3040886563507092,1.230727616986746,1.3291858263456857,5.686813186813186,26.0,0,74.03158734361985,0.3013677328753056,0.3000185206373425,22.210847315267035,0.26259644308250113,26.23720852281391,0.0,22.210847315267035,,24.93447963350334,22.210847315267035,5.210847315267035,5.210847315267035,15.0
2026-03-22,dinner,6,2,15.0,3.0,2026-03-23 06:00:00+03:00,0,3,0,11.0,5.0,11.0,7.857142857142857,3.287784027201879,11.0,0.0,0.0,0.0,1.2419354838709677,0.0,-1.0,-1.8369701987210297e-16,76.0,0.19736842105263158,medium,7.919532324621733,6.1652836583747,8.604395604395604,3.172294390471247,0.13768836988463973,1.145308924485126,1.145308924485126,2.395604395604396,13.0,1,70.46850334545927,0.14004154691599213,0.13902046304839513,9.79656396541313,0.21157543997374265,13.222553671653241,0.0,9.79656396541313,,24.994125068507184,9.79656396541313,-5.20343603458687,5.20343603458687,15.0
2026-02-08,afternoon,5,126,17.0,3.0,2026-02-09 05:00:00+03:00,0,2,0,3.0,6.0,23.0,12.0,6.582805886043835,23.0,0.0,0.0,0.0,0.23076923076923078,-20.0,-0.7071067811865475,-0.7071067811865477,71.0,0.23943661971830985,medium,8.943396226415095,8.296270027256874,12.090659340659341,4.388191091061965,0.19280413992264367,0.2291710388247639,1.7569779643231898,-9.090659340659341,18.0,0,58.05720392746693,0.20340427265846517,0.2034019964112685,11.808951184902911,0.12709040349503672,16.788425688037908,0.0,11.808951184902911,,29.85573910279271,11.808951184902911,-5.191048815097089,5.191048815097089,15.0
2026-02-11,lunch,4,123,34.0,4.0,2026-02-12 04:00:00+03:00,3,2,0,31.0,23.0,25.0,26.857142857142858,4.259443290250178,31.0,0.0,0.0,0.0,1.1128205128205129,6.0,1.2246467991473532e-16,-1.0,62.0,0.5483870967741935,medium,9.529330889092575,10.038386270221814,26.01923076923077,8.949331720839782,0.4426367956090107,1.1473309608540925,1.1473309608540925,4.98076923076923,36.0,0,62.80726843161066,0.4439608049462893,0.4587744982120793,28.81437305878355,0.2058213986057301,34.936381404005445,0.0,28.81437305878355,,32.364272988381884,28.81437305878355,-5.1856269412164515,5.1856269412164515,15.0
2026-02-27,lunch,4,30,36.0,4.0,2026-02-28 04:00:00+03:00,5,2,1,29.0,27.0,25.0,28.714285714285715,5.122313465427064,36.0,0.0,0.0,0.0,0.9759615384615384,4.0,1.2246467991473532e-16,-1.0,88.0,0.4090909090909091,high,13.703483043079743,8.347813742646773,27.502747252747252,6.67320559196118,0.33448548715889054,1.01744578313253,1.2630361445783134,1.4972527472527482,35.69999999999999,1,90.97657408583532,0.34045045849204236,0.3358090735632762,30.550759059725124,0.1618861166147897,37.55531932806724,0.0,30.550759059725124,33.3758673366723,31.6158607520225,30.817034482799468,-5.1829655172005324,5.1829655172005324,31.0
2026-03-03,lunch,4,18,17.0,4.0,2026-03-04 04:00:00+03:00,2,3,0,7.0,13.0,13.0,12.285714285714286,5.282495802626088,22.0,0.0,0.0,0.0,0.5268817204301075,-6.0,1.2246467991473532e-16,-1.0,40.0,0.425,medium,6.109124254928932,5.453053535091321,11.975206611570249,6.953431693708665,0.27885867315263196,0.5394904458598726,1.6955414012738852,-4.975206611570249,20.0,0,36.35358972562392,0.29269002897450624,0.32537472057272154,11.828539098790243,0.11382029746548783,18.066374394005535,0.0,11.828539098790243,,13.860283889899586,11.828539098790243,-5.171460901209757,5.171460901209757,15.0
2026-02-05,lunch,4,25,22.0,4.0,2026-02-06 04:00:00+03:00,4,2,0,14.0,17.0,10.0,14.142857142857142,2.9113897843110137,18.0,0.0,0.0,0.0,0.9245283018867925,4.0,1.2246467991473532e-16,-1.0,52.0,0.4230769230769231,medium,7.156736938588451,5.584595796433097,15.87087912087912,5.024165108521969,0.36929438528740477,0.8298322748737991,1.0669272105520273,-1.8708791208791204,21.69999999999999,1,46.771903040803835,0.366805642931878,0.36008003908078395,16.841628674815283,0.12304243274216443,20.912842623943483,0.0,16.841628674815283,,19.318921197808955,16.841628674815283,-5.158371325184717,5.158371325184717,15.0
2026-02-28,lunch,4,30,32.0,4.0,2026-03-01 04:00:00+03:00,6,3,1,36.0,29.0,36.0,30.285714285714285,5.468524655221194,36.0,0.0,0.0,0.0,1.1506849315068493,0.0,1.2246467991473532e-16,-1.0,86.0,0.37209302325581395,high,13.703483043079743,8.347813742646773,27.502747252747252,6.67320559196118,0.33448548715889054,1.2630361445783134,1.2630361445783134,8.497252747252748,35.69999999999999,0,89.4693501753986,0.3386417302832019,0.33541999232697245,30.00980874933141,0.3830181425166988,40.63066041680199,1.0,37.44440491656081,34.858751041819175,34.82949697644557,37.15581019138191,5.15581019138191,5.15581019138191,31.0
2026-04-08,lunch,4,2,27.0,4.0,2026-04-09 04:00:00+03:00,3,4,0,23.0,23.0,30.0,19.857142857142858,5.956189257922407,30.0,0.0,0.0,0.0,1.1027397260273972,-7.0,1.2246467991473532e-16,-1.0,87.0,0.3103448275862069,medium,7.919532324621733,6.1652836583747,19.313186813186814,5.6393678951648205,0.3040886563507092,1.1322694076278064,1.4768731403840951,3.686813186813186,26.0,1,73.78908157878028,0.302029672940828,0.29604041323160335,21.844550202562605,0.2776340867217715,27.30471202168914,0.0,21.844550202562605,,24.70222743684763,21.844550202562605,-5.155449797437395,5.155449797437395,15.0
2026-02-13,dinner,6,296,6.0,3.0,2026-02-14 06:00:00+03:00,5,2,1,3.0,0.0,2.0,1.0,1.2909944487358054,3.0,0.0,0.0,0.0,1.5,1.0,-1.0,-1.8369701987210297e-16,9.0,0.6666666666666666,low,0.33933933933933935,0.6683904316040283,0.572347266881029,0.8114546605408546,0.2756341550553769,1.9079754601226993,1.9079754601226993,2.427652733118971,2.0,1,2.796969889429711,0.25586024458874307,0.3049754146429006,0.853007051772534,0.3778139743061441,2.1098608479930547,0.0,0.853007051772534,,0.4169432025676925,0.853007051772534,-5.146992948227466,5.146992948227466,1.0
2026-03-04,morning,3,126,18.0,2.0,2026-03-05 03:00:00+03:00,3,3,0,11.0,5.0,7.0,9.714285714285714,3.251373336211716,14.0,0.0,0.0,0.0,1.0266666666666668,4.0,0.7071067811865476,-0.7071067811865475,91.0,0.1978021978021978,medium,8.943396226415095,8.296270027256874,11.534435261707989,3.7091493415132546,0.18641640460775238,0.8775824175824176,1.116923076923077,-0.5344352617079888,16.0,1,72.40472599358179,0.18083524566312806,0.17757661626419485,12.857386243476448,0.1035370055466587,15.533941797966131,0.0,12.857386243476448,,31.502661313206268,12.857386243476448,-5.142613756523552,5.142613756523552,15.0
2026-03-14,lunch,4,8,43.0,4.0,2026-03-15 04:00:00+03:00,6,3,1,33.0,35.0,32.0,33.714285714285715,3.352326839390143,39.0,0.0,0.0,0.0,0.9506172839506173,1.0,1.2246467991473532e-16,-1.0,121.0,0.35537190082644626,high,14.99803536345776,11.147682695162223,34.80494505494506,8.197821234921355,0.33131290749065806,0.9216604005217524,1.0892350187984345,-1.8049450549450583,44.0,0,111.57596818699193,0.33529084273901283,0.32857961567744426,36.66158874572056,0.15721137022192044,43.091096249096836,0.0,36.66158874572056,36.69848826845241,41.44995390547617,37.85868003565946,-5.141319964340539,5.141319964340539,31.0
2026-02-16,lunch,4,26,23.0,4.0,2026-02-17 04:00:00+03:00,1,2,0,17.0,11.0,15.0,14.571428571428571,3.59894164336975,19.0,0.0,0.0,0.0,1.0917431192660552,2.0,1.2246467991473532e-16,-1.0,51.0,0.45098039215686275,medium,6.941311325080238,5.5889179275364755,15.826446280991735,5.194574867535046,0.38014555485808005,1.0103143418467584,1.1291748526522594,1.1735537190082646,22.0,1,45.79369446346528,0.39388924234212125,0.39001787311124353,17.860359316546855,0.15282705441457725,22.35648944513055,0.0,17.860359316546855,,19.459233271986722,17.860359316546855,-5.139640683453145,5.139640683453145,15.0
2026-02-14,lunch,4,29,45.0,4.0,2026-02-15 04:00:00+03:00,6,2,1,39.0,32.0,40.0,34.714285714285715,7.34198623703165,46.0,0.0,0.0,0.0,1.0919999999999999,-1.0,1.2246467991473532e-16,-1.0,97.0,0.4639175257731959,high,16.77201257861635,11.447047939359384,39.06611570247934,7.990742783350609,0.33541085213730065,0.9733910891089109,1.148102310231023,-0.06611570247933685,49.0,0,114.49101570198839,0.3393170572387293,0.33408596521857054,38.249841489653306,0.21920737214846917,47.297907292199056,0.0,38.249841489653306,40.27173923163662,44.703508833019995,39.86325832549498,-5.136741674505018,5.136741674505018,31.0
2026-02-28,lunch,4,17,19.0,4.0,2026-03-01 04:00:00+03:00,6,3,1,13.0,6.0,10.0,9.571428571428571,2.5071326821121245,13.0,0.0,0.0,0.0,1.2297297297297298,3.0,1.2246467991473532e-16,-1.0,56.0,0.3392857142857143,medium,8.011462631820265,6.234805877300177,17.198347107438018,4.6897440141075535,0.3602424193301202,0.7143505903723887,0.7143505903723887,-4.198347107438018,23.0,0,40.946573340603514,0.32925550610615234,0.33876271282855996,13.871172265896437,0.031147969720711318,18.283950840509704,0.0,13.871172265896437,,19.651822742548237,13.871172265896437,-5.128827734103563,5.128827734103563,15.0
2026-02-12,afternoon,5,115,18.0,3.0,2026-02-13 05:00:00+03:00,4,2,0,14.0,8.0,19.0,13.0,3.366501646120715,19.0,0.0,0.0,0.0,1.0,-5.0,-0.7071067811865475,-0.7071067811865477,81.0,0.2222222222222222,medium,8.859724950884086,7.0585746120055335,10.81868131868132,3.431354761820502,0.17551070249498216,1.1845653184565317,1.607624360762436,3.1813186813186807,15.0,1,70.3726980192568,0.18465346102396188,0.1830164191065144,12.879359194348478,0.34035738504116175,17.13121408195123,0.0,12.879359194348478,,26.963985061450412,12.879359194348478,-5.120640805651522,5.120640805651522,15.0
2026-03-21,lunch,4,35,34.0,4.0,2026-03-22 04:00:00+03:00,6,3,1,43.0,39.0,27.0,29.428571428571427,8.38365757206926,43.0,0.0,0.0,0.0,1.4131455399061033,16.0,1.2246467991473532e-16,-1.0,110.0,0.3090909090909091,high,12.99404216315307,8.966106707239911,27.76098901098901,6.366710522390032,0.3561335102986236,1.4950807144904001,1.4950807144904001,15.239010989010989,37.0,0,99.72267430957396,0.3508793797496914,0.34603825914286895,34.507860615156275,0.36625816059154237,42.097523649311796,1.0,39.82062473906514,34.558688196602446,35.10533121252285,39.11352228995461,5.113522289954609,5.113522289954609,31.0
2026-03-07,dinner,6,17,16.0,3.0,2026-03-08 06:00:00+03:00,6,3,1,6.0,5.0,12.0,7.285714285714286,2.5634797778466405,12.0,0.0,0.0,0.0,0.7241379310344829,-6.0,-1.0,-1.8369701987210297e-16,69.0,0.2318840579710145,medium,8.011462631820265,6.234805877300177,10.173076923076923,3.661314458540056,0.213529767271972,0.5370051635111875,1.074010327022375,-4.173076923076923,15.0,1,53.121822320802046,0.20280255457172175,0.2051266593967331,10.896701953732936,0.14525152723909315,13.68452203111535,0.0,10.896701953732936,,20.809553526105898,10.896701953732936,-5.103298046267064,5.103298046267064,15.0
2026-02-01,lunch,4,37,15.0,4.0,2026-02-02 04:00:00+03:00,0,2,0,9.0,7.0,10.0,11.714285714285714,4.386125310350247,19.0,0.0,0.0,0.0,0.7078651685393259,-1.0,1.2246467991473532e-16,-1.0,26.0,0.5769230769230769,medium,4.2158570119156735,4.037725090920908,10.324175824175825,3.792027032582001,0.4077077915187296,0.7947598253275109,1.677826297913634,-1.3241758241758248,15.0,1,23.596644944867293,0.41660828331553895,0.41942367242676654,9.896991479726736,0.28595706643769564,15.156299144265162,0.0,9.896991479726736,,12.561522167055863,9.896991479726736,-5.103008520273264,5.103008520273264,15.0
2026-03-25,lunch,4,6,23.0,4.0,2026-03-26 04:00:00+03:00,3,3,0,21.0,31.0,29.0,23.714285714285715,5.1869800370507235,31.0,0.0,0.0,0.0,0.8497109826589595,-8.0,1.2246467991473532e-16,-1.0,78.0,0.2948717948717949,medium,10.223521320495186,7.858411454975636,25.560439560439562,7.174655102463964,0.31008066999141487,0.7906495655771617,1.1671493587091435,-4.560439560439562,34.0,0,87.24769001833874,0.3244178721262998,0.32206549026794307,28.09947006050179,0.1592253331980245,33.05226084058958,0.0,28.09947006050179,,32.28037334018792,28.09947006050179,5.09947006050179,5.09947006050179,15.0
2026-03-31,lunch,4,142,16.0,4.0,2026-04-01 04:00:00+03:00,2,4,0,11.0,8.0,11.0,8.142857142857142,2.853569193634025,11.0,0.0,0.0,0.0,1.203125,0.0,1.2246467991473532e-16,-1.0,33.0,0.48484848484848486,medium,4.23006416131989,3.624165403205612,9.288461538461538,4.106271337026147,0.360800260700566,1.0691588785046728,1.0691588785046728,1.7115384615384617,14.0,1,29.59923679542572,0.37307309298620195,0.3684939224978574,10.907138869689335,0.16206349254046337,14.449624250463454,0.0,10.907138869689335,,11.007331628654242,10.907138869689335,-5.092861130310665,5.092861130310665,15.0
2026-03-02,lunch,4,26,15.0,4.0,2026-03-03 04:00:00+03:00,1,3,0,17.0,12.0,23.0,15.285714285714286,4.270608298368657,23.0,0.0,0.0,0.0,1.0438596491228072,-6.0,1.2246467991473532e-16,-1.0,30.0,0.5,medium,6.941311325080238,5.5889179275364755,15.826446280991735,5.194574867535046,0.38014555485808005,1.0103143418467584,1.3668958742632613,1.1735537190082646,22.0,0,51.62162840169162,0.3924776577995396,0.3891638909524913,20.089273766105947,0.20978506061435356,23.422025040065535,0.0,20.089273766105947,,20.697344705296175,20.089273766105947,5.089273766105947,5.089273766105947,15.0
2026-03-10,lunch,4,126,21.0,4.0,2026-03-11 04:00:00+03:00,2,3,0,27.0,9.0,28.0,21.857142857142858,7.776643908280121,28.0,0.0,0.0,0.0,1.18125,-1.0,1.2246467991473532e-16,-1.0,61.0,0.3442622950819672,medium,8.943396226415095,8.296270027256874,23.39669421487603,7.377896665537009,0.36997738876250647,1.1067073170731707,1.1476964769647697,3.6033057851239683,33.0,0,69.58682370218875,0.38382789925471267,0.3745057748398972,26.060667329235525,0.1951820851405672,33.15702967959601,0.0,26.060667329235525,,30.632085315172922,26.060667329235525,5.060667329235525,5.060667329235525,15.0
2026-02-02,lunch,4,37,17.0,4.0,2026-02-03 04:00:00+03:00,1,2,0,15.0,9.0,15.0,12.428571428571429,4.466808810815694,19.0,0.0,0.0,0.0,1.1170212765957446,0.0,1.2246467991473532e-16,-1.0,27.0,0.6296296296296297,medium,4.2158570119156735,4.037725090920908,10.324175824175825,3.792027032582001,0.4077077915187296,1.3245997088791848,1.677826297913634,4.675824175824175,15.0,1,28.354007476486444,0.42575074504510685,0.4213968396765648,11.948289142757078,0.3275350151449115,17.160449035374732,0.0,11.948289142757078,,13.708371558089132,11.948289142757078,-5.051710857242922,5.051710857242922,15.0
2026-03-10,lunch,4,26,15.0,4.0,2026-03-11 04:00:00+03:00,2,3,0,19.0,10.0,24.0,16.857142857142858,4.947341758580106,24.0,0.0,0.0,0.0,1.064,-5.0,1.2246467991473532e-16,-1.0,36.0,0.4166666666666667,medium,6.941311325080238,5.5889179275364755,15.826446280991735,5.194574867535046,0.38014555485808005,1.1291748526522594,1.4263261296660117,3.1735537190082646,22.0,0,51.86522315785201,0.3927620162287504,0.38626884153846397,20.03391966531741,0.25622052202518586,23.991698611321546,0.0,20.03391966531741,,21.22775976829172,20.03391966531741,5.033919665317409,5.033919665317409,15.0
2026-04-10,lunch,4,69,53.0,4.0,2026-04-11 04:00:00+03:00,5,4,1,45.0,50.0,70.0,52.714285714285715,15.228419547174349,76.0,0.0,0.0,0.0,0.8377659574468085,-25.0,1.2246467991473532e-16,-1.0,198.0,0.2676767676767677,mega,25.709899175068745,15.187584008448223,49.92032967032967,11.401837554339034,0.32250586815508425,0.8837334772052873,1.4925276503911518,-4.9203296703296715,65.0,0,170.78550296049679,0.32279600814077847,0.32113494998340386,54.84519395110961,0.2932126011105498,67.7706978443548,0.0,54.84519395110961,60.02377028938095,67.55386468564258,58.02236163474285,5.02236163474285,5.02236163474285,49.0
2026-03-29,afternoon,5,123,15.0,3.0,2026-03-30 05:00:00+03:00,0,3,0,4.0,6.0,11.0,9.571428571428571,4.117326918327105,15.0,0.0,0.0,0.0,0.3783783783783784,-7.0,-0.7071067811865475,-0.7071067811865477,58.0,0.25862068965517243,medium,9.529330889092575,10.038386270221814,11.35989010989011,5.427674822829868,0.18851876592146113,0.32362747277172704,1.2136030228939765,-7.3598901098901095,18.0,0,51.19964241853271,0.1868369514390174,0.1949768162167326,9.982743270200679,0.17859186986284553,16.380622835984767,0.0,9.982743270200679,,33.802933181842555,9.982743270200679,-5.017256729799321,5.017256729799321,15.0
2026-03-21,lunch,4,30,36.0,4.0,2026-03-22 04:00:00+03:00,6,3,1,28.0,14.0,21.0,22.428571428571427,4.577377082170654,28.0,0.0,0.0,0.0,1.1951219512195124,7.0,1.2246467991473532e-16,-1.0,85.0,0.4235294117647059,high,13.703483043079743,8.347813742646773,27.502747252747252,6.67320559196118,0.33448548715889054,0.9823614457831326,0.9823614457831326,0.49725274725274815,35.69999999999999,1,81.40940902647442,0.3335221415485672,0.33075047894562604,26.926201026186785,0.10679764548433572,32.83106247154172,1.0,31.059604037935237,29.052101731640544,31.23962539093034,30.984263899015534,-5.015736100984466,5.015736100984466,31.0
2026-03-16,afternoon,5,123,18.0,3.0,2026-03-17 05:00:00+03:00,1,3,0,12.0,5.0,16.0,11.0,4.041451884327384,16.0,0.0,0.0,0.0,1.0,-4.0,-0.7071067811865475,-0.7071067811865477,70.0,0.2571428571428571,medium,9.529330889092575,10.038386270221814,11.35989010989011,5.427674822829868,0.18851876592146113,0.9708824183151812,1.2945098910869082,0.6401098901098905,18.0,1,65.86390872004839,0.1901030778226239,0.19723387942035384,12.990594230643215,0.23204053887552417,18.305567767968423,0.0,12.990594230643215,,34.52295124592138,12.990594230643215,-5.0094057693567855,5.0094057693567855,15.0
2026-02-15,lunch,4,1,16.0,4.0,2026-02-16 04:00:00+03:00,0,2,0,9.0,12.0,12.0,12.285714285714286,1.8898223650461408,15.0,0.0,0.0,0.0,0.6774193548387096,-3.0,1.2246467991473532e-16,-1.0,36.0,0.4444444444444444,medium,4.8180943214629455,4.2007427440961616,11.460055096418733,4.104360569877324,0.41188275422050785,0.722308202520451,1.2038470042007516,-2.460055096418733,17.0,0,26.152098288149,0.4207250069600124,0.42029366219020253,10.991561163484269,0.25136168023361233,17.28957149520461,0.0,10.991561163484269,,15.542121491236525,10.991561163484269,-5.008438836515731,5.008438836515731,15.0
2026-02-26,lunch,4,35,39.0,4.0,2026-02-27 04:00:00+03:00,4,2,0,28.0,24.0,30.0,26.571428571428573,4.540820148282433,31.0,0.0,0.0,0.0,1.015544041450777,-2.0,1.2246467991473532e-16,-1.0,96.0,0.40625,high,12.99404216315307,8.966106707239911,27.76098901098901,6.366710522390032,0.3561335102986236,0.973540930365842,1.0778488871907537,0.23901098901098905,37.0,1,85.96412920207734,0.3531864759076386,0.35201146116618337,30.26035872830182,0.17524367382462783,36.67233420600468,1.0,34.74874156269382,29.91776597532586,29.21820880897001,33.99676460113891,-5.0032353988610865,5.0032353988610865,31.0
2026-03-27,dinner,6,345,5.0,2.0,2026-03-28 06:00:00+03:00,5,3,1,0.0,0.0,0.0,0.0,0.0,0.0,0.0,0.0,0.0,0.0,0.0,-1.0,-1.8369701987210297e-16,5.0,1.0,low,0.006198347107438017,0.078525777569344,0.0048543689320388345,0.06967330142916175,0.0024271844660194173,0.0,0.0,-0.0048543689320388345,0.0,1,0.08546020399852224,0.015980695942551887,0.29543408280274014,0.02524785698443848,0.9999778720304182,0.010484024893074206,0.0,0.02524785698443848,,0.01682521838862461,0.02524785698443848,-4.974752143015562,4.974752143015562,1.0
2026-02-13,lunch,4,25,19.0,4.0,2026-02-14 04:00:00+03:00,5,2,1,23.0,25.0,13.0,17.142857142857142,6.094494002200449,25.0,0.0,0.0,0.0,1.2677165354330708,10.0,1.2246467991473532e-16,-1.0,48.0,0.3958333333333333,medium,7.156736938588451,5.584595796433097,15.87087912087912,5.024165108521969,0.36929438528740477,1.3632958801498127,1.481843347988927,7.1291208791208796,21.69999999999999,0,38.724367816288456,0.365982682116462,0.36261521747683334,14.042045057356324,0.20361291781642865,22.528445771739975,0.0,14.042045057356324,,17.713490061106477,14.042045057356324,-4.957954942643676,4.957954942643676,15.0
2026-02-11,lunch,4,2,17.0,4.0,2026-02-12 04:00:00+03:00,3,2,0,18.0,21.0,20.0,20.0,2.0816659994661104,24.0,0.0,0.0,0.0,0.8571428571428571,-2.0,1.2246467991473532e-16,-1.0,61.0,0.2786885245901639,medium,7.919532324621733,6.1652836583747,19.313186813186814,5.6393678951648205,0.3040886563507092,0.8861238842304571,1.181498512307276,-1.3131868131868139,26.0,0,74.5507870842137,0.30257666405226874,0.2943748396587986,21.945875994352644,0.1395284055158619,26.06853908607772,0.0,21.945875994352644,,24.10926177508334,21.945875994352644,4.945875994352644,4.945875994352644,15.0
2026-03-11,morning,3,6,17.0,2.0,2026-03-12 03:00:00+03:00,3,3,0,14.0,8.0,9.0,11.571428571428571,2.8199966227605793,15.0,0.0,0.0,0.0,1.1136363636363638,5.0,0.7071067811865476,-0.7071067811865475,100.0,0.17,medium,10.223521320495186,7.858411454975636,11.15702479338843,3.8672907939562746,0.1360488109560432,1.151597552685248,1.2338545207341944,2.8429752066115697,16.0,1,89.38991454116048,0.13561582535878228,0.13496681833366533,12.064672356738676,0.198305942821714,16.319362252174244,0.0,12.064672356738676,,32.335903710688655,12.064672356738676,-4.935327643261324,4.935327643261324,15.0
2026-01-30,lunch,4,115,16.0,4.0,2026-01-31 04:00:00+03:00,5,1,1,13.0,19.0,23.0,20.142857142857142,4.017817460121488,24.0,0.0,0.0,0.0,0.6148648648648649,-10.0,1.2246467991473532e-16,-1.0,61.0,0.26229508196721313,medium,8.859724950884086,7.0585746120055335,21.186813186813186,5.342613320180643,0.3419472329595375,0.5859336305101536,1.0817236255572065,-8.186813186813186,28.0,0,59.81957879039356,0.3542728417108222,0.34995996227813103,20.934457536979817,0.07458247298232605,24.258366789215803,0.0,20.934457536979817,,19.83295437373586,20.934457536979817,4.934457536979817,4.934457536979817,15.0
2026-02-19,lunch,4,6,31.0,4.0,2026-02-20 04:00:00+03:00,4,2,0,28.0,27.0,27.0,27.714285714285715,1.3801311186848852,30.0,0.0,0.0,0.0,0.9751243781094527,1.0,1.2246467991473532e-16,-1.0,103.0,0.30097087378640774,medium,10.223521320495186,7.858411454975636,25.560439560439562,7.174655102463964,0.31008066999141487,1.0541994207695489,1.1294993793959454,2.439560439560438,34.0,0,82.51092530146506,0.3240109251271991,0.3161381935672567,26.08485487436802,0.1741467639087525,34.7527477104574,0.0,26.08485487436802,,32.756923578493485,26.08485487436802,-4.91514512563198,4.91514512563198,15.0
2026-03-12,dinner,6,434,16.0,3.0,2026-03-13 06:00:00+03:00,4,3,0,13.0,12.0,13.0,13.142857142857142,3.3380918415851113,18.0,0.0,0.0,0.0,0.9191919191919192,0.0,-1.0,-1.8369701987210297e-16,49.0,0.32653061224489793,medium,7.621359223300971,6.761882045397149,9.711538461538462,4.59042711696186,0.19428502784213808,1.2136445242369838,1.6804308797127467,3.2884615384615383,14.899999999999999,1,52.98205588518103,0.2142601138764934,0.20923430804996876,11.085663802200628,0.39944174633393614,17.245469168174097,0.0,11.085663802200628,,23.179197815527317,11.085663802200628,-4.914336197799372,4.914336197799372,15.0
2026-02-12,lunch,4,25,23.0,4.0,2026-02-13 04:00:00+03:00,4,2,0,25.0,16.0,22.0,17.0,5.944184833375677,25.0,0.0,0.0,0.0,1.3888888888888888,3.0,1.2246467991473532e-16,-1.0,53.0,0.4339622641509434,medium,7.156736938588451,5.584595796433097,15.87087912087912,5.024165108521969,0.36929438528740477,1.481843347988927,1.481843347988927,9.12912087912088,21.69999999999999,1,48.44939740280638,0.3789668262191775,0.37337487397890107,18.08978764962653,0.3588959170363767,24.218612521745214,0.0,18.08978764962653,,20.492427748913542,18.08978764962653,-4.91021235037347,4.91021235037347,15.0
2026-04-03,lunch,4,126,16.0,4.0,2026-04-04 04:00:00+03:00,5,4,1,23.0,26.0,15.0,20.571428571428573,5.094347941825406,26.0,0.0,0.0,0.0,1.0662251655629138,8.0,1.2246467991473532e-16,-1.0,56.0,0.2857142857142857,medium,8.943396226415095,8.296270027256874,23.39669421487603,7.377896665537009,0.36997738876250647,0.9427506775067751,1.065718157181572,-0.39669421487603174,33.0,0,59.66765428818218,0.344921389758158,0.35043611621651405,20.90970103250019,0.038014619123744986,27.38981015506664,0.0,20.90970103250019,,22.258725732911792,20.90970103250019,4.909701032500191,4.909701032500191,15.0
2026-03-22,afternoon,5,2,16.0,3.0,2026-03-23 05:00:00+03:00,0,3,0,3.0,12.0,4.0,8.142857142857142,3.760699023168058,12.0,0.0,0.0,0.0,0.328125,-1.0,-0.7071067811865475,-0.7071067811865477,76.0,0.21052631578947367,medium,7.919532324621733,6.1652836583747,10.104395604395604,3.761495865855915,0.15959778045043044,0.2701632855022266,1.0806531420089065,-7.104395604395604,15.0,1,70.46850334545927,0.15858190991572707,0.15742564284017982,11.093549439144288,0.10359160219317676,12.479635354508584,0.0,11.093549439144288,,24.994125068507184,11.093549439144288,-4.906450560855712,4.906450560855712,15.0
2026-04-09,lunch,4,30,32.0,4.0,2026-04-10 04:00:00+03:00,4,4,0,25.0,31.0,22.0,24.285714285714285,6.01980857154905,31.0,0.0,0.0,0.0,0.9887005649717514,3.0,1.2246467991473532e-16,-1.0,97.0,0.32989690721649484,high,13.703483043079743,8.347813742646773,27.502747252747252,6.67320559196118,0.33448548715889054,0.8771084337349397,1.0876144578313254,-2.502747252747252,35.69999999999999,0,78.68276836790784,0.3312042204361154,0.34181612296287334,26.895038827504067,0.07573522894513034,33.92421077428942,0.0,26.895038827504067,28.023185596421943,27.729826886715543,27.103735842306936,-4.896264157693064,4.896264157693064,31.0
2026-03-13,lunch,4,69,64.0,4.0,2026-03-14 04:00:00+03:00,5,3,1,57.0,46.0,73.0,54.857142857142854,12.889641466808042,73.0,0.0,0.0,0.0,1.0204603580562661,-16.0,1.2246467991473532e-16,-1.0,182.0,0.3516483516483517,mega,25.709899175068745,15.187584008448223,49.92032967032967,11.401837554339034,0.32250586815508425,1.1193957377933639,1.4336120852441328,7.0796703296703285,65.0,0,195.5588304655868,0.33535535714999204,0.33063570426936106,64.65873163708187,0.6456794870881492,73.8835877049506,0.45489151859715254,67.59614778696894,70.57781011883627,73.37087466821457,68.89623215861423,4.896232158614225,4.896232158614225,49.0
2026-02-12,lunch,4,8,41.0,4.0,2026-02-13 04:00:00+03:00,4,2,0,56.0,40.0,38.0,39.857142857142854,7.819389819088047,56.0,0.0,0.0,0.0,1.3706293706293706,18.0,1.2246467991473532e-16,-1.0,99.0,0.41414141414141414,high,14.99803536345776,11.147682695162223,34.80494505494506,8.197821234921355,0.33131290749065806,1.5640297705823676,1.5640297705823676,21.19505494505494,44.0,0,115.32364985950086,0.3437805473560457,0.3430841863628636,39.56572058044262,0.3778148891362286,49.83686763339004,1.0,46.75552351750581,41.45600806463176,39.75209115789225,45.894541457142175,4.894541457142175,4.894541457142175,31.0
2026-02-14,afternoon,5,6,18.0,3.0,2026-02-15 05:00:00+03:00,6,2,1,9.0,16.0,9.0,14.428571428571429,4.577377082170624,21.0,0.0,0.0,0.0,0.5833333333333334,0.0,-0.7071067811865475,-0.7071067811865477,80.0,0.225,medium,10.223521320495186,7.858411454975636,14.112637362637363,4.041241206698928,0.17560393845596073,0.5955280858025813,1.3895655335393564,-5.112637362637363,19.0,0,80.28833284013815,0.17175276099203826,0.16328063902842668,13.109530292664774,0.07814969576355668,16.93244350664004,0.0,13.109530292664774,,25.56282157832975,13.109530292664774,-4.890469707335226,4.890469707335226,15.0
2026-02-25,lunch,4,25,21.0,4.0,2026-02-26 04:00:00+03:00,3,2,0,17.0,23.0,18.0,15.857142857142858,4.561745697594716,23.0,0.0,0.0,0.0,1.0084745762711864,-1.0,1.2246467991473532e-16,-1.0,42.0,0.5,medium,7.156736938588451,5.584595796433097,15.87087912087912,5.024165108521969,0.36929438528740477,1.0076534766324703,1.3632958801498127,1.1291208791208796,21.69999999999999,0,43.923083405228844,0.37381896754440813,0.36703054553377235,16.121113263746526,0.20265957464714374,22.821739253183072,0.0,16.121113263746526,,20.34866290919184,16.121113263746526,-4.878886736253474,4.878886736253474,15.0
2026-02-09,lunch,4,25,21.0,4.0,2026-02-10 04:00:00+03:00,1,2,0,14.0,8.0,15.0,14.714285714285714,4.231401884099637,22.0,0.0,0.0,0.0,0.890909090909091,-1.0,1.2246467991473532e-16,-1.0,46.0,0.45652173913043476,medium,7.156736938588451,5.584595796433097,15.87087912087912,5.024165108521969,0.36929438528740477,0.8298322748737991,1.3040221462302557,-1.8708791208791204,21.69999999999999,0,44.63389830610238,0.36800916308059195,0.36131963333682937,16.127103770354243,0.11951631056923794,21.61720818415497,0.0,16.127103770354243,,19.734816383973865,16.127103770354243,-4.872896229645757,4.872896229645757,15.0
2026-04-07,morning,3,2,15.0,2.0,2026-04-08 03:00:00+03:00,2,4,0,12.0,8.0,7.0,9.142857142857142,3.0783421635988426,13.0,0.0,0.0,0.0,1.1830985915492958,5.0,0.7071067811865476,-0.7071067811865475,79.0,0.189873417721519,medium,7.919532324621733,6.1652836583747,8.986225895316805,3.3269912118032376,0.14149121221966263,1.2016551724137932,1.3017931034482757,3.013774104683195,13.0,1,69.84625999843529,0.14546573928126372,0.1450197824104257,10.129089427155106,0.19247094156246933,13.164744216108687,0.0,10.129089427155106,,24.52885826786622,10.129089427155106,-4.870910572844894,4.870910572844894,15.0
2026-02-23,lunch,4,29,35.0,4.0,2026-02-24 04:00:00+03:00,1,2,0,24.0,24.0,37.0,31.428571428571427,6.604471789556497,42.0,0.0,0.0,0.0,0.7400881057268722,-13.0,1.2246467991473532e-16,-1.0,113.0,0.30973451327433627,high,16.77201257861635,11.447047939359384,39.06611570247934,7.990742783350609,0.33541085213730065,0.599009900990099,1.0482673267326734,-15.066115702479337,49.0,0,115.9998413214547,0.3332652036567534,0.3349480693238807,38.85392289249777,0.09460257445695754,41.46816597501606,0.0,38.85392289249777,34.03134424486815,42.87690707098185,39.85966893711879,4.859668937118791,4.859668937118791,31.0
2026-02-04,lunch,4,7,32.0,4.0,2026-02-05 04:00:00+03:00,3,2,0,22.0,30.0,26.0,26.571428571428573,3.4086724129853754,32.0,0.0,0.0,0.0,0.7979274611398963,-4.0,1.2246467991473532e-16,-1.0,106.0,0.3018867924528302,high,12.872377020983832,6.9762070291099025,25.81267217630854,6.227115387092842,0.2507803114805857,0.8205075516284804,1.193465529641426,-3.8126721763085385,33.0,0,107.36171449479103,0.2538362888083481,0.2497080501771874,26.809084390174146,0.16452605849439392,33.476887995766475,0.0,26.809084390174146,30.00098289645922,28.20630826319198,27.158390358428605,-4.841609641571395,4.841609641571395,31.0
2026-04-01,lunch,4,6,31.0,4.0,2026-04-02 04:00:00+03:00,3,4,0,29.0,22.0,23.0,24.571428571428573,3.50509832753876,29.0,0.0,0.0,0.0,1.1340782122905027,6.0,1.2246467991473532e-16,-1.0,88.0,0.3522727272727273,medium,10.223521320495186,7.858411454975636,25.560439560439562,7.174655102463964,0.31008066999141487,1.0918494000827472,1.0918494000827472,3.439560439560438,34.0,0,81.37736930149238,0.3198303190301232,0.3214605495818965,26.159613859186695,0.1732577337407135,32.53047658171502,0.0,26.159613859186695,,32.00946072386017,26.159613859186695,-4.840386140813305,4.840386140813305,15.0
2026-03-07,lunch,4,7,36.0,4.0,2026-03-08 04:00:00+03:00,6,3,1,38.0,30.0,19.0,28.428571428571427,6.704653678780198,38.0,0.0,0.0,0.0,1.2912621359223302,19.0,1.2246467991473532e-16,-1.0,121.0,0.2975206611570248,high,12.872377020983832,6.9762070291099025,25.81267217630854,6.227115387092842,0.2507803114805857,1.4172403164491936,1.4172403164491936,12.187327823691462,33.0,1,100.66741480092617,0.25981643716192215,0.2560302080440942,25.773899154742256,0.2648718284638785,34.54648435964591,1.0,31.91470879817481,26.584210994157903,26.728917904036898,31.17867672478127,-4.821323275218731,4.821323275218731,31.0
2026-03-06,lunch,4,69,73.0,4.0,2026-03-07 04:00:00+03:00,5,3,1,68.0,55.0,59.0,53.714285714285715,12.284329933079867,68.0,0.0,0.0,0.0,1.2428198433420365,9.0,1.2246467991473532e-16,-1.0,172.0,0.42441860465116277,mega,25.709899175068745,15.187584008448223,49.92032967032967,11.401837554339034,0.32250586815508425,1.3354194766657674,1.3354194766657674,18.07967032967033,65.0,1,195.06247329545485,0.32892965845191546,0.3240773115636515,63.21532193254757,0.43404894056524684,70.46940516799117,1.0,68.29318019735808,66.6985650591028,67.47551114236279,68.18724646072337,-4.812753539276628,4.812753539276628,49.0
2026-02-05,lunch,4,126,22.0,4.0,2026-02-06 04:00:00+03:00,4,2,0,29.0,26.0,22.0,23.714285714285715,3.0394235042348408,29.0,0.0,0.0,0.0,1.1734104046242775,7.0,1.2246467991473532e-16,-1.0,65.0,0.3384615384615385,medium,8.943396226415095,8.296270027256874,23.39669421487603,7.377896665537009,0.36997738876250647,1.1886856368563685,1.1886856368563685,5.603305785123968,33.0,0,71.71734187894003,0.3817931323104959,0.3738653886817417,26.812631896791267,0.1966201177925461,32.69661026289144,0.0,26.812631896791267,,30.93101257731133,26.812631896791267,4.812631896791267,4.812631896791267,15.0
2026-03-20,lunch,4,35,43.0,4.0,2026-03-21 04:00:00+03:00,5,3,1,39.0,28.0,32.0,27.857142857142858,6.148944934663497,39.0,0.0,0.0,0.0,1.3514851485148514,7.0,1.2246467991473532e-16,-1.0,106.0,0.4056603773584906,high,12.99404216315307,8.966106707239911,27.76098901098901,6.366710522390032,0.3561335102986236,1.3560034387238513,1.3560034387238513,11.239010989010989,37.0,1,108.06312892913917,0.3509199933264606,0.3457976712552268,37.367978332249656,0.2769652989103522,39.6495794365982,1.0,38.96509910529363,33.82346834570714,34.138901929839406,38.19505208374257,-4.804947916257433,4.804947916257433,31.0
2026-01-24,lunch,4,101,21.0,4.0,2026-01-25 04:00:00+03:00,6,1,1,16.0,15.0,19.0,16.285714285714285,1.6035674514745237,19.0,0.0,0.0,0.0,0.9256198347107438,-3.0,1.2246467991473532e-16,-1.0,54.0,0.3888888888888889,medium,7.729605866177819,5.750763658040518,16.97252747252747,4.423118975685863,0.3662322135926719,0.8902476306939775,1.0571690614490983,-0.9725274725274708,23.0,0,43.93399500003381,0.377753982261066,0.36872640368378556,16.199623975823883,0.13690036872376354,21.743552049677128,0.0,16.199623975823883,,19.960592784147746,16.199623975823883,-4.800376024176117,4.800376024176117,15.0
2026-03-11,lunch,4,2,27.0,4.0,2026-03-12 04:00:00+03:00,3,3,0,24.0,21.0,28.0,19.714285714285715,5.6778600932125,28.0,0.0,0.0,0.0,1.1586206896551723,-4.0,1.2246467991473532e-16,-1.0,68.0,0.39705882352941174,medium,7.919532324621733,6.1652836583747,19.313186813186814,5.6393678951648205,0.3040886563507092,1.181498512307276,1.3784149310251554,4.686813186813186,26.0,1,73.72969333799959,0.30336713765771867,0.3011622269123213,22.204598635234497,0.24164187922887498,26.711425572515047,0.0,22.204598635234497,,24.184480519596296,22.204598635234497,-4.795401364765503,4.795401364765503,15.0
2026-03-02,lunch,4,14,15.0,4.0,2026-03-03 04:00:00+03:00,1,3,0,16.0,23.0,18.0,18.428571428571427,2.99205296617237,23.0,0.0,0.0,0.0,0.823529411764706,-2.0,1.2246467991473532e-16,-1.0,36.0,0.4166666666666667,medium,8.976897689768977,6.080682518563457,18.424242424242426,4.409515911174649,0.4121223874637316,0.8237129485179406,1.1840873634945397,-2.4242424242424256,24.0,0,47.864279670766784,0.4166101067316705,0.4135560165553059,19.79456083593142,0.16867206064810955,24.259483807909252,0.0,19.79456083593142,,22.603390113059426,19.79456083593142,4.794560835931421,4.794560835931421,15.0
2026-02-17,afternoon,5,135,5.0,3.0,2026-02-18 05:00:00+03:00,2,2,0,0.0,0.0,0.0,0.14285714285714285,0.37796447300922714,1.0,0.0,0.0,0.0,0.0,0.0,-0.7071067811865475,-0.7071067811865477,5.0,1.0,low,0.18659295093296477,0.8339361180545659,0.1712707182320442,0.5402913327942227,0.07778319430903116,0.0,0.8537735849056602,-0.1712707182320442,1.0,1,0.6815663847678952,0.08121644576821434,0.3075274283346498,0.20960035754701525,0.18817602765494262,0.542036069998538,0.0,0.20960035754701525,,0.10296525899042991,0.20960035754701525,-4.790399642452985,4.790399642452985,1.0
2026-01-29,lunch,4,2,26.0,4.0,2026-01-30 04:00:00+03:00,4,1,0,18.0,17.0,23.0,18.857142857142858,1.9518001458970056,23.0,0.0,0.0,0.0,0.9064748201438849,-5.0,1.2246467991473532e-16,-1.0,60.0,0.43333333333333335,medium,7.919532324621733,6.1652836583747,19.313186813186814,5.6393678951648205,0.3040886563507092,0.8861238842304571,1.1322694076278064,-1.3131868131868139,26.0,1,68.51273087390592,0.3132714144754614,0.3096480256215633,21.214831845046493,0.09457156977194157,24.784657170494548,0.0,21.214831845046493,,20.612889427059088,21.214831845046493,-4.785168154953507,4.785168154953507,15.0
2026-03-21,lunch,4,6,19.0,4.0,2026-03-22 04:00:00+03:00,6,3,1,18.0,21.0,18.0,21.428571428571427,4.9617585208319746,29.0,0.0,0.0,0.0,0.802547770700637,0.0,1.2246467991473532e-16,-1.0,72.0,0.2638888888888889,medium,10.223521320495186,7.858411454975636,25.560439560439562,7.174655102463964,0.31008066999141487,0.6776996276375672,1.0918494000827472,-7.560439560439562,34.0,0,79.91754766002542,0.30540740339044686,0.29757230082798003,23.781248533723517,0.0754391730207301,28.32126806324853,0.0,23.781248533723517,,25.558615455108125,23.781248533723517,4.781248533723517,4.781248533723517,15.0
2026-02-12,lunch,4,30,33.0,4.0,2026-02-13 04:00:00+03:00,4,2,0,24.0,19.0,34.0,28.857142857142858,6.335839103296211,36.0,0.0,0.0,0.0,0.8038277511961722,-10.0,1.2246467991473532e-16,-1.0,93.0,0.3548387096774194,high,13.703483043079743,8.347813742646773,27.502747252747252,6.67320559196118,0.33448548715889054,0.8420240963855422,1.2630361445783134,-3.502747252747252,35.69999999999999,0,82.84952871983553,0.33518353336797657,0.3365666547626274,27.88438872989527,0.11747253205367375,36.04833957924305,0.0,27.88438872989527,29.008981373371835,29.238294845052483,28.22286525868457,-4.777134741315429,4.777134741315429,31.0
2026-02-14,lunch,4,17,18.0,4.0,2026-02-15 04:00:00+03:00,6,2,1,5.0,14.0,13.0,9.857142857142858,3.5321651258386693,14.0,0.0,0.0,0.0,0.4605263157894737,-8.0,1.2246467991473532e-16,-1.0,48.0,0.375,medium,8.011462631820265,6.234805877300177,17.198347107438018,4.6897440141075535,0.3602424193301202,0.27475022706630337,0.7693006357856493,-12.198347107438018,23.0,0,40.8205100094144,0.3138974077154344,0.32393363934025593,13.22313636707495,0.10141028329230124,19.404551011565957,0.0,13.22313636707495,,18.753725502045445,13.22313636707495,-4.77686363292505,4.77686363292505,15.0
2026-01-29,lunch,4,101,19.0,4.0,2026-01-30 04:00:00+03:00,4,1,0,12.0,13.0,15.0,13.714285714285714,4.070801956792832,21.0,0.0,0.0,0.0,0.8155339805825244,-3.0,1.2246467991473532e-16,-1.0,49.0,0.3877551020408163,medium,7.729605866177819,5.750763658040518,16.97252747252747,4.423118975685863,0.3662322135926719,0.6676857230204831,1.1684500152858455,-4.972527472527471,23.0,0,38.071820446836114,0.37853792553319393,0.3742089889152048,14.246817435571764,0.06491367087286161,20.158357985098924,0.0,14.246817435571764,,15.53108097739952,14.246817435571764,-4.753182564428236,4.753182564428236,15.0
2026-03-05,lunch,4,123,24.0,4.0,2026-03-06 04:00:00+03:00,4,3,0,28.0,27.0,32.0,28.857142857142858,4.775931721614526,36.0,0.0,0.0,0.0,0.937799043062201,-4.0,1.2246467991473532e-16,-1.0,47.0,0.5106382978723404,medium,9.529330889092575,10.038386270221814,26.01923076923077,8.949331720839782,0.4426367956090107,1.0362989323843417,1.3323843416370107,1.98076923076923,36.0,0,62.85400185910666,0.4417658469378035,0.4574147959762718,28.750350436675483,0.3413440488351471,37.45020852049819,0.0,28.750350436675483,,33.528890613875724,28.750350436675483,4.7503504366754825,4.7503504366754825,15.0
2026-03-07,afternoon,5,14,15.0,3.0,2026-03-08 05:00:00+03:00,6,3,1,10.0,5.0,8.0,8.285714285714286,3.147183169877778,13.0,0.0,0.0,0.0,1.0769230769230769,2.0,-0.7071067811865475,-0.7071067811865477,70.0,0.21428571428571427,medium,8.976897689768977,6.080682518563457,9.18131868131868,3.09804566808227,0.20608209221553106,0.9821910415542364,1.2768483540205073,0.8186813186813193,13.0,1,51.440696038107,0.20044056149871348,0.19960238593391635,10.267685663307516,0.1859807380260027,13.491895885193001,0.0,10.267685663307516,,22.74866197189459,10.267685663307516,-4.732314336692484,4.732314336692484,15.0
2026-02-09,afternoon,5,126,19.0,3.0,2026-02-10 05:00:00+03:00,1,2,0,17.0,3.0,13.0,11.142857142857142,5.145501965424802,17.0,0.0,0.0,0.0,1.4000000000000001,4.0,-0.7071067811865475,-0.7071067811865477,67.0,0.2835820895522388,medium,8.943396226415095,8.296270027256874,12.090659340659341,4.388191091061965,0.19280413992264367,1.298635886673662,1.298635886673662,4.909340659340659,18.0,1,72.73695660308158,0.1991621284906221,0.19619667361615287,14.270748934487072,0.1696582141440209,18.1806372272287,0.0,14.270748934487072,,30.15749776550365,14.270748934487072,-4.729251065512928,4.729251065512928,15.0
2026-02-05,dinner,6,2,15.0,3.0,2026-02-06 06:00:00+03:00,4,2,0,9.0,11.0,6.0,9.857142857142858,2.340126166724876,13.0,0.0,0.0,0.0,0.8289473684210525,3.0,-1.0,-1.8369701987210297e-16,77.0,0.19480519480519481,medium,7.919532324621733,6.1652836583747,8.604395604395604,3.172294390471247,0.13768836988463973,0.937070938215103,1.3535469107551488,0.395604395604396,13.0,1,74.68377675330963,0.13815451429429515,0.13761642192957368,10.277714132977545,0.24722962631530718,13.373516977961359,0.0,10.277714132977545,,24.37653657914169,10.277714132977545,-4.722285867022455,4.722285867022455,15.0
2026-02-25,afternoon,5,6,17.0,3.0,2026-02-26 05:00:00+03:00,3,2,0,8.0,12.0,10.0,12.285714285714286,2.9840847683605958,16.0,0.0,0.0,0.0,0.6021505376344086,-2.0,-0.7071067811865475,-0.7071067811865477,95.0,0.17894736842105263,medium,10.223521320495186,7.858411454975636,14.112637362637363,4.041241206698928,0.17560393845596073,0.5293582984911834,1.0587165969823669,-6.112637362637363,19.0,0,70.08648722894176,0.1740035972621902,0.1752237785937568,12.280819120618254,0.09095994913769966,17.293756084416543,0.0,12.280819120618254,,31.77509297433774,12.280819120618254,-4.719180879381746,4.719180879381746,15.0
2026-04-08,morning,3,6,16.0,2.0,2026-04-09 03:00:00+03:00,3,4,0,12.0,13.0,9.0,9.857142857142858,2.193062655175182,13.0,0.0,0.0,0.0,1.1052631578947367,3.0,0.7071067811865476,-0.7071067811865475,95.0,0.16842105263157894,medium,10.223521320495186,7.858411454975636,11.15702479338843,3.8672907939562746,0.1360488109560432,0.9870836165873554,1.0693405846363018,0.8429752066115697,16.0,1,82.50120751212626,0.13686689139162966,0.13688448117266105,11.293134986415449,0.16229036992298054,15.872265809900895,0.0,11.293134986415449,,32.12827358997686,11.293134986415449,-4.706865013584551,4.706865013584551,15.0
2026-03-03,lunch,4,115,28.0,4.0,2026-03-04 04:00:00+03:00,2,3,0,22.0,17.0,21.0,21.0,2.516611478423557,25.0,0.0,0.0,0.0,1.0,1.0,1.2246467991473532e-16,-1.0,67.0,0.417910447761194,medium,8.859724950884086,7.0585746120055335,21.186813186813186,5.342613320180643,0.3419472329595375,0.991579990094106,1.1267954432887568,0.8131868131868139,28.0,1,66.5174426650485,0.3504569982513289,0.350532804248679,23.316545708830176,0.1861478790585349,27.098629462008233,0.0,23.316545708830176,,27.05563124311306,23.316545708830176,-4.683454291169824,4.683454291169824,15.0
2026-04-01,lunch,4,10,21.0,4.0,2026-04-02 04:00:00+03:00,3,4,0,20.0,13.0,15.0,14.285714285714286,4.38612531035025,20.0,0.0,0.0,0.0,1.308411214953271,5.0,1.2246467991473532e-16,-1.0,48.0,0.4375,medium,6.580926180651078,5.576694893105304,15.826446280991735,5.457537267559647,0.3959618663932895,1.1886051080550097,1.1886051080550097,4.1735537190082646,23.0,0,41.340364657941386,0.39563163467754975,0.3951668206042072,16.336340464497233,0.14150272988724746,22.28238021200609,0.0,16.336340464497233,,20.08652412025886,16.336340464497233,-4.663659535502767,4.663659535502767,15.0
2026-02-13,lunch,4,26,19.0,4.0,2026-02-14 04:00:00+03:00,5,2,1,18.0,12.0,16.0,14.142857142857142,2.6726124191242437,18.0,0.0,0.0,0.0,1.1886792452830188,2.0,1.2246467991473532e-16,-1.0,43.0,0.4418604651162791,medium,6.941311325080238,5.5889179275364755,15.826446280991735,5.194574867535046,0.38014555485808005,1.0697445972495088,1.0697445972495088,2.1735537190082646,22.0,0,38.33124247853619,0.3835643870629022,0.3744796044061126,14.354268519757012,0.11617123816768878,21.1280285888875,0.0,14.354268519757012,,17.380334594661203,14.354268519757012,-4.645731480242988,4.645731480242988,15.0
2026-02-10,lunch,4,6,23.0,4.0,2026-02-11 04:00:00+03:00,2,2,0,27.0,33.0,24.0,24.428571428571427,6.528326555791178,33.0,0.0,0.0,0.0,1.0617977528089888,3.0,1.2246467991473532e-16,-1.0,84.0,0.27380952380952384,medium,10.223521320495186,7.858411454975636,25.560439560439562,7.174655102463964,0.31008066999141487,1.0165494414563507,1.2424493173355398,1.439560439560438,34.0,0,88.29033062944173,0.3267729657512013,0.31305978400457685,27.6401518365457,0.14068917035684325,33.45208758917973,0.0,27.6401518365457,,31.930953375835614,27.6401518365457,4.6401518365457015,4.6401518365457015,15.0
2026-02-28,lunch,4,35,33.0,4.0,2026-03-01 04:00:00+03:00,6,3,1,39.0,39.0,31.0,30.571428571428573,6.654751256486916,39.0,0.0,0.0,0.0,1.2352941176470587,8.0,1.2246467991473532e-16,-1.0,106.0,0.3113207547169811,high,12.99404216315307,8.966106707239911,27.76098901098901,6.366710522390032,0.3561335102986236,1.3560034387238513,1.3560034387238513,11.239010989010989,37.0,0,83.46482734777389,0.3511184602119896,0.3516936062927701,29.35404612854202,0.26338746582701783,41.53081741893304,1.0,37.87778603181573,35.95855341407019,34.94086204028208,37.63541475855809,4.635414758558092,4.635414758558092,31.0
2026-03-24,morning,3,123,20.0,2.0,2026-03-25 03:00:00+03:00,2,3,0,14.0,6.0,16.0,10.857142857142858,4.017817460121498,16.0,0.0,0.0,0.0,1.180722891566265,-2.0,0.7071067811865476,-0.7071067811865475,75.0,0.26666666666666666,medium,9.529330889092575,10.038386270221814,12.881542699724518,5.126549445359239,0.21440842105814506,1.0085334391744394,1.1526096447707879,1.118457300275482,18.0,1,67.40587021356396,0.22109774362781043,0.22800372774067806,15.368789680296917,0.23881965789323553,18.365635938756963,0.0,15.368789680296917,,34.05143837921997,15.368789680296917,-4.631210319703083,4.631210319703083,15.0
2026-01-27,afternoon,5,135,5.0,3.0,2026-01-28 05:00:00+03:00,2,1,0,0.0,2.0,0.0,0.5714285714285714,0.9759000729485333,2.0,0.0,0.0,0.0,0.0,0.0,-0.7071067811865475,-0.7071067811865477,7.0,0.7142857142857143,low,0.18659295093296477,0.8339361180545659,0.1712707182320442,0.5402913327942227,0.07778319430903116,0.0,1.7075471698113205,-0.1712707182320442,1.0,1,1.4346562883727263,0.0794755788421109,0.25768199202288505,0.36968509025604274,0.24780875039523517,0.7786054712970092,0.0,0.36968509025604274,,0.12518870820612538,0.36968509025604274,-4.630314909743957,4.630314909743957,1.0
2026-02-19,lunch,4,10,17.0,4.0,2026-02-20 04:00:00+03:00,4,2,0,30.0,22.0,21.0,21.571428571428573,6.579187965525411,30.0,0.0,0.0,0.0,1.3291139240506329,9.0,1.2246467991473532e-16,-1.0,46.0,0.3695652173913043,medium,6.580926180651078,5.576694893105304,15.826446280991735,5.457537267559647,0.3959618663932895,1.7829076620825148,1.7829076620825148,14.173553719008265,23.0,0,53.33860613526943,0.4214546706214598,0.4055108316257991,21.629382531674057,0.480407576429153,26.62005058456385,0.0,21.629382531674057,,22.527041314547706,21.629382531674057,4.629382531674057,4.629382531674057,15.0
2026-03-25,afternoon,5,2,17.0,3.0,2026-03-26 05:00:00+03:00,3,3,0,14.0,14.0,6.0,10.714285714285714,4.715728494951262,16.0,0.0,0.0,0.0,1.1951219512195124,8.0,-0.7071067811865475,-0.7071067811865477,78.0,0.21794871794871795,medium,7.919532324621733,6.1652836583747,10.104395604395604,3.761495865855915,0.15959778045043044,1.2607619990103909,1.4408708560118753,3.895604395604396,15.0,1,77.36886028459186,0.16377469088805158,0.160187602122314,12.393532207925103,0.2458168233226308,15.111766523099853,0.0,12.393532207925103,,24.133389211813448,12.393532207925103,-4.606467792074897,4.606467792074897,15.0
2026-02-06,morning,3,115,17.0,2.0,2026-02-07 03:00:00+03:00,5,2,1,13.0,14.0,12.0,10.714285714285714,4.535573676110735,14.0,0.0,0.0,0.0,1.1097560975609757,1.0,0.7071067811865476,-0.7071067811865475,68.0,0.25,medium,8.859724950884086,7.0585746120055335,10.774104683195592,4.081854667295583,0.17325508925160527,1.1041179223210107,1.1890500701918578,2.225895316804408,16.0,1,66.50748060643333,0.18998648076947594,0.18635757932815422,12.394173093029078,0.37649379455573295,17.71470549506878,0.0,12.394173093029078,,23.936074579155587,12.394173093029078,-4.605826906970922,4.605826906970922,15.0
2026-02-22,lunch,4,434,16.0,4.0,2026-02-23 04:00:00+03:00,0,2,0,23.0,14.0,18.0,18.571428571428573,2.699206232527323,23.0,0.0,0.0,0.0,1.1751824817518248,5.0,1.2246467991473532e-16,-1.0,64.0,0.25,medium,7.621359223300971,6.761882045397149,16.980392156862745,6.830783838121162,0.3594009148733045,1.2791712104689203,1.2791712104689203,6.019607843137255,24.0,0,55.29476067932793,0.36510932809742547,0.37262003560843443,20.60393569329103,0.17695375774730346,25.701123700323063,0.0,20.60393569329103,,22.97472302411186,20.60393569329103,4.603935693291032,4.603935693291032,15.0
2026-03-08,lunch,4,2,17.0,4.0,2026-03-09 04:00:00+03:00,0,3,0,14.0,12.0,20.0,22.0,7.094598884597592,29.0,0.0,0.0,0.0,0.6086956521739131,-6.0,1.2246467991473532e-16,-1.0,49.0,0.3469387755102041,medium,7.919532324621733,6.1652836583747,19.313186813186814,5.6393678951648205,0.3040886563507092,0.6892074655125777,1.4276440357046254,-5.313186813186814,26.0,0,72.60557996333532,0.29838028703869324,0.2974566906142329,21.59701553602078,0.20686536882520407,25.902670077283886,0.0,21.59701553602078,,24.988092620050807,21.59701553602078,4.5970155360207805,4.5970155360207805,15.0
2026-02-03,dinner,6,6,16.0,3.0,2026-02-04 06:00:00+03:00,2,2,0,9.0,14.0,9.0,10.714285714285714,3.638419332360584,16.0,0.0,0.0,0.0,0.7682926829268293,0.0,-1.0,-1.8369701987210297e-16,86.0,0.18604651162790697,medium,10.223521320495186,7.858411454975636,10.60989010989011,3.789431583157042,0.13266247089010186,0.77520113582584,1.3781353525792712,-1.6098901098901095,16.0,1,83.13335726857623,0.13631740397983547,0.13731527663494847,11.41547995092655,0.1765088045277623,15.404088591815995,0.0,11.41547995092655,,32.41170536027112,11.41547995092655,-4.584520049073451,4.584520049073451,15.0
2026-04-12,lunch,4,2,24.0,4.0,2026-04-13 04:00:00+03:00,0,4,0,15.0,20.0,17.0,21.571428571428573,4.466808810815715,27.0,0.0,0.0,0.0,0.6645569620253164,-2.0,1.2246467991473532e-16,-1.0,75.0,0.32,medium,7.919532324621733,6.1652836583747,19.313186813186814,5.6393678951648205,0.3040886563507092,0.7384365701920476,1.3291858263456857,-4.313186813186814,26.0,0,65.51792158450773,0.2948387161918682,0.2963601688018088,19.416902300328385,0.18243127813992624,25.72400126969566,0.0,19.416902300328385,,24.42684561696511,19.416902300328385,-4.583097699671615,4.583097699671615,15.0
2026-03-06,lunch,4,18,19.0,4.0,2026-03-07 04:00:00+03:00,5,3,1,12.0,12.0,15.0,14.0,4.690415759823459,22.0,0.0,0.0,0.0,0.8,-3.0,1.2246467991473532e-16,-1.0,51.0,0.37254901960784315,medium,6.109124254928932,5.453053535091321,11.975206611570249,6.953431693708665,0.27885867315263196,0.9248407643312101,1.6955414012738852,0.024793388429751317,20.0,0,42.536509453673766,0.3029718080051359,0.3389861177563617,14.41928620260765,0.36413759018093794,20.42334842926388,0.0,14.41928620260765,,21.636045095299018,14.41928620260765,-4.580713797392351,4.580713797392351,15.0
2026-03-04,afternoon,5,434,17.0,3.0,2026-03-05 05:00:00+03:00,3,3,0,14.0,13.0,11.0,13.285714285714286,2.6276913640612167,17.0,0.0,0.0,0.0,0.98,3.0,-0.7071067811865475,-0.7071067811865477,60.0,0.2833333333333333,medium,7.621359223300971,6.761882045397149,9.76923076923077,4.7179897040648715,0.2155200181716186,1.2999999999999998,1.5785714285714285,4.23076923076923,15.0,1,52.28042469808902,0.23239676909421575,0.2381023675552708,12.44809289741005,0.28744054876653463,16.634368538374662,0.0,12.44809289741005,,23.06232777877588,12.44809289741005,-4.551907102589951,4.551907102589951,15.0
2026-03-06,lunch,4,30,37.0,4.0,2026-03-07 04:00:00+03:00,5,3,1,31.0,26.0,36.0,26.714285714285715,6.600865744084541,36.0,0.0,0.0,0.0,1.1185567010309279,-5.0,1.2246467991473532e-16,-1.0,96.0,0.3854166666666667,high,13.703483043079743,8.347813742646773,27.502747252747252,6.67320559196118,0.33448548715889054,1.0876144578313254,1.2630361445783134,3.497252747252748,35.69999999999999,1,94.80721700124198,0.33764593677296406,0.3378212508001495,32.027892632240764,0.36839887881652034,39.334256866236615,0.02830596741003132,32.172662227766075,32.889062124263454,33.273519481315894,32.45934369368244,-4.540656306317558,4.540656306317558,31.0
2026-04-09,lunch,4,100,5.0,4.0,2026-04-10 04:00:00+03:00,4,4,0,3.0,0.0,0.0,0.7142857142857143,1.1126972805283737,3.0,0.0,0.0,0.0,1.7499999999999998,3.0,1.2246467991473532e-16,-1.0,6.0,0.8333333333333334,low,0.2676290949472515,0.6096459702316419,0.35555555555555557,0.6891294594971006,0.1685846560846561,2.2131147540983607,2.2131147540983607,2.6444444444444444,1.0,1,2.426570404158737,0.13281761276832313,0.19036300003275566,0.4619292219263536,0.43938083096210795,1.3898779223304292,0.0,0.4619292219263536,,0.3456091995126588,0.4619292219263536,-4.538070778073647,4.538070778073647,1.0
2026-03-28,lunch,4,6,19.0,4.0,2026-03-29 04:00:00+03:00,6,3,1,26.0,25.0,19.0,24.571428571428573,3.994043183589992,31.0,0.0,0.0,0.0,1.0167597765363128,7.0,1.2246467991473532e-16,-1.0,73.0,0.2602739726027397,medium,10.223521320495186,7.858411454975636,25.560439560439562,7.174655102463964,0.31008066999141487,0.9788994621431526,1.1671493587091435,0.439560439560438,34.0,0,78.36849933502049,0.3067588787486045,0.30026422430193184,23.53125666253639,0.1010857953144705,30.33486905478137,0.0,23.53125666253639,,26.416044356780663,23.53125666253639,4.531256662536389,4.531256662536389,15.0
2026-03-03,lunch,4,25,21.0,4.0,2026-03-04 04:00:00+03:00,2,3,0,17.0,21.0,17.0,18.142857142857142,2.853569193634047,21.0,0.0,0.0,0.0,0.8880597014925373,0.0,1.2246467991473532e-16,-1.0,41.0,0.5121951219512195,medium,7.156736938588451,5.584595796433097,15.87087912087912,5.024165108521969,0.36929438528740477,1.0076534766324703,1.2447484123106987,1.1291208791208796,21.69999999999999,0,43.950031163927,0.3717374720368636,0.37496325293796345,16.479646651950937,0.25303518155579147,23.726333425000075,0.0,16.479646651950937,,20.979541189147962,16.479646651950937,-4.520353348049063,4.520353348049063,15.0
2026-02-19,lunch,4,126,34.0,4.0,2026-02-20 04:00:00+03:00,4,2,0,41.0,25.0,28.0,26.571428571428573,8.847921466972586,41.0,0.0,0.0,0.0,1.4870466321243523,13.0,1.2246467991473532e-16,-1.0,75.0,0.4533333333333333,medium,8.943396226415095,8.296270027256874,23.39669421487603,7.377896665537009,0.36997738876250647,1.6805555555555556,1.6805555555555556,17.60330578512397,33.0,1,76.17665955845756,0.39955702517602154,0.38702844641226314,29.482534201785704,0.5174430063186186,36.441789425603666,0.0,29.482534201785704,,30.533725005081127,29.482534201785704,-4.517465798214296,4.517465798214296,15.0
2026-02-26,lunch,4,123,32.0,4.0,2026-02-27 04:00:00+03:00,4,2,0,29.0,30.0,29.0,26.0,3.7416573867739755,30.0,0.0,0.0,0.0,1.0740740740740742,0.0,1.2246467991473532e-16,-1.0,57.0,0.5614035087719298,medium,9.529330889092575,10.038386270221814,26.01923076923077,8.949331720839782,0.4426367956090107,1.0733096085409253,1.1103202846975089,2.98076923076923,36.0,0,61.472516189619306,0.44030177539311577,0.44726635629652434,27.49458832851013,0.2745487845990249,35.927800912598684,0.0,27.49458832851013,,32.253186503041114,27.49458832851013,-4.50541167148987,4.50541167148987,15.0
2026-02-19,lunch,4,1,17.0,4.0,2026-02-20 04:00:00+03:00,4,2,0,9.0,20.0,15.0,13.142857142857142,4.059087394500212,20.0,0.0,0.0,0.0,0.6363636363636364,-6.0,1.2246467991473532e-16,-1.0,31.0,0.5483870967741935,medium,4.8180943214629455,4.2007427440961616,11.460055096418733,4.104360569877324,0.41188275422050785,0.722308202520451,1.6051293389343355,-2.460055096418733,17.0,1,30.120679671442605,0.4223044401441269,0.4148510175438098,12.495594610809112,0.29258598264654617,17.78453269848236,0.0,12.495594610809112,,15.562987408256266,12.495594610809112,-4.504405389190888,4.504405389190888,15.0
2026-02-02,lunch,4,29,36.0,4.0,2026-02-03 04:00:00+03:00,1,2,0,36.0,42.0,30.0,36.0,6.40312423743288,47.0,0.0,0.0,0.0,0.972972972972973,6.0,1.2246467991473532e-16,-1.0,93.0,0.3870967741935484,high,16.77201257861635,11.447047939359384,39.06611570247934,7.990742783350609,0.33541085213730065,0.8985148514851485,1.1730610561056105,-3.066115702479337,49.0,0,115.10380239815437,0.3376537003357535,0.3417349255702371,39.334989345384564,0.07465522227566343,45.615356995292984,0.0,39.334989345384564,39.9215404028222,44.002510900601145,40.50186973418871,4.501869734188709,4.501869734188709,31.0
2026-01-29,morning,3,126,16.0,2.0,2026-01-30 03:00:00+03:00,4,1,0,12.0,10.0,11.0,10.428571428571429,2.5727509827123933,13.0,0.0,0.0,0.0,1.05,1.0,0.7071067811865476,-0.7071067811865475,64.0,0.25,medium,8.943396226415095,8.296270027256874,11.534435261707989,3.7091493415132546,0.18641640460775238,0.9573626373626374,1.0371428571428571,0.46556473829201117,16.0,1,66.18091131624622,0.17902190936719417,0.17374692885606086,11.498730090093105,0.11056571480257868,15.708597881727783,0.0,11.498730090093105,,24.971052968657688,11.498730090093105,-4.501269909906895,4.501269909906895,15.0
2026-03-10,dinner,6,126,15.0,3.0,2026-03-11 06:00:00+03:00,2,3,0,6.0,9.0,8.0,9.571428571428571,2.7602622373694303,13.0,0.0,0.0,0.0,0.5675675675675675,-2.0,-1.0,-1.8369701987210297e-16,61.0,0.2459016393442623,medium,8.943396226415095,8.296270027256874,9.626373626373626,3.255504689004298,0.15540061024800586,0.5646328852119958,1.2233712512926578,-3.626373626373626,14.0,1,69.58682370218875,0.1546566093662919,0.15090042552221614,10.500681307399718,0.15388569503152316,13.430615495068318,0.0,10.500681307399718,,30.632085315172922,10.500681307399718,-4.499318692600282,4.499318692600282,15.0
2026-02-10,morning,3,6,16.0,2.0,2026-02-11 03:00:00+03:00,2,2,0,9.0,8.0,15.0,11.428571428571429,4.035556254807308,17.0,0.0,0.0,0.0,0.7241379310344828,-6.0,0.7071067811865476,-0.7071067811865475,84.0,0.19047619047619047,medium,10.223521320495186,7.858411454975636,11.15702479338843,3.8672907939562746,0.1360488109560432,0.7403127124405167,1.3983684568320869,-2.1570247933884303,16.0,1,88.29033062944173,0.13603346234133712,0.13032475388554135,11.506415609755066,0.15518601787726893,15.894735211509659,0.0,11.506415609755066,,31.930953375835614,11.506415609755066,-4.4935843902449335,4.4935843902449335,15.0
2026-02-06,lunch,4,115,18.0,4.0,2026-02-07 04:00:00+03:00,5,2,1,25.0,21.0,16.0,23.0,5.567764362830002,33.0,0.0,0.0,0.0,1.0416666666666667,9.0,1.2246467991473532e-16,-1.0,68.0,0.2647058823529412,medium,8.859724950884086,7.0585746120055335,21.186813186813186,5.342613320180643,0.3419472329595375,1.1267954432887568,1.487369985141159,3.813186813186814,28.0,0,66.50748060643333,0.3443413718000813,0.33776416222511046,22.463843468734737,0.17074225159590445,27.652377658026985,0.0,22.463843468734737,,23.936074579155587,22.463843468734737,4.463843468734737,4.463843468734737,15.0
2026-04-04,afternoon,5,140,5.0,3.0,2026-04-05 05:00:00+03:00,6,4,1,2.0,0.0,0.0,0.7142857142857143,1.2535663410560176,3.0,0.0,0.0,0.0,1.1666666666666665,2.0,-0.7071067811865475,-0.7071067811865477,8.0,0.625,low,0.26666666666666666,0.5867246021995556,0.30494505494505497,0.6410027846862126,0.14722440258154545,1.5326315789473683,2.2989473684210524,1.695054945054945,1.0,1,2.260835556144834,0.1661202992423859,0.24444492989925673,0.552649789035571,0.4048964286814002,1.5491264834730583,0.0,0.552649789035571,,0.24006646611591942,0.552649789035571,-4.447350210964429,4.447350210964429,1.0
2026-02-12,dinner,6,434,15.0,3.0,2026-02-13 06:00:00+03:00,4,2,0,10.0,10.0,12.0,11.142857142857142,2.4784787961282073,15.0,0.0,0.0,0.0,0.823529411764706,-2.0,-1.0,-1.8369701987210297e-16,50.0,0.3,medium,7.621359223300971,6.761882045397149,9.711538461538462,4.59042711696186,0.19428502784213808,0.933572710951526,1.4003590664272891,0.2884615384615383,14.899999999999999,1,51.622412490189106,0.20444923878938542,0.20442250565164793,10.552782909027384,0.277169943362378,16.311591238154794,0.0,10.552782909027384,,23.376709383795394,10.552782909027384,-4.447217090972616,4.447217090972616,15.0
2026-02-09,lunch,4,126,32.0,4.0,2026-02-10 04:00:00+03:00,1,2,0,25.0,9.0,21.0,21.428571428571427,6.553806600166109,29.0,0.0,0.0,0.0,1.1146496815286624,4.0,1.2246467991473532e-16,-1.0,67.0,0.47761194029850745,medium,8.943396226415095,8.296270027256874,23.39669421487603,7.377896665537009,0.36997738876250647,1.024728997289973,1.1886856368563685,1.6033057851239683,33.0,0,72.73695660308158,0.3845264880024547,0.3788010222381987,27.5528335157428,0.14969359369261698,31.26540359560007,0.0,27.5528335157428,,30.15749776550365,27.5528335157428,-4.447166484257199,4.447166484257199,15.0
2026-02-05,lunch,4,123,31.0,4.0,2026-02-06 04:00:00+03:00,4,2,0,25.0,34.0,35.0,25.428571428571427,7.412987316351022,35.0,0.0,0.0,0.0,0.945945945945946,-10.0,1.2246467991473532e-16,-1.0,58.0,0.5344827586206896,medium,9.529330889092575,10.038386270221814,26.01923076923077,8.949331720839782,0.4426367956090107,0.9252669039145908,1.295373665480427,-1.01923076923077,36.0,0,58.31273152730404,0.43841284204041525,0.45537743626512966,26.554302184520512,0.1975107492277633,36.995680165722234,0.0,26.554302184520512,,32.31002280453513,26.554302184520512,-4.4456978154794875,4.4456978154794875,15.0
2026-03-24,dinner,6,6,16.0,3.0,2026-03-25 06:00:00+03:00,2,3,0,9.0,12.0,7.0,9.428571428571429,2.2253945610567367,12.0,0.0,0.0,0.0,0.863013698630137,2.0,-1.0,-1.8369701987210297e-16,78.0,0.20512820512820512,medium,10.223521320495186,7.858411454975636,10.60989010989011,3.789431583157042,0.13266247089010186,0.77520113582584,1.0336015144344535,-1.6098901098901095,16.0,1,85.88699649820246,0.13298803461803826,0.13486164634297507,11.58286174720092,0.1299610677328839,14.713967290558468,0.0,11.58286174720092,,32.956441668518735,11.58286174720092,-4.417138252799081,4.417138252799081,15.0
2026-02-28,lunch,4,14,23.0,4.0,2026-03-01 04:00:00+03:00,6,3,1,18.0,21.0,12.0,16.571428571428573,3.258688021128704,21.0,0.0,0.0,0.0,1.024390243902439,6.0,1.2246467991473532e-16,-1.0,52.0,0.4423076923076923,medium,8.976897689768977,6.080682518563457,18.424242424242426,4.409515911174649,0.4121223874637316,0.9266770670826833,1.0811232449297972,-0.42424242424242564,24.0,0,45.979368316643345,0.40116883056907565,0.40433449032854096,18.591044453938252,0.09075276519433913,21.79178223804258,0.0,18.591044453938252,,22.638846967344104,18.591044453938252,-4.4089555460617476,4.4089555460617476,15.0
2026-04-03,lunch,4,101,17.0,4.0,2026-04-04 04:00:00+03:00,5,4,1,6.0,4.0,10.0,8.714285714285714,3.7289089429431557,13.0,0.0,0.0,0.0,0.6176470588235294,-4.0,1.2246467991473532e-16,-1.0,41.0,0.4146341463414634,medium,7.729605866177819,5.750763658040518,16.97252747252747,4.423118975685863,0.3662322135926719,0.33384286151024156,0.7233261999388567,-10.97252747252747,23.0,0,37.59186080786155,0.3151733729873336,0.33504706717093796,12.59504271317214,0.06144834036884361,18.02698167744108,0.0,12.59504271317214,,18.493538207836185,12.59504271317214,-4.404957286827861,4.404957286827861,15.0
2026-03-02,lunch,4,123,36.0,4.0,2026-03-03 04:00:00+03:00,1,3,0,32.0,22.0,26.0,28.0,3.7859388972002006,32.0,0.0,0.0,0.0,1.103448275862069,6.0,1.2246467991473532e-16,-1.0,72.0,0.5,medium,9.529330889092575,10.038386270221814,26.01923076923077,8.949331720839782,0.4426367956090107,1.184341637010676,1.184341637010676,5.98076923076923,36.0,1,72.11847576831534,0.44054709504957135,0.43837468897353793,31.614914384180867,0.20225908896312497,35.990888794187654,0.0,31.614914384180867,,34.0923177414418,31.614914384180867,-4.385085615819133,4.385085615819133,15.0
2026-02-06,lunch,4,35,40.0,4.0,2026-02-07 04:00:00+03:00,5,2,1,36.0,26.0,29.0,27.142857142857142,6.283008075451635,36.0,0.0,0.0,0.0,1.2791878172588833,7.0,1.2246467991473532e-16,-1.0,112.0,0.35714285714285715,high,12.99404216315307,8.966106707239911,27.76098901098901,6.366710522390032,0.3561335102986236,1.2516954818989396,1.2516954818989396,8.239010989010989,37.0,1,81.12186693252723,0.3541014027744816,0.35211788205559286,28.56445997267712,0.20454565906706515,39.1680013504662,1.0,35.98693893712947,32.74541206067704,33.01179267583705,35.61684758264336,-4.383152417356641,4.383152417356641,31.0
2026-03-09,lunch,4,126,27.0,4.0,2026-03-10 04:00:00+03:00,1,3,0,9.0,22.0,27.0,21.857142857142858,7.776643908280121,28.0,0.0,0.0,0.0,0.39375,-18.0,1.2246467991473532e-16,-1.0,59.0,0.4576271186440678,medium,8.943396226415095,8.296270027256874,23.39669421487603,7.377896665537009,0.36997738876250647,0.36890243902439024,1.1476964769647697,-14.396694214876032,33.0,0,59.955238936867445,0.37317812149760665,0.3772606259288938,22.618750969039,0.09315924787352937,29.987885998425178,0.0,22.618750969039,,28.046563644661095,22.618750969039,-4.381249030961001,4.381249030961001,15.0
2026-03-19,morning,3,126,16.0,2.0,2026-03-20 03:00:00+03:00,4,3,0,6.0,8.0,7.0,7.571428571428571,1.7182493859684105,10.0,0.0,0.0,0.0,0.7000000000000001,-1.0,0.7071067811865476,-0.7071067811865475,42.0,0.38095238095238093,medium,8.943396226415095,8.296270027256874,11.534435261707989,3.7091493415132546,0.18641640460775238,0.4786813186813187,0.7978021978021979,-5.534435261707989,16.0,1,67.29846772249643,0.17372794325147387,0.1726850192059865,11.621437191192758,0.10519348660256334,13.7723863423364,0.0,11.621437191192758,,29.934289287486525,11.621437191192758,-4.378562808807242,4.378562808807242,15.0
2026-01-26,lunch,4,69,49.0,4.0,2026-01-27 04:00:00+03:00,1,1,0,40.0,64.0,42.0,46.57142857142857,11.058287131636346,64.0,0.0,0.0,0.0,0.8408408408408409,-2.0,1.2246467991473532e-16,-1.0,138.0,0.35507246376811596,mega,25.709899175068745,15.187584008448223,49.92032967032967,11.401837554339034,0.32250586815508425,0.7855408686269221,1.2568653898030753,-9.920329670329672,65.0,0,137.62831554902635,0.33889240692065614,0.3299363827813028,45.408588600529484,0.020634270575195606,53.3629450295788,0.0,45.408588600529484,40.63787380237569,42.39662888241479,44.65559867100082,-4.344401328999183,4.344401328999183,49.0
2026-02-27,lunch,4,35,39.0,4.0,2026-02-28 04:00:00+03:00,5,2,1,39.0,28.0,20.0,27.857142857142858,6.517376042257382,39.0,0.0,0.0,0.0,1.3514851485148514,19.0,1.2246467991473532e-16,-1.0,93.0,0.41935483870967744,high,12.99404216315307,8.966106707239911,27.76098901098901,6.366710522390032,0.3561335102986236,1.3560034387238513,1.3560034387238513,11.239010989010989,37.0,1,85.357256602844,0.35442244843947257,0.3520435541537045,30.049471987274963,0.19445639547860144,37.16236642489142,1.0,35.02849809360648,32.275242745346844,32.474393935872484,34.689264066378385,-4.310735933621615,4.310735933621615,31.0
2026-04-11,lunch,4,14,15.0,4.0,2026-04-12 04:00:00+03:00,6,4,1,14.0,26.0,20.0,16.857142857142858,4.845223470201406,26.0,0.0,0.0,0.0,0.784,-6.0,1.2246467991473532e-16,-1.0,37.0,0.40540540540540543,medium,8.976897689768977,6.080682518563457,18.424242424242426,4.409515911174649,0.4121223874637316,0.7207488299531981,1.3385335413416535,-4.424242424242426,24.0,0,47.27617026870923,0.40177481531035253,0.4082990956280941,19.302817565473767,0.1460413933936504,22.097210804669448,0.0,19.302817565473767,,21.801841692178648,19.302817565473767,4.302817565473767,4.302817565473767,15.0
2026-01-26,lunch,4,37,15.0,4.0,2026-01-27 04:00:00+03:00,1,1,0,10.0,12.0,12.0,11.142857142857142,3.484660262185825,15.0,0.0,0.0,0.0,0.823529411764706,-2.0,1.2246467991473532e-16,-1.0,29.0,0.5172413793103449,medium,4.2158570119156735,4.037725090920908,10.324175824175825,3.792027032582001,0.4077077915187296,0.8830664725861231,1.3245997088791848,-0.3241758241758248,15.0,1,25.849133446432177,0.4155402369273848,0.41391925178484096,10.699453975433714,0.12384081410819445,14.80613024699693,0.0,10.699453975433714,,10.271948394993453,10.699453975433714,-4.300546024566286,4.300546024566286,15.0
2026-03-09,lunch,4,25,21.0,4.0,2026-03-10 04:00:00+03:00,1,3,0,14.0,12.0,17.0,17.285714285714285,3.8172540616821258,23.0,0.0,0.0,0.0,0.765625,-3.0,1.2246467991473532e-16,-1.0,54.0,0.3888888888888889,medium,7.156736938588451,5.584595796433097,15.87087912087912,5.024165108521969,0.36929438528740477,0.8298322748737991,1.3632958801498127,-1.8708791208791204,21.69999999999999,0,45.498453472202485,0.36764692454984765,0.36717939261196664,16.706094510707132,0.15204774951368755,22.765752999614197,0.0,16.706094510707132,,20.82922914722512,16.706094510707132,-4.293905489292868,4.293905489292868,15.0
2026-02-28,afternoon,5,434,17.0,3.0,2026-03-01 05:00:00+03:00,6,3,1,9.0,15.0,12.0,12.142857142857142,4.561745697594704,21.0,0.0,0.0,0.0,0.6847826086956522,-3.0,-0.7071067811865475,-0.7071067811865477,57.0,0.2982456140350877,medium,7.621359223300971,6.761882045397149,9.76923076923077,4.7179897040648715,0.2155200181716186,0.8357142857142856,1.95,-0.76923076923077,15.0,1,56.2570894239506,0.21845651621249346,0.22599944762378188,12.714071134734537,0.27274787244442744,15.830476392124009,0.0,12.714071134734537,,25.938440101658994,12.714071134734537,-4.285928865265463,4.285928865265463,15.0
2026-03-09,lunch,4,26,19.0,4.0,2026-03-10 04:00:00+03:00,1,3,0,10.0,17.0,15.0,16.285714285714285,4.889249625940765,24.0,0.0,0.0,0.0,0.578512396694215,-5.0,1.2246467991473532e-16,-1.0,48.0,0.3958333333333333,medium,6.941311325080238,5.5889179275364755,15.826446280991735,5.194574867535046,0.38014555485808005,0.5943025540275049,1.4263261296660117,-5.8264462809917354,22.0,0,37.52090087377086,0.38513855098107935,0.3924634444939431,14.725581997435912,0.1450810578681751,22.02493864198697,0.0,14.725581997435912,,20.341657012927474,14.725581997435912,-4.274418002564088,4.274418002564088,15.0
2026-02-28,lunch,4,25,18.0,4.0,2026-03-01 04:00:00+03:00,6,3,1,13.0,20.0,9.0,16.571428571428573,5.094347941825436,23.0,0.0,0.0,0.0,0.7398373983739837,4.0,1.2246467991473532e-16,-1.0,42.0,0.42857142857142855,medium,7.156736938588451,5.584595796433097,15.87087912087912,5.024165108521969,0.36929438528740477,0.770558540954242,1.3632958801498127,-2.8708791208791204,21.69999999999999,0,38.79641472828056,0.3475067576676246,0.353813518384892,13.726695995732388,0.06112925762226859,20.463222013622026,0.0,13.726695995732388,,18.149403179535877,13.726695995732388,-4.273304004267612,4.273304004267612,15.0
2026-01-24,morning,3,115,15.0,2.0,2026-01-25 03:00:00+03:00,6,1,1,14.0,11.0,9.0,11.0,2.4494897427831868,14.0,0.0,0.0,0.0,1.1666666666666667,5.0,0.7071067811865476,-0.7071067811865475,64.0,0.234375,medium,8.859724950884086,7.0585746120055335,10.774104683195592,4.081854667295583,0.17325508925160527,1.1890500701918578,1.1890500701918578,3.225895316804408,16.0,0,59.67175284013016,0.18372958434450912,0.17982195980641566,10.730291540796255,0.1489837246008808,17.04821953167881,0.0,10.730291540796255,,21.643772394734423,10.730291540796255,-4.269708459203745,4.269708459203745,15.0
2026-02-17,lunch,4,30,31.0,4.0,2026-02-18 04:00:00+03:00,2,2,0,18.0,29.0,19.0,29.0,9.165151389911689,40.0,0.0,0.0,0.0,0.6,-1.0,1.2246467991473532e-16,-1.0,86.0,0.36046511627906974,high,13.703483043079743,8.347813742646773,27.502747252747252,6.67320559196118,0.33448548715889054,0.6315180722891567,1.4033734939759037,-9.502747252747252,35.69999999999999,0,77.93786219350471,0.33442407195606033,0.3367226497141431,26.243443470852647,0.06084869627557344,33.365659127060326,0.0,26.243443470852647,26.64961608170168,28.195677890751554,26.731502075827375,-4.268497924172625,4.268497924172625,31.0
2026-03-31,lunch,4,10,20.0,4.0,2026-04-01 04:00:00+03:00,2,4,0,13.0,18.0,17.0,13.857142857142858,3.8483144114694734,18.0,0.0,0.0,0.0,0.875,-4.0,1.2246467991473532e-16,-1.0,41.0,0.4878048780487805,medium,6.580926180651078,5.576694893105304,15.826446280991735,5.457537267559647,0.3959618663932895,0.7725933202357564,1.0697445972495088,-2.8264462809917354,23.0,0,39.95626876849945,0.39360584188464715,0.3937294813585905,15.731960979245734,0.1328638578857528,21.68194663073007,0.0,15.731960979245734,,19.984872473314148,15.731960979245734,-4.268039020754266,4.268039020754266,15.0
2026-02-10,lunch,4,2,18.0,4.0,2026-02-11 04:00:00+03:00,2,2,0,21.0,20.0,25.0,21.0,2.5819888974716156,25.0,0.0,0.0,0.0,0.9545454545454546,-4.0,1.2246467991473532e-16,-1.0,78.0,0.23076923076923078,medium,7.919532324621733,6.1652836583747,19.313186813186814,5.6393678951648205,0.3040886563507092,1.0338111982688667,1.230727616986746,1.6868131868131861,26.0,0,74.4005091614774,0.3050556467255663,0.29929209218114716,22.26748404628118,0.21562147836235535,27.003100798646102,0.0,22.26748404628118,,24.681648432573446,22.26748404628118,4.267484046281179,4.267484046281179,15.0
2026-02-27,lunch,4,128,32.0,4.0,2026-02-28 04:00:00+03:00,5,2,1,27.0,29.0,21.0,24.428571428571427,4.237025012007976,29.0,0.0,0.0,0.0,1.0617977528089888,6.0,1.2246467991473532e-16,-1.0,85.0,0.3764705882352941,high,11.91429880843263,7.322747993958596,22.86263736263736,5.724417727106647,0.31992864956999584,1.1314759382915036,1.215288970757541,4.137362637362639,30.0,1,74.53175588633333,0.3181826163941476,0.316980073772619,23.62508147925277,0.1786604320716379,30.26504017460902,1.0,28.273052566002143,24.137588229930895,24.673522080709017,27.733932484637272,-4.266067515362728,4.266067515362728,31.0
2026-03-19,afternoon,5,115,15.0,3.0,2026-03-20 05:00:00+03:00,4,3,0,7.0,13.0,13.0,9.857142857142858,2.340126166724893,13.0,0.0,0.0,0.0,0.6447368421052632,-6.0,-0.7071067811865475,-0.7071067811865477,75.0,0.2,medium,8.859724950884086,7.0585746120055335,10.81868131868132,3.431354761820502,0.17551070249498216,0.5922826592282658,1.099953509995351,-3.8186813186813193,15.0,1,61.663640283085535,0.17556267606684992,0.1741157708635212,10.736612262140316,0.17898260895851037,15.36542374890417,0.0,10.736612262140316,,25.92255602730637,10.736612262140316,-4.263387737859684,4.263387737859684,15.0
2026-02-09,lunch,4,7,37.0,4.0,2026-02-10 04:00:00+03:00,1,2,0,33.0,22.0,30.0,27.142857142857142,4.634241089562603,33.0,0.0,0.0,0.0,1.1725888324873097,3.0,1.2246467991473532e-16,-1.0,116.0,0.31896551724137934,high,12.872377020983832,6.9762070291099025,25.81267217630854,6.227115387092842,0.2507803114805857,1.2307613274427207,1.2307613274427207,7.1873278236914615,33.0,1,115.13034264584971,0.2574866945778729,0.25376188549692147,29.215692827717447,0.22912096320259773,35.014994138364315,1.0,33.27520374517025,30.014179357708013,28.97840636063575,32.74016961913828,-4.259830380861722,4.259830380861722,31.0
2026-02-13,lunch,4,123,20.0,4.0,2026-02-14 04:00:00+03:00,5,2,1,29.0,34.0,29.0,27.857142857142858,4.775931721614526,34.0,0.0,0.0,0.0,1.004950495049505,0.0,1.2246467991473532e-16,-1.0,41.0,0.4878048780487805,medium,9.529330889092575,10.038386270221814,26.01923076923077,8.949331720839782,0.4426367956090107,1.0733096085409253,1.2583629893238433,2.98076923076923,36.0,0,50.947546892455144,0.46299136998528506,0.4761490167605663,24.258624359205363,0.07878373207215941,34.5047766925648,0.0,24.258624359205363,,27.478862802231774,24.258624359205363,4.258624359205363,4.258624359205363,15.0
2026-01-28,lunch,4,6,30.0,4.0,2026-01-29 04:00:00+03:00,3,1,0,22.0,35.0,23.0,27.0,6.271629240742302,35.0,0.0,0.0,0.0,0.7857142857142857,-1.0,1.2246467991473532e-16,-1.0,80.0,0.375,medium,10.223521320495186,7.858411454975636,25.560439560439562,7.174655102463964,0.31008066999141487,0.82829954489036,1.3177492759619363,-3.560439560439562,34.0,0,78.01827690112505,0.336184698969328,0.32997922739593444,25.74441073459532,0.05397772828196261,31.528846980592398,0.0,25.74441073459532,,26.651332615588665,25.74441073459532,-4.25558926540468,4.25558926540468,15.0
2026-03-20,lunch,4,25,17.0,4.0,2026-03-21 04:00:00+03:00,5,3,1,15.0,10.0,14.0,14.714285714285714,3.039423504234865,20.0,0.0,0.0,0.0,0.9545454545454546,1.0,1.2246467991473532e-16,-1.0,41.0,0.4146341463414634,medium,7.156736938588451,5.584595796433097,15.87087912087912,5.024165108521969,0.36929438528740477,0.8891060087933561,1.1854746783911416,-0.8708791208791204,21.69999999999999,0,36.12395668059592,0.3546115555208943,0.35294873310436065,12.749904745133135,0.12220449905570907,21.258584525541742,0.0,12.749904745133135,,17.863872584751473,12.749904745133135,-4.250095254866865,4.250095254866865,15.0
2026-02-13,lunch,4,30,40.0,4.0,2026-02-14 04:00:00+03:00,5,2,1,33.0,24.0,34.0,28.714285714285715,6.210590034081203,36.0,0.0,0.0,0.0,1.1105769230769231,-1.0,1.2246467991473532e-16,-1.0,126.0,0.31746031746031744,high,13.703483043079743,8.347813742646773,27.502747252747252,6.67320559196118,0.33448548715889054,1.1577831325301204,1.2630361445783134,5.497252747252748,35.69999999999999,1,84.09523299875562,0.34192330199462134,0.34213820811179296,28.77219232893797,0.3084988007222722,39.22715082079768,1.0,36.09066327323977,32.61718327285978,33.75410074377178,35.75131937275425,-4.248680627245747,4.248680627245747,31.0
2026-02-21,lunch,4,123,26.0,4.0,2026-02-22 04:00:00+03:00,6,2,1,21.0,29.0,20.0,30.428571428571427,7.9761549395086115,40.0,0.0,0.0,0.0,0.6681818181818182,1.0,1.2246467991473532e-16,-1.0,45.0,0.5777777777777777,medium,9.529330889092575,10.038386270221814,26.01923076923077,8.949331720839782,0.4426367956090107,0.7772241992882563,1.480427046263345,-5.01923076923077,36.0,0,44.30566850411489,0.46140542528641726,0.491150107283056,21.760733839043546,0.019157963895669313,29.855195908567303,0.0,21.760733839043546,,26.49620995810608,21.760733839043546,-4.239266160956454,4.239266160956454,15.0
2026-04-10,lunch,4,425,5.0,4.0,2026-04-11 04:00:00+03:00,5,4,1,2.0,3.0,1.0,1.0,1.1547005383792515,3.0,0.0,0.0,0.0,1.0,1.0,1.2246467991473532e-16,-1.0,9.0,0.5555555555555556,low,0.13596491228070176,0.42387496971731603,0.24561403508771928,0.6059438256138093,0.13157894736842105,1.6056338028169015,2.4084507042253525,1.7543859649122808,1.0,1,1.340349503574641,0.25971278063625647,0.5764490654572257,0.7726432187216583,0.42767226771178823,1.4849338954860976,0.0,0.7726432187216583,,0.35353759472409274,0.7726432187216583,-4.227356781278342,4.227356781278342,1.0
2026-03-04,lunch,4,1,18.0,4.0,2026-03-05 04:00:00+03:00,3,3,0,15.0,16.0,19.0,13.714285714285714,4.680252333449764,19.0,0.0,0.0,0.0,1.0194174757281553,-4.0,1.2246467991473532e-16,-1.0,35.0,0.5142857142857142,medium,4.8180943214629455,4.2007427440961616,11.460055096418733,4.104360569877324,0.41188275422050785,1.2038470042007516,1.5248728719876188,3.539944903581267,17.0,1,33.341067466203704,0.42813015514496633,0.4132044419855059,13.776677177573806,0.3541645164276447,19.33922072638719,0.0,13.776677177573806,,14.890319516349805,13.776677177573806,-4.223322822426194,4.223322822426194,15.0
2026-02-07,afternoon,5,434,17.0,3.0,2026-02-08 05:00:00+03:00,6,2,1,8.0,9.0,7.0,9.714285714285714,2.429971585175818,14.0,0.0,0.0,0.0,0.7466666666666667,1.0,-0.7071067811865475,-0.7071067811865477,63.0,0.2698412698412698,medium,7.621359223300971,6.761882045397149,9.76923076923077,4.7179897040648715,0.2155200181716186,0.7428571428571428,1.2999999999999998,-1.76923076923077,15.0,1,58.351198646012655,0.21533509683101598,0.21919986746070239,12.79057500937909,0.12218800691150222,14.486839664033713,0.0,12.79057500937909,,24.581337743083704,12.79057500937909,-4.20942499062091,4.20942499062091,15.0
2026-02-24,afternoon,5,123,18.0,3.0,2026-02-25 05:00:00+03:00,2,2,0,20.0,7.0,11.0,10.428571428571429,4.928053803045812,20.0,0.0,0.0,0.0,1.75,9.0,-0.7071067811865475,-0.7071067811865477,71.0,0.2535211267605634,medium,9.529330889092575,10.038386270221814,11.35989010989011,5.427674822829868,0.18851876592146113,1.6181373638586354,1.6181373638586354,8.64010989010989,18.0,1,71.4829652698378,0.19439309970359936,0.19321792444131167,13.811790182348426,0.2567887720618566,18.402164004845528,0.0,13.811790182348426,,33.8650367143249,13.811790182348426,-4.188209817651574,4.188209817651574,15.0
2026-02-06,lunch,4,126,18.0,4.0,2026-02-07 04:00:00+03:00,5,2,1,22.0,29.0,22.0,23.714285714285715,3.0394235042348408,29.0,0.0,0.0,0.0,0.8901734104046243,0.0,1.2246467991473532e-16,-1.0,50.0,0.36,medium,8.943396226415095,8.296270027256874,23.39669421487603,7.377896665537009,0.36997738876250647,0.9017615176151762,1.1886856368563685,-1.3966942148760317,33.0,0,62.35548555076397,0.3551091872597729,0.35569453746808566,22.17950559157689,0.08170553789950724,28.803520701332147,0.0,22.17950559157689,,23.734520058212926,22.17950559157689,4.179505591576891,4.179505591576891,15.0
2026-02-15,afternoon,5,115,15.0,3.0,2026-02-16 05:00:00+03:00,0,2,0,13.0,9.0,11.0,12.428571428571429,3.408672412985407,18.0,0.0,0.0,0.0,0.9680851063829787,2.0,-0.7071067811865475,-0.7071067811865477,69.0,0.21739130434782608,medium,8.859724950884086,7.0585746120055335,10.81868131868132,3.431354761820502,0.17551070249498216,1.099953509995351,1.5230125523012552,2.1813186813186807,15.0,1,59.04276719047966,0.18261594188492955,0.18332970835627166,10.82429328957788,0.2245100361398811,15.930267272859028,0.0,10.82429328957788,,27.498097921667153,10.82429328957788,-4.175706710422119,4.175706710422119,15.0
2026-02-20,lunch,4,14,16.0,4.0,2026-02-21 04:00:00+03:00,5,2,1,22.0,20.0,17.0,19.571428571428573,3.5050983275386387,26.0,0.0,0.0,0.0,1.0694444444444444,5.0,1.2246467991473532e-16,-1.0,36.0,0.4444444444444444,medium,8.976897689768977,6.080682518563457,18.424242424242426,4.409515911174649,0.4121223874637316,1.1326053042121684,1.3385335413416535,3.5757575757575744,24.0,0,49.84395688695133,0.41069615505944457,0.40459822108869553,20.166776288482144,0.1778134797068909,23.337722578979538,0.0,20.166776288482144,,23.222378757800644,20.166776288482144,4.1667762884821435,4.1667762884821435,15.0
2026-03-09,lunch,4,14,15.0,4.0,2026-03-10 04:00:00+03:00,1,3,0,17.0,21.0,15.0,16.142857142857142,2.478478796128233,21.0,0.0,0.0,0.0,0.9916666666666667,2.0,1.2246467991473532e-16,-1.0,42.0,0.35714285714285715,medium,8.976897689768977,6.080682518563457,18.424242424242426,4.409515911174649,0.4121223874637316,0.8751950078003119,1.0811232449297972,-1.4242424242424256,24.0,0,46.32246285948346,0.4153645468973457,0.41369159702858194,19.163213638636883,0.13649709384296405,23.712183349196646,0.0,19.163213638636883,,22.200869681028756,19.163213638636883,4.163213638636883,4.163213638636883,15.0
2026-01-27,lunch,4,10,22.0,4.0,2026-01-28 04:00:00+03:00,2,1,0,18.0,23.0,19.0,18.857142857142858,4.298393941484478,25.0,0.0,0.0,0.0,0.9064748201438849,-1.0,1.2246467991473532e-16,-1.0,38.0,0.5789473684210527,medium,6.580926180651078,5.576694893105304,15.826446280991735,5.457537267559647,0.3959618663932895,1.0697445972495088,1.4857563850687623,2.1735537190082646,23.0,0,44.70873544381973,0.41177893123954074,0.3991921804133479,17.847377585341928,0.13992118607997522,23.620586299601335,0.0,17.847377585341928,,18.010117297109353,17.847377585341928,-4.152622414658072,4.152622414658072,15.0
2026-02-22,dinner,6,6,15.0,3.0,2026-02-23 06:00:00+03:00,0,2,0,12.0,5.0,12.0,10.571428571428571,4.3149794459588815,15.0,0.0,0.0,0.0,1.037037037037037,0.0,-1.0,-1.8369701987210297e-16,63.0,0.23809523809523808,medium,10.223521320495186,7.858411454975636,10.60989010989011,3.789431583157042,0.13266247089010186,1.0336015144344535,1.2920018930430668,1.3901098901098905,16.0,0,79.18661352391747,0.1365913843851572,0.13700170366446665,10.848700960196389,0.1910823678686584,16.129771657848643,0.0,10.848700960196389,,32.579897307056186,10.848700960196389,-4.151299039803611,4.151299039803611,15.0
2026-02-09,morning,3,123,18.0,2.0,2026-02-10 03:00:00+03:00,1,2,0,13.0,12.0,9.0,10.857142857142858,2.672612419124246,14.0,0.0,0.0,0.0,1.0963855421686746,4.0,0.7071067811865476,-0.7071067811865475,62.0,0.2903225806451613,medium,9.529330889092575,10.038386270221814,12.881542699724518,5.126549445359239,0.21440842105814506,0.9364953363762651,1.0085334391744394,0.11845730027548207,18.0,1,61.76460978301214,0.2179380768600578,0.2242780212850987,13.852444467580211,0.1843347793893136,17.414359004903776,0.0,13.852444467580211,,34.28543482908321,13.852444467580211,-4.147555532419789,4.147555532419789,15.0
2026-03-22,lunch,4,126,18.0,4.0,2026-03-23 04:00:00+03:00,0,3,0,8.0,17.0,20.0,19.285714285714285,7.29644401322281,31.0,0.0,0.0,0.0,0.3943661971830986,-12.0,1.2246467991473532e-16,-1.0,52.0,0.34615384615384615,medium,8.943396226415095,8.296270027256874,23.39669421487603,7.377896665537009,0.36997738876250647,0.32791327913279134,1.2706639566395665,-15.396694214876032,33.0,0,59.58029585660304,0.3718109459710809,0.3716740362888479,22.14444904430737,0.243230882650482,27.660377957217,0.0,22.14444904430737,,29.787317023574747,22.14444904430737,4.144449044307368,4.144449044307368,15.0
2026-02-11,dinner,6,115,15.0,3.0,2026-02-12 06:00:00+03:00,3,2,0,7.0,8.0,8.0,9.428571428571429,2.636736799982308,15.0,0.0,0.0,0.0,0.6712328767123288,-1.0,-1.0,-1.8369701987210297e-16,66.0,0.22727272727272727,medium,8.859724950884086,7.0585746120055335,10.244505494505495,3.4044368275703665,0.16551450234185303,0.6225262643537748,1.3339848521866602,-3.2445054945054945,15.0,1,65.76157252254683,0.16560094119811,0.16514785622211653,10.860382723893853,0.1486258617452575,13.709442087240866,0.0,10.860382723893853,,26.836853750455333,10.860382723893853,-4.139617276106147,4.139617276106147,15.0
2026-04-07,lunch,4,9,15.0,4.0,2026-04-08 04:00:00+03:00,2,4,0,6.0,11.0,7.0,8.285714285714286,2.627691364061225,11.0,0.0,0.0,0.0,0.6461538461538461,-1.0,1.2246467991473532e-16,-1.0,39.0,0.38461538461538464,medium,8.026593305823017,5.120585258455439,11.845730027548209,5.455840016029125,0.2451649724663524,0.46708127814711564,0.8563156766030453,-5.845730027548209,17.0,0,44.68511556790574,0.23954441699438153,0.24307044058422675,10.861630728647938,0.055666419660542164,14.575944931952874,0.0,10.861630728647938,,12.304642645394622,10.861630728647938,-4.138369271352062,4.138369271352062,15.0
2026-01-27,lunch,4,2,17.0,4.0,2026-01-28 04:00:00+03:00,2,1,0,19.0,18.0,25.0,20.285714285714285,2.6903708365381847,25.0,0.0,0.0,0.0,0.8926174496644296,-6.0,1.2246467991473532e-16,-1.0,66.0,0.25757575757575757,medium,7.919532324621733,6.1652836583747,19.313186813186814,5.6393678951648205,0.3040886563507092,0.9353529889099269,1.230727616986746,-0.31318681318681385,26.0,0,67.8842586986583,0.3164827256387501,0.31136742292565656,21.13694668821982,0.08001476500889781,25.24168559906729,0.0,21.13694668821982,,21.05225065557338,21.13694668821982,4.136946688219819,4.136946688219819,15.0
2026-04-10,dinner,6,135,7.0,3.0,2026-04-11 06:00:00+03:00,5,4,1,6.0,0.0,0.0,0.8571428571428571,2.2677868380553634,6.0,0.0,0.0,0.0,3.230769230769231,6.0,-1.0,-1.8369701987210297e-16,7.0,1.0,low,0.18659295093296477,0.8339361180545659,0.425414364640884,1.4872367318367268,0.1261454967052952,4.209302325581395,4.209302325581395,5.574585635359116,1.0,1,4.514925432423951,0.2085302289232639,0.6364892702844638,2.8737015938722874,0.46264152451704327,3.0985081325985853,0.0,2.8737015938722874,,0.11764251741364834,2.8737015938722874,-4.126298406127713,4.126298406127713,1.0
2026-04-09,dinner,6,2,15.0,3.0,2026-04-10 06:00:00+03:00,4,4,0,9.0,7.0,11.0,9.285714285714286,3.0937725468153823,15.0,0.0,0.0,0.0,0.8749999999999999,-2.0,-1.0,-1.8369701987210297e-16,94.0,0.1595744680851064,medium,7.919532324621733,6.1652836583747,8.604395604395604,3.172294390471247,0.13768836988463973,0.937070938215103,1.5617848970251718,0.395604395604396,13.0,1,79.19557822674345,0.1402680643343896,0.1373462815283943,10.877218182934278,0.2949996004444163,13.829532722180343,0.0,10.877218182934278,,24.644855509780676,10.877218182934278,-4.1227818170657216,4.1227818170657216,15.0
2026-03-27,lunch,4,434,16.0,4.0,2026-03-28 04:00:00+03:00,5,3,1,14.0,16.0,20.0,14.714285714285714,3.9036002917941266,20.0,0.0,0.0,0.0,0.890909090909091,-6.0,1.2246467991473532e-16,-1.0,43.0,0.37209302325581395,medium,7.621359223300971,6.761882045397149,16.980392156862745,6.830783838121162,0.3594009148733045,0.7786259541984732,1.1123227917121046,-2.980392156862745,24.0,0,57.13833781437555,0.3445781697897346,0.3519824328082924,20.111691150525953,0.24390111470542772,23.50602082875745,0.0,20.111691150525953,,24.717295357391365,20.111691150525953,4.111691150525953,4.111691150525953,15.0
2026-03-23,lunch,4,10,20.0,4.0,2026-03-24 04:00:00+03:00,1,3,0,18.0,13.0,9.0,15.142857142857142,3.5321651258385884,20.0,0.0,0.0,0.0,1.1150442477876106,9.0,1.2246467991473532e-16,-1.0,45.0,0.4444444444444444,medium,6.580926180651078,5.576694893105304,15.826446280991735,5.457537267559647,0.3959618663932895,1.0697445972495088,1.1886051080550097,2.1735537190082646,23.0,0,40.24057609505049,0.3979330684651639,0.39511197765386225,15.899533602846134,0.12407139318037805,22.263043393711996,0.0,15.899533602846134,,20.595141192933053,15.899533602846134,-4.100466397153866,4.100466397153866,15.0
2026-03-22,lunch,4,2,17.0,4.0,2026-03-23 04:00:00+03:00,0,3,0,15.0,17.0,25.0,18.428571428571427,3.823486317361068,25.0,0.0,0.0,0.0,0.7720588235294118,-10.0,1.2246467991473532e-16,-1.0,76.0,0.2236842105263158,medium,7.919532324621733,6.1652836583747,19.313186813186814,5.6393678951648205,0.3040886563507092,0.7384365701920476,1.230727616986746,-4.313186813186814,26.0,0,70.46850334545927,0.30140429508860894,0.29920666824059905,21.084646101896375,0.19856043726904482,25.204979450896555,0.0,21.084646101896375,,24.994125068507184,21.084646101896375,4.084646101896375,4.084646101896375,15.0
2026-03-08,lunch,4,35,32.0,4.0,2026-03-09 04:00:00+03:00,0,3,0,36.0,32.0,29.0,29.285714285714285,4.889249625940764,36.0,0.0,0.0,0.0,1.1886792452830188,7.0,1.2246467991473532e-16,-1.0,96.0,0.3333333333333333,high,12.99404216315307,8.966106707239911,27.76098901098901,6.366710522390032,0.3561335102986236,1.2516954818989396,1.2516954818989396,8.239010989010989,37.0,0,86.35148868352181,0.35400542827300896,0.3561071745426104,30.75038465263715,0.1576061799288267,39.61407222886206,1.0,36.95496595599458,31.909140157256488,29.641697613021687,36.072602675572405,4.072602675572405,4.072602675572405,31.0
2026-03-03,lunch,4,434,23.0,4.0,2026-03-04 04:00:00+03:00,2,3,0,12.0,15.0,17.0,17.0,4.509249752822894,25.0,0.0,0.0,0.0,0.6666666666666666,-5.0,1.2246467991473532e-16,-1.0,54.0,0.42592592592592593,medium,7.621359223300971,6.761882045397149,16.980392156862745,6.830783838121162,0.3594009148733045,0.6673936750272628,1.390403489640131,-4.980392156862745,24.0,0,52.095518923660514,0.3536491892538635,0.36369721341540845,18.94699506396501,0.1406640135613051,24.199572876037745,0.0,18.94699506396501,,23.40180436465094,18.94699506396501,-4.053004936034991,4.053004936034991,15.0
2026-01-30,afternoon,5,139,5.0,3.0,2026-01-31 05:00:00+03:00,5,1,1,1.0,1.0,4.0,1.5714285714285714,1.7182493859684491,4.0,0.0,0.0,0.0,0.38888888888888895,-3.0,-0.7071067811865475,-0.7071067811865477,10.0,0.5,low,0.28473177441540576,0.657489566091835,0.38292011019283745,0.8306525835717741,0.192444515998235,0.7231075697211156,2.8924302788844622,0.6170798898071626,1.0,1,3.0624212641733104,0.23532466579428363,0.3110728676057154,0.9526361644631117,0.5276805809338236,2.211706242296504,0.0,0.9526361644631117,,0.5189262175836151,0.9526361644631117,-4.047363835536888,4.047363835536888,1.0
2026-02-01,lunch,4,115,26.0,4.0,2026-02-02 04:00:00+03:00,0,2,0,19.0,16.0,22.0,18.571428571428573,3.690399384761447,24.0,0.0,0.0,0.0,0.9708029197080291,-3.0,1.2246467991473532e-16,-1.0,50.0,0.52,medium,8.859724950884086,7.0585746120055335,21.186813186813186,5.342613320180643,0.3419472329595375,0.8563645368994552,1.0817236255572065,-2.186813186813186,28.0,0,62.81831978064187,0.35197866696043967,0.3496201622098407,21.962551151457657,0.14954667346433634,25.795275625803626,0.0,21.962551151457657,,26.478281835318775,21.962551151457657,-4.037448848542343,4.037448848542343,15.0
2026-02-15,lunch,4,35,34.0,4.0,2026-02-16 04:00:00+03:00,0,2,0,32.0,37.0,28.0,32.0,5.228129047119351,41.0,0.0,0.0,0.0,0.9696969696969697,4.0,1.2246467991473532e-16,-1.0,91.0,0.37362637362637363,high,12.99404216315307,8.966106707239911,27.76098901098901,6.366710522390032,0.3561335102986236,1.1126182061323908,1.4255420766071258,4.239010989010989,37.0,0,84.96397895047737,0.3549552889314428,0.3514544615443526,29.860969472705733,0.14105454377472296,39.30227948632749,0.0,29.860969472705733,30.002470009547864,30.29029032485431,29.968299685742878,-4.031700314257122,4.031700314257122,31.0
2026-01-24,lunch,4,10,19.0,4.0,2026-01-25 04:00:00+03:00,6,1,1,16.0,25.0,7.0,17.142857142857142,6.03955217513603,25.0,0.0,0.0,0.0,0.8818897637795275,9.0,1.2246467991473532e-16,-1.0,30.0,0.6333333333333333,medium,6.580926180651078,5.576694893105304,15.826446280991735,5.457537267559647,0.3959618663932895,0.9508840864440079,1.4857563850687623,0.17355371900826455,23.0,0,38.99606197489704,0.4021384020658428,0.3844747526564372,14.993001282373635,0.03545676844709586,20.553737109293152,0.0,14.993001282373635,,14.908127755865577,14.993001282373635,-4.006998717626365,4.006998717626365,15.0
2026-04-09,dinner,6,434,16.0,3.0,2026-04-10 06:00:00+03:00,4,4,0,23.0,8.0,12.0,12.857142857142858,4.775931721614512,23.0,0.0,0.0,0.0,1.6597938144329896,11.0,-1.0,-1.8369701987210297e-16,65.0,0.24615384615384617,medium,7.621359223300971,6.761882045397149,9.711538461538462,4.59042711696186,0.19428502784213808,2.14721723518851,2.14721723518851,13.288461538461538,14.899999999999999,1,56.67850598300612,0.20992562123827974,0.21175549080333222,12.001984852431063,0.4614736895114563,17.559537862340886,0.0,12.001984852431063,,23.836306672091524,12.001984852431063,-3.998015147568937,3.998015147568937,15.0
2026-01-25,afternoon,5,6,18.0,3.0,2026-01-26 05:00:00+03:00,0,1,0,9.0,12.0,18.0,14.714285714285714,4.231401884099621,20.0,0.0,0.0,0.0,0.5727272727272728,-9.0,-0.7071067811865475,-0.7071067811865477,67.0,0.26865671641791045,medium,10.223521320495186,7.858411454975636,14.112637362637363,4.041241206698928,0.17560393845596073,0.5955280858025813,1.3233957462279584,-5.112637362637363,19.0,0,74.68116900661774,0.189031501217521,0.18760938458091292,14.010888157114701,0.08230011921008824,17.94819648015925,0.0,14.010888157114701,,28.593534435477515,14.010888157114701,-3.9891118428852987,3.9891118428852987,15.0
2026-02-02,lunch,4,1,16.0,4.0,2026-02-03 04:00:00+03:00,1,2,0,8.0,8.0,10.0,10.142857142857142,2.41029537806547,15.0,0.0,0.0,0.0,0.717948717948718,-2.0,1.2246467991473532e-16,-1.0,29.0,0.5517241379310345,medium,4.8180943214629455,4.2007427440961616,11.460055096418733,4.104360569877324,0.41188275422050785,0.6420517355737342,1.2038470042007516,-3.460055096418733,17.0,0,28.58275902307847,0.421956418594869,0.42069325829344906,12.024574024435362,0.12614088997209083,16.439701774383675,0.0,12.024574024435362,,13.964828761645437,12.024574024435362,-3.9754259755646384,3.9754259755646384,15.0
2026-04-08,afternoon,5,434,15.0,3.0,2026-04-09 05:00:00+03:00,3,4,0,12.0,12.0,8.0,9.857142857142858,2.7945525240230853,13.0,0.0,0.0,0.0,1.1052631578947367,4.0,-0.7071067811865475,-0.7071067811865477,72.0,0.20833333333333334,medium,7.621359223300971,6.761882045397149,9.76923076923077,4.7179897040648715,0.2155200181716186,1.114285714285714,1.207142857142857,2.23076923076923,15.0,1,47.92681475689195,0.2194707612335477,0.23045513280796293,11.044980459862172,0.1727090543310403,15.444194778637456,0.0,11.044980459862172,,21.716012711053374,11.044980459862172,-3.955019540137828,3.955019540137828,15.0
2026-01-29,lunch,4,142,16.0,4.0,2026-01-30 04:00:00+03:00,4,1,0,10.0,11.0,13.0,9.571428571428571,2.225394561056761,13.0,0.0,0.0,0.0,0.9459459459459459,-3.0,1.2246467991473532e-16,-1.0,26.0,0.6153846153846154,medium,4.23006416131989,3.624165403205612,9.288461538461538,4.106271337026147,0.360800260700566,0.9719626168224299,1.263551401869159,0.7115384615384617,14.0,1,32.32970023864044,0.38754153956432913,0.37266102631773873,12.04801927147659,0.16418726034394454,15.025969406812,0.0,12.04801927147659,,9.133952666955512,12.04801927147659,-3.9519807285234094,3.9519807285234094,15.0
2026-04-11,lunch,4,2,15.0,4.0,2026-04-12 04:00:00+03:00,6,4,1,20.0,26.0,13.0,21.285714285714285,4.990467102863401,27.0,0.0,0.0,0.0,0.8974358974358975,7.0,1.2246467991473532e-16,-1.0,48.0,0.3125,medium,7.919532324621733,6.1652836583747,19.313186813186814,5.6393678951648205,0.3040886563507092,0.9845820935893967,1.3291858263456857,0.6868131868131861,26.0,0,63.45733930565724,0.3037797121923953,0.29854596027547486,18.944932299534077,0.10796214694047776,24.988488904562136,0.0,18.944932299534077,,22.3247788072266,18.944932299534077,3.944932299534077,3.944932299534077,15.0
2026-04-04,lunch,4,14,20.0,4.0,2026-04-05 04:00:00+03:00,6,4,1,15.0,8.0,12.0,14.428571428571429,3.7796447300923046,20.0,0.0,0.0,0.0,0.9722222222222222,3.0,1.2246467991473532e-16,-1.0,47.0,0.425531914893617,medium,8.976897689768977,6.080682518563457,18.424242424242426,4.409515911174649,0.4121223874637316,0.7722308892355694,1.029641185647426,-3.4242424242424256,24.0,0,41.19200796312295,0.39427762371045333,0.3898270037194663,16.057757041452614,0.03644901133803182,20.00524945735188,0.0,16.057757041452614,,20.632076593515162,16.057757041452614,-3.9422429585473857,3.9422429585473857,15.0
2026-03-14,dinner,6,6,15.0,3.0,2026-03-15 06:00:00+03:00,6,3,1,6.0,10.0,14.0,11.142857142857142,3.387652649872841,15.0,0.0,0.0,0.0,0.49411764705882355,-8.0,-1.0,-1.8369701987210297e-16,71.0,0.2112676056338028,medium,10.223521320495186,7.858411454975636,10.60989010989011,3.789431583157042,0.13266247089010186,0.5168007572172267,1.2920018930430668,-4.6098901098901095,16.0,0,84.30728030495247,0.13706379992335735,0.13129450278667024,11.069082448935172,0.17408219526909768,15.413067352035327,0.0,11.069082448935172,,26.356721218287074,11.069082448935172,-3.9309175510648284,3.9309175510648284,15.0
2026-02-03,morning,3,6,15.0,2.0,2026-02-04 03:00:00+03:00,2,2,0,8.0,12.0,10.0,9.571428571428571,2.2990681342044734,12.0,0.0,0.0,0.0,0.7567567567567568,-2.0,0.7071067811865476,-0.7071067811865475,86.0,0.1744186046511628,medium,10.223521320495186,7.858411454975636,11.15702479338843,3.8672907939562746,0.1360488109560432,0.6580557443915703,0.9870836165873554,-3.1570247933884303,16.0,0,83.13335726857623,0.13224055343996252,0.13320858267410396,11.074076694686958,0.10224194526057152,15.041304419243865,0.0,11.074076694686958,,32.41170536027112,11.074076694686958,-3.9259233053130416,3.9259233053130416,15.0
2026-02-20,lunch,4,6,23.0,4.0,2026-02-21 04:00:00+03:00,5,2,1,31.0,28.0,29.0,28.285714285714285,1.7994708216849993,31.0,0.0,0.0,0.0,1.0585365853658537,2.0,1.2246467991473532e-16,-1.0,76.0,0.3026315789473684,medium,10.223521320495186,7.858411454975636,25.560439560439562,7.174655102463964,0.31008066999141487,1.1671493587091435,1.1671493587091435,5.439560439560438,34.0,0,90.08240414843725,0.31677231425211694,0.29884019350231344,26.920243086872592,0.1564685346525843,33.99225460456087,0.0,26.920243086872592,,27.408843265852255,26.920243086872592,3.920243086872592,3.920243086872592,15.0
2026-04-09,lunch,4,4,38.0,4.0,2026-04-10 04:00:00+03:00,4,4,0,38.0,24.0,22.0,26.285714285714285,6.395683067879611,38.0,0.0,0.0,0.0,1.3926701570680629,16.0,1.2246467991473532e-16,-1.0,88.0,0.4318181818181818,high,12.723424723424724,8.703156453277504,27.208791208791208,6.88395184651641,0.37716923282176296,1.3470977795091548,1.3470977795091548,10.791208791208792,36.0,1,81.58864600765553,0.37368837196585103,0.36850116437681607,30.065511053748928,0.23437524882553165,36.50649393572126,1.0,34.574199071129556,30.97447801695395,31.071669229394082,34.083310794040344,-3.9166892059596563,3.9166892059596563,31.0
2026-04-01,afternoon,5,6,18.0,3.0,2026-04-02 05:00:00+03:00,3,4,0,11.0,11.0,16.0,11.571428571428571,3.04724700110018,16.0,0.0,0.0,0.0,0.875,-5.0,-0.7071067811865475,-0.7071067811865477,88.0,0.20454545454545456,medium,10.223521320495186,7.858411454975636,14.112637362637363,4.041241206698928,0.17560393845596073,0.7278676604253772,1.0587165969823669,-3.112637362637363,19.0,0,81.37736930149238,0.17234980834440727,0.17322830517987728,14.096863764094499,0.14659279100678102,18.269295573745882,0.0,14.096863764094499,,32.00946072386017,14.096863764094499,-3.9031362359055013,3.9031362359055013,15.0
2026-03-02,lunch,4,69,53.0,4.0,2026-03-03 04:00:00+03:00,1,3,0,33.0,43.0,38.0,45.857142857142854,11.824107738409836,64.0,0.0,0.0,0.0,0.7042682926829269,-5.0,1.2246467991473532e-16,-1.0,165.0,0.3212121212121212,mega,25.709899175068745,15.187584008448223,49.92032967032967,11.401837554339034,0.32250586815508425,0.6480712166172107,1.2568653898030753,-16.92032967032967,65.0,0,150.2662110454901,0.31837028798411726,0.3238177609694005,48.658868010106005,0.06478690111098769,55.40446559526601,0.0,48.658868010106005,51.148422861156504,50.42071714835068,49.099330294667176,-3.900669705332824,3.900669705332824,49.0
2026-03-10,lunch,4,29,35.0,4.0,2026-03-11 04:00:00+03:00,2,3,0,29.0,33.0,25.0,31.142857142857142,4.09994192757943,38.0,0.0,0.0,0.0,0.9022222222222224,4.0,1.2246467991473532e-16,-1.0,94.0,0.3723404255319149,high,16.77201257861635,11.447047939359384,39.06611570247934,7.990742783350609,0.33541085213730065,0.7238036303630363,0.9484323432343235,-10.066115702479337,49.0,0,110.52208591811262,0.3319652754821817,0.33922798968739776,37.492185022059196,0.06744836385548574,41.27752162837844,0.0,37.492185022059196,36.715362938210774,43.110316476017736,38.89671788554883,3.8967178855488314,3.8967178855488314,31.0
2026-02-27,afternoon,5,6,17.0,3.0,2026-02-28 05:00:00+03:00,5,2,1,15.0,17.0,13.0,13.142857142857142,3.13201593379147,17.0,0.0,0.0,0.0,1.0606060606060606,2.0,-0.7071067811865475,-0.7071067811865477,88.0,0.19318181818181818,medium,10.223521320495186,7.858411454975636,14.112637362637363,4.041241206698928,0.17560393845596073,0.9925468096709689,1.1248863842937646,0.8873626373626369,19.0,0,78.91298369037193,0.1740716569915878,0.1661878542013337,13.114379428127755,0.15928123988348314,18.041656928697094,0.0,13.114379428127755,,25.662508628360087,13.114379428127755,-3.885620571872245,3.885620571872245,15.0
2026-02-13,afternoon,5,139,5.0,3.0,2026-02-14 05:00:00+03:00,5,2,1,2.0,4.0,1.0,1.1428571428571428,1.4638501094227996,4.0,0.0,0.0,0.0,0.9333333333333333,1.0,-0.7071067811865475,-0.7071067811865477,16.0,0.3125,low,0.28473177441540576,0.657489566091835,0.38292011019283745,0.8306525835717741,0.192444515998235,1.4462151394422311,2.8924302788844622,1.6170798898071626,1.0,1,3.25205758630968,0.2686158717653662,0.34271349675328416,1.1145240270472356,0.5122459664497891,2.2737430738412794,0.0,1.1145240270472356,,0.4070096162216639,1.1145240270472356,-3.885475972952764,3.885475972952764,1.0
2026-02-10,afternoon,5,2,16.0,3.0,2026-02-11 05:00:00+03:00,2,2,0,8.0,15.0,12.0,10.428571428571429,2.63673679998232,15.0,0.0,0.0,0.0,0.7,-4.0,-0.7071067811865475,-0.7071067811865477,78.0,0.20512820512820512,medium,7.919532324621733,6.1652836583747,10.104395604395604,3.761495865855915,0.15959778045043044,0.7204354280059376,1.3508164275111332,-2.104395604395604,15.0,1,74.4005091614774,0.1659741262113674,0.16283830184735523,12.115252568433576,0.20776639052408796,14.974871192230015,0.0,12.115252568433576,,24.681648432573446,12.115252568433576,-3.8847474315664243,3.8847474315664243,15.0
2026-04-09,afternoon,5,139,5.0,3.0,2026-04-10 05:00:00+03:00,4,4,0,0.0,0.0,2.0,1.0,1.290994448735805,3.0,0.0,0.0,0.0,0.0,-2.0,-0.7071067811865475,-0.7071067811865477,9.0,0.5555555555555556,low,0.28473177441540576,0.657489566091835,0.38292011019283745,0.8306525835717741,0.192444515998235,0.0,2.1693227091633465,-0.38292011019283745,1.0,1,3.371955303012386,0.25158038084321765,0.3349918893067864,1.1295776776141566,0.45596634035477057,1.5591905540408355,0.0,1.1295776776141566,,0.5809812266780681,1.1295776776141566,-3.8704223223858434,3.8704223223858434,1.0
2026-03-22,lunch,4,35,35.0,4.0,2026-03-23 04:00:00+03:00,0,3,0,34.0,43.0,24.0,30.428571428571427,8.462803768199256,43.0,0.0,0.0,0.0,1.0818181818181818,10.0,1.2246467991473532e-16,-1.0,89.0,0.39325842696629215,high,12.99404216315307,8.966106707239911,27.76098901098901,6.366710522390032,0.3561335102986236,1.1821568440156653,1.4950807144904001,6.239010989010989,37.0,0,89.73964549951808,0.3554693839407154,0.3510607207916007,31.504064632643544,0.16479449516360728,39.020883534502914,0.0,31.504064632643544,30.973882847118176,30.009711878952103,31.130476444220683,-3.869523555779317,3.869523555779317,31.0
2026-03-18,lunch,4,10,20.0,4.0,2026-03-19 04:00:00+03:00,3,3,0,15.0,9.0,19.0,13.857142857142858,3.804758924845343,19.0,0.0,0.0,0.0,1.0096153846153846,-4.0,1.2246467991473532e-16,-1.0,42.0,0.47619047619047616,medium,6.580926180651078,5.576694893105304,15.826446280991735,5.457537267559647,0.3959618663932895,0.8914538310412574,1.1291748526522594,-0.8264462809917354,23.0,0,40.5538811078399,0.39604681406658976,0.39785972729159025,16.134756078180757,0.12483653284936856,22.04821447936979,0.0,16.134756078180757,,20.245579552574853,16.134756078180757,-3.8652439218192427,3.8652439218192427,15.0
2026-02-20,lunch,4,8,33.0,4.0,2026-02-21 04:00:00+03:00,5,2,1,34.0,44.0,25.0,35.0,6.324555320336786,44.0,0.0,0.0,0.0,0.9444444444444444,9.0,1.2246467991473532e-16,-1.0,89.0,0.3707865168539326,high,14.99803536345776,11.147682695162223,34.80494505494506,8.197821234921355,0.33131290749065806,0.9495895035678661,1.2288805340290032,-0.8049450549450583,44.0,0,103.32517244639085,0.3383952864936454,0.3401706404186133,35.14819008245243,0.07720611603726191,43.648928992359195,0.0,35.14819008245243,37.6659344537703,41.98094743152243,36.85637941971993,3.8563794197199286,3.8563794197199286,31.0
2026-01-31,lunch,4,2,15.0,4.0,2026-02-01 04:00:00+03:00,6,2,1,18.0,26.0,18.0,19.142857142857142,3.0783421635988217,26.0,0.0,0.0,0.0,0.8936170212765958,0.0,1.2246467991473532e-16,-1.0,47.0,0.3191489361702128,medium,7.919532324621733,6.1652836583747,19.313186813186814,5.6393678951648205,0.3040886563507092,0.8861238842304571,1.2799567216662158,-1.3131868131868139,26.0,0,61.688533023620955,0.3111969271980054,0.3055969690874664,18.851828719470646,0.13449577539159951,24.662077231889292,0.0,18.851828719470646,,22.664586733743807,18.851828719470646,3.851828719470646,3.851828719470646,15.0
2026-01-31,lunch,4,6,27.0,4.0,2026-02-01 04:00:00+03:00,6,2,1,23.0,28.0,30.0,27.428571428571427,4.685336802448832,35.0,0.0,0.0,0.0,0.8090452261306533,-7.0,1.2246467991473532e-16,-1.0,87.0,0.3103448275862069,medium,10.223521320495186,7.858411454975636,25.560439560439562,7.174655102463964,0.31008066999141487,0.8659495242035581,1.3177492759619363,-2.560439560439562,34.0,0,75.29385179968898,0.31202287675749535,0.30753282374539964,23.155330854625994,0.23012310319608853,33.116387561440426,0.0,23.155330854625994,,26.742688917993487,23.155330854625994,-3.844669145374006,3.844669145374006,15.0
2026-03-09,afternoon,5,434,15.0,3.0,2026-03-10 05:00:00+03:00,1,3,0,9.0,13.0,13.0,13.714285714285714,4.270608298368657,21.0,0.0,0.0,0.0,0.6116504854368933,-4.0,-0.7071067811865475,-0.7071067811865477,43.0,0.3488372093023256,medium,7.621359223300971,6.761882045397149,9.76923076923077,4.7179897040648715,0.2155200181716186,0.8357142857142856,1.95,-0.76923076923077,15.0,1,48.13270753105684,0.2296895573528991,0.23184145987892968,11.15915718192577,0.2346852154670503,16.90794826070928,0.0,11.15915718192577,,23.986902299822685,11.15915718192577,-3.840842818074229,3.840842818074229,15.0
2026-03-17,lunch,4,25,20.0,4.0,2026-03-18 04:00:00+03:00,2,3,0,13.0,16.0,19.0,17.0,3.7416573867739564,24.0,0.0,0.0,0.0,0.7222222222222222,-6.0,1.2246467991473532e-16,-1.0,44.0,0.45454545454545453,medium,7.156736938588451,5.584595796433097,15.87087912087912,5.024165108521969,0.36929438528740477,0.770558540954242,1.4225696140693698,-2.8708791208791204,21.69999999999999,0,43.74490749865207,0.3668935477377232,0.3696863695929439,16.17189604135583,0.19798410576875364,22.525115169549967,0.0,16.17189604135583,,20.79101109315543,16.17189604135583,-3.8281039586441707,3.8281039586441707,15.0
2026-02-24,lunch,4,1,17.0,4.0,2026-02-25 04:00:00+03:00,2,2,0,13.0,8.0,20.0,11.571428571428571,5.255382728122436,20.0,0.0,0.0,0.0,1.0340909090909092,-7.0,1.2246467991473532e-16,-1.0,34.0,0.5,medium,4.8180943214629455,4.2007427440961616,11.460055096418733,4.104360569877324,0.41188275422050785,1.0433340703073182,1.6051293389343355,1.539944903581267,17.0,1,31.25447332036074,0.4330325477743788,0.4216345394377276,13.177965463799046,0.23906927350756327,18.176191581449633,0.0,13.177965463799046,,15.415999620678228,13.177965463799046,-3.8220345362009542,3.8220345362009542,15.0
2026-01-28,lunch,4,14,15.0,4.0,2026-01-29 04:00:00+03:00,3,1,0,14.0,22.0,16.0,18.0,3.415650255319866,22.0,0.0,0.0,0.0,0.7368421052631579,-2.0,1.2246467991473532e-16,-1.0,42.0,0.35714285714285715,medium,8.976897689768977,6.080682518563457,18.424242424242426,4.409515911174649,0.4121223874637316,0.7207488299531981,1.1326053042121684,-4.424242424242426,24.0,0,45.435384276754505,0.4269053357010771,0.41407898315586616,18.813837720614536,0.08551455100252475,23.042880208926782,0.0,18.813837720614536,,18.074552183183084,18.813837720614536,3.8138377206145364,3.8138377206145364,15.0
2026-02-11,lunch,4,10,23.0,4.0,2026-02-12 04:00:00+03:00,3,2,0,24.0,28.0,25.0,19.285714285714285,7.387247699341657,28.0,0.0,0.0,0.0,1.1830985915492958,-1.0,1.2246467991473532e-16,-1.0,52.0,0.4423076923076923,medium,6.580926180651078,5.576694893105304,15.826446280991735,5.457537267559647,0.3959618663932895,1.4263261296660117,1.6640471512770139,8.173553719008265,23.0,1,47.518862163271905,0.41094563652240784,0.40410399751479925,19.202562157532917,0.318892363127712,25.258749095777127,0.0,19.202562157532917,,21.704867878306743,19.202562157532917,-3.797437842467083,3.797437842467083,15.0
2026-01-24,lunch,4,14,22.0,4.0,2026-01-25 04:00:00+03:00,6,1,1,19.0,19.0,19.0,19.571428571428573,2.6992062325272923,25.0,0.0,0.0,0.0,0.923611111111111,0.0,1.2246467991473532e-16,-1.0,52.0,0.4230769230769231,medium,8.976897689768977,6.080682518563457,18.424242424242426,4.409515911174649,0.4121223874637316,0.9781591263650545,1.2870514820592822,0.5757575757575744,24.0,0,44.24474330952589,0.43050853190825794,0.41185786419665577,18.222545481390608,0.11202846558855503,23.10675842811625,0.0,18.222545481390608,,20.567629737086712,18.222545481390608,-3.7774545186093924,3.7774545186093924,15.0
2026-03-14,lunch,4,126,15.0,4.0,2026-03-15 04:00:00+03:00,6,3,1,12.0,15.0,22.0,18.285714285714285,6.42168943799799,27.0,0.0,0.0,0.0,0.6222222222222222,-10.0,1.2246467991473532e-16,-1.0,53.0,0.2830188679245283,medium,8.943396226415095,8.296270027256874,23.39669421487603,7.377896665537009,0.36997738876250647,0.491869918699187,1.1067073170731707,-11.396694214876032,33.0,0,53.769332330214226,0.3413167568416252,0.34910414370413867,18.771096720682696,0.08387653775929309,25.487741551959864,0.0,18.771096720682696,,20.244775860870195,18.771096720682696,3.7710967206826957,3.7710967206826957,15.0
2026-02-26,dinner,6,126,15.0,3.0,2026-02-27 06:00:00+03:00,4,2,0,9.0,13.0,13.0,10.285714285714286,2.1380899352994116,13.0,0.0,0.0,0.0,0.7974683544303797,-4.0,-1.0,-1.8369701987210297e-16,78.0,0.19230769230769232,medium,8.943396226415095,8.296270027256874,9.626373626373626,3.255504689004298,0.15540061024800586,0.8469493278179938,1.2233712512926578,-0.6263736263736259,14.0,1,71.3911724863713,0.1614646036459984,0.15734324284544673,11.232918589544296,0.23710063942988124,14.951203862942995,0.0,11.232918589544296,,30.78966284934316,11.232918589544296,-3.767081410455704,3.767081410455704,15.0
2026-02-11,morning,3,6,15.0,2.0,2026-02-12 03:00:00+03:00,3,2,0,16.0,9.0,11.0,11.571428571428571,4.197504927816967,17.0,0.0,0.0,0.0,1.2727272727272727,5.0,0.7071067811865476,-0.7071067811865475,93.0,0.16129032258064516,medium,10.223521320495186,7.858411454975636,11.15702479338843,3.8672907939562746,0.1360488109560432,1.3161114887831407,1.3983684568320869,4.84297520661157,16.0,0,82.84581964558303,0.13750076543150963,0.13564453987804495,11.237583086644607,0.2060666744039854,16.11478790849123,0.0,11.237583086644607,,30.930021214541327,11.237583086644607,-3.762416913355393,3.762416913355393,15.0
2026-02-26,lunch,4,14,21.0,4.0,2026-02-27 04:00:00+03:00,4,2,0,14.0,19.0,22.0,16.428571428571427,3.45722156541652,22.0,0.0,0.0,0.0,0.8032786885245903,-8.0,1.2246467991473532e-16,-1.0,51.0,0.4117647058823529,medium,8.976897689768977,6.080682518563457,18.424242424242426,4.409515911174649,0.4121223874637316,0.7207488299531981,1.1326053042121684,-4.424242424242426,24.0,0,41.721911959457714,0.41550025291088677,0.4133199348611378,17.24449793336519,0.20770584150411073,23.610161570633917,0.0,17.24449793336519,,22.059327128009436,17.24449793336519,-3.7555020666348113,3.7555020666348113,15.0
2026-02-17,lunch,4,25,21.0,4.0,2026-02-18 04:00:00+03:00,2,2,0,21.0,14.0,16.0,19.857142857142858,3.8483144114695147,25.0,0.0,0.0,0.0,1.0068493150684932,5.0,1.2246467991473532e-16,-1.0,42.0,0.5,medium,7.156736938588451,5.584595796433097,15.87087912087912,5.024165108521969,0.36929438528740477,1.2447484123106987,1.481843347988927,5.1291208791208796,21.69999999999999,0,46.16280199703093,0.37721527284153855,0.373592836036492,17.246092117461824,0.23072344646925103,23.786299649799496,0.0,17.246092117461824,,21.01198256085985,17.246092117461824,-3.7539078825381758,3.7539078825381758,15.0
2026-02-05,dinner,6,115,15.0,3.0,2026-02-06 06:00:00+03:00,4,2,0,8.0,8.0,12.0,8.0,2.51661147842358,12.0,0.0,0.0,0.0,0.8888888888888888,-4.0,-1.0,-1.8369701987210297e-16,77.0,0.19480519480519481,medium,8.859724950884086,7.0585746120055335,10.244505494505495,3.4044368275703665,0.16551450234185303,0.7114585878328854,1.067187881749328,-2.2445054945054945,15.0,1,66.43092158700874,0.16919408243797962,0.16930341201760646,11.246981688154648,0.15660420670601835,14.277341465972398,0.0,11.246981688154648,,26.665512844727868,11.246981688154648,-3.753018311845352,3.753018311845352,15.0
2026-04-03,lunch,4,29,32.0,4.0,2026-04-04 04:00:00+03:00,5,4,1,24.0,24.0,32.0,26.142857142857142,4.740906081772775,34.0,0.0,0.0,0.0,0.8842105263157894,-8.0,1.2246467991473532e-16,-1.0,94.0,0.3404255319148936,high,16.77201257861635,11.447047939359384,39.06611570247934,7.990742783350609,0.33541085213730065,0.599009900990099,0.8485973597359736,-15.066115702479337,49.0,0,102.78723745664983,0.3304281098620202,0.33366139171564574,34.296132700392334,0.11904342611205854,40.52890727667442,0.0,34.296132700392334,35.002440048076814,40.113779576584385,35.750544419440345,3.7505444194403452,3.7505444194403452,31.0
2026-03-20,lunch,4,10,16.0,4.0,2026-03-21 04:00:00+03:00,5,3,1,15.0,20.0,9.0,13.714285714285714,3.86066858261127,20.0,0.0,0.0,0.0,1.0194174757281553,6.0,1.2246467991473532e-16,-1.0,37.0,0.43243243243243246,medium,6.580926180651078,5.576694893105304,15.826446280991735,5.457537267559647,0.3959618663932895,0.8914538310412574,1.1886051080550097,-0.8264462809917354,23.0,0,32.09393587116534,0.37530521065848566,0.3818450057254812,12.254909126478356,0.05080352948802233,19.739796161088293,0.0,12.254909126478356,,15.683054168086528,12.254909126478356,-3.7450908735216437,3.7450908735216437,15.0
2026-02-25,lunch,4,115,25.0,4.0,2026-02-26 04:00:00+03:00,3,2,0,21.0,20.0,21.0,17.0,6.5574385243020075,26.0,0.0,0.0,0.0,1.1666666666666667,0.0,1.2246467991473532e-16,-1.0,62.0,0.4032258064516129,medium,8.859724950884086,7.0585746120055335,21.186813186813186,5.342613320180643,0.3419472329595375,0.9465081723625558,1.1718672610203071,-0.18681318681318615,28.0,0,59.63424706449341,0.35168379630201635,0.35650281992769167,21.25977724275657,0.13837797274704178,25.323214655440246,0.0,21.25977724275657,,26.14029948359018,21.25977724275657,-3.74022275724343,3.74022275724343,15.0
2026-02-28,lunch,4,6,27.0,4.0,2026-03-01 04:00:00+03:00,6,3,1,23.0,21.0,22.0,22.857142857142858,7.861903319777259,34.0,0.0,0.0,0.0,0.9640718562874251,1.0,1.2246467991473532e-16,-1.0,69.0,0.391304347826087,medium,10.223521320495186,7.858411454975636,25.560439560439562,7.174655102463964,0.31008066999141487,0.8659495242035581,1.2800992966487381,-2.560439560439562,34.0,0,77.48563772125628,0.30804484225058615,0.30019842501077576,23.26106640487669,0.08594047118493787,30.829751419184625,0.0,23.26106640487669,,25.937938957670283,23.26106640487669,-3.73893359512331,3.73893359512331,15.0
2026-01-24,lunch,4,123,18.0,4.0,2026-01-25 04:00:00+03:00,6,1,1,24.0,32.0,26.0,29.142857142857142,6.067085281214027,40.0,0.0,0.0,0.0,0.7962085308056872,-2.0,1.2246467991473532e-16,-1.0,40.0,0.45,medium,9.529330889092575,10.038386270221814,26.01923076923077,8.949331720839782,0.4426367956090107,0.888256227758007,1.480427046263345,-2.01923076923077,36.0,0,45.98877617211929,0.45773165954059913,0.47260115962812393,21.73434894882181,0.019734601427948494,30.85773291620088,0.0,21.73434894882181,,21.374303251739104,21.73434894882181,3.734348948821811,3.734348948821811,15.0
2026-02-16,lunch,4,29,37.0,4.0,2026-02-17 04:00:00+03:00,1,2,0,31.0,45.0,25.0,35.142857142857146,8.275034167675127,46.0,0.0,0.0,0.0,0.8577075098814229,6.0,1.2246467991473532e-16,-1.0,128.0,0.2890625,high,16.77201257861635,11.447047939359384,39.06611570247934,7.990742783350609,0.33541085213730065,0.7737211221122112,1.148102310231023,-8.066115702479337,49.0,0,118.09748299927972,0.33493302087536747,0.3393386481182995,40.07504022714944,0.08070976520585035,44.01012165696612,0.0,40.07504022714944,40.148626461505444,42.69285779878114,40.729494620057366,3.729494620057366,3.729494620057366,31.0
2026-03-14,lunch,4,101,16.0,4.0,2026-03-15 04:00:00+03:00,6,3,1,12.0,18.0,23.0,15.285714285714286,4.8892496259407485,23.0,0.0,0.0,0.0,0.736842105263158,-11.0,1.2246467991473532e-16,-1.0,34.0,0.47058823529411764,medium,7.729605866177819,5.750763658040518,16.97252747252747,4.423118975685863,0.3662322135926719,0.6676857230204831,1.2797309691225927,-4.972527472527471,23.0,0,54.87805740339504,0.3538331393905896,0.3595121947668361,19.72933086163497,0.23084840657606356,22.270934733125603,0.0,19.72933086163497,,21.870579441246733,19.72933086163497,3.7293308616349705,3.7293308616349705,15.0
2026-04-01,lunch,4,142,15.0,4.0,2026-04-02 04:00:00+03:00,3,4,0,16.0,11.0,5.0,8.857142857142858,4.059087394500209,16.0,0.0,0.0,0.0,1.6231884057971013,11.0,1.2246467991473532e-16,-1.0,33.0,0.45454545454545453,medium,4.23006416131989,3.624165403205612,9.288461538461538,4.106271337026147,0.360800260700566,1.5551401869158878,1.5551401869158878,6.711538461538462,14.0,1,29.105926396079187,0.4025595725036577,0.387302940034544,11.27281086563051,0.24295320471231177,15.266320370261486,0.0,11.27281086563051,,11.327862988331875,11.27281086563051,-3.7271891343694907,3.7271891343694907,15.0
2026-04-10,lunch,4,29,35.0,4.0,2026-04-11 04:00:00+03:00,5,4,1,31.0,37.0,32.0,33.857142857142854,4.740906081772826,40.0,0.0,0.0,0.0,0.889344262295082,-1.0,1.2246467991473532e-16,-1.0,106.0,0.330188679245283,high,16.77201257861635,11.447047939359384,39.06611570247934,7.990742783350609,0.33541085213730065,0.7737211221122112,0.9983498349834984,-8.066115702479337,49.0,0,111.5757234079266,0.33095431849580287,0.32952377878179717,36.76685399769259,0.11579386500401234,44.68482729713364,0.0,36.76685399769259,39.490010607823166,44.58680810165469,38.721842523683115,3.721842523683115,3.721842523683115,31.0
2026-04-08,afternoon,5,6,18.0,3.0,2026-04-09 05:00:00+03:00,3,4,0,14.0,13.0,18.0,13.142857142857142,3.4846602621858254,18.0,0.0,0.0,0.0,0.98989898989899,-4.0,-0.7071067811865475,-0.7071067811865477,95.0,0.18947368421052632,medium,10.223521320495186,7.858411454975636,14.112637362637363,4.041241206698928,0.17560393845596073,0.926377022359571,1.1910561716051626,-0.11263736263736313,19.0,0,82.50120751212626,0.17306860647572278,0.1730908488081113,14.280204035968062,0.1745225324515442,18.822496272207957,0.0,14.280204035968062,,32.12827358997686,14.280204035968062,-3.7197959640319382,3.7197959640319382,15.0
2026-02-26,lunch,4,25,20.0,4.0,2026-02-27 04:00:00+03:00,4,2,0,21.0,17.0,18.0,16.285714285714285,4.9232200070782275,23.0,0.0,0.0,0.0,1.2148760330578514,3.0,1.2246467991473532e-16,-1.0,48.0,0.4166666666666667,medium,7.156736938588451,5.584595796433097,15.87087912087912,5.024165108521969,0.36929438528740477,1.2447484123106987,1.3632958801498127,5.1291208791208796,21.69999999999999,0,44.14116338627524,0.3719479316298743,0.3689998611240435,16.288083159389277,0.22739249281319582,22.87653284469328,0.0,16.288083159389277,,20.666301537112204,16.288083159389277,-3.711916840610723,3.711916840610723,15.0
2026-02-13,morning,3,115,17.0,2.0,2026-02-14 03:00:00+03:00,5,2,1,13.0,8.0,17.0,10.285714285714286,3.8606685826113076,17.0,0.0,0.0,0.0,1.1518987341772151,-4.0,0.7071067811865476,-0.7071067811865475,65.0,0.26153846153846155,medium,8.859724950884086,7.0585746120055335,10.774104683195592,4.081854667295583,0.17325508925160527,1.1041179223210107,1.4438465138043988,2.225895316804408,16.0,1,69.86895562548447,0.19671804771932516,0.19026416177067354,13.293558275875188,0.5844288319323213,18.94531151552125,0.0,13.293558275875188,,23.780042982898447,13.293558275875188,-3.7064417241248115,3.7064417241248115,15.0
2026-02-16,lunch,4,25,21.0,4.0,2026-02-17 04:00:00+03:00,1,2,0,14.0,21.0,21.0,19.857142857142858,3.8483144114695147,25.0,0.0,0.0,0.0,0.6712328767123288,-7.0,1.2246467991473532e-16,-1.0,54.0,0.3888888888888889,medium,7.156736938588451,5.584595796433097,15.87087912087912,5.024165108521969,0.36929438528740477,0.8298322748737991,1.481843347988927,-1.8708791208791204,21.69999999999999,0,47.48236878234848,0.37066691695745774,0.36444236876428904,17.30458695357861,0.19544949014914687,23.455156104823274,0.0,17.30458695357861,,20.7795989565902,17.30458695357861,-3.6954130464213897,3.6954130464213897,15.0
2026-03-03,lunch,4,7,33.0,4.0,2026-03-04 04:00:00+03:00,2,3,0,22.0,25.0,25.0,24.142857142857142,2.911389784311006,28.0,0.0,0.0,0.0,0.875,-3.0,1.2246467991473532e-16,-1.0,107.0,0.308411214953271,high,12.872377020983832,6.9762070291099025,25.81267217630854,6.227115387092842,0.2507803114805857,0.8205075516284804,1.0442823384362478,-3.8126721763085385,33.0,1,116.73236657158992,0.2525273741909776,0.25320734112884064,29.55749216326944,0.11430723146955644,32.62589367494861,0.0,29.55749216326944,30.635690614000648,28.549133128579136,29.30540240459686,-3.6945975954031383,3.6945975954031383,31.0
2026-03-21,afternoon,5,6,17.0,3.0,2026-03-22 05:00:00+03:00,6,3,1,11.0,12.0,7.0,10.285714285714286,2.870208222079877,15.0,0.0,0.0,0.0,0.9746835443037974,4.0,-0.7071067811865475,-0.7071067811865477,72.0,0.2361111111111111,medium,10.223521320495186,7.858411454975636,14.112637362637363,4.041241206698928,0.17560393845596073,0.7278676604253772,0.9925468096709689,-3.112637362637363,19.0,0,79.91754766002542,0.17088361023010132,0.16649966079883705,13.306244577269126,0.04746035880169473,16.105643623842603,0.0,13.306244577269126,,25.558615455108125,13.306244577269126,-3.6937554227308738,3.6937554227308738,15.0
2026-03-07,afternoon,5,290,4.0,3.0,2026-03-08 05:00:00+03:00,6,3,1,0.0,0.0,0.0,0.14285714285714285,0.3779644730092273,1.0,0.0,0.0,0.0,0.0,0.0,-0.7071067811865475,-0.7071067811865477,5.0,0.8,low,0.15548539857932123,0.428422817977247,0.17034700315457413,0.42397031567652377,0.12523659305993692,0.0,0.8544474393530997,-0.17034700315457413,1.0,1,1.1508604489537853,0.14184498508926627,0.26763768831751794,0.3080136301340519,0.20044751857860504,0.8967199327452455,0.0,0.3080136301340519,,0.1664678640359831,0.3080136301340519,-3.691986369865948,3.691986369865948,1.0
2026-04-04,dinner,6,340,4.0,3.0,2026-04-05 06:00:00+03:00,6,4,1,0.0,0.0,0.0,0.14285714285714285,0.37796447300922725,1.0,0.0,0.0,0.0,0.0,0.0,-1.0,-1.8369701987210297e-16,5.0,0.8,low,0.11940298507462686,0.3573412847884237,0.19402985074626866,0.4326247555381888,0.142620232172471,0.0,0.8375,-0.19402985074626866,1.0,1,0.6523616118886059,0.14668068361429704,0.4771793024779351,0.31129345892438637,0.21205096058973066,0.8967906390163591,0.0,0.31129345892438637,,0.10933961583457738,0.31129345892438637,-3.6887065410756135,3.6887065410756135,1.0
2026-04-06,lunch,4,98,4.0,4.0,2026-04-07 04:00:00+03:00,1,4,0,0.0,1.0,0.0,0.2857142857142857,0.48795003647426666,1.0,0.0,0.0,0.0,0.0,0.0,1.2246467991473532e-16,-1.0,4.0,1.0,low,0.05831408775981524,0.29740867857060826,0.15606936416184972,0.47418046566180544,0.10982658959537572,0.0,0.8649999999999999,-0.15606936416184972,1.0,1,0.5447532279971219,0.10952505047944248,0.5722881134344712,0.3117557971378112,0.15684780573563964,0.6166467351371416,0.0,0.3117557971378112,,0.15979764105096003,0.3117557971378112,-3.688244202862189,3.688244202862189,1.0
2026-02-13,lunch,4,434,26.0,4.0,2026-02-14 04:00:00+03:00,5,2,1,19.0,19.0,24.0,20.857142857142858,3.236694374850769,25.0,0.0,0.0,0.0,0.869281045751634,-5.0,1.2246467991473532e-16,-1.0,62.0,0.41935483870967744,medium,7.621359223300971,6.761882045397149,16.980392156862745,6.830783838121162,0.3594009148733045,1.0567066521264994,1.390403489640131,2.019607843137255,24.0,1,62.228776890359676,0.3529614581928686,0.35856967909978044,22.3133525603481,0.3681558676006769,28.02325235326019,0.0,22.3133525603481,,24.99998450728222,22.3133525603481,-3.6866474396518996,3.6866474396518996,15.0
2026-02-05,lunch,4,4,33.0,4.0,2026-02-06 04:00:00+03:00,4,2,0,26.0,25.0,21.0,24.428571428571427,3.7796447300922993,31.0,0.0,0.0,0.0,1.0224719101123596,5.0,1.2246467991473532e-16,-1.0,88.0,0.375,high,12.723424723424724,8.703156453277504,27.208791208791208,6.88395184651641,0.37716923282176296,0.9216984807167901,1.098948188546942,-1.208791208791208,36.0,0,79.28096135153328,0.37009476004491804,0.36355514116165544,28.82300109558843,0.11480894948267258,33.34975452180849,0.0,28.82300109558843,30.018739679515484,30.79259823840834,29.315400381293408,-3.684599618706592,3.684599618706592,31.0
2026-04-10,lunch,4,20,15.0,4.0,2026-04-11 04:00:00+03:00,5,4,1,12.0,6.0,3.0,8.142857142857142,3.7161167647860283,13.0,0.0,0.0,0.0,1.3125,9.0,1.2246467991473532e-16,-1.0,36.0,0.4166666666666667,medium,5.7518037518037515,4.597145761347301,11.222527472527473,4.769905450006113,0.33908490601013946,0.9817936614969656,1.063609799955046,0.7774725274725274,17.0,0,33.15969717376839,0.3280399825215828,0.3413770300024143,11.319958936960505,0.07465532147933676,15.252253594549043,0.0,11.319958936960505,,13.325358843989418,11.319958936960505,-3.6800410630394946,3.6800410630394946,15.0
2026-04-10,morning,3,425,4.0,2.0,2026-04-11 03:00:00+03:00,5,4,1,0.0,0.0,0.0,0.0,0.0,0.0,0.0,0.0,0.0,0.0,0.0,0.7071067811865476,-0.7071067811865475,9.0,0.4444444444444444,low,0.13596491228070176,0.42387496971731603,0.17543859649122806,0.42773519084090944,0.12426900584795321,0.0,0.0,-0.17543859649122806,1.0,1,1.340349503574641,0.11061346124503936,0.2455136254961437,0.32907406605456657,0.18685755519963348,0.8828412683714717,0.0,0.32907406605456657,,0.35353759472409274,0.32907406605456657,-3.6709259339454334,3.6709259339454334,1.0
2026-03-19,lunch,4,69,55.0,4.0,2026-03-20 04:00:00+03:00,4,3,0,48.0,44.0,57.0,49.285714285714285,9.159954252329094,64.0,0.0,0.0,0.0,0.9545454545454546,-9.0,1.2246467991473532e-16,-1.0,132.0,0.4166666666666667,mega,25.709899175068745,15.187584008448223,49.92032967032967,11.401837554339034,0.32250586815508425,0.9426490423523064,1.2568653898030753,-1.9203296703296715,65.0,0,160.07562629010928,0.3196237279692496,0.31924400081833176,51.10318337035462,0.06166152884204969,60.65635697324645,0.0,51.10318337035462,52.835823851334496,52.0172883988278,51.33170962747292,-3.668290372527082,3.668290372527082,49.0
2026-03-04,afternoon,5,146,4.0,3.0,2026-03-05 05:00:00+03:00,3,3,0,0.0,0.0,1.0,0.14285714285714285,0.37796447300922725,1.0,0.0,0.0,0.0,0.0,-1.0,-0.7071067811865475,-0.7071067811865477,4.0,1.0,low,0.3294279807029635,0.8281818162964744,0.39669421487603307,0.908638762497119,0.1560409287682015,0.0,0.7159763313609467,-0.39669421487603307,1.0,1,1.4273264856004182,0.1589330158138249,0.2360687523501891,0.33694718265207085,0.27806591650552875,1.0923860977036615,0.0,0.33694718265207085,,0.7976770261866333,0.33694718265207085,-3.6630528173479293,3.6630528173479293,1.0
2026-02-10,lunch,4,10,24.0,4.0,2026-02-11 04:00:00+03:00,2,2,0,28.0,19.0,24.0,19.285714285714285,7.387247699341657,28.0,0.0,0.0,0.0,1.3802816901408452,4.0,1.2246467991473532e-16,-1.0,41.0,0.5853658536585366,medium,6.580926180651078,5.576694893105304,15.826446280991735,5.457537267559647,0.3959618663932895,1.6640471512770139,1.6640471512770139,12.173553719008265,23.0,1,50.09598741538345,0.41427257193768197,0.4059674245477252,20.33733899119847,0.4498668942447496,25.951545886151457,0.0,20.33733899119847,,21.695273999692237,20.33733899119847,-3.6626610088015283,3.6626610088015283,15.0
2026-04-11,lunch,4,6,20.0,4.0,2026-04-12 04:00:00+03:00,6,4,1,31.0,25.0,25.0,28.285714285714285,3.7733400639348105,35.0,0.0,0.0,0.0,1.0585365853658537,6.0,1.2246467991473532e-16,-1.0,69.0,0.2898550724637681,medium,10.223521320495186,7.858411454975636,25.560439560439562,7.174655102463964,0.31008066999141487,1.1671493587091435,1.3177492759619363,5.439560439560438,34.0,0,77.61342626675888,0.3105224302117982,0.3048380506965201,23.659525571036866,0.17949333049078264,32.869543860504734,0.0,23.659525571036866,,26.426176580545715,23.659525571036866,3.659525571036866,3.659525571036866,15.0
2026-03-05,lunch,4,26,15.0,4.0,2026-03-06 04:00:00+03:00,4,3,0,21.0,24.0,13.0,16.142857142857142,4.8452234702013985,24.0,0.0,0.0,0.0,1.225,8.0,1.2246467991473532e-16,-1.0,42.0,0.35714285714285715,medium,6.941311325080238,5.5889179275364755,15.826446280991735,5.194574867535046,0.38014555485808005,1.2480353634577603,1.4263261296660117,5.1735537190082646,22.0,0,47.80259451445164,0.39243542207007626,0.39018915515355546,18.65205396774187,0.23730292475450931,22.924114900014306,0.0,18.65205396774187,,20.222188487107005,18.65205396774187,3.652053967741871,3.652053967741871,15.0
2026-04-10,lunch,4,434,16.0,4.0,2026-04-11 04:00:00+03:00,5,4,1,17.0,23.0,21.0,18.285714285714285,4.070801956792872,23.0,0.0,0.0,0.0,0.8814814814814815,-4.0,1.2246467991473532e-16,-1.0,56.0,0.2857142857142857,medium,7.621359223300971,6.761882045397149,16.980392156862745,6.830783838121162,0.3594009148733045,0.945474372955289,1.2791712104689203,0.019607843137254832,24.0,0,56.46290068505468,0.34563622303588903,0.3478422237905114,19.64018093595221,0.3358117671983964,25.715677277196097,0.0,19.64018093595221,,25.461508560088607,19.64018093595221,3.640180935952209,3.640180935952209,15.0
2026-02-05,lunch,4,37,16.0,4.0,2026-02-06 04:00:00+03:00,4,2,0,15.0,18.0,8.0,12.714285714285714,4.5721725585066935,18.0,0.0,0.0,0.0,1.09375,7.0,1.2246467991473532e-16,-1.0,28.0,0.5714285714285714,medium,4.2158570119156735,4.037725090920908,10.324175824175825,3.792027032582001,0.4077077915187296,1.3245997088791848,1.5895196506550218,4.675824175824175,15.0,1,29.955150389789086,0.42532995146629027,0.41266728015428406,12.361510437966803,0.33429941627444254,16.443643002478954,0.0,12.361510437966803,,13.377875840334863,12.361510437966803,-3.6384895620331967,3.6384895620331967,15.0
2026-03-07,lunch,4,18,19.0,4.0,2026-03-08 04:00:00+03:00,6,3,1,19.0,12.0,22.0,14.571428571428571,5.061526214398962,22.0,0.0,0.0,0.0,1.2201834862385321,-3.0,1.2246467991473532e-16,-1.0,49.0,0.3877551020408163,medium,6.109124254928932,5.453053535091321,11.975206611570249,6.953431693708665,0.27885867315263196,1.4643312101910828,1.6955414012738852,7.024793388429751,20.0,0,46.80227773790309,0.3087703018433685,0.32825450512362503,15.363058517513831,0.5949959271213124,23.085679519044678,0.0,15.363058517513831,,22.667011083219474,15.363058517513831,-3.6369414824861686,3.6369414824861686,15.0
2026-02-15,afternoon,5,126,16.0,3.0,2026-02-16 05:00:00+03:00,0,2,0,7.0,7.0,17.0,13.857142857142858,5.669467095138412,20.0,0.0,0.0,0.0,0.47115384615384615,-10.0,-0.7071067811865475,-0.7071067811865477,66.0,0.24242424242424243,medium,8.943396226415095,8.296270027256874,12.090659340659341,4.388191091061965,0.19280413992264367,0.5347324239244491,1.527806925498426,-5.090659340659341,18.0,0,63.65341990322808,0.19663400588921487,0.19435275926166437,12.371217794633722,0.21500123562252932,18.349342862071154,0.0,12.371217794633722,,30.538776757414738,12.371217794633722,-3.628782205366278,3.628782205366278,15.0
2026-04-09,afternoon,5,6,19.0,3.0,2026-04-10 05:00:00+03:00,4,4,0,18.0,14.0,16.0,13.142857142857142,3.4846602621858254,18.0,0.0,0.0,0.0,1.2727272727272727,2.0,-0.7071067811865475,-0.7071067811865477,98.0,0.19387755102040816,medium,10.223521320495186,7.858411454975636,14.112637362637363,4.041241206698928,0.17560393845596073,1.1910561716051626,1.1910561716051626,3.887362637362637,19.0,1,90.70121744212143,0.17276759532987146,0.169606060957586,15.383476214415712,0.2027888332779926,19.01125738453427,0.0,15.383476214415712,,31.89083737621171,15.383476214415712,-3.616523785584288,3.616523785584288,15.0
2026-02-17,lunch,4,115,18.0,4.0,2026-02-18 04:00:00+03:00,2,2,0,13.0,30.0,26.0,22.285714285714285,5.879747322073322,30.0,0.0,0.0,0.0,0.558282208588957,-13.0,1.2246467991473532e-16,-1.0,62.0,0.2903225806451613,medium,8.859724950884086,7.0585746120055335,21.186813186813186,5.342613320180643,0.3419472329595375,0.5859336305101536,1.3521545319465083,-8.186813186813186,28.0,0,62.485409355285,0.3456642239570059,0.3458797915177539,21.612440360707485,0.11233822258543001,27.419284491585685,0.0,21.612440360707485,,26.83258555556553,21.612440360707485,3.6124403607074846,3.6124403607074846,15.0
2026-03-30,lunch,4,8,41.0,4.0,2026-03-31 04:00:00+03:00,1,3,0,34.0,24.0,28.0,32.714285714285715,6.626066850308871,42.0,0.0,0.0,0.0,1.0084745762711864,6.0,1.2246467991473532e-16,-1.0,111.0,0.36936936936936937,high,14.99803536345776,11.147682695162223,34.80494505494506,8.197821234921355,0.33131290749065806,0.9495895035678661,1.1730223279367757,-0.8049450549450583,44.0,0,109.0500009934975,0.33493462502455906,0.33331284608584144,36.34776619680649,0.09580819006583839,42.4765027890311,0.0,36.34776619680649,37.61936789922569,40.520312698513834,37.39090282223333,-3.609097177766671,3.609097177766671,31.0
2026-03-11,afternoon,5,123,16.0,3.0,2026-03-12 05:00:00+03:00,3,3,0,10.0,16.0,13.0,8.0,5.507570547286105,16.0,0.0,0.0,0.0,1.1111111111111112,-3.0,-0.7071067811865475,-0.7071067811865477,66.0,0.24242424242424243,medium,9.529330889092575,10.038386270221814,11.35989010989011,5.427674822829868,0.18851876592146113,0.8090686819293177,1.2945098910869082,-1.3598901098901095,18.0,0,63.92679573347282,0.18949328943715696,0.19402543404414668,12.403424289238568,0.1118467139285292,17.26802653395224,0.0,12.403424289238568,,31.89312835039173,12.403424289238568,-3.5965757107614316,3.5965757107614316,15.0
2026-02-10,lunch,4,434,16.0,4.0,2026-02-11 04:00:00+03:00,2,2,0,25.0,23.0,15.0,19.857142857142858,4.375255094603886,25.0,0.0,0.0,0.0,1.1986301369863013,10.0,1.2246467991473532e-16,-1.0,49.0,0.32653061224489793,medium,7.621359223300971,6.761882045397149,16.980392156862745,6.830783838121162,0.3594009148733045,1.390403489640131,1.390403489640131,8.019607843137255,24.0,0,52.97566924614624,0.36313709716631853,0.3697173494710234,19.586024020138797,0.21570632128222775,26.659706489990164,0.0,19.586024020138797,,22.264391475575714,19.586024020138797,3.5860240201387974,3.5860240201387974,15.0
2026-03-03,lunch,4,6,28.0,4.0,2026-03-04 04:00:00+03:00,2,3,0,24.0,25.0,13.0,23.571428571428573,5.826867164470266,32.0,0.0,0.0,0.0,0.9767441860465116,11.0,1.2246467991473532e-16,-1.0,85.0,0.32941176470588235,medium,10.223521320495186,7.858411454975636,25.560439560439562,7.174655102463964,0.31008066999141487,0.9035995035167562,1.2047993380223416,-1.560439560439562,34.0,0,76.14767520277515,0.32200302551130644,0.3207147908125447,24.42168572351963,0.06998327736945305,31.154050237864862,0.0,24.42168572351963,,31.916815062342923,24.42168572351963,-3.57831427648037,3.57831427648037,15.0
2026-01-26,lunch,4,4,31.0,4.0,2026-01-27 04:00:00+03:00,1,1,0,28.0,24.0,32.0,28.285714285714285,6.01980857154903,35.0,0.0,0.0,0.0,0.9560975609756098,-4.0,1.2246467991473532e-16,-1.0,65.0,0.47692307692307695,high,12.723424723424724,8.703156453277504,27.208791208791208,6.88395184651641,0.37716923282176296,0.9925983638488508,1.2407479548110636,0.791208791208792,36.0,0,73.7888875062955,0.39479081194931076,0.37722096917161696,27.834715659220205,0.10542904989584302,36.84410183716722,0.0,27.834715659220205,29.252939234795175,26.1973829029125,27.425382470143276,-3.5746175298567238,3.5746175298567238,31.0
2026-03-07,lunch,4,140,4.0,3.0,2026-03-08 04:00:00+03:00,6,3,1,1.0,1.0,0.0,0.5714285714285714,0.5345224838248488,1.0,0.0,0.0,0.0,0.6363636363636364,1.0,1.2246467991473532e-16,-1.0,13.0,0.3076923076923077,low,0.26666666666666666,0.5867246021995556,0.19834710743801653,0.45126895443720416,0.11855131400585946,0.8344827586206897,0.8344827586206897,0.8016528925619835,1.0,1,1.8505144797613127,0.1677871848108744,0.23109356796566774,0.4276419937001732,0.27105815855439613,1.2272716432834851,0.0,0.4276419937001732,,0.266060358575824,0.4276419937001732,-3.572358006299827,3.572358006299827,1.0
2026-02-19,lunch,4,14,22.0,4.0,2026-02-20 04:00:00+03:00,4,2,0,20.0,17.0,22.0,19.571428571428573,3.5050983275386387,26.0,0.0,0.0,0.0,0.9722222222222221,-2.0,1.2246467991473532e-16,-1.0,51.0,0.43137254901960786,medium,8.976897689768977,6.080682518563457,18.424242424242426,4.409515911174649,0.4121223874637316,1.029641185647426,1.3385335413416535,1.5757575757575744,24.0,0,44.07957016929534,0.41528922336372,0.4181616232689281,18.432384614989157,0.25974957968151646,25.04256119084485,0.0,18.432384614989157,,22.532429699601074,18.432384614989157,-3.5676153850108427,3.5676153850108427,15.0
2026-03-22,afternoon,5,126,15.0,3.0,2026-03-23 05:00:00+03:00,0,3,0,6.0,4.0,11.0,7.857142857142857,3.287784027201859,13.0,0.0,0.0,0.0,0.6774193548387096,-5.0,-0.7071067811865475,-0.7071067811865477,52.0,0.28846153846153844,medium,8.943396226415095,8.296270027256874,12.090659340659341,4.388191091061965,0.19280413992264367,0.4583420776495278,0.9930745015739769,-6.090659340659341,18.0,0,59.58029585660304,0.19211630250649253,0.1920455606894133,11.442131323822458,0.0956272476520309,15.615357451020756,0.0,11.442131323822458,,29.787317023574747,11.442131323822458,-3.5578686761775415,3.5578686761775415,15.0
2026-02-05,lunch,4,142,16.0,4.0,2026-02-06 04:00:00+03:00,4,2,0,17.0,11.0,16.0,11.714285714285714,4.956957592256432,17.0,0.0,0.0,0.0,1.3370786516853934,1.0,1.2246467991473532e-16,-1.0,29.0,0.5517241379310345,medium,4.23006416131989,3.624165403205612,9.288461538461538,4.106271337026147,0.360800260700566,1.652336448598131,1.652336448598131,7.711538461538462,14.0,1,33.51688577025851,0.38435637030557945,0.37162644904988146,12.455761242011672,0.492970723581442,17.511973720398174,0.0,12.455761242011672,,13.01840821269569,12.455761242011672,-3.544238757988328,3.544238757988328,15.0
2026-02-21,lunch,4,30,36.0,4.0,2026-02-22 04:00:00+03:00,6,2,1,25.0,27.0,40.0,29.285714285714285,7.087883692477989,40.0,0.0,0.0,0.0,0.8254716981132075,-15.0,1.2246467991473532e-16,-1.0,96.0,0.375,high,13.703483043079743,8.347813742646773,27.502747252747252,6.67320559196118,0.33448548715889054,0.8771084337349397,1.4033734939759037,-2.502747252747252,35.69999999999999,1,96.21860375088636,0.339482206314747,0.3351431378139598,32.247004777150096,0.30340945613690273,39.125542149314605,0.0,32.247004777150096,33.50905952525833,33.17658320937512,32.47939938520635,-3.5206006147936506,3.5206006147936506,31.0
2026-04-08,lunch,4,29,37.0,4.0,2026-04-09 04:00:00+03:00,3,4,0,39.0,40.0,24.0,31.0,6.506407098647706,40.0,0.0,0.0,0.0,1.21875,15.0,1.2246467991473532e-16,-1.0,122.0,0.30327868852459017,high,16.77201257861635,11.447047939359384,39.06611570247934,7.990742783350609,0.33541085213730065,0.9733910891089109,0.9983498349834984,-0.06611570247933685,49.0,0,102.03570112882888,0.32992204326095254,0.34156659763424374,34.85198727179864,0.0821899584993139,42.940132542555716,1.0,40.51368896132859,37.63048144007187,42.23525562904782,40.51781543629468,3.5178154362946827,3.5178154362946827,31.0
2026-02-08,lunch,4,10,19.0,4.0,2026-02-09 04:00:00+03:00,0,2,0,8.0,11.0,22.0,20.571428571428573,8.791229395580254,34.0,0.0,0.0,0.0,0.37086092715231783,-14.0,1.2246467991473532e-16,-1.0,50.0,0.38,medium,6.580926180651078,5.576694893105304,15.826446280991735,5.457537267559647,0.3959618663932895,0.47544204322200395,2.020628683693517,-7.8264462809917354,23.0,0,38.86868122583576,0.39637339465465515,0.398458240861004,15.48754634583365,0.23980396612286012,23.75253909060967,0.0,15.48754634583365,,21.05144691773657,15.48754634583365,-3.5124536541663502,3.5124536541663502,15.0
2026-04-04,lunch,4,25,17.0,4.0,2026-04-05 04:00:00+03:00,6,4,1,19.0,19.0,13.0,15.714285714285714,2.5634797778466454,19.0,0.0,0.0,0.0,1.1367521367521367,6.0,1.2246467991473532e-16,-1.0,42.0,0.40476190476190477,medium,7.156736938588451,5.584595796433097,15.87087912087912,5.024165108521969,0.36929438528740477,1.1262009444715844,1.1262009444715844,3.1291208791208796,21.69999999999999,0,37.87776397296211,0.3558903906280748,0.3564452111640145,13.501347577763179,0.1569837155178133,21.85714470189894,0.0,13.501347577763179,,17.94286893503415,13.501347577763179,-3.4986524222368214,3.4986524222368214,15.0
2026-03-21,afternoon,5,434,15.0,3.0,2026-03-22 05:00:00+03:00,6,3,1,8.0,14.0,12.0,10.142857142857142,2.794552524023085,14.0,0.0,0.0,0.0,0.717948717948718,-4.0,-0.7071067811865475,-0.7071067811865477,63.0,0.23809523809523808,medium,7.621359223300971,6.761882045397149,9.76923076923077,4.7179897040648715,0.2155200181716186,0.7428571428571428,1.2999999999999998,-1.76923076923077,15.0,1,51.54978357851789,0.2141846104182814,0.22329933043609276,11.511032157208534,0.21663415368913616,15.978918557451214,0.0,11.511032157208534,,25.18294970189728,11.511032157208534,-3.4889678427914657,3.4889678427914657,15.0
2026-03-22,lunch,4,26,18.0,4.0,2026-03-23 04:00:00+03:00,0,3,0,9.0,6.0,12.0,11.142857142857142,2.8535691936340144,15.0,0.0,0.0,0.0,0.7411764705882353,-3.0,1.2246467991473532e-16,-1.0,40.0,0.45,medium,6.941311325080238,5.5889179275364755,15.826446280991735,5.194574867535046,0.38014555485808005,0.5348722986247544,0.8914538310412574,-6.8264462809917354,22.0,0,36.94599551124725,0.38605732897053635,0.3930707886425927,14.522391592791646,0.10639168849075482,19.554153219078948,0.0,14.522391592791646,,19.064848934961994,14.522391592791646,-3.477608407208354,3.477608407208354,15.0
2026-03-23,lunch,4,2,18.0,4.0,2026-03-24 04:00:00+03:00,1,3,0,17.0,15.0,17.0,17.285714285714285,2.497617912751028,21.0,0.0,0.0,0.0,0.9296875,0.0,1.2246467991473532e-16,-1.0,70.0,0.2571428571428571,medium,7.919532324621733,6.1652836583747,19.313186813186814,5.6393678951648205,0.3040886563507092,0.8368947795509872,1.0338111982688667,-2.313186813186814,26.0,0,72.8962095675523,0.29955396851687643,0.29454349278136777,21.471104176549414,0.12158418684971752,25.001031899660443,0.0,21.471104176549414,,23.970079181827348,21.471104176549414,3.4711041765494137,3.4711041765494137,15.0
2026-04-12,lunch,4,115,16.0,4.0,2026-04-13 04:00:00+03:00,0,4,0,14.0,17.0,12.0,16.142857142857142,3.2366943748507615,21.0,0.0,0.0,0.0,0.8166666666666667,2.0,1.2246467991473532e-16,-1.0,52.0,0.3076923076923077,medium,8.859724950884086,7.0585746120055335,21.186813186813186,5.342613320180643,0.3419472329595375,0.6310054482417038,0.9465081723625558,-7.186813186813186,28.0,0,57.02003223050596,0.3408330964065681,0.3414508045124228,19.46953587843054,0.09173059369547362,24.156995961568974,0.0,19.46953587843054,,26.470876356549514,19.46953587843054,3.4695358784305412,3.4695358784305412,15.0
2026-01-29,lunch,4,126,22.0,4.0,2026-01-30 04:00:00+03:00,4,1,0,22.0,17.0,24.0,20.428571428571427,4.995235825502215,29.0,0.0,0.0,0.0,1.0266666666666668,-2.0,1.2246467991473532e-16,-1.0,64.0,0.34375,medium,8.943396226415095,8.296270027256874,23.39669421487603,7.377896665537009,0.36997738876250647,0.9017615176151762,1.1886856368563685,-1.3966942148760317,33.0,0,66.18091131624622,0.3962960573619278,0.38461897277148593,25.454434127535432,0.06597699008526774,29.52143558589662,0.0,25.454434127535432,,24.971052968657688,25.454434127535432,3.454434127535432,3.454434127535432,15.0
2026-03-18,lunch,4,6,29.0,4.0,2026-03-19 04:00:00+03:00,3,3,0,18.0,18.0,26.0,23.428571428571427,5.411627692821739,31.0,0.0,0.0,0.0,0.736842105263158,-8.0,1.2246467991473532e-16,-1.0,85.0,0.3411764705882353,medium,10.223521320495186,7.858411454975636,25.560439560439562,7.174655102463964,0.31008066999141487,0.6776996276375672,1.1671493587091435,-7.560439560439562,34.0,0,80.80629444145872,0.32286539709844253,0.3161733234259783,25.54879466729416,0.1408804761373888,31.594734884930936,0.0,25.54879466729416,,31.994908579221928,25.54879466729416,-3.4512053327058396,3.4512053327058396,15.0
2026-03-04,lunch,4,181,4.0,4.0,2026-03-05 04:00:00+03:00,3,3,0,0.0,0.0,1.0,0.14285714285714285,0.37796447300922725,1.0,0.0,0.0,0.0,0.0,-1.0,1.2246467991473532e-16,-1.0,4.0,1.0,low,0.12359550561797752,0.3850090003131758,0.2880886426592798,0.6056190156531187,0.1839796860572484,0.0,0.7763440860215054,-0.2880886426592798,1.0,1,1.4927835556827942,0.1862165771461857,0.3744150520160196,0.5589206326496321,0.2788712386605891,1.1929924659646556,0.0,0.5589206326496321,,0.28873781456873954,0.5589206326496321,-3.441079367350368,3.441079367350368,1.0
2026-04-04,dinner,6,124,4.0,3.0,2026-04-05 06:00:00+03:00,6,4,1,0.0,1.0,0.0,0.2857142857142857,0.48795003647426666,1.0,0.0,0.0,0.0,0.0,0.0,-1.0,-1.8369701987210297e-16,6.0,0.6666666666666666,low,0.21550302363936227,0.5921761691970474,0.3791208791208791,0.7779348919362,0.17861721611721612,0.0,0.7250996015936255,-0.3791208791208791,1.0,1,1.614155219197712,0.19328438078703125,0.3480922700158753,0.5618749544085043,0.3527687137551149,1.4325402717530444,0.0,0.5618749544085043,,0.29518547083056246,0.5618749544085043,-3.438125045591496,3.438125045591496,1.0
2026-02-28,lunch,4,29,38.0,4.0,2026-03-01 04:00:00+03:00,6,3,1,37.0,35.0,24.0,32.57142857142857,6.451282633635552,41.0,0.0,0.0,0.0,1.1021276595744682,13.0,1.2246467991473532e-16,-1.0,105.0,0.3619047619047619,high,16.77201257861635,11.447047939359384,39.06611570247934,7.990742783350609,0.33541085213730065,0.923473597359736,1.023308580858086,-2.066115702479337,49.0,0,112.13547948586779,0.3330646691249677,0.3337314443030619,37.423135526435026,0.05790838404225852,43.09272047076496,1.0,41.39184498746598,40.28034075995521,42.19845857670816,41.43548875573645,3.4354887557364506,3.4354887557364506,31.0
2026-02-04,lunch,4,29,38.0,4.0,2026-02-05 04:00:00+03:00,3,2,0,30.0,36.0,32.0,36.857142857142854,5.843188953205056,47.0,0.0,0.0,0.0,0.7924528301886793,-2.0,1.2246467991473532e-16,-1.0,107.0,0.35514018691588783,high,16.77201257861635,11.447047939359384,39.06611570247934,7.990742783350609,0.33541085213730065,0.7487623762376238,1.1730610561056105,-9.066115702479337,49.0,0,115.4870993731938,0.3349034721698488,0.34491206200463753,39.83289357974276,0.15808094402806677,44.070222594981,0.0,39.83289357974276,41.75694044085755,46.236601402419765,41.43382053541201,3.4338205354120106,3.4338205354120106,31.0
2026-02-19,dinner,6,434,15.0,3.0,2026-02-20 06:00:00+03:00,4,2,0,18.0,11.0,15.0,14.714285714285714,2.9277002188455814,19.0,0.0,0.0,0.0,1.1454545454545455,3.0,-1.0,-1.8369701987210297e-16,49.0,0.30612244897959184,medium,7.621359223300971,6.761882045397149,9.711538461538462,4.59042711696186,0.19428502784213808,1.6804308797127467,1.7737881508078994,8.288461538461538,14.899999999999999,1,53.581615408295114,0.21193410898992274,0.21597385567417807,11.572228072980444,0.40026972897217367,18.74785140774731,0.0,11.572228072980444,,22.986064550859417,11.572228072980444,-3.427771927019556,3.427771927019556,15.0
2026-04-04,lunch,4,126,16.0,4.0,2026-04-05 04:00:00+03:00,6,4,1,16.0,23.0,12.0,20.714285714285715,4.923220007078197,26.0,0.0,0.0,0.0,0.7368421052631579,4.0,1.2246467991473532e-16,-1.0,54.0,0.2962962962962963,medium,8.943396226415095,8.296270027256874,23.39669421487603,7.377896665537009,0.36997738876250647,0.6558265582655827,1.065718157181572,-7.396694214876032,33.0,0,56.582021220736245,0.3388861693357875,0.34333531152627833,19.42660588260797,0.026464640762193285,26.21023946238533,0.0,19.42660588260797,,20.67743082177863,19.42660588260797,3.4266058826079693,3.4266058826079693,15.0
2026-02-07,lunch,4,123,20.0,4.0,2026-02-08 04:00:00+03:00,6,2,1,29.0,31.0,15.0,26.428571428571427,6.05136741729072,34.0,0.0,0.0,0.0,1.0572916666666667,14.0,1.2246467991473532e-16,-1.0,40.0,0.5,medium,9.529330889092575,10.038386270221814,26.01923076923077,8.949331720839782,0.4426367956090107,1.0733096085409253,1.2583629893238433,2.98076923076923,36.0,0,48.29514623661383,0.4669998420624092,0.48483440230307545,23.415148359768292,0.028260930690792937,30.74042087557127,0.0,23.415148359768292,,26.364490812670432,23.415148359768292,3.415148359768292,3.415148359768292,15.0
2026-02-16,afternoon,5,2,16.0,3.0,2026-02-17 05:00:00+03:00,1,2,0,10.0,9.0,8.0,10.285714285714286,3.683941988065043,16.0,0.0,0.0,0.0,0.8860759493670886,2.0,-0.7071067811865475,-0.7071067811865477,80.0,0.2,medium,7.919532324621733,6.1652836583747,10.104395604395604,3.761495865855915,0.15959778045043044,0.9005442850074221,1.4408708560118753,-0.10439560439560402,15.0,1,74.72800101513468,0.16634922499548466,0.1684089219880274,12.584862093279048,0.2142877774634595,14.25227595249243,0.0,12.584862093279048,,24.35654139440358,12.584862093279048,-3.415137906720952,3.415137906720952,15.0
2026-02-07,afternoon,5,131,4.0,3.0,2026-02-08 05:00:00+03:00,6,2,1,0.0,0.0,1.0,0.42857142857142855,0.7867957924694432,2.0,0.0,0.0,0.0,0.0,-1.0,-0.7071067811865475,-0.7071067811865477,4.0,1.0,low,0.15359926639156352,0.44800487677495243,0.29395604395604397,0.6288445464717665,0.15797357404500262,0.0,1.5456475583864118,-0.29395604395604397,1.0,1,2.061012822160928,0.1964897969411195,0.2851704039428465,0.5877398590270179,0.3861513977654572,1.2744487585352289,0.0,0.5877398590270179,,0.2855240744277889,0.5877398590270179,-3.412260140972982,3.412260140972982,1.0
2026-03-02,lunch,4,37,15.0,4.0,2026-03-03 04:00:00+03:00,1,3,0,12.0,7.0,7.0,7.857142857142857,3.2877840272018872,13.0,0.0,0.0,0.0,1.3548387096774193,5.0,1.2246467991473532e-16,-1.0,29.0,0.5172413793103449,medium,4.2158570119156735,4.037725090920908,10.324175824175825,3.792027032582001,0.4077077915187296,1.0596797671033478,1.1479864143619603,1.6758241758241752,15.0,1,28.213091454450712,0.4208689262907596,0.41073446644291295,11.58808906524892,0.1373472153254062,14.723612580331771,0.0,11.58808906524892,,12.192705614162401,11.58808906524892,-3.4119109347510808,3.4119109347510808,15.0
2026-03-05,afternoon,5,126,19.0,3.0,2026-03-06 05:00:00+03:00,4,3,0,22.0,12.0,14.0,15.571428571428571,4.755948656056714,22.0,0.0,0.0,0.0,1.3275862068965518,8.0,-0.7071067811865475,-0.7071067811865477,89.0,0.21348314606741572,medium,8.943396226415095,8.296270027256874,12.090659340659341,4.388191091061965,0.19280413992264367,1.6805876180482686,1.6805876180482686,9.909340659340659,18.0,1,78.3083712257919,0.20399452597370538,0.19911260074271675,15.59218345469355,0.3479533490738059,20.124976128728587,0.0,15.59218345469355,,31.57994255412798,15.59218345469355,-3.4078165453064493,3.4078165453064493,15.0
2026-04-02,lunch,4,126,23.0,4.0,2026-04-03 04:00:00+03:00,4,4,0,26.0,24.0,27.0,21.142857142857142,5.610364558225276,27.0,0.0,0.0,0.0,1.1741935483870969,-1.0,1.2246467991473532e-16,-1.0,66.0,0.3484848484848485,medium,8.943396226415095,8.296270027256874,23.39669421487603,7.377896665537009,0.36997738876250647,1.065718157181572,1.1067073170731707,2.6033057851239683,33.0,0,70.2543061171114,0.37860915133889034,0.3758313066626501,26.403767666671786,0.16330009247131486,33.11332002114838,0.0,26.403767666671786,,30.43798886939213,26.403767666671786,3.4037676666717864,3.4037676666717864,15.0
2026-04-09,dinner,6,6,15.0,3.0,2026-04-10 06:00:00+03:00,4,4,0,13.0,9.0,7.0,9.142857142857142,2.115700942049804,13.0,0.0,0.0,0.0,1.2816901408450705,6.0,-1.0,-1.8369701987210297e-16,98.0,0.15306122448979592,medium,10.223521320495186,7.858411454975636,10.60989010989011,3.789431583157042,0.13266247089010186,1.119734973970658,1.119734973970658,2.3901098901098905,16.0,0,90.70121744212143,0.1302865567745829,0.1279023977156859,11.600903186579123,0.2133748002616317,15.446828641743522,0.0,11.600903186579123,,31.89083737621171,11.600903186579123,-3.3990968134208774,3.3990968134208774,15.0
2026-02-12,lunch,4,2,18.0,4.0,2026-02-13 04:00:00+03:00,4,2,0,17.0,18.0,24.0,19.571428571428573,2.370453040886378,24.0,0.0,0.0,0.0,0.8263888888888888,-7.0,1.2246467991473532e-16,-1.0,62.0,0.2903225806451613,medium,7.919532324621733,6.1652836583747,19.313186813186814,5.6393678951648205,0.3040886563507092,0.8368947795509872,1.181498512307276,-2.313186813186814,26.0,0,71.4861227953697,0.30134091546013686,0.2993062776230288,21.39624531558485,0.18275160807698754,25.967843476383006,0.0,21.39624531558485,,24.33078623316532,21.39624531558485,3.3962453155848493,3.3962453155848493,15.0
2026-03-19,lunch,4,123,25.0,4.0,2026-03-20 04:00:00+03:00,4,3,0,29.0,27.0,27.0,25.857142857142858,5.899959644736908,32.0,0.0,0.0,0.0,1.0797872340425532,2.0,1.2246467991473532e-16,-1.0,45.0,0.5555555555555556,medium,9.529330889092575,10.038386270221814,26.01923076923077,8.949331720839782,0.4426367956090107,1.0733096085409253,1.184341637010676,2.98076923076923,36.0,0,62.93085805296956,0.4384359250996874,0.4511012186798518,28.388186760263334,0.24374781308326582,36.884440942058326,0.0,28.388186760263334,,32.610793810348504,28.388186760263334,3.388186760263334,3.388186760263334,15.0
2026-02-09,lunch,4,8,41.0,4.0,2026-02-10 04:00:00+03:00,1,2,0,37.0,31.0,42.0,36.857142857142854,3.4364987719369666,42.0,0.0,0.0,0.0,0.9773584905660379,-5.0,1.2246467991473532e-16,-1.0,99.0,0.41414141414141414,high,14.99803536345776,11.147682695162223,34.80494505494506,8.197821234921355,0.33131290749065806,1.0333768127062073,1.1730223279367757,2.1950549450549417,44.0,0,105.22748330628889,0.33959868955723344,0.34112305636269113,35.895520718795325,0.22364627139121687,43.4979665490938,0.0,35.895520718795325,37.91301035570205,42.77878397464255,37.61633653275713,-3.3836634672428687,3.3836634672428687,31.0
2026-04-09,lunch,4,434,17.0,4.0,2026-04-10 04:00:00+03:00,4,4,0,23.0,14.0,16.0,18.142857142857142,4.140393356054137,23.0,0.0,0.0,0.0,1.2014925373134329,7.0,1.2246467991473532e-16,-1.0,65.0,0.26153846153846155,medium,7.621359223300971,6.761882045397149,16.980392156862745,6.830783838121162,0.3594009148733045,1.2791712104689203,1.2791712104689203,6.019607843137255,24.0,0,56.67850598300612,0.35645505369927855,0.3595621839782124,20.379447395871857,0.17014745933788397,25.64411978488682,0.0,20.379447395871857,,23.836306672091524,20.379447395871857,3.379447395871857,3.379447395871857,15.0
2026-02-05,lunch,4,14,16.0,4.0,2026-02-06 04:00:00+03:00,4,2,0,13.0,12.0,20.0,18.0,4.546060565661952,23.0,0.0,0.0,0.0,0.6842105263157895,-7.0,1.2246467991473532e-16,-1.0,41.0,0.3902439024390244,medium,8.976897689768977,6.080682518563457,18.424242424242426,4.409515911174649,0.4121223874637316,0.6692667706708267,1.1840873634945397,-5.424242424242426,24.0,0,47.4203241975218,0.4115614977628337,0.4086198681469359,19.376886621076313,0.1233468827282515,23.594118711626443,0.0,19.376886621076313,,22.22594603662194,19.376886621076313,3.376886621076313,3.376886621076313,15.0
2026-03-21,lunch,4,2,15.0,4.0,2026-03-22 04:00:00+03:00,6,3,1,17.0,14.0,11.0,17.857142857142858,4.634241089562573,25.0,0.0,0.0,0.0,0.9015151515151515,6.0,1.2246467991473532e-16,-1.0,56.0,0.26785714285714285,medium,7.919532324621733,6.1652836583747,19.313186813186814,5.6393678951648205,0.3040886563507092,0.8368947795509872,1.230727616986746,-2.313186813186814,26.0,0,63.31958615187136,0.3012067449583458,0.2902061395847459,18.375732657238323,0.06005638491588348,23.24020820729625,0.0,18.375732657238323,,21.42779600090975,18.375732657238323,3.3757326572383235,3.3757326572383235,15.0
2026-02-04,lunch,4,6,30.0,4.0,2026-02-05 04:00:00+03:00,3,2,0,24.0,31.0,30.0,27.142857142857142,2.9113897843110923,31.0,0.0,0.0,0.0,0.8527918781725888,-6.0,1.2246467991473532e-16,-1.0,82.0,0.36585365853658536,medium,10.223521320495186,7.858411454975636,25.560439560439562,7.174655102463964,0.31008066999141487,0.9035995035167562,1.1671493587091435,-1.560439560439562,34.0,0,82.4160731429406,0.3256138628635872,0.32310469648618273,26.62902029843286,0.18519020180499493,33.767315976898935,0.0,26.62902029843286,,32.119154014123346,26.62902029843286,-3.3709797015671406,3.3709797015671406,15.0
2026-03-08,lunch,4,12,31.0,4.0,2026-03-09 04:00:00+03:00,0,3,0,35.0,28.0,14.0,22.0,7.302967433402215,35.0,0.0,0.0,0.0,1.5217391304347827,21.0,1.2246467991473532e-16,-1.0,65.0,0.47692307692307695,high,10.67869167869168,7.720744590793598,22.975274725274726,5.27658622437569,0.37767392152948936,1.4598372865818723,1.4598372865818723,12.024725274725274,29.69999999999999,1,59.985206754180815,0.3837744777047744,0.3831273870974414,22.98197552822909,0.15849972692458084,30.24984358834899,1.0,28.06948317031302,25.478163147334808,24.066446096535902,27.629149019294033,-3.370850980705967,3.370850980705967,31.0
2026-03-11,dinner,6,6,15.0,3.0,2026-03-12 06:00:00+03:00,3,3,0,11.0,8.0,6.0,10.285714285714286,3.0937725468153867,14.0,0.0,0.0,0.0,0.9746835443037974,5.0,-1.0,-1.8369701987210297e-16,100.0,0.15,medium,10.223521320495186,7.858411454975636,10.60989010989011,3.789431583157042,0.13266247089010186,0.9474680548982489,1.2058684335068623,0.3901098901098905,16.0,0,89.38991454116048,0.13072298192724785,0.13009739023549236,11.629394595178667,0.17847244387809533,15.545409251356961,0.0,11.629394595178667,,32.335903710688655,11.629394595178667,-3.370605404821333,3.370605404821333,15.0
2026-04-10,lunch,4,18,18.0,4.0,2026-04-11 04:00:00+03:00,5,4,1,9.0,9.0,14.0,11.285714285714286,5.707138387268081,23.0,0.0,0.0,0.0,0.7325581395348837,-5.0,1.2246467991473532e-16,-1.0,56.0,0.32142857142857145,medium,6.109124254928932,5.453053535091321,11.975206611570249,6.953431693708665,0.27885867315263196,0.6936305732484076,1.7726114649681528,-2.9752066115702487,20.0,0,45.46411729559197,0.3060495613165556,0.3223635316713636,14.655973415728152,0.2506508546077525,18.3959728693168,0.0,14.655973415728152,,20.162046337155765,14.655973415728152,-3.344026584271848,3.344026584271848,15.0
2026-02-14,lunch,4,8,34.0,4.0,2026-02-15 04:00:00+03:00,6,2,1,25.0,41.0,31.0,38.714285714285715,9.67323258127443,56.0,0.0,0.0,0.0,0.6294964028776978,-6.0,1.2246467991473532e-16,-1.0,101.0,0.33663366336633666,high,14.99803536345776,11.147682695162223,34.80494505494506,8.197821234921355,0.33131290749065806,0.6982275761528427,1.5640297705823676,-9.804945054945058,44.0,0,105.3935066244731,0.33557873359630885,0.3386716528746349,35.69379309076409,0.20133815969968014,47.834630062429746,0.0,35.69379309076409,36.31610469184199,42.26032062044387,37.33542497318403,3.3354249731840326,3.3354249731840326,31.0
2026-02-08,lunch,4,126,25.0,4.0,2026-02-09 04:00:00+03:00,0,2,0,9.0,18.0,25.0,21.428571428571427,6.553806600166109,29.0,0.0,0.0,0.0,0.4012738853503185,-16.0,1.2246467991473532e-16,-1.0,71.0,0.352112676056338,medium,8.943396226415095,8.296270027256874,23.39669421487603,7.377896665537009,0.36997738876250647,0.36890243902439024,1.1886856368563685,-14.396694214876032,33.0,0,58.05720392746693,0.3732831679500562,0.3732789906299169,21.6715344808401,0.20268223687968184,29.244571489050305,0.0,21.6715344808401,,29.85573910279271,21.6715344808401,-3.3284655191598986,3.3284655191598986,15.0
2026-02-20,afternoon,5,122,4.0,3.0,2026-02-21 05:00:00+03:00,5,2,1,0.0,0.0,1.0,0.2857142857142857,0.48795003647426693,1.0,0.0,0.0,0.0,0.0,-1.0,-0.7071067811865475,-0.7071067811865477,7.0,0.5714285714285714,low,0.2953795379537954,0.5918085059504988,0.38186813186813184,0.6678783678510125,0.18343799058084773,0.0,0.7236580516898609,-0.38186813186813184,1.0,1,2.642007282800912,0.2102744051311311,0.25652210887361443,0.6777332798435378,0.46983747269198506,1.585313494773379,0.0,0.6777332798435378,,0.31766146352332525,0.6777332798435378,-3.3222667201564624,3.3222667201564624,1.0
2026-01-30,lunch,4,17,15.0,4.0,2026-01-31 04:00:00+03:00,5,1,1,9.0,10.0,15.0,10.714285714285714,2.690370836538268,15.0,0.0,0.0,0.0,0.7682926829268293,-6.0,1.2246467991473532e-16,-1.0,39.0,0.38461538461538464,medium,8.011462631820265,6.234805877300177,17.198347107438018,4.6897440141075535,0.3602424193301202,0.494550408719346,0.82425068119891,-8.198347107438018,23.0,0,32.545886260870944,0.35259380167492715,0.35887212073465563,11.679811223627647,0.03743603660779635,18.084710221070928,0.0,11.679811223627647,,16.62211526095139,11.679811223627647,-3.320188776372353,3.320188776372353,15.0
2026-02-04,lunch,4,37,15.0,4.0,2026-02-05 04:00:00+03:00,3,2,0,18.0,17.0,14.0,12.571428571428571,4.5039665058383855,18.0,0.0,0.0,0.0,1.3263157894736843,4.0,1.2246467991473532e-16,-1.0,33.0,0.45454545454545453,medium,4.2158570119156735,4.037725090920908,10.324175824175825,3.792027032582001,0.4077077915187296,1.5895196506550218,1.5895196506550218,7.675824175824175,15.0,1,28.08915263059742,0.4245305143468959,0.4160107620548775,11.685389791330602,0.38738916281505553,17.64003076857902,0.0,11.685389791330602,,13.616689806234458,11.685389791330602,-3.3146102086693983,3.3146102086693983,15.0
2026-02-13,lunch,4,18,17.0,4.0,2026-02-14 04:00:00+03:00,5,2,1,12.0,7.0,17.0,11.428571428571429,4.237025012007988,17.0,0.0,0.0,0.0,0.9655172413793103,-5.0,1.2246467991473532e-16,-1.0,52.0,0.3269230769230769,medium,6.109124254928932,5.453053535091321,11.975206611570249,6.953431693708665,0.27885867315263196,0.9248407643312101,1.3101910828025476,0.024793388429751317,20.0,0,41.73243223829448,0.3095926599618848,0.32795345927435693,13.686295516481369,0.37321935076577173,20.44982330794279,0.0,13.686295516481369,,21.279252003664645,13.686295516481369,-3.313704483518631,3.313704483518631,15.0
2026-04-08,afternoon,5,2,15.0,3.0,2026-04-09 05:00:00+03:00,3,4,0,11.0,7.0,16.0,9.571428571428571,3.457221565416513,16.0,0.0,0.0,0.0,1.0405405405405406,-5.0,-0.7071067811865475,-0.7071067811865477,87.0,0.1724137931034483,medium,7.919532324621733,6.1652836583747,10.104395604395604,3.761495865855915,0.15959778045043044,0.9905987135081643,1.4408708560118753,0.895604395604396,15.0,1,73.78908157878028,0.1618046696305144,0.1585960769808369,11.702658862413491,0.20919985028200588,15.939249976565236,0.0,11.702658862413491,,24.70222743684763,11.702658862413491,-3.2973411375865087,3.2973411375865087,15.0
2026-04-08,lunch,4,8,39.0,4.0,2026-04-09 04:00:00+03:00,3,4,0,46.0,34.0,37.0,30.714285714285715,9.375753937938116,46.0,0.0,0.0,0.0,1.4504504504504505,9.0,1.2246467991473532e-16,-1.0,128.0,0.3046875,high,14.99803536345776,11.147682695162223,34.80494505494506,8.197821234921355,0.33131290749065806,1.2847387401212307,1.2847387401212307,11.195054945054942,44.0,0,112.54771344682472,0.33915783314421155,0.3408474861697886,38.36160520250792,0.18760954322420992,44.70117606870211,1.0,42.79930480884385,37.2608308506943,40.95403806699835,42.28468040323858,3.284680403238582,3.284680403238582,31.0
2026-03-05,morning,3,6,15.0,2.0,2026-03-06 03:00:00+03:00,4,3,0,9.0,11.0,12.0,10.571428571428571,2.299068134204475,13.0,0.0,0.0,0.0,0.7777777777777778,-3.0,0.7071067811865476,-0.7071067811865475,77.0,0.19480519480519481,medium,10.223521320495186,7.858411454975636,11.15702479338843,3.8672907939562746,0.1360488109560432,0.7403127124405167,1.0693405846363018,-2.1570247933884303,16.0,0,88.84482558992808,0.1339387304812638,0.13191361626870754,11.71984223033002,0.16443579251465307,15.622801666275505,0.0,11.71984223033002,,32.82069917928028,11.71984223033002,-3.28015776966998,3.28015776966998,15.0
2026-03-01,afternoon,5,126,16.0,3.0,2026-03-02 05:00:00+03:00,0,3,0,22.0,10.0,11.0,14.285714285714286,5.089672082242816,22.0,0.0,0.0,0.0,1.439252336448598,11.0,-0.7071067811865475,-0.7071067811865477,72.0,0.2222222222222222,medium,8.943396226415095,8.296270027256874,12.090659340659341,4.388191091061965,0.19280413992264367,1.6805876180482686,1.6805876180482686,9.909340659340659,18.0,0,63.49625347154585,0.2040561370818138,0.20032741140467816,12.72004009185009,0.2016560945930566,19.36982921382507,0.0,12.72004009185009,,30.57914591582451,12.72004009185009,-3.2799599081499107,3.2799599081499107,15.0
2026-03-05,lunch,4,35,34.0,4.0,2026-03-06 04:00:00+03:00,4,3,0,26.0,25.0,39.0,30.571428571428573,6.579187965525396,39.0,0.0,0.0,0.0,0.8235294117647058,-13.0,1.2246467991473532e-16,-1.0,100.0,0.34,high,12.99404216315307,8.966106707239911,27.76098901098901,6.366710522390032,0.3561335102986236,0.9040022924825676,1.3560034387238513,-1.760989010989011,37.0,0,88.35034504319927,0.35028255403945135,0.34860385292406626,30.799270689229946,0.18581796923637928,38.6654910805946,0.0,30.799270689229946,32.00955563650616,30.49406706112313,30.722969782203243,-3.2770302177967565,3.2770302177967565,31.0
2026-02-13,lunch,4,6,29.0,4.0,2026-02-14 04:00:00+03:00,5,2,1,27.0,29.0,25.0,25.571428571428573,5.62308168347644,33.0,0.0,0.0,0.0,1.0161290322580645,2.0,1.2246467991473532e-16,-1.0,91.0,0.31868131868131866,medium,10.223521320495186,7.858411454975636,25.560439560439562,7.174655102463964,0.31008066999141487,1.0165494414563507,1.2424493173355398,1.439560439560438,34.0,0,85.69453303425927,0.3137571396364407,0.3001983589348346,25.725358186571604,0.1429449266325179,33.57707247599329,0.0,25.725358186571604,,26.42759578104278,25.725358186571604,-3.2746418134283957,3.2746418134283957,15.0
2026-03-17,lunch,4,123,27.0,4.0,2026-03-18 04:00:00+03:00,2,3,0,29.0,32.0,27.0,27.0,7.234178138070249,37.0,0.0,0.0,0.0,1.0357142857142858,2.0,1.2246467991473532e-16,-1.0,58.0,0.46551724137931033,medium,9.529330889092575,10.038386270221814,26.01923076923077,8.949331720839782,0.4426367956090107,1.0733096085409253,1.3693950177935943,2.98076923076923,36.0,0,67.1402030759315,0.4419223384994895,0.4508950264431906,30.27318364132332,0.255539497040449,36.80564382001461,0.0,30.27318364132332,,34.1274925870444,30.27318364132332,3.273183641323321,3.273183641323321,15.0
2026-03-11,lunch,4,26,19.0,4.0,2026-03-12 04:00:00+03:00,3,3,0,15.0,19.0,21.0,15.571428571428571,3.8234863173611093,21.0,0.0,0.0,0.0,0.9051724137931035,-6.0,1.2246467991473532e-16,-1.0,38.0,0.5,medium,6.941311325080238,5.5889179275364755,15.826446280991735,5.194574867535046,0.38014555485808005,0.8914538310412574,1.2480353634577603,-0.8264462809917354,22.0,0,39.92767073040179,0.3902446329557669,0.39394877523145455,15.729456982086583,0.23737187923230474,22.9112708445407,0.0,15.729456982086583,,20.30053511549953,15.729456982086583,-3.2705430179134165,3.2705430179134165,15.0
2026-02-08,afternoon,5,2,15.0,3.0,2026-02-09 05:00:00+03:00,0,2,0,7.0,11.0,12.0,10.428571428571429,1.7182493859684642,12.0,0.0,0.0,0.0,0.6124999999999999,-5.0,-0.7071067811865475,-0.7071067811865477,63.0,0.23809523809523808,medium,7.919532324621733,6.1652836583747,10.104395604395604,3.761495865855915,0.15959778045043044,0.6303809995051954,1.0806531420089065,-3.104395604395604,15.0,1,70.79882196341238,0.16687758170899006,0.16574347239477485,11.73444259367542,0.16996785135716905,14.073497268898532,0.0,11.73444259367542,,24.97718831614198,11.73444259367542,-3.2655574063245805,3.2655574063245805,15.0
2026-02-07,lunch,4,101,19.0,4.0,2026-02-08 04:00:00+03:00,6,2,1,20.0,13.0,9.0,13.285714285714286,4.71572849495123,20.0,0.0,0.0,0.0,1.4,11.0,1.2246467991473532e-16,-1.0,48.0,0.3958333333333333,medium,7.729605866177819,5.750763658040518,16.97252747252747,4.423118975685863,0.3662322135926719,1.1128095383674719,1.1128095383674719,3.027472527472529,23.0,0,44.23666851728988,0.3572796319809209,0.35579808659063755,15.739322015596034,0.06538850976658461,20.237702979993127,0.0,15.739322015596034,,21.283358008278952,15.739322015596034,-3.2606779844039657,3.2606779844039657,15.0
2026-02-13,lunch,4,35,37.0,4.0,2026-02-14 04:00:00+03:00,5,2,1,41.0,28.0,40.0,33.142857142857146,6.039552175136016,41.0,0.0,0.0,0.0,1.2008368200836819,1.0,1.2246467991473532e-16,-1.0,103.0,0.3592233009708738,high,12.99404216315307,8.966106707239911,27.76098901098901,6.366710522390032,0.3561335102986236,1.4255420766071258,1.4255420766071258,13.239010989010989,37.0,1,111.2560093288253,0.35612441946325335,0.35304693314713803,39.27859288773115,0.42446709497593743,41.81440224390515,1.0,41.05365943705294,37.3263330367649,34.48152975557648,40.26013266278588,3.260132662785878,3.260132662785878,31.0
2026-03-11,lunch,4,101,18.0,4.0,2026-03-12 04:00:00+03:00,3,3,0,9.0,11.0,9.0,14.571428571428571,5.159365040297829,23.0,0.0,0.0,0.0,0.5779816513761468,0.0,1.2246467991473532e-16,-1.0,41.0,0.43902439024390244,medium,7.729605866177819,5.750763658040518,16.97252747252747,4.423118975685863,0.3662322135926719,0.5007642922653623,1.2797309691225927,-7.972527472527471,23.0,0,40.773636369454984,0.3596787925470497,0.3615904234797246,14.743356441639527,0.06984150422378659,20.815597318371328,0.0,14.743356441639527,,19.268198680443852,14.743356441639527,-3.256643558360473,3.256643558360473,15.0
2026-03-10,lunch,4,123,27.0,4.0,2026-03-11 04:00:00+03:00,2,3,0,30.0,32.0,27.0,25.0,6.244997998398424,32.0,0.0,0.0,0.0,1.1538461538461537,3.0,1.2246467991473532e-16,-1.0,57.0,0.47368421052631576,medium,9.529330889092575,10.038386270221814,26.01923076923077,8.949331720839782,0.4426367956090107,1.1103202846975089,1.184341637010676,3.98076923076923,36.0,0,66.63061367748269,0.4417811367629322,0.45397990650920084,30.24895976795427,0.24795968661173137,36.452858275498464,0.0,30.24895976795427,,33.6603151774006,30.24895976795427,3.2489597679542683,3.2489597679542683,15.0
2026-03-07,lunch,4,10,19.0,4.0,2026-03-08 04:00:00+03:00,6,3,1,9.0,27.0,14.0,16.142857142857142,7.104659772022188,27.0,0.0,0.0,0.0,0.525,-5.0,1.2246467991473532e-16,-1.0,46.0,0.41304347826086957,medium,6.580926180651078,5.576694893105304,15.826446280991735,5.457537267559647,0.3959618663932895,0.5348722986247544,1.6046168958742633,-6.8264462809917354,23.0,0,43.60413734510883,0.3688127931683885,0.3612336111976559,15.751279996332231,0.09922653106737478,20.250739884515685,0.0,15.751279996332231,,15.74889753359952,15.751279996332231,-3.248720003667769,3.248720003667769,15.0
2026-03-12,lunch,4,2,19.0,4.0,2026-03-13 04:00:00+03:00,4,3,0,27.0,24.0,22.0,19.571428571428573,5.442338432975978,27.0,0.0,0.0,0.0,1.3125,5.0,1.2246467991473532e-16,-1.0,69.0,0.2753623188405797,medium,7.919532324621733,6.1652836583747,19.313186813186814,5.6393678951648205,0.3040886563507092,1.3291858263456857,1.3291858263456857,7.686813186813186,26.0,0,74.77653641276704,0.30017573398924224,0.29748697917711747,22.245045930761798,0.27438393838060965,26.84319546121096,0.0,22.245045930761798,,24.900483442722496,22.245045930761798,3.2450459307617976,3.2450459307617976,15.0
2026-03-07,afternoon,5,139,4.0,3.0,2026-03-08 05:00:00+03:00,6,3,1,0.0,1.0,0.0,0.2857142857142857,0.4879500364742645,1.0,0.0,0.0,0.0,0.0,0.0,-0.7071067811865475,-0.7071067811865477,9.0,0.4444444444444444,low,0.28473177441540576,0.657489566091835,0.38292011019283745,0.8306525835717741,0.192444515998235,0.0,0.7231075697211156,-0.38292011019283745,1.0,1,2.7913559511012154,0.2091896876912237,0.27122914319545566,0.7570970829707189,0.34901559190932796,1.4906885899767595,0.0,0.7570970829707189,,0.5684998186222907,0.7570970829707189,-3.242902917029281,3.242902917029281,1.0
2026-01-29,afternoon,5,135,4.0,3.0,2026-01-30 05:00:00+03:00,4,1,0,1.0,5.0,0.0,1.4285714285714286,1.8126539343499317,5.0,0.0,0.0,0.0,0.4117647058823529,1.0,-0.7071067811865475,-0.7071067811865477,4.0,1.0,low,0.18659295093296477,0.8339361180545659,0.1712707182320442,0.5402913327942227,0.07778319430903116,0.8537735849056602,4.268867924528301,0.8287292817679558,1.0,1,1.8695553217541516,0.16230838298313494,0.4075698532505747,0.7619743881311706,0.5228725131804477,1.530644331991569,0.0,0.7619743881311706,,0.10600673232263588,0.7619743881311706,-3.2380256118688293,3.2380256118688293,1.0
2026-02-11,afternoon,5,139,4.0,3.0,2026-02-12 05:00:00+03:00,3,2,0,0.0,0.0,2.0,0.7142857142857143,0.7559289460184542,2.0,0.0,0.0,0.0,0.0,-2.0,-0.7071067811865475,-0.7071067811865477,5.0,0.8,low,0.28473177441540576,0.657489566091835,0.38292011019283745,0.8306525835717741,0.192444515998235,0.0,1.4462151394422311,-0.38292011019283745,1.0,1,2.645116604144708,0.20060994230174076,0.2934920055106897,0.7763205769600554,0.3486463886002691,1.5692835387062214,0.0,0.7763205769600554,,0.598815619694562,0.7763205769600554,-3.2236794230399446,3.2236794230399446,1.0
2026-03-05,lunch,4,126,26.0,4.0,2026-03-06 04:00:00+03:00,4,3,0,28.0,28.0,35.0,25.428571428571427,6.078847008469692,35.0,0.0,0.0,0.0,1.0594594594594595,-7.0,1.2246467991473532e-16,-1.0,89.0,0.29213483146067415,medium,8.943396226415095,8.296270027256874,23.39669421487603,7.377896665537009,0.36997738876250647,1.1476964769647697,1.4346205962059622,4.603305785123968,33.0,0,78.3083712257919,0.3823044119687675,0.37315523727498595,29.22117884537806,0.2760291236767549,34.99893998538957,0.0,29.22117884537806,,31.57994255412798,29.22117884537806,3.221178845378059,3.221178845378059,15.0
2026-01-30,afternoon,5,130,4.0,3.0,2026-01-31 05:00:00+03:00,5,1,1,1.0,0.0,2.0,0.42857142857142855,0.7867957924694434,2.0,0.0,0.0,0.0,0.7,-1.0,-0.7071067811865475,-0.7071067811865477,5.0,0.8,low,0.2508250825082508,0.5792332445185113,0.3269230769230769,0.6682408834874293,0.1565410779696494,0.7536231884057971,1.5072463768115942,0.6730769230769231,1.0,1,2.8855019090323455,0.19683269088935423,0.2741766434111162,0.7911372279748564,0.4669462717496259,1.3744149169046391,0.0,0.7911372279748564,,0.42958674791486984,0.7911372279748564,-3.2088627720251437,3.2088627720251437,1.0
2026-04-09,lunch,4,6,25.0,4.0,2026-04-10 04:00:00+03:00,4,4,0,28.0,29.0,18.0,25.428571428571427,6.078847008469746,35.0,0.0,0.0,0.0,1.0594594594594595,10.0,1.2246467991473532e-16,-1.0,98.0,0.25510204081632654,medium,10.223521320495186,7.858411454975636,25.560439560439562,7.174655102463964,0.31008066999141487,1.0541994207695489,1.3177492759619363,2.439560439560438,34.0,0,90.70121744212143,0.31675361347724307,0.3109572288332254,28.20419922760189,0.1571201876305821,32.029939851365384,0.0,28.20419922760189,,31.89083737621171,28.20419922760189,3.2041992276018902,3.2041992276018902,15.0
2026-02-04,lunch,4,126,29.0,4.0,2026-02-05 04:00:00+03:00,3,2,0,26.0,21.0,22.0,22.714285714285715,1.9760470401186896,26.0,0.0,0.0,0.0,1.0963855421686746,4.0,1.2246467991473532e-16,-1.0,67.0,0.43283582089552236,medium,8.943396226415095,8.296270027256874,23.39669421487603,7.377896665537009,0.36997738876250647,1.065718157181572,1.065718157181572,2.6033057851239683,33.0,0,68.12367681677695,0.38578264273683477,0.37867821371477656,25.79695224865983,0.19400009227115744,32.31998188154231,0.0,25.79695224865983,,29.651610522399086,25.79695224865983,-3.2030477513401685,3.2030477513401685,15.0
2026-04-02,lunch,4,115,20.0,4.0,2026-04-03 04:00:00+03:00,4,4,0,8.0,12.0,17.0,12.428571428571429,3.690399384761479,17.0,0.0,0.0,0.0,0.5957446808510638,-9.0,1.2246467991473532e-16,-1.0,52.0,0.38461538461538464,medium,8.859724950884086,7.0585746120055335,21.186813186813186,5.342613320180643,0.3419472329595375,0.3605745418524022,0.7662209014363547,-13.186813186813186,28.0,0,51.32542780998902,0.3209766578138873,0.3273354146042834,16.800630191924974,0.0765673581114623,22.62784647675239,0.0,16.800630191924974,,23.55905946678227,16.800630191924974,-3.1993698080750264,3.1993698080750264,15.0
2026-02-08,lunch,4,130,4.0,4.0,2026-02-09 04:00:00+03:00,0,2,0,2.0,2.0,1.0,1.5714285714285714,0.7867957924694434,3.0,0.0,0.0,0.0,0.7777777777777779,1.0,1.2246467991473532e-16,-1.0,8.0,0.5,low,0.2508250825082508,0.5792332445185113,0.349862258953168,0.694428285684288,0.16730289912108093,1.4816326530612245,2.2224489795918365,1.6501377410468319,1.0,1,2.2744938975010074,0.22449762684844532,0.35852589194016343,0.8154649533140074,0.3956093978783084,1.7421315129962895,0.0,0.8154649533140074,,0.602750900550601,0.8154649533140074,-3.1845350466859927,3.1845350466859927,1.0
2026-03-08,lunch,4,6,22.0,4.0,2026-03-09 04:00:00+03:00,0,3,0,22.0,25.0,25.0,24.857142857142858,3.387652649872942,30.0,0.0,0.0,0.0,0.8508287292817679,-3.0,1.2246467991473532e-16,-1.0,77.0,0.2857142857142857,medium,10.223521320495186,7.858411454975636,25.560439560439562,7.174655102463964,0.31008066999141487,0.82829954489036,1.1294993793959454,-3.560439560439562,34.0,0,78.86182869301753,0.3239799264694839,0.3193285399448008,25.182832613918286,0.17215273022293082,32.57468922633889,0.0,25.182832613918286,,32.809736044447156,25.182832613918286,3.1828326139182863,3.1828326139182863,15.0
2026-02-05,dinner,6,135,4.0,3.0,2026-02-06 06:00:00+03:00,4,2,0,1.0,0.0,0.0,0.14285714285714285,0.37796447300922725,1.0,0.0,0.0,0.0,0.875,1.0,-1.0,-1.8369701987210297e-16,5.0,0.8,low,0.18659295093296477,0.8339361180545659,0.425414364640884,1.4872367318367268,0.1261454967052952,0.7015503875968991,0.7015503875968991,0.574585635359116,1.0,1,2.3167444858057027,0.14858947634265038,0.35633608641903863,0.8255396633048921,0.3054984324936118,1.7066744635811375,0.0,0.8255396633048921,,0.10291661108124064,0.8255396633048921,-3.174460336695108,3.174460336695108,1.0
2026-03-28,lunch,4,69,50.0,4.0,2026-03-29 04:00:00+03:00,6,3,1,52.0,30.0,59.0,41.142857142857146,12.60196507730136,59.0,0.0,0.0,0.0,1.2338983050847456,-7.0,1.2246467991473532e-16,-1.0,165.0,0.30303030303030304,mega,25.709899175068745,15.187584008448223,49.92032967032967,11.401837554339034,0.32250586815508425,1.0212031292149986,1.15867278122471,2.0796703296703285,65.0,0,151.7205923344975,0.33089030300846434,0.32623549408363184,49.496642402906076,0.19403698124374852,62.28895844521856,0.0,49.496642402906076,56.29459051159463,64.2033185714613,53.17331144504488,3.173311445044881,3.173311445044881,49.0
2026-02-12,dinner,6,115,15.0,3.0,2026-02-13 06:00:00+03:00,4,2,0,15.0,7.0,15.0,10.428571428571429,3.2586880211286893,15.0,0.0,0.0,0.0,1.3125,0.0,-1.0,-1.8369701987210297e-16,81.0,0.18518518518518517,medium,8.859724950884086,7.0585746120055335,10.244505494505495,3.4044368275703665,0.16551450234185303,1.3339848521866602,1.3339848521866602,4.7554945054945055,15.0,1,70.3726980192568,0.1697296193160771,0.1682248844472475,11.83843899253052,0.28971024884442237,16.529013206789088,0.0,11.83843899253052,,26.963985061450412,11.83843899253052,-3.16156100746948,3.16156100746948,15.0
2026-03-20,lunch,4,69,61.0,4.0,2026-03-21 04:00:00+03:00,5,3,1,55.0,48.0,64.0,49.0,8.90692614392492,64.0,0.0,0.0,0.0,1.1,-9.0,1.2246467991473532e-16,-1.0,195.0,0.3128205128205128,mega,25.709899175068745,15.187584008448223,49.92032967032967,11.401837554339034,0.32250586815508425,1.0801186943620178,1.2568653898030753,5.0796703296703285,65.0,0,164.5375101008724,0.33187016840455297,0.3241328484219833,53.33201182125662,0.37285510328216054,71.43419641470825,0.03516169735717009,53.77756429658162,61.157467477755425,70.14594380963081,57.8389043583823,-3.161095641617699,3.161095641617699,49.0
2026-02-03,lunch,4,6,24.0,4.0,2026-02-04 04:00:00+03:00,2,2,0,31.0,27.0,22.0,26.857142857142858,3.3380918415852,31.0,0.0,0.0,0.0,1.1128205128205129,9.0,1.2246467991473532e-16,-1.0,86.0,0.27906976744186046,medium,10.223521320495186,7.858411454975636,25.560439560439562,7.174655102463964,0.31008066999141487,1.1671493587091435,1.1671493587091435,5.439560439560438,34.0,0,83.13335726857623,0.32431463778610137,0.3266886905427655,27.158727626495068,0.17372426204661712,33.31086517545903,0.0,27.158727626495068,,32.41170536027112,27.158727626495068,3.158727626495068,3.158727626495068,15.0
2026-02-15,lunch,4,69,57.0,4.0,2026-02-16 04:00:00+03:00,0,2,0,68.0,78.0,37.0,50.57142857142857,18.24698279037882,78.0,0.0,0.0,0.0,1.3185595567867037,31.0,1.2246467991473532e-16,-1.0,183.0,0.3114754098360656,mega,25.709899175068745,15.187584008448223,49.92032967032967,11.401837554339034,0.32250586815508425,1.3354194766657674,1.5318046938224978,18.07967032967033,65.0,0,146.82045228822398,0.33380133026527503,0.3307873694643081,48.56635119598156,0.018344540663001604,58.19393501418939,1.0,55.305659868727034,45.432492747779854,45.49529186907506,53.846508064897606,-3.1534919351023945,3.1534919351023945,49.0
2026-04-03,lunch,4,25,19.0,4.0,2026-04-04 04:00:00+03:00,5,4,1,19.0,14.0,19.0,15.714285714285714,2.5634797778466454,19.0,0.0,0.0,0.0,1.1367521367521367,0.0,1.2246467991473532e-16,-1.0,36.0,0.5277777777777778,medium,7.156736938588451,5.584595796433097,15.87087912087912,5.024165108521969,0.36929438528740477,1.1262009444715844,1.1262009444715844,3.1291208791208796,21.69999999999999,0,44.210525043721795,0.3566852619198225,0.358436011039767,15.846644242645361,0.24124384047984984,22.365147067374316,0.0,15.846644242645361,,18.128405200489656,15.846644242645361,-3.153355757354639,3.153355757354639,15.0
2026-04-12,lunch,4,126,20.0,4.0,2026-04-13 04:00:00+03:00,0,4,0,8.0,17.0,33.0,25.142857142857142,9.299257522845062,33.0,0.0,0.0,0.0,0.30601092896174864,-25.0,1.2246467991473532e-16,-1.0,53.0,0.37735849056603776,medium,8.943396226415095,8.296270027256874,23.39669421487603,7.377896665537009,0.36997738876250647,0.32791327913279134,1.3526422764227644,-15.396694214876032,33.0,0,62.26186471527429,0.37666119027162936,0.37171870873888957,23.143899955637192,0.11598634841392812,31.273124373326965,0.0,23.143899955637192,,30.589724781499626,23.143899955637192,3.143899955637192,3.143899955637192,15.0
2026-03-07,lunch,4,128,32.0,4.0,2026-03-08 04:00:00+03:00,6,3,1,30.0,31.0,23.0,26.285714285714285,3.6384193323606255,31.0,0.0,0.0,0.0,1.0994764397905759,7.0,1.2246467991473532e-16,-1.0,94.0,0.3404255319148936,high,11.91429880843263,7.322747993958596,22.86263736263736,5.724417727106647,0.31992864956999584,1.2571954869905595,1.2991020032235783,7.137362637362639,30.0,1,74.9753501419385,0.3206552843052007,0.3182896669095919,23.863879223107627,0.28359999295946065,31.54406570376813,1.0,29.24000975956998,26.966629330540265,25.66718679943249,28.86447572620453,-3.1355242737954683,3.1355242737954683,31.0
2026-02-10,lunch,4,35,31.0,4.0,2026-02-11 04:00:00+03:00,2,2,0,27.0,28.0,22.0,30.857142857142858,6.743603671345928,40.0,0.0,0.0,0.0,0.8475336322869955,5.0,1.2246467991473532e-16,-1.0,81.0,0.38271604938271603,high,12.99404216315307,8.966106707239911,27.76098901098901,6.366710522390032,0.3561335102986236,0.9387716114242048,1.3907727576654887,-0.760989010989011,37.0,0,77.59736232102973,0.35145150655409574,0.3528359255019158,27.379137151048013,0.09903668604501505,36.938220009218995,0.0,27.379137151048013,29.818832690260486,29.339446344577418,27.869214449430366,-3.130785550569634,3.130785550569634,31.0
2026-04-12,lunch,4,69,50.0,4.0,2026-04-13 04:00:00+03:00,0,4,0,47.0,53.0,43.0,46.142857142857146,6.8417485929784965,53.0,0.0,0.0,0.0,0.996969696969697,4.0,1.2246467991473532e-16,-1.0,135.0,0.37037037037037035,mega,25.709899175068745,15.187584008448223,49.92032967032967,11.401837554339034,0.32250586815508425,0.9230105206366334,1.0408416509306717,-2.9203296703296715,65.0,0,145.77483133171444,0.3173832509427582,0.31918294159803756,46.52883947541439,0.03409458398927443,54.55070864755753,0.0,46.52883947541439,49.245153457128865,47.89441791317822,46.87023408485535,-3.1297659151446524,3.1297659151446524,49.0
2026-03-11,lunch,4,126,22.0,4.0,2026-03-12 04:00:00+03:00,3,3,0,21.0,27.0,28.0,20.857142857142858,7.289914755527457,28.0,0.0,0.0,0.0,0.9607843137254902,-7.0,1.2246467991473532e-16,-1.0,78.0,0.28205128205128205,medium,8.943396226415095,8.296270027256874,23.39669421487603,7.377896665537009,0.36997738876250647,0.8607723577235773,1.1476964769647697,-2.3966942148760317,33.0,0,68.60390556387702,0.3808433022916333,0.3662718482373816,25.127679287184026,0.11312421092892794,32.45220422501657,0.0,25.127679287184026,,29.99742594628806,25.127679287184026,3.1276792871840264,3.1276792871840264,15.0
2026-02-23,lunch,4,7,31.0,4.0,2026-02-24 04:00:00+03:00,1,2,0,25.0,20.0,31.0,27.857142857142858,7.033931367037239,39.0,0.0,0.0,0.0,0.8663366336633663,-6.0,1.2246467991473532e-16,-1.0,101.0,0.3069306930693069,high,12.872377020983832,6.9762070291099025,25.81267217630854,6.227115387092842,0.2507803114805857,0.9323949450323642,1.454536114250488,-0.8126721763085385,33.0,0,107.51017779057452,0.25706762460788846,0.2557811913658444,27.499081359226892,0.1778211914725086,34.77041504205616,0.0,27.499081359226892,27.78155304117296,28.992569215792145,27.872453323368205,-3.1275466766317948,3.1275466766317948,31.0
2026-02-22,dinner,6,139,4.0,3.0,2026-02-23 06:00:00+03:00,0,2,0,0.0,1.0,1.0,1.1428571428571428,1.0690449676496971,3.0,0.0,0.0,0.0,0.0,-1.0,-1.0,-1.8369701987210297e-16,8.0,0.5,low,0.28473177441540576,0.657489566091835,0.37637362637362637,0.6750916949999366,0.20111064530707387,0.0,2.179640718562874,-0.37637362637362637,1.0,1,2.830502270981903,0.2341717188387852,0.312501902960991,0.8845373460172514,0.335594420174544,1.472399263322874,0.0,0.8845373460172514,,0.49681207001556277,0.8845373460172514,-3.115462653982749,3.115462653982749,1.0
2026-02-10,lunch,4,130,4.0,4.0,2026-02-11 04:00:00+03:00,2,2,0,2.0,4.0,1.0,1.8571428571428572,1.0690449676496978,4.0,0.0,0.0,0.0,0.7,1.0,1.2246467991473532e-16,-1.0,6.0,0.6666666666666666,low,0.2508250825082508,0.5792332445185113,0.349862258953168,0.694428285684288,0.16730289912108093,1.4816326530612245,2.963265306122449,1.6501377410468319,1.0,1,2.9112237406135564,0.2475282561782526,0.30780938769200195,0.8961019970326782,0.4633556385328719,1.7900298563911168,0.0,0.8961019970326782,,0.7164801548931172,0.8961019970326782,-3.1038980029673215,3.1038980029673215,1.0
2026-03-17,lunch,4,4,33.0,4.0,2026-03-18 04:00:00+03:00,2,3,0,17.0,29.0,29.0,22.571428571428573,4.995235825502262,29.0,0.0,0.0,0.0,0.7212121212121212,-12.0,1.2246467991473532e-16,-1.0,82.0,0.4024390243902439,high,12.723424723424724,8.703156453277504,27.208791208791208,6.88395184651641,0.37716923282176296,0.6026490066225165,1.0280483054148812,-10.208791208791208,36.0,0,82.8253238166005,0.36924709476808254,0.36352651162332766,30.1092010411213,0.10288858252366767,33.74721799699316,0.0,30.1092010411213,26.342169979353187,29.334459903782168,29.91551575678652,-3.084484243213481,3.084484243213481,31.0
2026-03-08,afternoon,5,139,4.0,3.0,2026-03-09 05:00:00+03:00,0,3,0,4.0,0.0,1.0,0.8571428571428571,1.4638501094227991,4.0,0.0,0.0,0.0,2.1538461538461537,3.0,-0.7071067811865475,-0.7071067811865477,7.0,0.5714285714285714,low,0.28473177441540576,0.657489566091835,0.38292011019283745,0.8306525835717741,0.192444515998235,2.8924302788844622,2.8924302788844622,3.6170798898071626,1.0,1,2.942066871300513,0.2071037027906406,0.3112687710819026,0.9157735394704888,0.2929267351757372,1.8424300595887466,0.0,0.9157735394704888,,0.5659228087592062,0.9157735394704888,-3.084226460529511,3.084226460529511,1.0
2026-03-31,afternoon,5,126,16.0,3.0,2026-04-01 05:00:00+03:00,2,4,0,19.0,11.0,12.0,10.857142857142858,4.220133150686571,19.0,0.0,0.0,0.0,1.6024096385542168,7.0,-0.7071067811865475,-0.7071067811865477,64.0,0.25,medium,8.943396226415095,8.296270027256874,12.090659340659341,4.388191091061965,0.19280413992264367,1.4514165792235048,1.4514165792235048,6.909340659340659,18.0,0,66.94816119206286,0.19282066428999983,0.1929755167008522,12.91935599821027,0.2489099403862669,18.10782975306543,0.0,12.91935599821027,,29.633763623790067,12.91935599821027,-3.0806440017897305,3.0806440017897305,15.0
2026-02-21,afternoon,5,6,16.0,3.0,2026-02-22 05:00:00+03:00,6,2,1,13.0,16.0,18.0,14.142857142857142,2.7342623276105686,18.0,0.0,0.0,0.0,0.8584905660377359,-5.0,-0.7071067811865475,-0.7071067811865477,71.0,0.22535211267605634,medium,10.223521320495186,7.858411454975636,14.112637362637363,4.041241206698928,0.17560393845596073,0.860207235048173,1.1910561716051626,-1.1126373626373631,19.0,0,76.88390076178375,0.1758350617454334,0.16803915375422981,12.919505621334325,0.1948229458276496,18.861783572084356,0.0,12.919505621334325,,27.008356126711885,12.919505621334325,-3.0804943786656747,3.0804943786656747,15.0
2026-02-12,morning,3,6,16.0,2.0,2026-02-13 03:00:00+03:00,4,2,0,15.0,16.0,17.0,12.142857142857142,4.375255094603882,17.0,0.0,0.0,0.0,1.141304347826087,-2.0,0.7071067811865476,-0.7071067811865475,97.0,0.16494845360824742,medium,10.223521320495186,7.858411454975636,11.15702479338843,3.8672907939562746,0.1360488109560432,1.2338545207341944,1.3983684568320869,3.8429752066115697,16.0,1,95.30639892560224,0.14329790079318946,0.13561752046442407,12.925217506683426,0.39724143446831,17.278698842029822,0.0,12.925217506683426,,32.115460595326326,12.925217506683426,-3.074782493316574,3.074782493316574,15.0
2026-01-24,afternoon,5,139,4.0,3.0,2026-01-25 05:00:00+03:00,6,1,1,4.0,1.0,1.0,1.1428571428571428,1.4638501094227996,4.0,0.0,0.0,0.0,1.8666666666666667,3.0,-0.7071067811865475,-0.7071067811865477,6.0,0.6666666666666666,low,0.28473177441540576,0.657489566091835,0.38292011019283745,0.8306525835717741,0.192444515998235,2.8924302788844622,2.8924302788844622,3.6170798898071626,1.0,1,2.7121888580260674,0.24218837574986918,0.3412380104031114,0.925501929750302,0.6121748820197482,2.2079530428532053,0.0,0.925501929750302,,0.36348360700877563,0.925501929750302,-3.074498070249698,3.074498070249698,1.0
2026-02-09,lunch,4,115,26.0,4.0,2026-02-10 04:00:00+03:00,1,2,0,13.0,20.0,21.0,21.571428571428573,6.214422549122926,33.0,0.0,0.0,0.0,0.5759493670886076,-8.0,1.2246467991473532e-16,-1.0,63.0,0.4126984126984127,medium,8.859724950884086,7.0585746120055335,21.186813186813186,5.342613320180643,0.3419472329595375,0.5859336305101536,1.487369985141159,-8.186813186813186,28.0,0,65.64410415240373,0.3471190722639329,0.34929080179398847,22.928881772441187,0.13584450561363937,25.949552198068083,0.0,22.928881772441187,,26.554093241008076,22.928881772441187,-3.071118227558813,3.071118227558813,15.0
2026-03-16,lunch,4,29,38.0,4.0,2026-03-17 04:00:00+03:00,1,3,0,33.0,25.0,29.0,29.714285714285715,4.029651999626655,35.0,0.0,0.0,0.0,1.0744186046511628,4.0,1.2246467991473532e-16,-1.0,103.0,0.36893203883495146,high,16.77201257861635,11.447047939359384,39.06611570247934,7.990742783350609,0.33541085213730065,0.8236386138613861,0.8735561056105611,-6.066115702479337,49.0,0,117.6528146323432,0.33401141498887,0.3408623354389135,40.103413166542076,0.05001760359277935,41.9815299322919,1.0,41.41809490256695,36.54180467527103,41.6717935718497,41.070824979114896,3.070824979114896,3.070824979114896,31.0
2026-02-03,lunch,4,434,15.0,4.0,2026-02-04 04:00:00+03:00,2,2,0,14.0,17.0,14.0,15.571428571428571,2.5071326821120405,20.0,0.0,0.0,0.0,0.8448275862068967,0.0,1.2246467991473532e-16,-1.0,52.0,0.28846153846153844,medium,7.621359223300971,6.761882045397149,16.980392156862745,6.830783838121162,0.3594009148733045,0.7786259541984732,1.1123227917121046,-2.980392156862745,24.0,0,49.1291037037109,0.3585912524130902,0.367761650425293,18.067800261992097,0.11985298127785894,23.262142568150445,0.0,18.067800261992097,,21.729525378406564,18.067800261992097,3.0678002619920974,3.0678002619920974,15.0
2026-01-28,dinner,6,130,4.0,3.0,2026-01-29 06:00:00+03:00,3,1,0,1.0,1.0,1.0,1.2857142857142858,0.9511897312113418,3.0,0.0,0.0,0.0,0.4375,0.0,-1.0,-1.8369701987210297e-16,4.0,1.0,low,0.2508250825082508,0.5792332445185113,0.4175824175824176,0.6973532657202288,0.2142987964416536,0.7054263565891472,2.1162790697674416,0.5824175824175823,1.0,1,2.210235853512385,0.3044430988756487,0.42569805071357675,0.9408930944574809,0.40681170175009806,1.3988950077083775,0.0,0.9408930944574809,,0.39265850059952806,0.9408930944574809,-3.059106905542519,3.059106905542519,1.0
2026-02-27,lunch,4,101,19.0,4.0,2026-02-28 04:00:00+03:00,5,2,1,23.0,7.0,18.0,14.714285714285714,5.186980037050627,23.0,0.0,0.0,0.0,1.4636363636363636,5.0,1.2246467991473532e-16,-1.0,47.0,0.40425531914893614,medium,7.729605866177819,5.750763658040518,16.97252747252747,4.423118975685863,0.3662322135926719,1.2797309691225927,1.2797309691225927,6.027472527472529,23.0,0,44.22496859545846,0.36468451441717054,0.36050866894007944,15.943484562265546,0.17063757758237602,22.13945922542892,0.0,15.943484562265546,,22.51277012477392,15.943484562265546,-3.056515437734454,3.056515437734454,15.0
2026-03-31,lunch,4,35,38.0,4.0,2026-04-01 04:00:00+03:00,2,4,0,36.0,28.0,26.0,28.571428571428573,5.5334480768366925,36.0,0.0,0.0,0.0,1.217391304347826,10.0,1.2246467991473532e-16,-1.0,78.0,0.48717948717948717,high,12.99404216315307,8.966106707239911,27.76098901098901,6.366710522390032,0.3561335102986236,1.2516954818989396,1.2516954818989396,8.239010989010989,37.0,1,84.97853548061636,0.3509870454893095,0.35326186858737796,30.019676233701333,0.16382297224539344,38.31929942477012,1.0,35.82941246744948,30.260145409448846,29.171000827579235,34.95079364991264,-3.04920635008736,3.04920635008736,31.0
2026-04-08,lunch,4,25,18.0,4.0,2026-04-09 04:00:00+03:00,3,4,0,13.0,17.0,14.0,16.142857142857142,2.478478796128234,19.0,0.0,0.0,0.0,0.7583333333333333,-1.0,1.2246467991473532e-16,-1.0,51.0,0.35294117647058826,medium,7.156736938588451,5.584595796433097,15.87087912087912,5.024165108521969,0.36929438528740477,0.770558540954242,1.1262009444715844,-2.8708791208791204,21.69999999999999,0,40.72985755357016,0.3639316774152022,0.3671015103273937,14.95199222333521,0.143998341041781,21.913007742928503,0.0,14.95199222333521,,20.21647611415635,14.95199222333521,-3.0480077766647895,3.0480077766647895,15.0
2026-02-17,lunch,4,2,27.0,4.0,2026-02-18 04:00:00+03:00,2,2,0,34.0,23.0,18.0,22.0,5.830951894845309,34.0,0.0,0.0,0.0,1.4782608695652173,16.0,1.2246467991473532e-16,-1.0,89.0,0.30337078651685395,medium,7.919532324621733,6.1652836583747,19.313186813186814,5.6393678951648205,0.3040886563507092,1.6737895591019745,1.6737895591019745,14.686813186813186,26.0,1,77.09095522844984,0.3205834590253104,0.3107434333674822,23.95550810926736,0.30348173170554965,27.901958918350672,0.0,23.95550810926736,,24.456068284657178,23.95550810926736,-3.0444918907326404,3.0444918907326404,15.0
2026-01-29,lunch,4,146,4.0,4.0,2026-01-30 04:00:00+03:00,4,1,0,0.0,0.0,4.0,1.0,1.7320508075688772,4.0,0.0,0.0,0.0,0.0,-4.0,1.2246467991473532e-16,-1.0,4.0,1.0,low,0.3294279807029635,0.8281818162964744,0.8126721763085399,1.1409767406137137,0.39406222794652546,0.0,2.2066869300911858,-0.8126721763085399,2.0,1,1.642289609544789,0.32798770743353056,0.5838694027820961,0.9588826535201577,0.2566973617417425,2.128972834840397,0.0,0.9588826535201577,,1.0082558275176288,0.9588826535201577,-3.0411173464798424,3.0411173464798424,1.0
2026-04-10,afternoon,5,6,16.0,3.0,2026-04-11 05:00:00+03:00,5,4,1,19.0,18.0,7.0,13.571428571428571,4.035556254807279,19.0,0.0,0.0,0.0,1.303921568627451,12.0,-0.7071067811865475,-0.7071067811865477,89.0,0.1797752808988764,medium,10.223521320495186,7.858411454975636,14.112637362637363,4.041241206698928,0.17560393845596073,1.2572259589165606,1.2572259589165606,4.887362637362637,19.0,0,80.46043545685482,0.16424266899373946,0.1611324336705153,12.964785779352438,0.08863330259286228,17.684898395402065,0.0,12.964785779352438,,25.85777866925173,12.964785779352438,-3.0352142206475623,3.0352142206475623,15.0
2026-02-27,lunch,4,29,37.0,4.0,2026-02-28 04:00:00+03:00,5,2,1,35.0,32.0,33.0,32.0,6.164414002968977,41.0,0.0,0.0,0.0,1.0606060606060606,2.0,1.2246467991473532e-16,-1.0,114.0,0.32456140350877194,high,16.77201257861635,11.447047939359384,39.06611570247934,7.990742783350609,0.33541085213730065,0.8735561056105611,1.023308580858086,-4.066115702479337,49.0,0,116.00365338308858,0.3379527067125707,0.334242730088948,38.77337780705555,0.08477975691993506,43.98068955330988,0.0,38.77337780705555,39.99846223173912,43.78341714605278,40.02588764180486,3.0258876418048573,3.0258876418048573,31.0
2026-02-03,afternoon,5,139,4.0,3.0,2026-02-04 05:00:00+03:00,2,2,0,1.0,3.0,0.0,1.5714285714285714,1.8126539343499313,5.0,0.0,0.0,0.0,0.38888888888888895,1.0,-0.7071067811865475,-0.7071067811865477,6.0,0.6666666666666666,low,0.28473177441540576,0.657489566091835,0.38292011019283745,0.8306525835717741,0.192444515998235,0.7231075697211156,3.6155378486055776,0.6170798898071626,1.0,1,3.269758375790478,0.19016658015303536,0.2995341102049735,0.9794041656776601,0.3583200084749023,1.647548175454192,0.0,0.9794041656776601,,0.810613203026724,0.9794041656776601,-3.02059583432234,3.02059583432234,1.0
2026-01-26,lunch,4,126,29.0,4.0,2026-01-27 04:00:00+03:00,1,1,0,20.0,15.0,33.0,22.714285714285715,6.575568054403754,33.0,0.0,0.0,0.0,0.8433734939759036,-13.0,1.2246467991473532e-16,-1.0,68.0,0.4264705882352941,medium,8.943396226415095,8.296270027256874,23.39669421487603,7.377896665537009,0.36997738876250647,0.8197831978319784,1.3526422764227644,-3.3966942148760317,33.0,0,67.94411341042758,0.3967676726591979,0.3824088004779063,25.98242690881644,0.05341238517837867,30.875669131245594,0.0,25.98242690881644,,24.87598380788244,25.98242690881644,-3.0175730911835608,3.0175730911835608,15.0
2026-02-23,lunch,4,123,26.0,4.0,2026-02-24 04:00:00+03:00,1,2,0,21.0,26.0,36.0,28.857142857142858,7.151423434733623,40.0,0.0,0.0,0.0,0.7033492822966507,-15.0,1.2246467991473532e-16,-1.0,73.0,0.3561643835616438,medium,9.529330889092575,10.038386270221814,26.01923076923077,8.949331720839782,0.4426367956090107,0.7772241992882563,1.480427046263345,-5.01923076923077,36.0,0,50.243185516611106,0.43736953532127476,0.45753299089540095,22.98791494152757,0.15187643504788065,35.86233880116835,0.0,22.98791494152757,,33.499518916529425,22.98791494152757,-3.0120850584724295,3.0120850584724295,15.0
2026-04-09,lunch,4,2,26.0,4.0,2026-04-10 04:00:00+03:00,4,4,0,27.0,23.0,14.0,19.428571428571427,5.159365040297825,27.0,0.0,0.0,0.0,1.3216783216783217,13.0,1.2246467991473532e-16,-1.0,94.0,0.2765957446808511,medium,7.919532324621733,6.1652836583747,19.313186813186814,5.6393678951648205,0.3040886563507092,1.3291858263456857,1.3291858263456857,7.686813186813186,26.0,1,79.19557822674345,0.2964443450027878,0.29026941135503426,22.98805387379839,0.19913958550754882,25.794747076847166,0.0,22.98805387379839,,24.644855509780676,22.98805387379839,-3.011946126201611,3.011946126201611,15.0
2026-02-13,lunch,4,101,20.0,4.0,2026-02-14 04:00:00+03:00,5,2,1,13.0,12.0,20.0,13.571428571428571,4.391550328268373,20.0,0.0,0.0,0.0,0.8921568627450981,-7.0,1.2246467991473532e-16,-1.0,56.0,0.35714285714285715,medium,7.729605866177819,5.750763658040518,16.97252747252747,4.423118975685863,0.3662322135926719,0.7233261999388567,1.1128095383674719,-3.972527472527471,23.0,0,46.512497809899955,0.3585214656071579,0.3653068842448348,16.991335653379256,0.16450412393931413,21.442124135765035,0.0,16.991335653379256,,21.76645495401324,16.991335653379256,-3.008664346620744,3.008664346620744,15.0
2026-01-29,afternoon,5,115,15.0,3.0,2026-01-30 05:00:00+03:00,4,1,0,14.0,13.0,13.0,13.571428571428571,3.309438162646511,20.0,0.0,0.0,0.0,0.9607843137254902,1.0,-0.7071067811865475,-0.7071067811865477,51.0,0.29411764705882354,medium,8.859724950884086,7.0585746120055335,10.81868131868132,3.431354761820502,0.17551070249498216,1.1845653184565317,1.6922361692236167,3.1813186813186807,15.0,1,62.05089099960786,0.1942438853834569,0.19331923379146837,11.995630704122112,0.2187696523323003,16.51664503205281,0.0,11.995630704122112,,22.83277473697838,11.995630704122112,-3.004369295877888,3.004369295877888,15.0
2026-02-17,lunch,4,10,22.0,4.0,2026-02-18 04:00:00+03:00,2,2,0,27.0,25.0,24.0,20.857142857142858,5.669467095138416,27.0,0.0,0.0,0.0,1.2352941176470589,3.0,1.2246467991473532e-16,-1.0,53.0,0.41509433962264153,medium,6.580926180651078,5.576694893105304,15.826446280991735,5.457537267559647,0.3959618663932895,1.6046168958742633,1.6046168958742633,11.173553719008265,23.0,0,47.19819121208146,0.4088038176435386,0.40255712426487894,18.999968124839395,0.3884754773112825,26.311684382879598,0.0,18.999968124839395,,21.872091687539985,18.999968124839395,-3.000031875160605,3.000031875160605,15.0
2026-03-29,lunch,4,14,15.0,4.0,2026-03-30 04:00:00+03:00,0,3,0,12.0,13.0,19.0,14.428571428571429,3.5523298860111323,20.0,0.0,0.0,0.0,0.7777777777777778,-7.0,1.2246467991473532e-16,-1.0,37.0,0.40540540540540543,medium,8.976897689768977,6.080682518563457,18.424242424242426,4.409515911174649,0.4121223874637316,0.6177847113884555,1.029641185647426,-6.424242424242426,24.0,0,43.37242578716087,0.4138974091084616,0.4149432227289808,17.997094133698084,0.19222690451574806,22.23069540121024,0.0,17.997094133698084,,22.546770886632316,17.997094133698084,2.9970941336980843,2.9970941336980843,15.0
2026-04-02,lunch,4,35,32.0,4.0,2026-04-03 04:00:00+03:00,4,4,0,24.0,38.0,24.0,30.714285714285715,5.736267244886854,38.0,0.0,0.0,0.0,0.7567567567567567,0.0,1.2246467991473532e-16,-1.0,84.0,0.38095238095238093,high,12.99404216315307,8.966106707239911,27.76098901098901,6.366710522390032,0.3561335102986236,0.8344636545992932,1.3212341197822142,-3.760989010989011,37.0,0,82.38138832926383,0.3455063444408934,0.34993703398447673,28.82829868746597,0.1315207124606596,36.08611511622048,0.0,28.82829868746597,30.65756852985107,29.539049744824716,29.005986451805654,-2.9940135481943457,2.9940135481943457,31.0
2026-03-27,lunch,4,25,19.0,4.0,2026-03-28 04:00:00+03:00,5,3,1,12.0,13.0,17.0,15.571428571428571,2.935821455580658,21.0,0.0,0.0,0.0,0.7241379310344829,-5.0,1.2246467991473532e-16,-1.0,40.0,0.475,medium,7.156736938588451,5.584595796433097,15.87087912087912,5.024165108521969,0.36929438528740477,0.7112848070346849,1.2447484123106987,-3.8708791208791204,21.69999999999999,0,45.11541466366998,0.35280553621648014,0.3548122180255665,16.007500343959915,0.20613881002489626,21.760845424476685,0.0,16.007500343959915,,18.588672521951928,16.007500343959915,-2.992499656040085,2.992499656040085,15.0
2026-03-05,lunch,4,139,4.0,3.0,2026-03-06 04:00:00+03:00,4,3,0,1.0,1.0,0.0,0.7142857142857143,0.7559289460184541,2.0,0.0,0.0,0.0,0.5833333333333333,1.0,1.2246467991473532e-16,-1.0,5.0,0.8,low,0.28473177441540576,0.657489566091835,0.29476584022038566,0.6636997738202962,0.1551353261064005,0.772340425531915,1.54468085106383,0.7052341597796143,1.0,1,3.4548390328991387,0.21943941591668034,0.29262789682604007,1.0109822800697852,0.43035422261960843,1.092805870550496,0.0,1.0109822800697852,,0.4346472078835274,1.0109822800697852,-2.9890177199302146,2.9890177199302146,1.0
2026-02-13,dinner,6,439,3.0,3.0,2026-02-14 06:00:00+03:00,5,2,1,0.0,0.0,0.0,0.0,0.0,0.0,0.0,0.0,0.0,0.0,0.0,-1.0,-1.8369701987210297e-16,3.0,1.0,low,0.02127659574468085,0.14586499149789453,0.0,0.0,0.0,0.0,0.0,0.0,0.0,1,0.13564897640235696,0.012027891288460449,0.09486333554164196,0.01286811436433706,0.9999732904265487,0.001373024768284381,0.0,0.01286811436433706,,0.003025341400947454,0.01286811436433706,-2.987131885635663,2.987131885635663,1.0
2026-04-07,lunch,4,35,33.0,4.0,2026-04-08 04:00:00+03:00,2,4,0,24.0,37.0,38.0,33.142857142857146,7.925245977856053,46.0,0.0,0.0,0.0,0.702928870292887,-14.0,1.2246467991473532e-16,-1.0,96.0,0.34375,high,12.99404216315307,8.966106707239911,27.76098901098901,6.366710522390032,0.3561335102986236,0.8344636545992932,1.5993886713153118,-3.760989010989011,37.0,0,85.26603613771564,0.35575757143283315,0.357523673484634,30.48462646342965,0.16495375433573017,38.07349336751891,0.0,30.48462646342965,30.794714596943894,28.625043450366235,30.019730710163795,-2.9802692898362046,2.9802692898362046,31.0
2026-03-11,lunch,4,6,26.0,4.0,2026-03-12 04:00:00+03:00,3,3,0,23.0,29.0,30.0,24.428571428571427,3.7796447300923695,30.0,0.0,0.0,0.0,0.904494382022472,-7.0,1.2246467991473532e-16,-1.0,100.0,0.26,medium,10.223521320495186,7.858411454975636,25.560439560439562,7.174655102463964,0.31008066999141487,0.8659495242035581,1.1294993793959454,-2.560439560439562,34.0,0,89.38991454116048,0.3256511550388289,0.3240927094311832,28.97061959946662,0.17694580113851677,33.73532245822109,0.0,28.97061959946662,,32.335903710688655,28.97061959946662,2.9706195994666196,2.9706195994666196,15.0
2026-04-02,lunch,4,1,15.0,4.0,2026-04-03 04:00:00+03:00,4,4,0,9.0,13.0,8.0,9.857142857142858,2.544836041121403,13.0,0.0,0.0,0.0,0.8289473684210525,1.0,1.2246467991473532e-16,-1.0,35.0,0.42857142857142855,medium,4.8180943214629455,4.2007427440961616,11.460055096418733,4.104360569877324,0.41188275422050785,0.722308202520451,1.0433340703073182,-2.460055096418733,17.0,0,29.33002313844075,0.42073706605972944,0.41014539487182916,12.029573921715668,0.14217887848449598,15.906057088552613,0.0,12.029573921715668,,13.576211828581913,12.029573921715668,-2.9704260782843317,2.9704260782843317,15.0
2026-02-18,afternoon,5,434,15.0,3.0,2026-02-19 05:00:00+03:00,3,2,0,13.0,11.0,7.0,11.285714285714286,3.4982989063393664,15.0,0.0,0.0,0.0,1.0581395348837208,6.0,-0.7071067811865475,-0.7071067811865477,57.0,0.2631578947368421,medium,7.621359223300971,6.761882045397149,9.76923076923077,4.7179897040648715,0.2155200181716186,1.207142857142857,1.3928571428571428,3.23076923076923,15.0,1,52.74615086621124,0.2259921092455984,0.22812582199266154,12.032759023303376,0.21084812805605463,15.79767702528194,0.0,12.032759023303376,,22.781763673658375,12.032759023303376,-2.9672409766966243,2.9672409766966243,15.0
2026-03-13,lunch,4,30,31.0,4.0,2026-03-14 04:00:00+03:00,5,3,1,13.0,14.0,37.0,24.571428571428573,11.602544876838348,43.0,0.0,0.0,0.0,0.5083798882681564,-24.0,1.2246467991473532e-16,-1.0,87.0,0.3563218390804598,high,13.703483043079743,8.347813742646773,27.502747252747252,6.67320559196118,0.33448548715889054,0.4560963855421687,1.5086265060240964,-14.502747252747252,35.69999999999999,0,81.91417198655698,0.32838007992551266,0.32791878860351387,26.861196047291656,0.1517218418140504,34.139713123548425,0.0,26.861196047291656,28.660439124363702,31.54874173482764,28.033082469175653,-2.9669175308243467,2.9669175308243467,31.0
2026-02-05,lunch,4,18,15.0,4.0,2026-02-06 04:00:00+03:00,4,2,0,9.0,12.0,10.0,13.714285714285714,7.49920630720982,26.0,0.0,0.0,0.0,0.6116504854368933,-1.0,1.2246467991473532e-16,-1.0,33.0,0.45454545454545453,medium,6.109124254928932,5.453053535091321,11.975206611570249,6.953431693708665,0.27885867315263196,0.6936305732484076,2.003821656050955,-2.9752066115702487,20.0,0,36.2087126664318,0.29709994793690997,0.3324032433781205,12.035893528868364,0.12308658274630058,17.557720740677656,0.0,12.035893528868364,,13.454761849462912,12.035893528868364,-2.964106471131636,2.964106471131636,15.0
2026-02-26,late_evening,7,347,3.0,2.0,2026-02-27 07:00:00+03:00,4,2,0,0.0,0.0,0.0,0.0,0.0,0.0,0.0,0.0,0.0,0.0,0.0,-0.7071067811865477,0.7071067811865474,3.0,1.0,low,0.033582089552238806,0.18704386970210407,0.014925373134328358,0.12155706233281995,0.012437810945273632,0.0,0.0,-0.014925373134328358,0.0,1,0.3242319977017834,0.01843769715431816,0.11315186877795337,0.036687456457565874,0.999974877229043,0.008573244340681185,0.0,0.036687456457565874,,0.019514745449437623,0.036687456457565874,-2.9633125435424343,2.9633125435424343,1.0
2026-03-11,lunch,4,10,19.0,4.0,2026-03-12 04:00:00+03:00,3,3,0,17.0,16.0,18.0,16.714285714285715,5.85133277451344,27.0,0.0,0.0,0.0,0.9596774193548386,-1.0,1.2246467991473532e-16,-1.0,42.0,0.4523809523809524,medium,6.580926180651078,5.576694893105304,15.826446280991735,5.457537267559647,0.3959618663932895,1.0103143418467584,1.6046168958742633,1.1735537190082646,23.0,0,39.60453900323374,0.407461288049255,0.40493370355319847,16.037212656096536,0.20815229934122292,23.356493894994525,0.0,16.037212656096536,,21.286792523771993,16.037212656096536,-2.9627873439034644,2.9627873439034644,15.0
2026-03-05,lunch,4,30,31.0,4.0,2026-03-06 04:00:00+03:00,4,3,0,26.0,20.0,29.0,26.428571428571427,6.425396041156878,36.0,0.0,0.0,0.0,0.9479166666666667,-3.0,1.2246467991473532e-16,-1.0,95.0,0.3263157894736842,high,13.703483043079743,8.347813742646773,27.502747252747252,6.67320559196118,0.33448548715889054,0.9121927710843374,1.2630361445783134,-1.5027472527472518,35.69999999999999,0,81.69240900237993,0.3362594084605969,0.3417590043123765,27.919116360532787,0.13000735344724954,35.773244379961916,0.0,27.919116360532787,29.84407906322333,28.40049082445742,28.039459976513946,-2.960540023486054,2.960540023486054,31.0
2026-04-02,morning,3,146,3.0,1.0,2026-04-03 03:00:00+03:00,4,4,0,0.0,0.0,0.0,0.0,0.0,0.0,0.0,0.0,0.0,0.0,0.0,0.7071067811865476,-0.7071067811865475,5.0,0.6,low,0.3294279807029635,0.8281818162964744,0.03038674033149171,0.18731035363043005,0.013351749539594842,0.0,0.0,-0.03038674033149171,0.0,1,1.796590737491843,0.017362914831036885,0.02400456877600144,0.043126385920450094,0.9998870690802552,0.02421340399951788,0.0,0.043126385920450094,,0.8628491748812201,0.043126385920450094,-2.9568736140795497,2.9568736140795497,1.0
2026-01-25,lunch,4,1,15.0,4.0,2026-01-26 04:00:00+03:00,0,1,0,13.0,14.0,14.0,13.714285714285714,2.058663459163564,17.0,0.0,0.0,0.0,0.883495145631068,-1.0,1.2246467991473532e-16,-1.0,37.0,0.40540540540540543,medium,4.8180943214629455,4.2007427440961616,11.460055096418733,4.104360569877324,0.41188275422050785,1.0433340703073182,1.3643599380941853,1.539944903581267,17.0,0,28.916960679999782,0.4320210901465453,0.4167557136350344,12.051308584349538,0.21434225089880785,17.886878938790712,0.0,12.051308584349538,,13.291477307281228,12.051308584349538,-2.9486914156504618,2.9486914156504618,15.0
2026-02-12,lunch,4,14,22.0,4.0,2026-02-13 04:00:00+03:00,4,2,0,23.0,12.0,16.0,17.714285714285715,3.4016802570830476,23.0,0.0,0.0,0.0,1.2290076335877862,7.0,1.2246467991473532e-16,-1.0,35.0,0.6285714285714286,medium,8.976897689768977,6.080682518563457,18.424242424242426,4.409515911174649,0.4121223874637316,1.1840873634945397,1.1840873634945397,4.575757575757574,24.0,0,45.46710516573607,0.418705390134573,0.41928022868456016,19.063458251514767,0.21639442580135498,24.81552189117186,0.0,19.063458251514767,,22.564134187761816,19.063458251514767,-2.936541748485233,2.936541748485233,15.0
2026-03-06,lunch,4,123,20.0,4.0,2026-03-07 04:00:00+03:00,5,3,1,24.0,28.0,25.0,27.714285714285715,4.8550415622761385,36.0,0.0,0.0,0.0,0.835820895522388,-1.0,1.2246467991473532e-16,-1.0,32.0,0.625,medium,9.529330889092575,10.038386270221814,26.01923076923077,8.949331720839782,0.4426367956090107,0.888256227758007,1.3323843416370107,-2.01923076923077,36.0,0,47.70679823931559,0.45712620347063965,0.4803209242530338,22.914573423461068,0.05167963278903289,31.548461185222287,0.0,22.914573423461068,,26.382775533505104,22.914573423461068,2.914573423461068,2.914573423461068,15.0
2026-02-08,lunch,4,434,23.0,4.0,2026-02-09 04:00:00+03:00,0,2,0,20.0,24.0,17.0,17.428571428571427,3.644957377763744,24.0,0.0,0.0,0.0,1.0852713178294575,3.0,1.2246467991473532e-16,-1.0,64.0,0.359375,medium,7.621359223300971,6.761882045397149,16.980392156862745,6.830783838121162,0.3594009148733045,1.1123227917121046,1.3347873500545255,3.019607843137255,24.0,0,55.79343130484591,0.36070638088049967,0.3599994442607657,20.085604263145736,0.21222154453993977,25.336220793340903,0.0,20.085604263145736,,21.829498362338526,20.085604263145736,-2.9143957368542637,2.9143957368542637,15.0
2026-04-09,afternoon,5,41,3.0,3.0,2026-04-10 05:00:00+03:00,4,4,0,0.0,0.0,0.0,0.0,0.0,0.0,0.0,0.0,0.0,0.0,0.0,-0.7071067811865475,-0.7071067811865477,9.0,0.3333333333333333,low,0.045242537313432835,0.2561529104331575,0.058823529411764705,0.25836948698397455,0.04335067360277444,0.0,0.0,-0.058823529411764705,0.0,1,0.4314311149638122,0.04396116523881259,0.21344434066919754,0.09208652987762767,0.9998693806245791,0.054532520676279006,0.0,0.09208652987762767,,0.09579430144255326,0.09208652987762767,-2.9079134701223723,2.9079134701223723,1.0
2026-03-08,afternoon,5,126,16.0,3.0,2026-03-09 05:00:00+03:00,0,3,0,3.0,4.0,16.0,12.714285714285714,7.158079018709925,22.0,0.0,0.0,0.0,0.21875,-13.0,-0.7071067811865475,-0.7071067811865477,46.0,0.34782608695652173,medium,8.943396226415095,8.296270027256874,12.090659340659341,4.388191091061965,0.19280413992264367,0.2291710388247639,1.6805876180482686,-9.090659340659341,18.0,0,69.01432718524286,0.19569249087647383,0.1897438619649053,13.095044971037533,0.162764783464167,16.96572967117224,0.0,13.095044971037533,,30.898139217535487,13.095044971037533,-2.9049550289624673,2.9049550289624673,15.0
2026-04-09,lunch,4,41,3.0,4.0,2026-04-10 04:00:00+03:00,4,4,0,0.0,0.0,0.0,0.0,0.0,0.0,0.0,0.0,0.0,0.0,0.0,1.2246467991473532e-16,-1.0,9.0,0.3333333333333333,low,0.045242537313432835,0.2561529104331575,0.09523809523809523,0.42651548953624097,0.057156195811658,0.0,0.0,-0.09523809523809523,0.0,1,0.4314311149638122,0.04687727086316003,0.22760288808097198,0.09819496777375751,0.9997123955386099,0.1242591561602353,0.0,0.09819496777375751,,0.09579430144255326,0.09819496777375751,-2.9018050322262425,2.9018050322262425,1.0
2026-02-15,lunch,4,2,23.0,4.0,2026-02-16 04:00:00+03:00,0,2,0,21.0,23.0,20.0,19.714285714285715,2.1380899352993636,23.0,0.0,0.0,0.0,1.013793103448276,1.0,1.2246467991473532e-16,-1.0,71.0,0.323943661971831,medium,7.919532324621733,6.1652836583747,19.313186813186814,5.6393678951648205,0.3040886563507092,1.0338111982688667,1.1322694076278064,1.6868131868131861,26.0,0,65.81233592096937,0.30261498228390415,0.3055696414878948,20.11025189285151,0.20001201371921362,25.89145291739059,0.0,20.11025189285151,,24.580127033080075,20.11025189285151,-2.8897481071484883,2.8897481071484883,15.0
2026-03-23,afternoon,5,98,3.0,3.0,2026-03-24 05:00:00+03:00,1,3,0,0.0,0.0,0.0,0.0,0.0,0.0,0.0,0.0,0.0,0.0,0.0,-0.7071067811865475,-0.7071067811865477,3.0,1.0,low,0.05831408775981524,0.29740867857060826,0.08357348703170028,0.350789237630272,0.055835734870317004,0.0,0.0,-0.08357348703170028,0.0,1,0.5578379737497428,0.04867192361709549,0.20029372598398376,0.1117314462576917,0.9994319217594322,0.029436969831134974,0.0,0.1117314462576917,,0.20159856848212412,0.1117314462576917,-2.8882685537423085,2.8882685537423085,1.0
2026-03-20,lunch,4,18,15.0,4.0,2026-03-21 04:00:00+03:00,5,3,1,13.0,6.0,12.0,10.0,3.7859388972002312,14.0,0.0,0.0,0.0,1.1818181818181819,1.0,1.2246467991473532e-16,-1.0,45.0,0.3333333333333333,medium,6.109124254928932,5.453053535091321,11.975206611570249,6.953431693708665,0.27885867315263196,1.0019108280254776,1.0789808917197452,1.0247933884297513,20.0,0,37.1615387588196,0.3006328061208907,0.3259418748350774,12.112501614806057,0.20057073155673733,18.85432026197816,0.0,12.112501614806057,,18.875953382385088,12.112501614806057,-2.8874983851939433,2.8874983851939433,15.0
2026-03-01,afternoon,5,6,16.0,3.0,2026-03-02 05:00:00+03:00,0,3,0,12.0,17.0,11.0,13.142857142857142,3.3380918415850975,17.0,0.0,0.0,0.0,0.8484848484848485,1.0,-0.7071067811865475,-0.7071067811865477,79.0,0.20253164556962025,medium,10.223521320495186,7.858411454975636,14.112637362637363,4.041241206698928,0.17560393845596073,0.7940374477367751,1.1248863842937646,-2.112637362637363,19.0,0,73.61821590625136,0.1764837873917575,0.17817048235653685,13.11659303824448,0.16818372754206165,17.90961482004111,0.0,13.11659303824448,,32.432604343089174,13.11659303824448,-2.8834069617555205,2.8834069617555205,15.0
2026-01-25,lunch,4,26,18.0,4.0,2026-01-26 04:00:00+03:00,0,1,0,16.0,13.0,14.0,17.571428571428573,3.7796447300922753,23.0,0.0,0.0,0.0,0.8615384615384615,2.0,1.2246467991473532e-16,-1.0,43.0,0.4186046511627907,medium,6.941311325080238,5.5889179275364755,15.826446280991735,5.194574867535046,0.38014555485808005,0.9508840864440079,1.3668958742632613,0.17355371900826455,22.0,0,38.33026508153975,0.40028519034942844,0.3943864193611477,15.116935998672092,0.14749754502229018,22.397559789827522,0.0,15.116935998672092,,18.221547920128653,15.116935998672092,-2.8830640013279076,2.8830640013279076,15.0
2026-03-05,morning,3,41,3.0,2.0,2026-03-06 03:00:00+03:00,4,3,0,0.0,0.0,0.0,0.0,0.0,0.0,0.0,0.0,0.0,0.0,0.0,0.7071067811865476,-0.7071067811865475,3.0,1.0,low,0.045242537313432835,0.2561529104331575,0.06722689075630252,0.30161808307676263,0.04608510070694945,0.0,0.0,-0.06722689075630252,0.0,1,0.5318087283675714,0.047118704326211014,0.22029011752318517,0.11715220727194797,0.9998458558922968,0.027021459510546464,0.0,0.11715220727194797,,0.09789491754732677,0.11715220727194797,-2.882847792728052,2.882847792728052,1.0
2026-03-07,afternoon,5,179,3.0,3.0,2026-03-08 05:00:00+03:00,6,3,1,0.0,0.0,0.0,0.0,0.0,0.0,0.0,0.0,0.0,0.0,0.0,-0.7071067811865475,-0.7071067811865477,3.0,1.0,low,0.04798331015299027,0.26861995774252256,0.04735376044568245,0.24899230470049724,0.03022284122562674,0.0,0.0,-0.04735376044568245,0.0,1,0.4809692826222364,0.04226814112495607,0.2651155627818284,0.1275124420431665,0.9999556260074476,0.06658120856834415,0.0,0.1275124420431665,,0.0261239501992397,0.1275124420431665,-2.8724875579568336,2.8724875579568336,1.0
2026-03-01,lunch,4,115,17.0,4.0,2026-03-02 04:00:00+03:00,0,3,0,19.0,21.0,11.0,19.857142857142858,4.336994790119507,25.0,0.0,0.0,0.0,0.910958904109589,8.0,1.2246467991473532e-16,-1.0,62.0,0.27419354838709675,medium,8.859724950884086,7.0585746120055335,21.186813186813186,5.342613320180643,0.3419472329595375,0.8563645368994552,1.1267954432887568,-2.186813186813186,28.0,0,56.96726808288621,0.34759392991240473,0.34880655756315543,19.870556673768956,0.09644523743966323,25.861312687738405,0.0,19.870556673768956,,27.855613796017483,19.870556673768956,2.870556673768956,2.870556673768956,15.0
2026-02-16,lunch,4,128,32.0,4.0,2026-02-17 04:00:00+03:00,1,2,0,29.0,30.0,26.0,26.0,4.163331998932304,31.0,0.0,0.0,0.0,1.0740740740740742,3.0,1.2246467991473532e-16,-1.0,86.0,0.37209302325581395,high,11.91429880843263,7.322747993958596,22.86263736263736,5.724417727106647,0.31992864956999584,1.215288970757541,1.2991020032235783,6.137362637362639,30.0,1,78.21871614201257,0.3257634287458788,0.31970128384263696,25.00662397112421,0.2272114201883896,31.725835219782667,1.0,29.710071845185126,26.332315410700712,24.945215244315378,29.139293337340696,-2.860706662659304,2.860706662659304,31.0
2026-03-02,lunch,4,6,24.0,4.0,2026-03-03 04:00:00+03:00,1,3,0,25.0,27.0,34.0,25.0,7.04745817062204,34.0,0.0,0.0,0.0,0.9615384615384616,-9.0,1.2246467991473532e-16,-1.0,88.0,0.2727272727272727,medium,10.223521320495186,7.858411454975636,25.560439560439562,7.174655102463964,0.31008066999141487,0.9412494828299545,1.2800992966487381,-0.560439560439562,34.0,0,83.8090715020927,0.32399077908861246,0.32041808257558047,26.853941993140268,0.13560167000492923,35.2868243836449,0.0,26.853941993140268,,32.85842529642291,26.853941993140268,2.8539419931402676,2.8539419931402676,15.0
2026-02-27,lunch,4,115,21.0,4.0,2026-02-28 04:00:00+03:00,5,2,1,22.0,25.0,11.0,17.0,6.454972243679036,25.0,0.0,0.0,0.0,1.2222222222222223,11.0,1.2246467991473532e-16,-1.0,66.0,0.3181818181818182,medium,8.859724950884086,7.0585746120055335,21.186813186813186,5.342613320180643,0.3419472329595375,0.991579990094106,1.1267954432887568,0.8131868131868139,28.0,0,52.880411241600584,0.33676116484639723,0.3432659099117206,18.152042481354005,0.07634390480585661,24.74078400141901,0.0,18.152042481354005,,22.898811572476326,18.152042481354005,-2.8479575186459947,2.8479575186459947,15.0
2026-03-27,lunch,4,115,17.0,4.0,2026-03-28 04:00:00+03:00,5,3,1,17.0,14.0,18.0,18.428571428571427,3.101458950082616,24.0,0.0,0.0,0.0,0.8750000000000001,-1.0,1.2246467991473532e-16,-1.0,46.0,0.3695652173913043,medium,8.859724950884086,7.0585746120055335,21.186813186813186,5.342613320180643,0.3419472329595375,0.7662209014363547,1.0817236255572065,-4.186813186813186,28.0,0,58.79246162450952,0.33777364541386984,0.3374110404952351,19.83722565000194,0.15312389922800174,24.786265872711997,0.0,19.83722565000194,,23.227613664095223,19.83722565000194,2.8372256500019404,2.8372256500019404,15.0
2026-03-06,lunch,4,23,3.0,4.0,2026-03-07 04:00:00+03:00,5,3,1,0.0,0.0,1.0,0.2857142857142857,0.48795003647426666,1.0,0.0,0.0,0.0,0.0,-1.0,1.2246467991473532e-16,-1.0,3.0,1.0,low,0.0889908256880734,0.31098577504326935,0.11294765840220386,0.3500952751361814,0.07483930211202938,0.0,0.8985148514851485,-0.11294765840220386,0.8000000000000114,1,0.7739945235784799,0.08869914333403736,0.21077331074232747,0.16313738823106663,0.1919298252431458,0.4439264704134267,0.0,0.16313738823106663,,0.14601791599231698,0.16313738823106663,-2.8368626117689333,2.8368626117689333,1.0
2026-03-01,lunch,4,14,16.0,4.0,2026-03-02 04:00:00+03:00,0,3,0,23.0,18.0,14.0,18.142857142857142,3.338091841585113,23.0,0.0,0.0,0.0,1.2014925373134329,9.0,1.2246467991473532e-16,-1.0,44.0,0.36363636363636365,medium,8.976897689768977,6.080682518563457,18.424242424242426,4.409515911174649,0.4121223874637316,1.1840873634945397,1.1840873634945397,4.575757575757574,24.0,0,45.15765110074584,0.418710193106492,0.41710672275881516,18.8355598581181,0.15279337968023118,24.490320078667764,0.0,18.8355598581181,,23.06621820330278,18.8355598581181,2.835559858118099,2.835559858118099,15.0
2026-02-10,morning,3,123,18.0,2.0,2026-02-11 03:00:00+03:00,2,2,0,18.0,13.0,11.0,12.142857142857142,3.625307868699863,18.0,0.0,0.0,0.0,1.3695652173913044,7.0,0.7071067811865476,-0.7071067811865475,66.0,0.2727272727272727,medium,9.529330889092575,10.038386270221814,12.881542699724518,5.126549445359239,0.21440842105814506,1.2966858503671364,1.2966858503671364,5.118457300275482,18.0,1,66.30308641423393,0.22310085796926366,0.22877210508331994,15.168296652505568,0.24623503252633927,17.86618328178862,0.0,15.168296652505568,,33.52346841557237,15.168296652505568,-2.8317033474944324,2.8317033474944324,15.0
2026-02-02,lunch,4,6,31.0,4.0,2026-02-03 04:00:00+03:00,1,2,0,27.0,27.0,35.0,27.428571428571427,4.353433237386494,35.0,0.0,0.0,0.0,0.949748743718593,-8.0,1.2246467991473532e-16,-1.0,80.0,0.3875,medium,10.223521320495186,7.858411454975636,25.560439560439562,7.174655102463964,0.31008066999141487,1.0165494414563507,1.3177492759619363,1.439560439560438,34.0,0,87.84246959270403,0.32583961643958365,0.3206919116414785,28.170369496992702,0.24262174446465715,35.49912500468815,0.0,28.170369496992702,,33.34434307322469,28.170369496992702,-2.829630503007298,2.829630503007298,15.0
2026-02-05,lunch,4,26,20.0,4.0,2026-02-06 04:00:00+03:00,4,2,0,17.0,18.0,14.0,14.571428571428571,3.101458950082626,18.0,0.0,0.0,0.0,1.0917431192660552,3.0,1.2246467991473532e-16,-1.0,56.0,0.35714285714285715,medium,6.941311325080238,5.5889179275364755,15.826446280991735,5.194574867535046,0.38014555485808005,1.0103143418467584,1.0697445972495088,1.1735537190082646,22.0,0,44.47771310419272,0.3899439263592397,0.38609411135685606,17.17258311614848,0.20904021159056266,22.420037740872914,0.0,17.17258311614848,,19.634726007255537,17.17258311614848,-2.8274168838515195,2.8274168838515195,15.0
2026-03-01,dinner,6,434,15.0,3.0,2026-03-02 06:00:00+03:00,0,3,0,6.0,14.0,13.0,13.142857142857142,3.848314411469487,19.0,0.0,0.0,0.0,0.42424242424242425,-7.0,-1.0,-1.8369701987210297e-16,52.0,0.28846153846153844,medium,7.621359223300971,6.761882045397149,9.711538461538462,4.59042711696186,0.19428502784213808,0.5601436265709157,1.7737881508078994,-3.7115384615384617,14.899999999999999,1,59.529382964096705,0.20235844390883595,0.20461053687255917,12.180339007976004,0.22674621711876222,16.428330637922937,0.0,12.180339007976004,,24.11928921176614,12.180339007976004,-2.819660992023996,2.819660992023996,15.0
2026-03-09,lunch,4,115,20.0,4.0,2026-03-10 04:00:00+03:00,1,3,0,15.0,27.0,22.0,23.428571428571427,6.502746672423432,32.0,0.0,0.0,0.0,0.6140350877192983,-7.0,1.2246467991473532e-16,-1.0,50.0,0.4,medium,8.859724950884086,7.0585746120055335,21.186813186813186,5.342613320180643,0.3419472329595375,0.6760772659732541,1.4422981674096087,-6.186813186813186,28.0,0,65.39650000237005,0.34826158631541204,0.34888601938570935,22.815924567584418,0.1339897150579019,27.58871291185342,0.0,22.815924567584418,,26.748860453886273,22.815924567584418,2.8159245675844176,2.8159245675844176,15.0
2026-03-14,afternoon,5,340,3.0,3.0,2026-03-15 05:00:00+03:00,6,3,1,0.0,0.0,0.0,0.0,0.0,0.0,0.0,0.0,0.0,0.0,0.0,-0.7071067811865475,-0.7071067811865477,3.0,1.0,low,0.11940298507462686,0.3573412847884237,0.15422885572139303,0.3887087950679584,0.10613598673300165,0.0,0.0,-0.15422885572139303,1.0,1,0.6444430602616591,0.10441336710193361,0.29529116566858354,0.19029834247169455,0.15867644937784214,0.7764421702414701,0.0,0.19029834247169455,,0.1106734919570172,0.19029834247169455,-2.8097016575283056,2.8097016575283056,1.0
2026-02-12,lunch,4,1,15.0,4.0,2026-02-13 04:00:00+03:00,4,2,0,12.0,12.0,10.0,11.571428571428571,1.6183471874253719,14.0,0.0,0.0,0.0,0.9545454545454546,2.0,1.2246467991473532e-16,-1.0,27.0,0.5555555555555556,medium,4.8180943214629455,4.2007427440961616,11.460055096418733,4.104360569877324,0.41188275422050785,0.9630776033606013,1.123590537254035,0.5399449035812669,17.0,0,29.49160712600353,0.42426118162799076,0.41382472808968407,12.2043562998462,0.26756447733223154,17.48014721486407,0.0,12.2043562998462,,15.278794937390783,12.2043562998462,-2.7956437001538,2.7956437001538,15.0
2026-02-21,lunch,4,2,15.0,4.0,2026-02-22 04:00:00+03:00,6,2,1,22.0,22.0,21.0,25.857142857142858,5.273473599964664,34.0,0.0,0.0,0.0,0.8191489361702128,1.0,1.2246467991473532e-16,-1.0,42.0,0.35714285714285715,medium,7.919532324621733,6.1652836583747,19.313186813186814,5.6393678951648205,0.3040886563507092,1.0830403029483364,1.6737895591019745,2.686813186813186,26.0,0,59.481765543081124,0.31169072513928575,0.2991598636068246,17.79455686696127,0.2298087375079779,26.88537950545421,0.0,17.79455686696127,,23.18358108794925,17.79455686696127,2.794556866961269,2.794556866961269,15.0
2026-04-10,dinner,6,60,3.0,3.0,2026-04-11 06:00:00+03:00,5,4,1,1.0,1.0,0.0,0.2857142857142857,0.4879500364742666,1.0,0.0,0.0,0.0,0.7777777777777779,1.0,-1.0,-1.8369701987210297e-16,6.0,0.5,low,0.16850068775790922,0.42602641651671147,0.09065934065934066,0.28751927355802215,0.06616300366300366,0.9168765743073048,0.9168765743073048,0.9093406593406593,0.0,1,1.3832110490964789,0.07753167084212656,0.1496708820481576,0.2070264177770274,0.9989283717401185,0.6112951575495629,0.0,0.2070264177770274,,0.2925977587071516,0.2070264177770274,-2.7929735822229724,2.7929735822229724,1.0
2026-02-16,lunch,4,101,20.0,4.0,2026-02-17 04:00:00+03:00,1,2,0,18.0,17.0,9.0,14.0,4.396968652757616,20.0,0.0,0.0,0.0,1.2,9.0,1.2246467991473532e-16,-1.0,48.0,0.4166666666666667,medium,7.729605866177819,5.750763658040518,16.97252747252747,4.423118975685863,0.3662322135926719,1.0015285845307247,1.1128095383674719,1.0274725274725292,23.0,0,46.703415396360775,0.3750404817509741,0.3686988712545292,17.21949654036962,0.11628788560620505,21.36189474642882,0.0,17.21949654036962,,19.255251473349553,17.21949654036962,-2.7805034596303813,2.7805034596303813,15.0
2026-03-12,lunch,4,69,57.0,4.0,2026-03-13 04:00:00+03:00,4,3,0,46.0,42.0,68.0,56.42857142857143,13.830607878387507,73.0,0.0,0.0,0.0,0.8009950248756219,-22.0,1.2246467991473532e-16,-1.0,175.0,0.32571428571428573,mega,25.709899175068745,15.187584008448223,49.92032967032967,11.401837554339034,0.32250586815508425,0.9033719989209603,1.4336120852441328,-3.9203296703296715,65.0,0,169.6301183450751,0.3238528907655872,0.3214372410877136,54.52543724622329,0.05985367872220829,60.32102444010481,0.0,54.52543724622329,51.44136018308639,53.30695810281381,54.22081746037092,-2.7791825396290832,2.7791825396290832,49.0
2026-02-01,lunch,4,14,15.0,4.0,2026-02-02 04:00:00+03:00,0,2,0,21.0,22.0,14.0,18.285714285714285,3.773340063934765,22.0,0.0,0.0,0.0,1.088888888888889,7.0,1.2246467991473532e-16,-1.0,35.0,0.42857142857142855,medium,8.976897689768977,6.080682518563457,18.424242424242426,4.409515911174649,0.4121223874637316,1.0811232449297972,1.1326053042121684,2.5757575757575744,24.0,0,42.579536471559145,0.4219677788241037,0.4173676071789806,17.771319251924773,0.1859723296124999,24.013793146880616,0.0,17.771319251924773,,22.535704349634173,17.771319251924773,2.7713192519247727,2.7713192519247727,15.0
2026-04-03,lunch,4,14,15.0,4.0,2026-04-04 04:00:00+03:00,5,4,1,8.0,17.0,13.0,14.142857142857142,3.8047589248454026,20.0,0.0,0.0,0.0,0.5283018867924528,-5.0,1.2246467991473532e-16,-1.0,42.0,0.35714285714285715,medium,8.976897689768977,6.080682518563457,18.424242424242426,4.409515911174649,0.4121223874637316,0.4118564742589703,1.029641185647426,-10.424242424242426,24.0,0,45.79561398916984,0.3823775399625266,0.3879942682233851,17.76843573756857,0.11710261216040548,20.633695370115564,0.0,17.76843573756857,,20.13105686194303,17.76843573756857,2.76843573756857,2.76843573756857,15.0
2026-03-03,lunch,4,126,28.0,4.0,2026-03-04 04:00:00+03:00,2,3,0,27.0,24.0,28.0,26.285714285714285,6.8729975438737965,35.0,0.0,0.0,0.0,0.9895287958115183,-1.0,1.2246467991473532e-16,-1.0,66.0,0.42424242424242425,medium,8.943396226415095,8.296270027256874,23.39669421487603,7.377896665537009,0.36997738876250647,1.1067073170731707,1.4346205962059622,3.6033057851239683,33.0,0,65.59953449155928,0.3847252750237068,0.3847819497592511,25.241516784961426,0.2703916851121814,35.60971249460549,0.0,25.241516784961426,,31.870512900579502,25.241516784961426,-2.7584832150385736,2.7584832150385736,15.0
2026-02-02,lunch,4,4,31.0,4.0,2026-02-03 04:00:00+03:00,1,2,0,22.0,20.0,31.0,24.285714285714285,5.089672082242835,31.0,0.0,0.0,0.0,0.8700564971751413,-9.0,1.2246467991473532e-16,-1.0,70.0,0.44285714285714284,high,12.723424723424724,8.703156453277504,27.208791208791208,6.88395184651641,0.37716923282176296,0.7798987144526685,1.098948188546942,-5.208791208791208,36.0,0,74.12229166124862,0.374705194683436,0.37074116180943123,27.480184526468832,0.12823484508218114,33.83734033907412,0.0,27.480184526468832,31.53151034434586,30.551630977799856,28.24804613930159,-2.7519538606984106,2.7519538606984106,31.0
2026-02-03,lunch,4,2,25.0,4.0,2026-02-04 04:00:00+03:00,2,2,0,23.0,21.0,17.0,19.714285714285715,3.817254061682094,26.0,0.0,0.0,0.0,1.110344827586207,6.0,1.2246467991473532e-16,-1.0,72.0,0.3472222222222222,medium,7.919532324621733,6.1652836583747,19.313186813186814,5.6393678951648205,0.3040886563507092,1.1322694076278064,1.2799567216662158,3.686813186813186,26.0,0,74.85716979059043,0.3037828197654382,0.2972145144908548,22.248637375469816,0.21976193538218097,25.564098079404353,0.0,22.248637375469816,,24.184742033051773,22.248637375469816,-2.7513626245301843,2.7513626245301843,15.0
2026-03-10,lunch,4,10,17.0,4.0,2026-03-11 04:00:00+03:00,2,3,0,16.0,11.0,11.0,15.857142857142858,6.229729031789721,27.0,0.0,0.0,0.0,0.9491525423728814,5.0,1.2246467991473532e-16,-1.0,35.0,0.4857142857142857,medium,6.580926180651078,5.576694893105304,15.826446280991735,5.457537267559647,0.3959618663932895,0.9508840864440079,1.6046168958742633,0.17355371900826455,23.0,0,35.236623980981484,0.40385376076439056,0.4047626636725813,14.262469781371221,0.15787584357844442,22.2767030529672,0.0,14.262469781371221,,20.729058794587885,14.262469781371221,-2.7375302186287787,2.7375302186287787,15.0
2026-02-11,lunch,4,7,31.0,4.0,2026-02-12 04:00:00+03:00,3,2,0,19.0,37.0,32.0,27.714285714285715,6.5246784266681255,37.0,0.0,0.0,0.0,0.6616915422885572,-13.0,1.2246467991473532e-16,-1.0,109.0,0.28440366972477066,high,12.872377020983832,6.9762070291099025,25.81267217630854,6.227115387092842,0.2507803114805857,0.7086201582245968,1.379944518647899,-6.8126721763085385,33.0,0,113.13328808649796,0.25289918503214426,0.2485150489776354,28.115324629816975,0.09207704790372849,33.632799347187685,0.0,28.115324629816975,27.845719131647268,28.704429517398903,28.26260085171246,-2.7373991482875404,2.7373991482875404,31.0
2026-03-07,afternoon,5,60,3.0,3.0,2026-03-08 05:00:00+03:00,6,3,1,0.0,0.0,0.0,0.14285714285714285,0.37796447300922725,1.0,0.0,0.0,0.0,0.0,0.0,-0.7071067811865475,-0.7071067811865477,4.0,0.75,low,0.16850068775790922,0.42602641651671147,0.14835164835164835,0.38565536145756746,0.1021062271062271,0.0,0.8708133971291867,-0.14835164835164835,1.0,1,1.2590186703158575,0.11729141034160073,0.21937410883249178,0.27619609880401,0.16286175884084939,0.7666607571813842,0.0,0.27619609880401,,0.2914702339813074,0.27619609880401,-2.72380390119599,2.72380390119599,1.0
2026-01-28,lunch,4,2,18.0,4.0,2026-01-29 04:00:00+03:00,3,1,0,17.0,19.0,20.0,19.142857142857142,1.9518001458970142,23.0,0.0,0.0,0.0,0.8439716312056738,-3.0,1.2246467991473532e-16,-1.0,68.0,0.2647058823529412,medium,7.919532324621733,6.1652836583747,19.313186813186814,5.6393678951648205,0.3040886563507092,0.8368947795509872,1.1322694076278064,-2.313186813186814,26.0,0,67.22905218227872,0.31102477157423125,0.3081598029457263,20.717291472718962,0.08978358382084302,24.986363545162288,0.0,20.717291472718962,,20.53112528556278,20.717291472718962,2.717291472718962,2.717291472718962,15.0
2026-04-10,morning,3,41,3.0,2.0,2026-04-11 03:00:00+03:00,5,4,1,1.0,0.0,0.0,0.14285714285714285,0.37796447300922725,1.0,0.0,0.0,0.0,0.875,1.0,0.7071067811865476,-0.7071067811865475,11.0,0.2727272727272727,low,0.045242537313432835,0.2561529104331575,0.06722689075630252,0.30161808307676263,0.04608510070694945,0.937007874015748,0.937007874015748,0.9327731092436975,0.0,1,2.0260220321618725,0.06604342510165877,0.1424109533248569,0.28852772905733615,0.999776951278489,0.5070771606158715,0.0,0.28852772905733615,,0.1645116832038335,0.28852772905733615,-2.711472270942664,2.711472270942664,1.0
2026-03-23,afternoon,5,6,18.0,3.0,2026-03-24 05:00:00+03:00,1,3,0,15.0,17.0,11.0,12.857142857142858,2.853569193633995,17.0,0.0,0.0,0.0,1.0824742268041236,4.0,-0.7071067811865475,-0.7071067811865477,86.0,0.20930232558139536,medium,10.223521320495186,7.858411454975636,14.112637362637363,4.041241206698928,0.17560393845596073,0.9925468096709689,1.1248863842937646,0.8873626373626369,19.0,0,89.86163766066981,0.17455320831260013,0.17015550678446303,15.290452496633062,0.1934604144582405,18.18395729117774,0.0,15.290452496633062,,31.765658423861687,15.290452496633062,-2.709547503366938,2.709547503366938,15.0
2026-03-29,lunch,4,2,19.0,4.0,2026-03-30 04:00:00+03:00,0,3,0,20.0,15.0,17.0,18.428571428571427,4.276179870598752,24.0,0.0,0.0,0.0,1.0294117647058825,3.0,1.2246467991473532e-16,-1.0,76.0,0.25,medium,7.919532324621733,6.1652836583747,19.313186813186814,5.6393678951648205,0.3040886563507092,0.9845820935893967,1.181498512307276,0.6868131868131861,26.0,0,73.46410800563518,0.29905922511856464,0.29547363744221655,21.70670721387289,0.1672339431421411,24.971193754196864,0.0,21.70670721387289,,24.809658853346622,21.70670721387289,2.706707213872889,2.706707213872889,15.0
2026-03-03,lunch,4,4,32.0,4.0,2026-03-04 04:00:00+03:00,2,3,0,26.0,23.0,26.0,23.714285714285715,3.450327796711799,29.0,0.0,0.0,0.0,1.0520231213872833,0.0,1.2246467991473532e-16,-1.0,85.0,0.3764705882352941,high,12.723424723424724,8.703156453277504,27.208791208791208,6.88395184651641,0.37716923282176296,0.9216984807167901,1.0280483054148812,-1.208791208791208,36.0,0,79.28529578883023,0.3699138900480152,0.3656147828771495,28.98787620518374,0.13229686370622004,34.66673992366562,0.0,28.98787620518374,30.956551846811863,30.210087317262406,29.293428983203405,-2.7065710167965946,2.7065710167965946,31.0
2026-02-06,lunch,4,2,19.0,4.0,2026-02-07 04:00:00+03:00,5,2,1,24.0,20.0,18.0,20.857142857142858,3.5321651258386098,25.0,0.0,0.0,0.0,1.0980392156862744,6.0,1.2246467991473532e-16,-1.0,67.0,0.2835820895522388,medium,7.919532324621733,6.1652836583747,19.313186813186814,5.6393678951648205,0.3040886563507092,1.181498512307276,1.230727616986746,4.686813186813186,26.0,0,73.04294462934168,0.31201452643719796,0.2970519483853072,21.697549017946056,0.20630140269276273,25.89647535434873,0.0,21.697549017946056,,22.88739918269109,21.697549017946056,2.6975490179460557,2.6975490179460557,15.0
2026-02-25,lunch,4,10,16.0,4.0,2026-02-26 04:00:00+03:00,3,2,0,16.0,24.0,30.0,16.571428571428573,8.05930399925334,30.0,0.0,0.0,0.0,0.9105691056910569,-14.0,1.2246467991473532e-16,-1.0,38.0,0.42105263157894735,medium,6.580926180651078,5.576694893105304,15.826446280991735,5.457537267559647,0.3959618663932895,0.9508840864440079,1.7829076620825148,0.17355371900826455,23.0,0,46.89530054837444,0.4073164591057326,0.3986705154891016,18.695773643636787,0.1904011357988874,23.848440040458712,0.0,18.695773643636787,,21.002721892507903,18.695773643636787,2.6957736436367874,2.6957736436367874,15.0
2026-03-23,lunch,4,6,31.0,4.0,2026-03-24 04:00:00+03:00,1,3,0,27.0,19.0,18.0,21.428571428571427,4.6496287614226475,29.0,0.0,0.0,0.0,1.2038216560509556,9.0,1.2246467991473532e-16,-1.0,86.0,0.36046511627906974,medium,10.223521320495186,7.858411454975636,25.560439560439562,7.174655102463964,0.31008066999141487,1.0165494414563507,1.0918494000827472,1.439560439560438,34.0,0,89.86163766066981,0.3231387881720874,0.31499761473688004,28.30620151946078,0.11352309664709354,31.25355861995091,0.0,28.30620151946078,,31.765658423861687,28.30620151946078,-2.6937984805392183,2.6937984805392183,15.0
2026-02-14,lunch,4,123,20.0,4.0,2026-02-15 04:00:00+03:00,6,2,1,20.0,29.0,20.0,26.571428571428573,5.56348640264188,34.0,0.0,0.0,0.0,0.7253886010362693,0.0,1.2246467991473532e-16,-1.0,31.0,0.6451612903225806,medium,9.529330889092575,10.038386270221814,26.01923076923077,8.949331720839782,0.4426367956090107,0.7402135231316725,1.2583629893238433,-6.01923076923077,36.0,0,47.014344153997484,0.4623711533946767,0.4822066907825152,22.670631313809416,0.022797727702653085,29.322661221518022,0.0,22.670631313809416,,26.279610789530416,22.670631313809416,2.670631313809416,2.670631313809416,15.0
2026-03-20,lunch,4,2,17.0,4.0,2026-03-21 04:00:00+03:00,5,3,1,14.0,21.0,14.0,17.428571428571427,4.859943170351604,25.0,0.0,0.0,0.0,0.7596899224806202,0.0,1.2246467991473532e-16,-1.0,64.0,0.265625,medium,7.919532324621733,6.1652836583747,19.313186813186814,5.6393678951648205,0.3040886563507092,0.6892074655125777,1.230727616986746,-5.313186813186814,26.0,0,66.72164980954945,0.30444976191775464,0.2948075902498756,19.670048797849343,0.08623539350079237,23.19761179857917,0.0,19.670048797849343,,22.36922195712547,19.670048797849343,2.6700487978493435,2.6700487978493435,15.0
2026-01-30,lunch,4,14,22.0,4.0,2026-01-31 04:00:00+03:00,5,1,1,20.0,15.0,19.0,18.0,3.605551275463989,22.0,0.0,0.0,0.0,1.0526315789473684,1.0,1.2246467991473532e-16,-1.0,49.0,0.4489795918367347,medium,8.976897689768977,6.080682518563457,18.424242424242426,4.409515911174649,0.4121223874637316,1.029641185647426,1.1326053042121684,1.5757575757575744,24.0,0,47.27867724731713,0.43164883561312806,0.4090464943804289,19.339177186958818,0.10960785666830644,22.603484325323233,0.0,19.339177186958818,,19.950327971097842,19.339177186958818,-2.6608228130411824,2.6608228130411824,15.0
2026-02-21,late_evening,7,130,3.0,2.0,2026-02-22 07:00:00+03:00,6,2,1,1.0,0.0,2.0,0.5714285714285714,0.7867957924694432,2.0,0.0,0.0,0.0,0.6363636363636364,-1.0,-0.7071067811865477,0.7071067811865474,9.0,0.3333333333333333,low,0.2508250825082508,0.5792332445185113,0.0989010989010989,0.3080175679203208,0.04986263736263736,0.9099999999999999,1.8199999999999998,0.9010989010989011,0.0,1,4.242995990369483,0.06334637004817137,0.08192444873803456,0.3476051075087109,0.9989452163339572,0.9919816934052292,0.0,0.3476051075087109,,0.4288758708200273,0.3476051075087109,-2.652394892491289,2.652394892491289,1.0
2026-01-31,lunch,4,29,42.0,4.0,2026-02-01 04:00:00+03:00,6,2,1,47.0,35.0,44.0,36.142857142857146,6.768273325562747,47.0,0.0,0.0,0.0,1.2653846153846153,3.0,1.2246467991473532e-16,-1.0,114.0,0.3684210526315789,high,16.77201257861635,11.447047939359384,39.06611570247934,7.990742783350609,0.33541085213730065,1.1730610561056105,1.1730610561056105,7.933884297520663,49.0,0,102.60802801318353,0.34083793121157785,0.3401028085713464,34.89727850925111,0.31792340904191446,48.62103043199526,1.0,44.50390485517201,41.6905640087481,47.080930609704254,44.649684670893606,2.649684670893606,2.649684670893606,31.0
2026-03-13,dinner,6,122,4.0,3.0,2026-03-14 06:00:00+03:00,5,3,1,1.0,0.0,3.0,0.5714285714285714,1.1338934190276817,3.0,0.0,0.0,0.0,0.6363636363636364,-2.0,-1.0,-1.8369701987210297e-16,6.0,0.6666666666666666,low,0.2953795379537954,0.5918085059504988,0.6593406593406593,0.7816036382130546,0.3642464678178964,0.6026490066225166,1.8079470198675498,0.34065934065934067,2.0,1,2.6543602776420654,0.46617025954161184,0.5095573677913274,1.3525488362451479,0.2888205890759118,2.078254867222727,0.0,1.3525488362451479,,0.28540196182791105,1.3525488362451479,-2.647451163754852,2.647451163754852,1.0
2026-02-13,morning,3,6,15.0,2.0,2026-02-14 03:00:00+03:00,5,2,1,16.0,15.0,6.0,12.0,4.203173404306175,16.0,0.0,0.0,0.0,1.2307692307692308,10.0,0.7071067811865476,-0.7071067811865475,91.0,0.16483516483516483,medium,10.223521320495186,7.858411454975636,11.15702479338843,3.8672907939562746,0.1360488109560432,1.3161114887831407,1.3161114887831407,4.84297520661157,16.0,0,85.69453303425927,0.1506621373871656,0.14415138552591752,12.352985668884982,0.241780363050601,16.767012228348918,0.0,12.352985668884982,,26.42759578104278,12.352985668884982,-2.6470143311150185,2.6470143311150185,15.0
2026-01-26,afternoon,5,122,3.0,3.0,2026-01-27 05:00:00+03:00,1,1,0,0.0,0.0,0.0,0.2857142857142857,0.48795003647426666,1.0,0.0,0.0,0.0,0.0,0.0,-0.7071067811865475,-0.7071067811865477,4.0,0.75,low,0.2953795379537954,0.5918085059504988,0.38186813186813184,0.6678783678510125,0.18343799058084773,0.0,0.7236580516898609,-0.38186813186813184,1.0,1,1.486243756449595,0.16737495979669412,0.2443379710082322,0.36314578387454727,0.3586185775684731,1.3065737460335516,0.0,0.36314578387454727,,0.302367155185682,0.36314578387454727,-2.6368542161254527,2.6368542161254527,1.0
2026-02-24,lunch,4,10,16.0,4.0,2026-02-25 04:00:00+03:00,2,2,0,24.0,11.0,22.0,17.428571428571427,8.303757038376116,30.0,0.0,0.0,0.0,1.302325581395349,2.0,1.2246467991473532e-16,-1.0,47.0,0.3404255319148936,medium,6.580926180651078,5.576694893105304,15.826446280991735,5.457537267559647,0.3959618663932895,1.4263261296660117,1.7829076620825148,8.173553719008265,23.0,0,45.92129279657138,0.414872628059588,0.4057511020115331,18.632615158003112,0.35592847601851674,24.452964695437736,0.0,18.632615158003112,,21.68220048091919,18.632615158003112,2.6326151580031123,2.6326151580031123,15.0
2026-03-06,lunch,4,35,32.0,4.0,2026-03-07 04:00:00+03:00,5,3,1,34.0,26.0,39.0,29.857142857142858,5.727959829601092,39.0,0.0,0.0,0.0,1.1018518518518519,-5.0,1.2246467991473532e-16,-1.0,88.0,0.36363636363636365,high,12.99404216315307,8.966106707239911,27.76098901098901,6.366710522390032,0.3561335102986236,1.1821568440156653,1.3560034387238513,6.239010989010989,37.0,0,94.06235271770196,0.350275804201613,0.35107252524347826,33.02270769894638,0.5026934425901043,40.9026576651818,0.23491298860016047,34.31847951655804,36.41013897857277,35.07373509236028,34.62787802800179,2.6278780280017884,2.6278780280017884,31.0
2026-03-11,lunch,4,8,34.0,4.0,2026-03-12 04:00:00+03:00,3,3,0,28.0,35.0,30.0,31.571428571428573,5.19156825558338,39.0,0.0,0.0,0.0,0.8596491228070176,-2.0,1.2246467991473532e-16,-1.0,116.0,0.29310344827586204,high,14.99803536345776,11.147682695162223,34.80494505494506,8.197821234921355,0.33131290749065806,0.7820148852911838,1.0892350187984345,-6.804945054945058,44.0,0,105.79769282559819,0.33628083758765964,0.338729421803976,35.836791319009535,0.11513500807023047,42.67692807675332,0.0,35.836791319009535,38.39169401708608,38.99721792038881,36.62689796935435,2.626897969354353,2.626897969354353,31.0
2026-02-18,lunch,4,115,21.0,4.0,2026-02-19 04:00:00+03:00,3,2,0,18.0,13.0,25.0,21.142857142857142,5.814595756329385,30.0,0.0,0.0,0.0,0.8129032258064516,-7.0,1.2246467991473532e-16,-1.0,48.0,0.4375,medium,8.859724950884086,7.0585746120055335,21.186813186813186,5.342613320180643,0.3419472329595375,0.8112927191679049,1.3521545319465083,-3.186813186813186,28.0,0,68.01234476252934,0.3516531082793619,0.3472966774101114,23.62046135889743,0.15042817665468694,27.3552077864582,0.0,23.62046135889743,,26.872033657457564,23.62046135889743,2.6204613588974297,2.6204613588974297,15.0
2026-02-17,lunch,4,101,15.0,4.0,2026-02-18 04:00:00+03:00,2,2,0,20.0,18.0,9.0,15.571428571428571,4.276179870598775,20.0,0.0,0.0,0.0,1.2068965517241381,11.0,1.2246467991473532e-16,-1.0,42.0,0.35714285714285715,medium,7.729605866177819,5.750763658040518,16.97252747252747,4.423118975685863,0.3662322135926719,1.1128095383674719,1.1128095383674719,3.027472527472529,23.0,0,47.48767369177532,0.3742089164727662,0.3710274081244176,17.61922848771749,0.14161301290474504,21.768468696260214,0.0,17.61922848771749,,19.945571748355977,17.61922848771749,2.619228487717489,2.619228487717489,15.0
2026-03-05,morning,3,425,3.0,2.0,2026-03-06 03:00:00+03:00,4,3,0,0.0,0.0,0.0,0.14285714285714285,0.37796447300922725,1.0,0.0,0.0,0.0,0.0,0.0,0.7071067811865476,-0.7071067811865475,5.0,0.6,low,0.13596491228070176,0.42387496971731603,0.17543859649122806,0.42773519084090944,0.12426900584795321,0.0,0.8507462686567163,-0.17543859649122806,1.0,1,1.1195624349579583,0.127848932270381,0.3432172337401897,0.3842531219257015,0.1901610418682118,0.7577670574112467,0.0,0.3842531219257015,,0.264111604203357,0.3842531219257015,-2.6157468780742983,2.6157468780742983,1.0
2026-03-09,lunch,4,434,15.0,4.0,2026-03-10 04:00:00+03:00,1,3,0,27.0,20.0,12.0,17.857142857142858,5.843188953205021,27.0,0.0,0.0,0.0,1.4318181818181819,15.0,1.2246467991473532e-16,-1.0,43.0,0.3488372093023256,medium,7.621359223300971,6.761882045397149,16.980392156862745,6.830783838121162,0.3594009148733045,1.5016357688113413,1.5016357688113413,10.019607843137255,24.0,0,48.13270753105684,0.3625166644415555,0.3659129900513498,17.61238293195613,0.2773849763231274,26.05307728416475,0.0,17.61238293195613,,23.986902299822685,17.61238293195613,2.6123829319561302,2.6123829319561302,15.0
2026-03-15,lunch,4,115,18.0,4.0,2026-03-16 04:00:00+03:00,0,3,0,14.0,19.0,15.0,16.285714285714285,2.429971585175831,20.0,0.0,0.0,0.0,0.8099173553719009,-1.0,1.2246467991473532e-16,-1.0,63.0,0.2857142857142857,medium,8.859724950884086,7.0585746120055335,21.186813186813186,5.342613320180643,0.3419472329595375,0.6310054482417038,0.9014363546310055,-7.186813186813186,28.0,0,59.29205230529801,0.34613978343595103,0.3475608449588728,20.60759579857506,0.12407684949066326,24.499076553465603,0.0,20.60759579857506,,25.909807737053086,20.60759579857506,2.6075957985750584,2.6075957985750584,15.0
2026-03-04,lunch,4,10,18.0,4.0,2026-03-05 04:00:00+03:00,3,3,0,11.0,10.0,16.0,14.285714285714286,4.785891965429405,24.0,0.0,0.0,0.0,0.719626168224299,-5.0,1.2246467991473532e-16,-1.0,39.0,0.46153846153846156,medium,6.580926180651078,5.576694893105304,15.826446280991735,5.457537267559647,0.3959618663932895,0.6537328094302554,1.4263261296660117,-4.8264462809917354,23.0,0,39.06522014464842,0.395318833281356,0.39405014718771453,15.393655747919182,0.11973626332395158,21.798375602725745,0.0,15.393655747919182,,20.1888765974207,15.393655747919182,-2.6063442520808184,2.6063442520808184,15.0
2026-02-16,dinner,6,6,15.0,3.0,2026-02-17 06:00:00+03:00,1,2,0,12.0,12.0,10.0,10.142857142857142,3.023715784073815,13.0,0.0,0.0,0.0,1.0769230769230769,2.0,-1.0,-1.8369701987210297e-16,107.0,0.14018691588785046,medium,10.223521320495186,7.858411454975636,10.60989010989011,3.789431583157042,0.13266247089010186,1.0336015144344535,1.119734973970658,1.3901098901098905,16.0,0,94.75769163333678,0.1348904780665111,0.13079327307298205,12.393668637564444,0.20735038595851665,15.714963180008384,0.0,12.393668637564444,,32.529720437995636,12.393668637564444,-2.606331362435556,2.606331362435556,15.0
2026-01-31,lunch,4,115,19.0,4.0,2026-02-01 04:00:00+03:00,6,2,1,16.0,13.0,23.0,19.142857142857142,4.0590873945002075,24.0,0.0,0.0,0.0,0.7943262411347518,-7.0,1.2246467991473532e-16,-1.0,53.0,0.3584905660377358,medium,8.859724950884086,7.0585746120055335,21.186813186813186,5.342613320180643,0.3419472329595375,0.7211490837048044,1.0817236255572065,-5.186813186813186,28.0,0,62.60392704040435,0.3416945173404294,0.34512457474592156,21.606153697244252,0.16017259520590107,25.51200946517337,0.0,21.606153697244252,,23.618405668894468,21.606153697244252,2.6061536972442525,2.6061536972442525,15.0
2026-01-30,lunch,4,8,32.0,4.0,2026-01-31 04:00:00+03:00,5,1,1,29.0,34.0,53.0,34.142857142857146,11.305287427107913,53.0,0.0,0.0,0.0,0.8252032520325202,-24.0,1.2246467991473532e-16,-1.0,84.0,0.38095238095238093,high,14.99803536345776,11.147682695162223,34.80494505494506,8.197821234921355,0.33131290749065806,0.8099439883372975,1.4802424614440266,-5.804945054945058,44.0,0,99.88217263480783,0.35448514111482865,0.34476723582170216,34.43610056716876,0.06847571914836353,46.88454361619486,0.0,34.43610056716876,28.91374380052116,35.116094686031985,34.60609909688456,2.606099096884563,2.606099096884563,31.0
2026-04-09,morning,3,6,15.0,2.0,2026-04-10 03:00:00+03:00,4,4,0,16.0,12.0,9.0,10.857142857142858,3.132015933791521,16.0,0.0,0.0,0.0,1.3493975903614457,7.0,0.7071067811865476,-0.7071067811865475,98.0,0.15306122448979592,medium,10.223521320495186,7.858411454975636,11.15702479338843,3.8672907939562746,0.1360488109560432,1.3161114887831407,1.3161114887831407,4.84297520661157,16.0,0,90.70121744212143,0.1391933600855296,0.13664621233213245,12.39397781737904,0.23964078409230888,16.157586296526812,0.0,12.39397781737904,,31.89083737621171,12.39397781737904,-2.6060221826209595,2.6060221826209595,15.0
2026-04-08,lunch,4,425,3.0,4.0,2026-04-09 04:00:00+03:00,3,4,0,1.0,0.0,0.0,0.2857142857142857,0.4879500364742666,1.0,0.0,0.0,0.0,0.7777777777777779,1.0,1.2246467991473532e-16,-1.0,4.0,0.75,low,0.13596491228070176,0.42387496971731603,0.24561403508771928,0.6059438256138093,0.13157894736842105,0.8028169014084507,0.8028169014084507,0.7543859649122807,1.0,1,0.8073148158114853,0.15457446044128437,0.49060758288845574,0.3960747704153117,0.24578616511811166,0.9034113435302267,0.0,0.3960747704153117,,0.25200326424891084,0.3960747704153117,-2.6039252295846884,2.6039252295846884,1.0
2026-04-10,morning,3,6,15.0,2.0,2026-04-11 03:00:00+03:00,5,4,1,15.0,16.0,11.0,11.714285714285714,3.352326839390122,16.0,0.0,0.0,0.0,1.1797752808988764,4.0,0.7071067811865476,-0.7071067811865475,89.0,0.16853932584269662,medium,10.223521320495186,7.858411454975636,11.15702479338843,3.8672907939562746,0.1360488109560432,1.2338545207341944,1.3161114887831407,3.8429752066115697,16.0,0,80.46043545685482,0.1570399587943145,0.15406611996185887,12.396227101279198,0.3316659163743594,17.102259068296693,0.0,12.396227101279198,,25.85777866925173,12.396227101279198,-2.603772898720802,2.603772898720802,15.0
2026-03-06,lunch,4,8,34.0,4.0,2026-03-07 04:00:00+03:00,5,3,1,23.0,30.0,31.0,32.857142857142854,6.175990377490669,40.0,0.0,0.0,0.0,0.679324894514768,-8.0,1.2246467991473532e-16,-1.0,105.0,0.3238095238095238,high,14.99803536345776,11.147682695162223,34.80494505494506,8.197821234921355,0.33131290749065806,0.6423693700606153,1.1171641218445483,-11.804945054945058,44.0,0,104.99496545488314,0.33136556928005423,0.334373313581718,35.10751450854729,0.2643000180565551,42.66200336229778,0.0,35.10751450854729,37.455664596822636,41.0728670838873,36.59885265238229,2.5988526523822912,2.5988526523822912,31.0
2026-02-06,lunch,4,18,17.0,4.0,2026-02-07 04:00:00+03:00,5,2,1,15.0,9.0,22.0,14.428571428571429,7.322502824789344,26.0,0.0,0.0,0.0,0.9722222222222222,-7.0,1.2246467991473532e-16,-1.0,47.0,0.3617021276595745,medium,6.109124254928932,5.453053535091321,11.975206611570249,6.953431693708665,0.27885867315263196,1.1560509554140126,2.003821656050955,3.0247933884297513,20.0,0,43.08783078341715,0.3163058838223385,0.3343042278921946,14.404444001599805,0.4614383824604668,22.050202109368048,0.0,14.404444001599805,,23.158690056261456,14.404444001599805,-2.5955559984001955,2.5955559984001955,15.0
2026-04-08,lunch,4,100,3.0,4.0,2026-04-09 04:00:00+03:00,3,4,0,0.0,0.0,0.0,0.2857142857142857,0.4879500364742666,1.0,0.0,0.0,0.0,0.0,0.0,1.2246467991473532e-16,-1.0,3.0,1.0,low,0.2676290949472515,0.6096459702316419,0.35555555555555557,0.6891294594971006,0.1685846560846561,0.0,0.7377049180327868,-0.35555555555555557,1.0,1,1.6150624597636638,0.15635790956480314,0.2516350448487292,0.4064063144961284,0.28464526496649867,1.0346384298446694,0.0,0.4064063144961284,,0.30808480559998147,0.4064063144961284,-2.5935936855038717,2.5935936855038717,1.0
2026-03-30,lunch,4,14,20.0,4.0,2026-03-31 04:00:00+03:00,1,3,0,15.0,12.0,13.0,13.857142857142858,2.9680841985233664,20.0,0.0,0.0,0.0,1.0096153846153846,2.0,1.2246467991473532e-16,-1.0,38.0,0.5263157894736842,medium,8.976897689768977,6.080682518563457,18.424242424242426,4.409515911174649,0.4121223874637316,0.7722308892355694,1.029641185647426,-3.4242424242424256,24.0,0,41.66654610889821,0.41363921818993765,0.41783252852656455,17.40963831564963,0.07813482795764726,21.917024743955253,0.0,17.40963831564963,,21.480128649035624,17.40963831564963,-2.59036168435037,2.59036168435037,15.0
2026-04-09,lunch,4,10,15.0,4.0,2026-04-10 04:00:00+03:00,4,4,0,14.0,24.0,11.0,15.142857142857142,4.810702354423624,24.0,0.0,0.0,0.0,0.8672566371681416,3.0,1.2246467991473532e-16,-1.0,44.0,0.3409090909090909,medium,6.580926180651078,5.576694893105304,15.826446280991735,5.457537267559647,0.3959618663932895,0.8320235756385069,1.4263261296660117,-1.8264462809917354,23.0,0,45.47420347196334,0.3921014479993831,0.3867303659568391,17.586255350308146,0.12087515696007176,21.649735665426586,0.0,17.586255350308146,,20.181514915253615,17.586255350308146,2.5862553503081465,2.5862553503081465,15.0
2026-01-27,lunch,4,26,20.0,4.0,2026-01-28 04:00:00+03:00,2,1,0,18.0,18.0,20.0,18.428571428571427,3.30943816264649,23.0,0.0,0.0,0.0,0.9264705882352942,-2.0,1.2246467991473532e-16,-1.0,42.0,0.47619047619047616,medium,6.941311325080238,5.5889179275364755,15.826446280991735,5.194574867535046,0.38014555485808005,1.0697445972495088,1.3668958742632613,2.1735537190082646,22.0,0,43.877035658382155,0.4065820469050935,0.39710165500956646,17.423643476857315,0.15212910990920842,23.252460270813067,0.0,17.423643476857315,,17.79319143692946,17.423643476857315,-2.5763565231426853,2.5763565231426853,15.0
2026-01-30,lunch,4,9,16.0,4.0,2026-01-31 04:00:00+03:00,5,1,1,8.0,11.0,9.0,9.0,2.3094010767585162,12.0,0.0,0.0,0.0,0.8,-1.0,1.2246467991473532e-16,-1.0,60.0,0.26666666666666666,medium,8.026593305823017,5.120585258455439,11.845730027548209,5.455840016029125,0.2451649724663524,0.6227750375294875,0.9341625562942313,-3.8457300275482087,17.0,0,54.30370392850759,0.2530042293135431,0.24736595968718475,13.432887836844024,0.062189855929938885,15.859066424256554,0.0,13.432887836844024,,12.935655837315645,13.432887836844024,-2.5671121631559757,2.5671121631559757,15.0
2026-04-10,afternoon,5,290,3.0,3.0,2026-04-11 05:00:00+03:00,5,4,1,2.0,0.0,0.0,0.5714285714285714,0.9759000729485333,2.0,0.0,0.0,0.0,1.2727272727272727,2.0,-0.7071067811865475,-0.7071067811865477,4.0,0.75,low,0.15548539857932123,0.428422817977247,0.17034700315457413,0.42397031567652377,0.12523659305993692,1.7088948787061995,1.7088948787061995,1.8296529968454258,1.0,1,1.489508178260795,0.13686114670741234,0.2917533831199946,0.434569050192487,0.3184820226223632,1.0536992221284915,0.0,0.434569050192487,,0.16995149775341178,0.434569050192487,-2.565430949807513,2.565430949807513,1.0
2026-04-04,lunch,4,6,25.0,4.0,2026-04-05 04:00:00+03:00,6,4,1,18.0,18.0,19.0,23.571428571428573,5.62308168347646,31.0,0.0,0.0,0.0,0.7325581395348837,-1.0,1.2246467991473532e-16,-1.0,68.0,0.36764705882352944,medium,10.223521320495186,7.858411454975636,25.560439560439562,7.174655102463964,0.31008066999141487,0.6776996276375672,1.1671493587091435,-7.560439560439562,34.0,0,76.1138559413211,0.3039352174916966,0.2949848620034131,22.45243529139827,0.08378481839588788,28.782564628758415,0.0,22.45243529139827,,25.44539834727539,22.45243529139827,-2.5475647086017297,2.5475647086017297,15.0
2026-04-09,lunch,4,8,34.0,4.0,2026-04-10 04:00:00+03:00,4,4,0,39.0,46.0,28.0,31.0,9.626352718795777,46.0,0.0,0.0,0.0,1.21875,11.0,1.2246467991473532e-16,-1.0,112.0,0.30357142857142855,high,14.99803536345776,11.147682695162223,34.80494505494506,8.197821234921355,0.33131290749065806,1.0892350187984345,1.2847387401212307,4.195054945054942,44.0,0,107.52118653825532,0.33185603465256,0.3315972340584935,35.65372805877279,0.13288497259475418,44.94418032742353,0.0,35.65372805877279,37.41909597900633,39.21738388530039,36.54464201540469,2.5446420154046905,2.5446420154046905,31.0
2026-02-03,afternoon,5,123,15.0,3.0,2026-02-04 05:00:00+03:00,2,2,0,11.0,21.0,11.0,11.428571428571429,4.613644360558614,21.0,0.0,0.0,0.0,0.8850574712643678,0.0,-0.7071067811865475,-0.7071067811865477,64.0,0.234375,medium,9.529330889092575,10.038386270221814,11.35989010989011,5.427674822829868,0.18851876592146113,0.8899755501222494,1.699044232051567,-0.3598901098901095,18.0,0,62.90609128558293,0.19257060464788733,0.19810803292621806,12.462202003663943,0.21832551064663674,17.78995857804026,0.0,12.462202003663943,,33.31831415543479,12.462202003663943,-2.5377979963360566,2.5377979963360566,15.0
2026-01-24,lunch,4,126,15.0,4.0,2026-01-25 04:00:00+03:00,6,1,1,16.0,24.0,14.0,24.0,7.187952884282607,33.0,0.0,0.0,0.0,0.64,2.0,1.2246467991473532e-16,-1.0,38.0,0.39473684210526316,medium,8.943396226415095,8.296270027256874,23.39669421487603,7.377896665537009,0.36997738876250647,0.6558265582655827,1.3526422764227644,-7.396694214876032,33.0,0,48.517992428929425,0.36297272540682224,0.36143304059111014,17.536005526964423,0.01820979682165692,26.722079966062385,0.0,17.536005526964423,,18.15793174434865,17.536005526964423,2.5360055269644235,2.5360055269644235,15.0
2026-02-16,lunch,4,7,31.0,4.0,2026-02-17 04:00:00+03:00,1,2,0,37.0,20.0,37.0,27.142857142857142,7.7551825989371155,37.0,0.0,0.0,0.0,1.3147208121827412,0.0,1.2246467991473532e-16,-1.0,106.0,0.29245283018867924,high,12.872377020983832,6.9762070291099025,25.81267217630854,6.227115387092842,0.2507803114805857,1.379944518647899,1.379944518647899,11.187327823691462,33.0,0,118.73278243546423,0.2570703283302972,0.252509253561636,29.9811262660752,0.2365203272120905,36.28601866306663,1.0,34.39455094396919,28.394259159206328,28.68375529075096,33.53332265769461,2.5333226576946117,2.5333226576946117,31.0
2026-04-02,lunch,4,25,19.0,4.0,2026-04-03 04:00:00+03:00,4,4,0,14.0,16.0,12.0,14.714285714285714,2.429971585175847,19.0,0.0,0.0,0.0,0.890909090909091,2.0,1.2246467991473532e-16,-1.0,43.0,0.4418604651162791,medium,7.156736938588451,5.584595796433097,15.87087912087912,5.024165108521969,0.36929438528740477,0.8298322748737991,1.1262009444715844,-1.8708791208791204,21.69999999999999,0,45.272398934909695,0.3608618334141111,0.3640370486257385,16.48083049247155,0.13481376824710586,21.4606126065444,0.0,16.48083049247155,,20.24750611114569,16.48083049247155,-2.5191695075284493,2.5191695075284493,15.0
2026-04-01,lunch,4,69,49.0,4.0,2026-04-02 04:00:00+03:00,3,4,0,42.0,32.0,49.0,40.714285714285715,9.911513266807166,52.0,0.0,0.0,0.0,1.0068493150684932,-7.0,1.2246467991473532e-16,-1.0,139.0,0.35251798561151076,mega,25.709899175068745,15.187584008448223,49.92032967032967,11.401837554339034,0.32250586815508425,0.8248179120582682,1.0212031292149986,-7.9203296703296715,65.0,0,141.7791529251887,0.3160153319691964,0.32077182719185376,45.478757941526034,0.03173237857274403,52.21860755154736,0.0,45.478757941526034,46.443704031807506,49.51870307140392,46.48874422399551,-2.5112557760044893,2.5112557760044893,49.0
2026-03-10,lunch,4,434,16.0,4.0,2026-03-11 04:00:00+03:00,2,3,0,15.0,27.0,23.0,18.285714285714285,5.4379618030498005,27.0,0.0,0.0,0.0,0.7777777777777778,-8.0,1.2246467991473532e-16,-1.0,41.0,0.3902439024390244,medium,7.621359223300971,6.761882045397149,16.980392156862745,6.830783838121162,0.3594009148733045,0.8342420937840785,1.5016357688113413,-1.9803921568627452,24.0,0,49.44102509658986,0.360984053025192,0.3742668001890253,18.504134260965984,0.17853547111417337,25.592241834875228,0.0,18.504134260965984,,23.97712541919796,18.504134260965984,2.5041342609659836,2.5041342609659836,15.0
2026-02-06,dinner,6,434,15.0,3.0,2026-02-07 06:00:00+03:00,5,2,1,12.0,12.0,13.0,12.714285714285714,3.251373336211719,19.0,0.0,0.0,0.0,0.875,-1.0,-1.0,-1.8369701987210297e-16,62.0,0.24193548387096775,medium,7.621359223300971,6.761882045397149,9.711538461538462,4.59042711696186,0.19428502784213808,1.1202872531418313,1.7737881508078994,2.2884615384615383,14.899999999999999,1,60.79935544163319,0.20008314901130275,0.20567273203371486,12.504769539569606,0.3865040609600001,16.74557805757776,0.0,12.504769539569606,,23.31874369427499,12.504769539569606,-2.4952304604303936,2.4952304604303936,15.0
2026-01-28,lunch,4,115,19.0,4.0,2026-01-29 04:00:00+03:00,3,1,0,17.0,24.0,22.0,22.142857142857142,2.4102953780654386,24.0,0.0,0.0,0.0,0.7345679012345679,-5.0,1.2246467991473532e-16,-1.0,54.0,0.35185185185185186,medium,8.859724950884086,7.0585746120055335,21.186813186813186,5.342613320180643,0.3419472329595375,0.7662209014363547,1.0817236255572065,-4.186813186813186,28.0,0,60.052630322346346,0.3625269208263484,0.3579061827677902,21.49320768383623,0.0627820693105766,26.498245908089828,0.0,21.49320768383623,,21.72390079288483,21.49320768383623,2.4932076838362285,2.4932076838362285,15.0
2026-03-30,morning,3,123,17.0,2.0,2026-03-31 03:00:00+03:00,1,3,0,10.0,7.0,14.0,12.714285714285714,4.644505202002534,20.0,0.0,0.0,0.0,0.7291666666666667,-4.0,0.7071067811865476,-0.7071067811865475,56.0,0.30357142857142855,medium,9.529330889092575,10.038386270221814,12.881542699724518,5.126549445359239,0.21440842105814506,0.7203810279817424,1.4407620559634848,-2.881542699724518,18.0,0,64.17553507039698,0.22223532062660006,0.22605551383229106,14.507233555800804,0.19817881655654504,17.567586338226572,0.0,14.507233555800804,,33.59021663416823,14.507233555800804,-2.492766444199196,2.492766444199196,15.0
2026-04-12,lunch,4,10,16.0,4.0,2026-04-13 04:00:00+03:00,0,4,0,13.0,11.0,17.0,15.714285714285714,4.1518785191880445,24.0,0.0,0.0,0.0,0.7777777777777777,-4.0,1.2246467991473532e-16,-1.0,40.0,0.4,medium,6.580926180651078,5.576694893105304,15.826446280991735,5.457537267559647,0.3959618663932895,0.7725933202357564,1.4263261296660117,-2.8264462809917354,23.0,0,47.8941974123249,0.39450524967720996,0.385973179309293,18.485875645701956,0.2470030321493139,22.266196433725483,0.0,18.485875645701956,,21.153839235902907,18.485875645701956,2.485875645701956,2.485875645701956,15.0
2026-03-07,dinner,6,124,3.0,3.0,2026-03-08 06:00:00+03:00,6,3,1,1.0,0.0,1.0,0.42857142857142855,0.5345224838248488,1.0,0.0,0.0,0.0,0.7,0.0,-1.0,-1.8369701987210297e-16,6.0,0.5,low,0.21550302363936227,0.5921761691970474,0.3791208791208791,0.7779348919362,0.17861721611721612,0.7250996015936255,0.7250996015936255,0.6208791208791209,1.0,1,1.3653860442896846,0.2201096090790991,0.37750918537855777,0.5154457733070502,0.42104984485256836,1.6086563025442597,0.0,0.5154457733070502,,0.29386644671314627,0.5154457733070502,-2.48455422669295,2.48455422669295,1.0
2026-03-04,lunch,4,26,21.0,4.0,2026-03-05 04:00:00+03:00,3,3,0,24.0,15.0,13.0,15.0,4.43471156521669,24.0,0.0,0.0,0.0,1.5,11.0,1.2246467991473532e-16,-1.0,41.0,0.5121951219512195,medium,6.941311325080238,5.5889179275364755,15.826446280991735,5.194574867535046,0.38014555485808005,1.4263261296660117,1.4263261296660117,8.173553719008265,22.0,0,47.271456155239015,0.3996141574676693,0.3916982102862863,18.516144773633776,0.2416815287849933,22.704627851110843,0.0,18.516144773633776,,20.499997937018442,18.516144773633776,-2.4838552263662237,2.4838552263662237,15.0
2026-02-14,afternoon,5,121,3.0,3.0,2026-02-15 05:00:00+03:00,6,2,1,0.0,1.0,0.0,0.42857142857142855,0.7867957924694432,2.0,0.0,0.0,0.0,0.0,0.0,-0.7071067811865475,-0.7071067811865477,4.0,0.75,low,0.2002200220022002,0.4993776600188691,0.2774725274725275,0.5221677498877112,0.1797684458398744,0.0,1.5655913978494624,-0.2774725274725275,1.0,1,1.8658565411854928,0.18871223562854123,0.2770348858332122,0.5169073538684752,0.3307977649505519,1.3558233100077803,0.0,0.5169073538684752,,0.13989905324981514,0.5169073538684752,-2.483092646131525,2.483092646131525,1.0
2026-03-25,lunch,4,14,20.0,4.0,2026-03-26 04:00:00+03:00,3,3,0,13.0,13.0,16.0,15.571428571428571,2.572750982712431,19.0,0.0,0.0,0.0,0.7844827586206897,-3.0,1.2246467991473532e-16,-1.0,48.0,0.4166666666666667,medium,8.976897689768977,6.080682518563457,18.424242424242426,4.409515911174649,0.4121223874637316,0.6692667706708267,0.9781591263650545,-5.424242424242426,24.0,0,41.710795795714525,0.41333173258100075,0.42016912112898447,17.525588411075912,0.09822346405874068,22.69633162649907,0.0,17.525588411075912,,21.850193591437698,17.525588411075912,-2.474411588924088,2.474411588924088,15.0
2026-02-20,lunch,4,101,18.0,4.0,2026-02-21 04:00:00+03:00,5,2,1,17.0,17.0,20.0,17.714285714285715,1.7994708216848685,20.0,0.0,0.0,0.0,0.9083969465648855,-3.0,1.2246467991473532e-16,-1.0,45.0,0.4,medium,7.729605866177819,5.750763658040518,16.97252747252747,4.423118975685863,0.3662322135926719,0.9458881076123511,1.1128095383674719,0.02747252747252915,23.0,0,55.99016664221026,0.3628860699816507,0.3656749676824217,20.474202377423644,0.3680588176684299,23.991460632811435,0.0,20.474202377423644,,23.46905725059206,20.474202377423644,2.4742023774236444,2.4742023774236444,15.0
2026-03-27,lunch,4,69,52.0,4.0,2026-03-28 04:00:00+03:00,5,3,1,30.0,49.0,61.0,42.42857142857143,14.246135649795713,61.0,0.0,0.0,0.0,0.6907894736842105,-31.0,1.2246467991473532e-16,-1.0,156.0,0.3333333333333333,mega,25.709899175068745,15.187584008448223,49.92032967032967,11.401837554339034,0.32250586815508425,0.5891556514701916,1.197949824656056,-19.92032967032967,65.0,0,145.40082758378324,0.31509192795775154,0.3148271695215022,45.77613099428644,0.1902678042447343,57.349365776904136,0.0,45.77613099428644,61.95694578930032,60.784469826732895,49.52821570239806,-2.4717842976019426,2.4717842976019426,49.0
2026-04-08,dinner,6,131,3.0,3.0,2026-04-09 06:00:00+03:00,3,4,0,0.0,1.0,0.0,0.7142857142857143,1.1126972805283737,3.0,0.0,0.0,0.0,0.0,0.0,-1.0,-1.8369701987210297e-16,3.0,1.0,low,0.15359926639156352,0.44800487677495243,0.3021978021978022,0.586247913782121,0.180690737833595,0.0,2.3037974683544302,-0.3021978021978022,1.0,1,1.5822948036968552,0.16160029526331593,0.3338791412402015,0.5282952302471392,0.3049630412974084,1.227050213683075,0.0,0.5282952302471392,,0.18898360663895947,0.5282952302471392,-2.471704769752861,2.471704769752861,1.0
2026-02-04,afternoon,5,296,3.0,3.0,2026-02-05 05:00:00+03:00,3,2,0,1.0,0.0,0.0,0.2857142857142857,0.48795003647426666,1.0,0.0,0.0,0.0,0.7777777777777779,1.0,-0.7071067811865475,-0.7071067811865477,5.0,0.6,low,0.33933933933933935,0.6683904316040283,0.42443729903536975,0.7577008442934481,0.1953554841014648,0.7020316027088036,0.7020316027088036,0.5755627009646302,1.0,1,1.720342436175107,0.20756597251903636,0.31244347365747527,0.5375097666389138,0.36837416420437463,1.2724611342091539,0.0,0.5375097666389138,,0.39613507837435014,0.5375097666389138,-2.4624902333610863,2.4624902333610863,1.0
2026-04-09,lunch,4,126,30.0,4.0,2026-04-10 04:00:00+03:00,4,4,0,33.0,27.0,23.0,25.142857142857142,7.151423434733617,33.0,0.0,0.0,0.0,1.2622950819672132,10.0,1.2246467991473532e-16,-1.0,72.0,0.4166666666666667,medium,8.943396226415095,8.296270027256874,23.39669421487603,7.377896665537009,0.36997738876250647,1.3526422764227644,1.3526422764227644,9.603305785123968,33.0,0,74.08529678728576,0.381584856748066,0.3717603309938315,27.541974455417595,0.2977839091791958,33.652046775448184,0.0,27.541974455417595,,31.57482189318606,27.541974455417595,-2.458025544582405,2.458025544582405,15.0
2026-03-12,lunch,4,8,35.0,4.0,2026-03-13 04:00:00+03:00,4,3,0,34.0,28.0,23.0,32.142857142857146,5.209880722517291,39.0,0.0,0.0,0.0,1.0258620689655171,11.0,1.2246467991473532e-16,-1.0,102.0,0.3431372549019608,high,14.99803536345776,11.147682695162223,34.80494505494506,8.197821234921355,0.33131290749065806,0.9495895035678661,1.0892350187984345,-0.8049450549450583,44.0,0,110.1333678106059,0.3310482860425399,0.3327494170042953,36.64681393169874,0.08669332062438971,40.621288265765,0.0,36.64681393169874,37.48260895844035,39.85980880433266,37.450062649857216,2.450062649857216,2.450062649857216,31.0
2026-02-15,lunch,4,26,17.0,4.0,2026-02-16 04:00:00+03:00,0,2,0,11.0,19.0,13.0,14.0,3.4641016151377544,19.0,0.0,0.0,0.0,0.7333333333333333,-2.0,1.2246467991473532e-16,-1.0,52.0,0.3269230769230769,medium,6.941311325080238,5.5889179275364755,15.826446280991735,5.194574867535046,0.38014555485808005,0.6537328094302554,1.1291748526522594,-4.8264462809917354,22.0,0,37.74758247957114,0.3871722420692783,0.3858210176965039,14.563810687850859,0.21656091824014229,21.182561826354515,0.0,14.563810687850859,,20.23225053738576,14.563810687850859,-2.436189312149141,2.436189312149141,15.0
2026-02-16,afternoon,5,131,3.0,3.0,2026-02-17 05:00:00+03:00,1,2,0,0.0,0.0,0.0,0.8571428571428571,0.8997354108424376,2.0,0.0,0.0,0.0,0.0,0.0,-0.7071067811865475,-0.7071067811865477,4.0,0.75,low,0.15359926639156352,0.44800487677495243,0.29395604395604397,0.6288445464717665,0.15797357404500262,0.0,1.5456475583864118,-0.29395604395604397,1.0,1,1.9894040885724609,0.17753663475129244,0.2850748431671487,0.5671290585458787,0.3278474184367856,1.0827371932137932,0.0,0.5671290585458787,,0.33648771278929934,0.5671290585458787,-2.432870941454121,2.432870941454121,1.0
2026-04-04,lunch,4,10,15.0,4.0,2026-04-05 04:00:00+03:00,6,4,1,9.0,11.0,7.0,14.142857142857142,5.55063273956435,21.0,0.0,0.0,0.0,0.5943396226415094,2.0,1.2246467991473532e-16,-1.0,38.0,0.39473684210526316,medium,6.580926180651078,5.576694893105304,15.826446280991735,5.457537267559647,0.3959618663932895,0.5348722986247544,1.2480353634577603,-6.8264462809917354,23.0,0,35.102583491460486,0.3611637580990993,0.35824279056788066,12.575247466122825,0.026165770592380382,18.453415565240093,0.0,12.575247466122825,,15.037649541750904,12.575247466122825,-2.424752533877175,2.424752533877175,15.0
2026-04-04,dinner,6,100,3.0,3.0,2026-04-05 06:00:00+03:00,6,4,1,0.0,0.0,0.0,0.14285714285714285,0.37796447300922725,1.0,0.0,0.0,0.0,0.0,0.0,-1.0,-1.8369701987210297e-16,5.0,0.6,low,0.2676290949472515,0.6096459702316419,0.4888888888888889,0.7312285147772032,0.24880291005291005,0.0,0.6716417910447761,-0.4888888888888889,2.0,1,1.5891559301081888,0.263555962195524,0.36916271917364496,0.5866571243496619,0.1951021731202732,1.5409815906131623,0.0,0.5866571243496619,,0.3505268699611733,0.5866571243496619,-2.413342875650338,2.413342875650338,1.0
2026-02-01,morning,3,123,15.0,2.0,2026-02-02 03:00:00+03:00,0,2,0,10.0,10.0,8.0,8.428571428571429,2.572750982712401,12.0,0.0,0.0,0.0,1.0606060606060606,2.0,0.7071067811865476,-0.7071067811865475,68.0,0.22058823529411764,medium,9.529330889092575,10.038386270221814,12.881542699724518,5.126549445359239,0.21440842105814506,0.7203810279817424,0.8644572335780909,-2.881542699724518,18.0,0,55.00946756351178,0.2163372207253975,0.22884044188061514,12.5883908648514,0.07469334446692079,15.64656128121679,0.0,12.5883908648514,,32.62621196844573,12.5883908648514,-2.4116091351486,2.4116091351486,15.0
2026-02-16,morning,3,6,15.0,2.0,2026-02-17 03:00:00+03:00,1,2,0,13.0,9.0,9.0,13.285714285714286,3.0937725468153974,16.0,0.0,0.0,0.0,0.9099999999999999,4.0,0.7071067811865476,-0.7071067811865475,107.0,0.14018691588785046,medium,10.223521320495186,7.858411454975636,11.15702479338843,3.8672907939562746,0.1360488109560432,1.0693405846363018,1.3161114887831407,1.8429752066115697,16.0,0,94.75769163333678,0.13701169365285681,0.1328500582027284,12.588564848644982,0.16704061912457424,16.216986758306298,0.0,12.588564848644982,,32.529720437995636,12.588564848644982,-2.4114351513550183,2.4114351513550183,15.0
2026-03-08,lunch,4,100,3.0,4.0,2026-03-09 04:00:00+03:00,0,3,0,2.0,1.0,0.0,0.7142857142857143,0.7559289460184545,2.0,0.0,0.0,0.0,1.1666666666666665,2.0,1.2246467991473532e-16,-1.0,3.0,1.0,low,0.2676290949472515,0.6096459702316419,0.35555555555555557,0.6891294594971006,0.1685846560846561,1.4754098360655736,1.4754098360655736,1.6444444444444444,1.0,1,1.8614904210353866,0.173393331343047,0.3165526572871806,0.5892597392933843,0.29196072495424075,1.467706152441405,0.0,0.5892597392933843,,0.4150756491854566,0.5892597392933843,-2.410740260706616,2.410740260706616,1.0
2026-02-05,lunch,4,8,38.0,4.0,2026-02-06 04:00:00+03:00,4,2,0,35.0,39.0,29.0,36.285714285714285,5.219012860503001,43.0,0.0,0.0,0.0,0.9386973180076629,6.0,1.2246467991473532e-16,-1.0,103.0,0.36893203883495146,high,14.99803536345776,11.147682695162223,34.80494505494506,8.197821234921355,0.33131290749065806,0.9775186066139798,1.2009514309828895,0.1950549450549417,44.0,0,102.63146871913663,0.33584962024962284,0.3355138675837544,34.43428100575864,0.17503556260541497,45.019499232074054,0.0,34.43428100575864,38.277021299061616,39.06305025969125,35.5914733192418,-2.4085266807582,2.4085266807582,31.0
2026-02-15,lunch,4,434,18.0,4.0,2026-02-16 04:00:00+03:00,0,2,0,22.0,26.0,23.0,21.428571428571427,3.5989416433697707,26.0,0.0,0.0,0.0,0.980891719745223,-1.0,1.2246467991473532e-16,-1.0,52.0,0.34615384615384615,medium,7.621359223300971,6.761882045397149,16.980392156862745,6.830783838121162,0.3594009148733045,1.2235550708833152,1.4460196292257361,5.019607843137255,24.0,0,55.760824545001356,0.36609788588219794,0.36597795739825206,20.407232669821916,0.22726076134429746,27.828822683171484,0.0,20.407232669821916,,23.192317530725504,20.407232669821916,2.4072326698219157,2.4072326698219157,15.0
2026-02-01,afternoon,5,139,3.0,3.0,2026-02-02 05:00:00+03:00,0,2,0,0.0,5.0,0.0,1.1428571428571428,1.7728105208558365,5.0,0.0,0.0,0.0,0.0,0.0,-0.7071067811865475,-0.7071067811865477,6.0,0.5,low,0.28473177441540576,0.657489566091835,0.38292011019283745,0.8306525835717741,0.192444515998235,0.0,3.6155378486055776,-0.38292011019283745,1.0,1,2.8458708308842233,0.1607338262526395,0.20922975374615216,0.5954408531392634,0.3406174466796619,1.6196739464431484,0.0,0.5954408531392634,,0.7408752819654028,0.5954408531392634,-2.404559146860737,2.404559146860737,1.0
2026-03-30,afternoon,5,140,3.0,3.0,2026-03-31 05:00:00+03:00,1,3,0,0.0,0.0,1.0,0.2857142857142857,0.4879500364742667,1.0,0.0,0.0,0.0,0.0,-1.0,-0.7071067811865475,-0.7071067811865477,6.0,0.5,low,0.26666666666666666,0.5867246021995556,0.30494505494505497,0.6410027846862126,0.14722440258154545,0.0,0.7663157894736842,-0.30494505494505497,1.0,1,2.1111339155614885,0.1612237048384117,0.2843299998215435,0.6002587058348525,0.3054251652217817,1.005084011526236,0.0,0.6002587058348525,,0.21642579975877896,0.6002587058348525,-2.3997412941651475,2.3997412941651475,1.0
2026-04-12,lunch,4,8,34.0,4.0,2026-04-13 04:00:00+03:00,0,4,0,27.0,33.0,24.0,33.857142857142854,7.289914755527484,46.0,0.0,0.0,0.0,0.7745901639344263,3.0,1.2246467991473532e-16,-1.0,92.0,0.3695652173913043,high,14.99803536345776,11.147682695162223,34.80494505494506,8.197821234921355,0.33131290749065806,0.7540857822450702,1.2847387401212307,-7.804945054945058,44.0,0,104.96514104626614,0.33238386835768996,0.3325707761792585,34.908338429522075,0.10306482562294735,41.08158066953392,0.0,34.908338429522075,37.76064713599722,40.86960486933418,36.3986550394751,2.398655039475102,2.398655039475102,31.0
2026-03-28,afternoon,5,122,3.0,3.0,2026-03-29 05:00:00+03:00,6,3,1,1.0,0.0,0.0,0.42857142857142855,0.5345224838248488,1.0,0.0,0.0,0.0,0.7,1.0,-0.7071067811865475,-0.7071067811865477,5.0,0.6,low,0.2953795379537954,0.5918085059504988,0.38186813186813184,0.6678783678510125,0.18343799058084773,0.7236580516898609,0.7236580516898609,0.6181318681318682,1.0,1,2.234112990621929,0.21449673057585017,0.27016832412603464,0.6035865625845299,0.3897751468005664,1.5303957973378814,0.0,0.6035865625845299,,0.2580265174961256,0.6035865625845299,-2.39641343741547,2.39641343741547,1.0
2026-03-20,lunch,4,131,3.0,4.0,2026-03-21 04:00:00+03:00,5,3,1,1.0,0.0,0.0,0.2857142857142857,0.48795003647426677,1.0,0.0,0.0,0.0,0.7777777777777779,1.0,1.2246467991473532e-16,-1.0,5.0,0.6,low,0.15359926639156352,0.44800487677495243,0.22038567493112948,0.5105763886373953,0.13859372950282042,0.8194130925507901,0.8194130925507901,0.7796143250688705,1.0,1,2.435898748792636,0.1556035106792155,0.24835102885752555,0.6049579604554103,0.2848771508620497,1.1550426441222665,0.0,0.6049579604554103,,0.2436533449535382,0.6049579604554103,-2.39504203954459,2.39504203954459,1.0
2026-02-17,afternoon,5,2,15.0,3.0,2026-02-18 05:00:00+03:00,2,2,0,16.0,10.0,16.0,11.428571428571429,4.076646614442768,16.0,0.0,0.0,0.0,1.2873563218390804,0.0,-0.7071067811865475,-0.7071067811865477,89.0,0.16853932584269662,medium,7.919532324621733,6.1652836583747,10.104395604395604,3.761495865855915,0.15959778045043044,1.4408708560118753,1.4408708560118753,5.895604395604396,15.0,1,77.09095522844984,0.16874678907424034,0.16356725567218933,12.609555983865157,0.27857521775574273,16.56996742601022,0.0,12.609555983865157,,24.456068284657178,12.609555983865157,-2.3904440161348433,2.3904440161348433,15.0
2026-04-09,afternoon,5,124,3.0,3.0,2026-04-10 05:00:00+03:00,4,4,0,1.0,0.0,0.0,0.5714285714285714,0.5345224838248488,1.0,0.0,0.0,0.0,0.6363636363636364,1.0,-0.7071067811865475,-0.7071067811865477,4.0,0.75,low,0.21550302363936227,0.5921761691970474,0.260989010989011,0.6125547008936412,0.12536630036630036,0.7930283224400871,0.7930283224400871,0.739010989010989,1.0,1,2.9878707749265683,0.15737842076406142,0.2053017350373971,0.6134150541599567,0.3733298760540306,1.0951680983449705,0.0,0.6134150541599567,,0.3784186083740425,0.6134150541599567,-2.386584945840043,2.386584945840043,1.0
2026-03-10,lunch,4,14,17.0,4.0,2026-03-11 04:00:00+03:00,2,3,0,15.0,17.0,17.0,16.142857142857142,2.478478796128233,21.0,0.0,0.0,0.0,0.875,-2.0,1.2246467991473532e-16,-1.0,34.0,0.5,medium,8.976897689768977,6.080682518563457,18.424242424242426,4.409515911174649,0.4121223874637316,0.7722308892355694,1.0811232449297972,-3.4242424242424256,24.0,0,46.55017346063175,0.41677218267064975,0.4164339609382032,19.385073116571302,0.13665353937974176,23.664792278572218,0.0,19.385073116571302,,22.221263878731207,19.385073116571302,2.385073116571302,2.385073116571302,15.0
2026-02-12,afternoon,5,126,17.0,3.0,2026-02-13 05:00:00+03:00,4,2,0,20.0,10.0,16.0,13.0,6.683312551921143,20.0,0.0,0.0,0.0,1.4285714285714286,4.0,-0.7071067811865475,-0.7071067811865477,72.0,0.2361111111111111,medium,8.943396226415095,8.296270027256874,12.090659340659341,4.388191091061965,0.19280413992264367,1.527806925498426,1.527806925498426,7.909340659340659,18.0,0,74.03525059982591,0.20080116219765193,0.19754019636849598,14.624937941680422,0.29339764784764183,19.278563832732168,0.0,14.624937941680422,,30.909831569500675,14.624937941680422,-2.3750620583195783,2.3750620583195783,15.0
2026-02-09,afternoon,5,6,18.0,3.0,2026-02-10 05:00:00+03:00,1,2,0,21.0,9.0,13.0,13.571428571428571,3.994043183589885,21.0,0.0,0.0,0.0,1.4411764705882353,8.0,-0.7071067811865475,-0.7071067811865477,97.0,0.18556701030927836,medium,10.223521320495186,7.858411454975636,14.112637362637363,4.041241206698928,0.17560393845596073,1.3895655335393564,1.3895655335393564,6.887362637362637,19.0,0,92.964595649947,0.17774909076805617,0.1681223467097878,15.62942598159562,0.2009895826964474,18.890439960141126,0.0,15.62942598159562,,32.24590233258712,15.62942598159562,-2.3705740184043798,2.3705740184043798,15.0
2026-02-06,lunch,4,14,18.0,4.0,2026-02-07 04:00:00+03:00,5,2,1,16.0,13.0,22.0,17.428571428571427,4.5039665058384175,23.0,0.0,0.0,0.0,0.868217054263566,-6.0,1.2246467991473532e-16,-1.0,44.0,0.4090909090909091,medium,8.976897689768977,6.080682518563457,18.424242424242426,4.409515911174649,0.4121223874637316,0.8237129485179406,1.1840873634945397,-2.4242424242424256,24.0,0,50.16476197829434,0.41204896058635065,0.4060293874755202,20.368367578902113,0.17462663527146702,23.398723735763234,0.0,20.368367578902113,,22.624715137033366,20.368367578902113,2.368367578902113,2.368367578902113,15.0
2026-04-04,lunch,4,139,3.0,3.0,2026-04-05 04:00:00+03:00,6,4,1,2.0,1.0,1.0,1.0,0.8164965809277259,2.0,0.0,0.0,0.0,1.0,1.0,1.2246467991473532e-16,-1.0,7.0,0.42857142857142855,low,0.28473177441540576,0.657489566091835,0.29476584022038566,0.6636997738202962,0.1551353261064005,1.54468085106383,1.54468085106383,1.7052341597796143,1.0,1,2.2215604639308006,0.18572029244663096,0.284632183271015,0.6323276051171928,0.39923278761018094,1.6392480940449037,0.0,0.6323276051171928,,0.45256850779364466,0.6323276051171928,-2.367672394882807,2.367672394882807,1.0
2026-04-10,lunch,4,41,3.0,4.0,2026-04-11 04:00:00+03:00,5,4,1,3.0,0.0,0.0,0.42857142857142855,1.1338934190276817,3.0,0.0,0.0,0.0,2.1,3.0,1.2246467991473532e-16,-1.0,11.0,0.2727272727272727,low,0.045242537313432835,0.2561529104331575,0.09523809523809523,0.42651548953624097,0.057156195811658,2.7391304347826084,2.7391304347826084,2.9047619047619047,0.0,1,2.0260220321618725,0.14766241212845427,0.3184078483072635,0.6451013158837712,0.9980144478881416,0.7456990851080825,0.0,0.6451013158837712,,0.1645116832038335,0.6451013158837712,-2.354898684116229,2.354898684116229,1.0
2026-01-28,lunch,4,25,19.0,4.0,2026-01-29 04:00:00+03:00,3,1,0,19.0,18.0,19.0,18.714285714285715,1.8898223650461718,21.0,0.0,0.0,0.0,0.9637681159420289,0.0,1.2246467991473532e-16,-1.0,47.0,0.40425531914893614,medium,7.156736938588451,5.584595796433097,15.87087912087912,5.024165108521969,0.36929438528740477,1.1262009444715844,1.2447484123106987,3.1291208791208796,21.69999999999999,0,43.849266767623305,0.3890159439616796,0.37960569806843997,16.64543152111289,0.16856543966109258,23.39916630020509,0.0,16.64543152111289,,17.49065081272416,16.64543152111289,-2.35456847888711,2.35456847888711,15.0
2026-04-07,afternoon,5,130,3.0,3.0,2026-04-08 05:00:00+03:00,2,4,0,0.0,1.0,0.0,1.0,0.8164965809277263,2.0,0.0,0.0,0.0,0.0,0.0,-0.7071067811865475,-0.7071067811865477,6.0,0.5,low,0.2508250825082508,0.5792332445185113,0.3269230769230769,0.6682408834874293,0.1565410779696494,0.0,1.5072463768115942,-0.3269230769230769,1.0,1,2.2128386856475313,0.18440094899926504,0.29187281722301683,0.6458674612400227,0.3201981411434849,1.016685130415489,0.0,0.6458674612400227,,0.3130230190115153,0.6458674612400227,-2.3541325387599774,2.3541325387599774,1.0
2026-02-28,dinner,6,130,4.0,3.0,2026-03-01 06:00:00+03:00,6,3,1,2.0,1.0,2.0,1.4285714285714286,0.9759000729485328,3.0,0.0,0.0,0.0,0.8235294117647058,0.0,-1.0,-1.8369701987210297e-16,6.0,0.6666666666666666,low,0.2508250825082508,0.5792332445185113,0.4175824175824176,0.6973532657202288,0.2142987964416536,1.4108527131782944,2.1162790697674416,1.5824175824175823,1.0,1,4.295678963408475,0.3870752204174022,0.3838834390287602,1.6490400134367453,0.5583461410451459,2.165081363357757,0.0,1.6490400134367453,,0.43528843044588217,1.6490400134367453,-2.3509599865632547,2.3509599865632547,1.0
2026-02-02,lunch,4,115,21.0,4.0,2026-02-03 04:00:00+03:00,1,2,0,26.0,19.0,24.0,19.142857142857142,4.525062483125563,26.0,0.0,0.0,0.0,1.2907801418439717,2.0,1.2246467991473532e-16,-1.0,53.0,0.39622641509433965,medium,8.859724950884086,7.0585746120055335,21.186813186813186,5.342613320180643,0.3419472329595375,1.1718672610203071,1.1718672610203071,4.813186813186814,28.0,0,65.1294906878934,0.3569609185241833,0.3585062052005265,23.34932655315969,0.19488716666655947,27.34404825325934,0.0,23.34932655315969,,26.855044250377933,23.34932655315969,2.3493265531596883,2.3493265531596883,15.0
2026-02-24,lunch,4,434,17.0,4.0,2026-02-25 04:00:00+03:00,2,2,0,18.0,16.0,18.0,18.285714285714285,2.870208222079939,23.0,0.0,0.0,0.0,0.9333333333333333,0.0,1.2246467991473532e-16,-1.0,44.0,0.38636363636363635,medium,7.621359223300971,6.761882045397149,16.980392156862745,6.830783838121162,0.3594009148733045,1.0010905125408942,1.2791712104689203,1.0196078431372548,24.0,0,52.52218500257472,0.36255512963840236,0.36838524991746163,19.348398248384644,0.18606192849149472,25.55346645166727,0.0,19.348398248384644,,22.82500909798439,19.348398248384644,2.348398248384644,2.348398248384644,15.0
2026-01-24,afternoon,5,140,3.0,3.0,2026-01-25 05:00:00+03:00,6,1,1,0.0,0.0,0.0,0.14285714285714285,0.3779644730092274,1.0,0.0,0.0,0.0,0.0,0.0,-0.7071067811865475,-0.7071067811865477,3.0,1.0,low,0.26666666666666666,0.5867246021995556,0.30494505494505497,0.6410027846862126,0.14722440258154545,0.0,0.7663157894736842,-0.30494505494505497,1.0,1,2.225155920683712,0.18040898132903352,0.2959967426805169,0.6586389044786454,0.3635576007878137,1.128112003232955,0.0,0.6586389044786454,,0.2829295887314066,0.6586389044786454,-2.3413610955213544,2.3413610955213544,1.0
2026-04-04,afternoon,5,139,3.0,3.0,2026-04-05 05:00:00+03:00,6,4,1,0.0,2.0,0.0,0.7142857142857143,0.7559289460184528,2.0,0.0,0.0,0.0,0.0,0.0,-0.7071067811865475,-0.7071067811865477,7.0,0.42857142857142855,low,0.28473177441540576,0.657489566091835,0.38292011019283745,0.8306525835717741,0.192444515998235,0.0,1.4462151394422311,-0.38292011019283745,1.0,1,2.2215604639308006,0.19345401238804147,0.29648476848252503,0.6586588398184543,0.3477986532664777,1.554697745266294,0.0,0.6586588398184543,,0.45256850779364466,0.6586588398184543,-2.3413411601815457,2.3413411601815457,1.0
2026-04-09,lunch,4,115,18.0,4.0,2026-04-10 04:00:00+03:00,4,4,0,13.0,21.0,20.0,15.714285714285714,4.7858919654294345,21.0,0.0,0.0,0.0,0.7777777777777777,-7.0,1.2246467991473532e-16,-1.0,65.0,0.27692307692307694,medium,8.859724950884086,7.0585746120055335,21.186813186813186,5.342613320180643,0.3419472329595375,0.5859336305101536,0.9465081723625558,-8.186813186813186,28.0,0,59.77142162073047,0.33976972046566734,0.34030999117806926,20.340811964451444,0.09526606313150772,24.339961470727523,0.0,20.340811964451444,,25.85980946584046,20.340811964451444,2.3408119644514436,2.3408119644514436,15.0
2026-04-06,lunch,4,139,3.0,3.0,2026-04-07 04:00:00+03:00,1,4,0,0.0,3.0,0.0,1.2857142857142858,1.1126972805283735,3.0,0.0,0.0,0.0,0.0,0.0,1.2246467991473532e-16,-1.0,4.0,0.75,low,0.28473177441540576,0.657489566091835,0.29476584022038566,0.6636997738202962,0.1551353261064005,0.0,2.3170212765957445,-0.29476584022038566,1.0,1,2.428732916153235,0.20421885613271878,0.2734345710385394,0.6640995430955408,0.3164671732326302,1.1093103077269166,0.0,0.6640995430955408,,0.42421209398030735,0.6640995430955408,-2.3359004569044592,2.3359004569044592,1.0
2026-03-29,lunch,4,434,16.0,4.0,2026-03-30 04:00:00+03:00,0,3,0,10.0,16.0,13.0,12.857142857142858,2.7342623276105686,16.0,0.0,0.0,0.0,0.7216494845360825,-3.0,1.2246467991473532e-16,-1.0,45.0,0.35555555555555557,medium,7.621359223300971,6.761882045397149,16.980392156862745,6.830783838121162,0.3594009148733045,0.5561613958560523,0.8898582333696837,-6.980392156862745,24.0,0,50.03784428858704,0.35688067577748034,0.3664208496794679,18.334909420352975,0.09281230013606818,21.473583253687686,0.0,18.334909420352975,,20.665054858745993,18.334909420352975,2.334909420352975,2.334909420352975,15.0
2026-03-08,dinner,6,296,3.0,3.0,2026-03-09 06:00:00+03:00,0,3,0,0.0,0.0,0.0,0.5714285714285714,0.7867957924694431,2.0,0.0,0.0,0.0,0.0,0.0,-1.0,-1.8369701987210297e-16,4.0,0.75,low,0.33933933933933935,0.6683904316040283,0.572347266881029,0.8114546605408546,0.2756341550553769,0.0,1.2719836400817996,-0.572347266881029,2.0,1,1.876537070853744,0.21248799549699948,0.3546170364535616,0.6654520148614018,0.12310466153114606,1.4503780940811861,0.0,0.6654520148614018,,0.38109644579230106,0.6654520148614018,-2.334547985138598,2.334547985138598,1.0
2026-04-06,lunch,4,6,25.0,4.0,2026-04-07 04:00:00+03:00,1,4,0,35.0,25.0,22.0,25.428571428571427,6.5538066001661655,35.0,0.0,0.0,0.0,1.3243243243243243,13.0,1.2246467991473532e-16,-1.0,95.0,0.2631578947368421,medium,10.223521320495186,7.858411454975636,25.560439560439562,7.174655102463964,0.31008066999141487,1.3177492759619363,1.3177492759619363,9.439560439560438,34.0,0,86.18435949122073,0.3201337084885354,0.31709443715292157,27.328580964253693,0.20731053521035456,34.163416449783426,0.0,27.328580964253693,,32.327617111565246,27.328580964253693,2.3285809642536925,2.3285809642536925,15.0
2026-02-26,afternoon,5,434,15.0,3.0,2026-02-27 05:00:00+03:00,4,2,0,11.0,8.0,7.0,11.571428571428571,4.685336802448777,21.0,0.0,0.0,0.0,0.875,4.0,-0.7071067811865475,-0.7071067811865477,68.0,0.22058823529411764,medium,7.621359223300971,6.761882045397149,9.76923076923077,4.7179897040648715,0.2155200181716186,1.0214285714285714,1.95,1.23076923076923,15.0,1,53.84805096058933,0.2301873862488193,0.23532616115311109,12.671855118132584,0.1950342767936703,15.771756729697517,0.0,12.671855118132584,,22.417636977716754,12.671855118132584,-2.3281448818674164,2.3281448818674164,15.0
2026-02-01,afternoon,5,135,3.0,3.0,2026-02-02 05:00:00+03:00,0,2,0,0.0,0.0,2.0,1.7142857142857142,2.0586634591635518,5.0,0.0,0.0,0.0,0.0,-2.0,-0.7071067811865475,-0.7071067811865477,3.0,1.0,low,0.18659295093296477,0.8339361180545659,0.1712707182320442,0.5402913327942227,0.07778319430903116,0.0,4.268867924528301,-0.1712707182320442,1.0,1,1.5648208202700098,0.14515909735975102,0.4317408726866724,0.6755971065416485,0.2742743287152366,1.190072270056632,0.0,0.6755971065416485,,0.11400596674299066,0.6755971065416485,-2.3244028934583514,2.3244028934583514,1.0
2026-03-04,lunch,4,434,17.0,4.0,2026-03-05 04:00:00+03:00,3,3,0,23.0,12.0,15.0,17.857142857142858,5.047394424471948,25.0,0.0,0.0,0.0,1.2196969696969697,8.0,1.2246467991473532e-16,-1.0,60.0,0.2833333333333333,medium,7.621359223300971,6.761882045397149,16.980392156862745,6.830783838121162,0.3594009148733045,1.2791712104689203,1.390403489640131,6.019607843137255,24.0,0,52.28042469808902,0.3607176171787392,0.36957363479667815,19.321466584386783,0.18550397899212578,25.43854602636066,0.0,19.321466584386783,,23.06232777877588,19.321466584386783,2.3214665843867834,2.3214665843867834,15.0
2026-03-20,lunch,4,115,18.0,4.0,2026-03-21 04:00:00+03:00,5,3,1,21.0,19.0,19.0,17.428571428571427,3.598941643369747,21.0,0.0,0.0,0.0,1.1395348837209303,2.0,1.2246467991473532e-16,-1.0,55.0,0.32727272727272727,medium,8.859724950884086,7.0585746120055335,21.186813186813186,5.342613320180643,0.3419472329595375,0.9465081723625558,0.9465081723625558,-0.18681318681318615,28.0,0,61.757543253310445,0.3370549385591647,0.32901289156336383,20.31902788162118,0.14567601081248346,25.00824773140998,0.0,20.31902788162118,,23.664360516129147,20.31902788162118,2.3190278816211816,2.3190278816211816,15.0
2026-02-15,lunch,4,6,27.0,4.0,2026-02-16 04:00:00+03:00,0,2,0,26.0,29.0,33.0,27.714285714285715,3.093772546815467,33.0,0.0,0.0,0.0,0.9054726368159204,-7.0,1.2246467991473532e-16,-1.0,86.0,0.313953488372093,medium,10.223521320495186,7.858411454975636,25.560439560439562,7.174655102463964,0.31008066999141487,0.9788994621431526,1.2424493173355398,0.439560439560438,34.0,0,93.16358704734905,0.3260578856364586,0.3146905942706408,29.317704572314845,0.2406405037789678,35.08873105408025,0.0,29.317704572314845,,32.91497970454083,29.317704572314845,2.3177045723148453,2.3177045723148453,15.0
2026-03-24,lunch,4,126,25.0,4.0,2026-03-25 04:00:00+03:00,2,3,0,14.0,18.0,23.0,17.857142857142858,7.380798769522859,31.0,0.0,0.0,0.0,0.7424242424242424,-9.0,1.2246467991473532e-16,-1.0,57.0,0.43859649122807015,medium,8.943396226415095,8.296270027256874,23.39669421487603,7.377896665537009,0.36997738876250647,0.5738482384823849,1.2706639566395665,-9.396694214876032,33.0,0,60.075029468474106,0.3787259017942385,0.3775689770168601,22.682467420669493,0.12831598362315086,28.24168341746111,0.0,22.682467420669493,,28.534779480005167,22.682467420669493,-2.317532579330507,2.317532579330507,15.0
2026-02-02,lunch,4,26,17.0,4.0,2026-02-03 04:00:00+03:00,1,2,0,14.0,9.0,18.0,14.428571428571429,3.59894164336975,20.0,0.0,0.0,0.0,0.9074074074074074,-4.0,1.2246467991473532e-16,-1.0,44.0,0.38636363636363635,medium,6.941311325080238,5.5889179275364755,15.826446280991735,5.194574867535046,0.38014555485808005,0.8320235756385069,1.1886051080550097,-1.8264462809917354,22.0,0,37.77954663192393,0.3917356022333978,0.38875469678908003,14.686976195722497,0.13084865539071075,21.711074605038117,0.0,14.686976195722497,,20.039649524757753,14.686976195722497,-2.3130238042775026,2.3130238042775026,15.0
2026-02-17,lunch,4,296,3.0,4.0,2026-02-18 04:00:00+03:00,2,2,0,0.0,0.0,1.0,1.0,1.1547005383792515,3.0,0.0,0.0,0.0,0.0,-1.0,1.2246467991473532e-16,-1.0,6.0,0.5,low,0.33933933933933935,0.6683904316040283,0.4096774193548387,0.6706297280724652,0.20700716845878134,0.0,2.128146453089245,-0.4096774193548387,1.0,1,1.9966835618830896,0.24775309578440552,0.34424500699516924,0.6873483467275836,0.41807835799776394,1.3940450439781333,0.0,0.6873483467275836,,0.4874654568567068,0.6873483467275836,-2.3126516532724164,2.3126516532724164,1.0
2026-02-03,lunch,4,26,18.0,4.0,2026-02-04 04:00:00+03:00,2,2,0,17.0,14.0,20.0,14.285714285714286,3.4503277967117714,20.0,0.0,0.0,0.0,1.1121495327102804,-3.0,1.2246467991473532e-16,-1.0,48.0,0.375,medium,6.941311325080238,5.5889179275364755,15.826446280991735,5.194574867535046,0.38014555485808005,1.0103143418467584,1.1886051080550097,1.1735537190082646,22.0,0,40.100286020833856,0.39446298121795953,0.39120455009837773,15.687414351596574,0.19421448012162704,22.510220775744884,0.0,15.687414351596574,,20.32124761530196,15.687414351596574,-2.3125856484034255,2.3125856484034255,15.0
2026-04-09,afternoon,5,140,3.0,3.0,2026-04-10 05:00:00+03:00,4,4,0,0.0,0.0,0.0,1.0,1.9148542155126764,5.0,0.0,0.0,0.0,0.0,0.0,-0.7071067811865475,-0.7071067811865477,4.0,0.75,low,0.26666666666666666,0.5867246021995556,0.30494505494505497,0.6410027846862126,0.14722440258154545,0.0,3.831578947368421,-0.30494505494505497,1.0,1,2.605008852716836,0.18533681438521885,0.26464194615653136,0.6893946125379764,0.370475518510087,1.1936662969934897,0.0,0.6893946125379764,,0.1944192130967498,0.6893946125379764,-2.3106053874620236,2.3106053874620236,1.0
2026-03-25,lunch,4,26,18.0,4.0,2026-03-26 04:00:00+03:00,3,3,0,17.0,16.0,12.0,12.857142857142858,4.4131837120372,18.0,0.0,0.0,0.0,1.22680412371134,5.0,1.2246467991473532e-16,-1.0,42.0,0.42857142857142855,medium,6.941311325080238,5.5889179275364755,15.826446280991735,5.194574867535046,0.38014555485808005,1.0103143418467584,1.0697445972495088,1.1735537190082646,22.0,0,40.089848477265576,0.39057994074629515,0.3913745401257648,15.690146011501406,0.1352004356362751,21.038583377297503,0.0,15.690146011501406,,19.26340061906788,15.690146011501406,-2.3098539884985936,2.3098539884985936,15.0
2026-03-13,dinner,6,124,3.0,3.0,2026-03-14 06:00:00+03:00,5,3,1,1.0,0.0,1.0,0.7142857142857143,1.1126972805283737,3.0,0.0,0.0,0.0,0.5833333333333333,0.0,-1.0,-1.8369701987210297e-16,4.0,0.75,low,0.21550302363936227,0.5921761691970474,0.3791208791208791,0.7779348919362,0.17861721611721612,0.7250996015936255,2.1752988047808763,0.6208791208791209,1.0,1,1.7454365909683596,0.21821698049094246,0.3962789232953414,0.6916797329492328,0.4767827451636648,1.642392338723866,0.0,0.6916797329492328,,0.2690223574601472,0.6916797329492328,-2.3083202670507674,2.3083202670507674,1.0
2026-02-14,lunch,4,69,68.0,4.0,2026-02-15 04:00:00+03:00,6,2,1,78.0,62.0,55.0,48.714285714285715,16.780090243244473,78.0,0.0,0.0,0.0,1.5689655172413792,23.0,1.2246467991473532e-16,-1.0,182.0,0.37362637362637363,mega,25.709899175068745,15.187584008448223,49.92032967032967,11.401837554339034,0.32250586815508425,1.5318046938224978,1.5318046938224978,28.07967032967033,65.0,1,173.88443703950537,0.3394106389307757,0.3318948931871767,57.71135665813898,0.47227491918407316,69.48630092416299,1.0,65.95381764435578,63.795516040055794,63.09934461954655,65.69409500521934,-2.3059049947806614,2.3059049947806614,49.0
2026-01-24,lunch,4,115,23.0,4.0,2026-01-25 04:00:00+03:00,6,1,1,23.0,24.0,10.0,19.0,4.864839839775474,24.0,0.0,0.0,0.0,1.15,13.0,1.2246467991473532e-16,-1.0,64.0,0.359375,medium,8.859724950884086,7.0585746120055335,21.186813186813186,5.342613320180643,0.3419472329595375,1.0366518078256564,1.0817236255572065,1.8131868131868139,28.0,0,59.67175284013016,0.35439785364258414,0.34686039714594996,20.697767888522517,0.03759526165745052,24.812999547375593,0.0,20.697767888522517,,21.643772394734423,20.697767888522517,-2.3022321114774833,2.3022321114774833,15.0
2026-02-02,lunch,4,130,3.0,4.0,2026-02-03 04:00:00+03:00,1,2,0,1.0,2.0,1.0,0.8571428571428571,0.8997354108424372,2.0,0.0,0.0,0.0,0.5384615384615384,0.0,1.2246467991473532e-16,-1.0,5.0,0.6,low,0.2508250825082508,0.5792332445185113,0.349862258953168,0.694428285684288,0.16730289912108093,0.7408163265306122,1.4816326530612245,0.650137741046832,1.0,1,2.411480665527542,0.22008138769728447,0.28943288696643804,0.6979618108873838,0.4083482938837799,1.3657616309839966,0.0,0.6979618108873838,,0.4842327550279799,0.6979618108873838,-2.3020381891126163,2.3020381891126163,1.0
2026-02-14,lunch,4,30,40.0,4.0,2026-02-15 04:00:00+03:00,6,2,1,40.0,33.0,36.0,29.571428571428573,7.367883976130085,40.0,0.0,0.0,0.0,1.308411214953271,4.0,1.2246467991473532e-16,-1.0,100.0,0.4,high,13.703483043079743,8.347813742646773,27.502747252747252,6.67320559196118,0.33448548715889054,1.4033734939759037,1.4033734939759037,12.497252747252748,35.69999999999999,1,98.47951456584939,0.34203206835301414,0.3337761596292554,32.870114173942525,0.33983367299810896,40.52234936777356,1.0,38.22667880962425,34.79562149084083,33.90588255156837,37.698357345803075,-2.3016426541969253,2.3016426541969253,31.0
2026-03-22,lunch,4,115,24.0,4.0,2026-03-23 04:00:00+03:00,0,3,0,17.0,18.0,18.0,17.714285714285715,3.251373336211722,21.0,0.0,0.0,0.0,0.9083969465648855,-1.0,1.2246467991473532e-16,-1.0,52.0,0.46153846153846156,medium,8.859724950884086,7.0585746120055335,21.186813186813186,5.342613320180643,0.3419472329595375,0.7662209014363547,0.9465081723625558,-4.186813186813186,28.0,0,62.831707757617764,0.3478593856371124,0.34534925981340386,21.6988837669054,0.14120219333697598,25.570112062334942,0.0,21.6988837669054,,26.498223564610235,21.6988837669054,-2.3011162330946,2.3011162330946,15.0
2026-02-26,lunch,4,2,19.0,4.0,2026-02-27 04:00:00+03:00,4,2,0,24.0,25.0,22.0,22.0,7.65941686205071,35.0,0.0,0.0,0.0,1.0434782608695652,2.0,1.2246467991473532e-16,-1.0,69.0,0.2753623188405797,medium,7.919532324621733,6.1652836583747,19.313186813186814,5.6393678951648205,0.3040886563507092,1.181498512307276,1.7230186637814444,4.686813186813186,26.0,0,69.21457363668333,0.31192846880898567,0.3077531699867532,21.301004445970847,0.2694926367979414,27.125013105477777,0.0,21.301004445970847,,24.692434932162858,21.301004445970847,2.3010044459708467,2.3010044459708467,15.0
2026-01-26,lunch,4,146,3.0,4.0,2026-01-27 04:00:00+03:00,1,1,0,0.0,0.0,0.0,0.8571428571428571,1.4638501094227998,4.0,0.0,0.0,0.0,0.0,0.0,1.2246467991473532e-16,-1.0,3.0,1.0,low,0.3294279807029635,0.8281818162964744,0.8126721763085399,1.1409767406137137,0.39406222794652546,0.0,2.2066869300911858,-0.8126721763085399,2.0,1,1.1130736239605388,0.34726437740720206,0.630154687465438,0.7014085616328758,0.1779557845965847,2.194531818256568,0.0,0.7014085616328758,,1.0286901630990128,0.7014085616328758,-2.298591438367124,2.298591438367124,1.0
2026-03-12,lunch,4,6,31.0,4.0,2026-03-13 04:00:00+03:00,4,3,0,26.0,23.0,20.0,23.857142857142858,3.0237157840739504,29.0,0.0,0.0,0.0,1.0459770114942528,6.0,1.2246467991473532e-16,-1.0,83.0,0.37349397590361444,medium,10.223521320495186,7.858411454975636,25.560439560439562,7.174655102463964,0.31008066999141487,0.9788994621431526,1.0918494000827472,0.439560439560438,34.0,0,92.292492513373,0.3199486980980685,0.3109856390525078,28.701639764020097,0.1656005542310719,32.02710237907272,0.0,28.701639764020097,,31.99129894590976,28.701639764020097,-2.298360235979903,2.298360235979903,15.0
2026-03-07,dinner,6,131,3.0,3.0,2026-03-08 06:00:00+03:00,6,3,1,0.0,1.0,0.0,0.2857142857142857,0.48795003647426666,1.0,0.0,0.0,0.0,0.0,0.0,-1.0,-1.8369701987210297e-16,5.0,0.6,low,0.15359926639156352,0.44800487677495243,0.3021978021978022,0.586247913782121,0.180690737833595,0.0,0.7679324894514767,-0.3021978021978022,1.0,1,1.8526602374314405,0.21312880796099917,0.3790302899573475,0.7022143469860872,0.37862083304516964,1.3826900045340569,0.0,0.7022143469860872,,0.20418779229062256,0.7022143469860872,-2.297785653013913,2.297785653013913,1.0
2026-03-26,afternoon,5,131,3.0,3.0,2026-03-27 05:00:00+03:00,4,3,0,0.0,0.0,0.0,0.42857142857142855,0.7867957924694428,2.0,0.0,0.0,0.0,0.0,0.0,-0.7071067811865475,-0.7071067811865477,6.0,0.5,low,0.15359926639156352,0.44800487677495243,0.29395604395604397,0.6288445464717665,0.15797357404500262,0.0,1.5456475583864118,-0.29395604395604397,1.0,1,2.670184765333387,0.1806211107963105,0.26327706744276047,0.7029984145473096,0.3636471192380584,1.0258477216843662,0.0,0.7029984145473096,,0.2712649039626784,0.7029984145473096,-2.2970015854526906,2.2970015854526906,1.0
2026-03-05,afternoon,5,131,3.0,3.0,2026-03-06 05:00:00+03:00,4,3,0,0.0,1.0,0.0,0.7142857142857143,0.7559289460184545,2.0,0.0,0.0,0.0,0.0,0.0,-0.7071067811865475,-0.7071067811865477,4.0,0.75,low,0.15359926639156352,0.44800487677495243,0.29395604395604397,0.6288445464717665,0.15797357404500262,0.0,1.5456475583864118,-0.29395604395604397,1.0,1,2.4324633355134417,0.19550102820122045,0.2941163548221675,0.7154272494797845,0.39072406409369054,1.1189283161737809,0.0,0.7154272494797845,,0.24200182484250046,0.7154272494797845,-2.2845727505202156,2.2845727505202156,1.0
2026-04-10,lunch,4,25,16.0,4.0,2026-04-11 04:00:00+03:00,5,4,1,17.0,18.0,19.0,16.428571428571427,2.149196970742267,19.0,0.0,0.0,0.0,0.9754098360655739,-2.0,1.2246467991473532e-16,-1.0,47.0,0.3404255319148936,medium,7.156736938588451,5.584595796433097,15.87087912087912,5.024165108521969,0.36929438528740477,1.0076534766324703,1.1262009444715844,1.1291208791208796,21.69999999999999,0,38.918034680885604,0.3562660069833932,0.35274473341555573,13.728131768566346,0.24770562003429827,23.172281110294644,0.0,13.728131768566346,,18.149357060874486,13.728131768566346,-2.271868231433654,2.271868231433654,15.0
2026-02-05,lunch,4,296,3.0,4.0,2026-02-06 04:00:00+03:00,4,2,0,2.0,0.0,0.0,0.5714285714285714,0.7867957924694436,2.0,0.0,0.0,0.0,1.2727272727272727,2.0,1.2246467991473532e-16,-1.0,3.0,1.0,low,0.33933933933933935,0.6683904316040283,0.4096774193548387,0.6706297280724652,0.20700716845878134,1.4187643020594967,1.4187643020594967,1.5903225806451613,1.0,1,3.075363070656901,0.1921733572064956,0.23811951575044144,0.7323039651416119,0.43317485018705665,1.5205006474690936,0.0,0.7323039651416119,,0.4821577991257446,0.7323039651416119,-2.267696034858388,2.267696034858388,1.0
2026-02-10,lunch,4,126,29.0,4.0,2026-02-11 04:00:00+03:00,2,2,0,32.0,25.0,26.0,23.0,7.6594168620507,32.0,0.0,0.0,0.0,1.3333333333333333,6.0,1.2246467991473532e-16,-1.0,61.0,0.47540983606557374,medium,8.943396226415095,8.296270027256874,23.39669421487603,7.377896665537009,0.36997738876250647,1.3116531165311653,1.3116531165311653,8.603305785123968,33.0,0,69.75614824353802,0.3879692232838716,0.3833537143117869,26.741278525243928,0.274936242250452,34.255266200086794,0.0,26.741278525243928,,30.281409975838997,26.741278525243928,-2.258721474756072,2.258721474756072,15.0
2026-01-30,lunch,4,2,18.0,4.0,2026-01-31 04:00:00+03:00,5,1,1,26.0,18.0,19.0,19.285714285714285,3.0394235042348168,26.0,0.0,0.0,0.0,1.2816901408450705,7.0,1.2246467991473532e-16,-1.0,65.0,0.27692307692307694,medium,7.919532324621733,6.1652836583747,19.313186813186814,5.6393678951648205,0.3040886563507092,1.2799567216662158,1.2799567216662158,6.686813186813186,26.0,0,65.67997665842216,0.3259692107980212,0.3084260650060424,20.257416750445863,0.14043939960210736,24.522336391456587,0.0,20.257416750445863,,20.779893576898555,20.257416750445863,2.257416750445863,2.257416750445863,15.0
2026-02-09,lunch,4,26,15.0,4.0,2026-02-10 04:00:00+03:00,1,2,0,13.0,15.0,17.0,16.571428571428573,2.2253945610567527,20.0,0.0,0.0,0.0,0.7398373983739837,-4.0,1.2246467991473532e-16,-1.0,45.0,0.3333333333333333,medium,6.941311325080238,5.5889179275364755,15.826446280991735,5.194574867535046,0.38014555485808005,0.7725933202357564,1.1886051080550097,-2.8264462809917354,22.0,0,44.39356493573987,0.38853983018337857,0.38854824195019994,17.249041609683765,0.16573341821693238,22.579595095425688,0.0,17.249041609683765,,20.318752063091814,17.249041609683765,2.249041609683765,2.249041609683765,15.0
2026-04-08,morning,3,126,15.0,2.0,2026-04-09 03:00:00+03:00,3,4,0,13.0,9.0,11.0,11.142857142857142,2.911389784311001,16.0,0.0,0.0,0.0,1.0705882352941176,2.0,0.7071067811865476,-0.7071067811865475,72.0,0.20833333333333334,medium,8.943396226415095,8.296270027256874,11.534435261707989,3.7091493415132546,0.18641640460775238,1.0371428571428571,1.2764835164835164,1.4655647382920112,16.0,0,70.30517606280206,0.18497098531547454,0.18146488118115148,12.757920420656312,0.16410885161878347,16.13631653400339,0.0,12.757920420656312,,30.617789094936843,12.757920420656312,-2.242079579343688,2.242079579343688,15.0
2026-03-16,lunch,4,115,20.0,4.0,2026-03-17 04:00:00+03:00,1,3,0,18.0,14.0,20.0,16.714285714285715,2.4299715851758275,20.0,0.0,0.0,0.0,1.0161290322580645,-2.0,1.2246467991473532e-16,-1.0,52.0,0.38461538461538464,medium,8.859724950884086,7.0585746120055335,21.186813186813186,5.342613320180643,0.3419472329595375,0.8112927191679049,0.9014363546310055,-3.186813186813186,28.0,0,64.36500263331007,0.3476316707299123,0.34545242762123013,22.235046413523833,0.10089484899559156,24.959889473996416,0.0,22.235046413523833,,25.72358059900108,22.235046413523833,2.2350464135238326,2.2350464135238326,15.0
2026-03-20,lunch,4,434,20.0,4.0,2026-03-21 04:00:00+03:00,5,3,1,17.0,15.0,18.0,16.571428571428573,1.2724180205607094,18.0,0.0,0.0,0.0,0.9674796747967479,-1.0,1.2246467991473532e-16,-1.0,53.0,0.37735849056603776,medium,7.621359223300971,6.761882045397149,16.980392156862745,6.830783838121162,0.3594009148733045,0.945474372955289,1.0010905125408942,0.019607843137254832,24.0,0,60.838787435158885,0.34516700546236684,0.3654345983906338,22.232597852940426,0.31419502860557436,24.543521941151376,0.0,22.232597852940426,,24.562300070267437,22.232597852940426,2.232597852940426,2.232597852940426,15.0
2026-02-06,lunch,4,30,34.0,4.0,2026-02-07 04:00:00+03:00,5,2,1,34.0,31.0,34.0,27.428571428571427,6.241184258807069,34.0,0.0,0.0,0.0,1.1959798994974875,0.0,1.2246467991473532e-16,-1.0,78.0,0.4358974358974359,high,13.703483043079743,8.347813742646773,27.502747252747252,6.67320559196118,0.33448548715889054,1.192867469879518,1.192867469879518,6.497252747252748,35.69999999999999,0,95.57178073376454,0.3416305470793894,0.33625209683080814,32.13621166958256,0.29408075574339954,38.70292828987142,1.0,36.73291330378476,33.13908325638035,33.0860089824102,36.23245515372591,2.2324551537259083,2.2324551537259083,31.0
2026-02-14,lunch,4,6,26.0,4.0,2026-02-15 04:00:00+03:00,6,2,1,29.0,27.0,15.0,26.142857142857142,5.756983337031445,33.0,0.0,0.0,0.0,1.068421052631579,14.0,1.2246467991473532e-16,-1.0,80.0,0.325,medium,10.223521320495186,7.858411454975636,25.560439560439562,7.174655102463964,0.31008066999141487,1.0918494000827472,1.2424493173355398,3.439560439560438,34.0,0,80.28833284013815,0.3114414689218168,0.2960788622656461,23.771678240513616,0.08363843184256205,30.83740099767445,0.0,23.771678240513616,,25.56282157832975,23.771678240513616,-2.2283217594863842,2.2283217594863842,15.0
2026-02-11,lunch,4,6,29.0,4.0,2026-02-12 04:00:00+03:00,3,2,0,23.0,27.0,30.0,24.285714285714285,6.550172662209952,33.0,0.0,0.0,0.0,0.9096045197740114,-7.0,1.2246467991473532e-16,-1.0,93.0,0.3118279569892473,medium,10.223521320495186,7.858411454975636,25.560439560439562,7.174655102463964,0.31008066999141487,0.8659495242035581,1.2424493173355398,-2.560439560439562,34.0,0,82.84581964558303,0.3275783813482439,0.32315615605871206,26.772136622199945,0.12158697701435091,34.130252106080846,0.0,26.772136622199945,,30.930021214541327,26.772136622199945,-2.2278633778000554,2.2278633778000554,15.0
2026-01-29,dinner,6,131,3.0,3.0,2026-01-30 06:00:00+03:00,4,1,0,1.0,0.0,0.0,0.2857142857142857,0.48795003647426655,1.0,0.0,0.0,0.0,0.7777777777777779,1.0,-1.0,-1.8369701987210297e-16,5.0,0.6,low,0.15359926639156352,0.44800487677495243,0.3021978021978022,0.586247913782121,0.180690737833595,0.7679324894514767,0.7679324894514767,0.6978021978021978,1.0,1,2.1479227114626545,0.24822357314435128,0.36105522359798675,0.7755187148583427,0.42972436341804005,1.206510414889916,0.0,0.7755187148583427,,0.2158989646757657,0.7755187148583427,-2.2244812851416573,2.2244812851416573,1.0
2026-04-11,afternoon,5,140,3.0,3.0,2026-04-12 05:00:00+03:00,6,4,1,2.0,3.0,5.0,1.4285714285714286,1.9880595947760098,5.0,0.0,0.0,0.0,0.8235294117647058,-3.0,-0.7071067811865475,-0.7071067811865477,3.0,1.0,low,0.26666666666666666,0.5867246021995556,0.30494505494505497,0.6410027846862126,0.14722440258154545,1.5326315789473683,3.831578947368421,1.695054945054945,1.0,1,2.684332288826712,0.23573446268941967,0.2915024843149439,0.782489530919806,0.5827690514621746,2.321834939536256,0.0,0.782489530919806,,0.3059750413986216,0.782489530919806,-2.217510469080194,2.217510469080194,1.0
2026-02-17,lunch,4,6,27.0,4.0,2026-02-18 04:00:00+03:00,2,2,0,30.0,27.0,23.0,27.285714285714285,2.3603873774084385,30.0,0.0,0.0,0.0,1.0606060606060606,7.0,1.2246467991473532e-16,-1.0,88.0,0.3068181818181818,medium,10.223521320495186,7.858411454975636,25.560439560439562,7.174655102463964,0.31008066999141487,1.1294993793959454,1.1294993793959454,4.439560439560438,34.0,0,95.33219589365119,0.3249192827419407,0.30647967322178005,29.21738024500094,0.1715460572034911,33.61247029023981,0.0,29.21738024500094,,32.41487900735486,29.21738024500094,2.217380245000939,2.217380245000939,15.0
2026-02-14,lunch,4,296,3.0,4.0,2026-02-15 04:00:00+03:00,6,2,1,2.0,1.0,1.0,0.8571428571428571,0.6900655593423545,2.0,0.0,0.0,0.0,1.0769230769230769,1.0,1.2246467991473532e-16,-1.0,4.0,0.75,low,0.33933933933933935,0.6683904316040283,0.4096774193548387,0.6706297280724652,0.20700716845878134,1.4187643020594967,1.4187643020594967,1.5903225806451613,1.0,1,2.6027664119489877,0.21706368273584106,0.30149710244185896,0.7847265315356137,0.45537005939982883,1.813904647488025,0.0,0.7847265315356137,,0.5600156930390465,0.7847265315356137,-2.215273468464386,2.215273468464386,1.0
2026-03-24,lunch,4,2,24.0,4.0,2026-03-25 04:00:00+03:00,2,3,0,18.0,17.0,20.0,17.428571428571427,2.507132682111951,21.0,0.0,0.0,0.0,0.9767441860465117,-2.0,1.2246467991473532e-16,-1.0,81.0,0.2962962962962963,medium,7.919532324621733,6.1652836583747,19.313186813186814,5.6393678951648205,0.3040886563507092,0.8861238842304571,1.0338111982688667,-1.3131868131868139,26.0,0,74.02563795609906,0.29942783066991624,0.2943726059556338,21.79111995266516,0.134581814825038,25.20021237504272,0.0,21.79111995266516,,24.392384143555017,21.79111995266516,-2.2088800473348407,2.2088800473348407,15.0
2026-03-16,dinner,6,122,3.0,3.0,2026-03-17 06:00:00+03:00,1,3,0,2.0,0.0,0.0,1.0,1.5275252316519468,4.0,0.0,0.0,0.0,1.0,2.0,-1.0,-1.8369701987210297e-16,4.0,0.75,low,0.2953795379537954,0.5918085059504988,0.6593406593406593,0.7816036382130546,0.3642464678178964,1.2052980132450333,2.4105960264900665,1.3406593406593408,2.0,1,1.895074018218293,0.29287728262636276,0.4175378068325058,0.7912650493521302,0.14128049826960093,1.8705009579154108,0.0,0.7912650493521302,,0.27863135989868937,0.7912650493521302,-2.20873495064787,2.20873495064787,1.0
2026-04-07,lunch,4,2,23.0,4.0,2026-04-08 04:00:00+03:00,2,4,0,23.0,17.0,15.0,18.714285714285715,6.01980857154901,30.0,0.0,0.0,0.0,1.1666666666666665,8.0,1.2246467991473532e-16,-1.0,79.0,0.2911392405063291,medium,7.919532324621733,6.1652836583747,19.313186813186814,5.6393678951648205,0.3040886563507092,1.1322694076278064,1.4768731403840951,3.686813186813186,26.0,0,69.84625999843529,0.2986851503864081,0.29776946607689136,20.79808354720181,0.20842487334684554,24.86843803614733,0.0,20.79808354720181,,24.52885826786622,20.79808354720181,-2.2019164527981907,2.2019164527981907,15.0
2026-02-01,lunch,4,434,17.0,4.0,2026-02-02 04:00:00+03:00,0,2,0,20.0,13.0,17.0,15.428571428571429,2.6367367999823155,20.0,0.0,0.0,0.0,1.217391304347826,3.0,1.2246467991473532e-16,-1.0,50.0,0.34,medium,7.621359223300971,6.761882045397149,16.980392156862745,6.830783838121162,0.3594009148733045,1.1123227917121046,1.1123227917121046,3.019607843137255,24.0,0,52.584490776930515,0.36455776789395333,0.365099576125115,19.19857529341235,0.164178339853085,23.877884779294323,0.0,19.19857529341235,,20.786972536287095,19.19857529341235,2.1985752934123504,2.1985752934123504,15.0
2026-04-10,afternoon,5,41,3.0,3.0,2026-04-11 05:00:00+03:00,5,4,1,3.0,0.0,0.0,0.42857142857142855,1.1338934190276817,3.0,0.0,0.0,0.0,2.1,3.0,-0.7071067811865475,-0.7071067811865477,11.0,0.2727272727272727,low,0.045242537313432835,0.2561529104331575,0.058823529411764705,0.25836948698397455,0.04335067360277444,2.8333333333333335,2.8333333333333335,2.9411764705882355,0.0,1,2.0260220321618725,0.1837342669326909,0.3961904167152447,0.8026905131964791,0.9991506230516672,0.6104007701429559,0.0,0.8026905131964791,,0.1645116832038335,0.8026905131964791,-2.197309486803521,2.197309486803521,1.0
2026-02-14,afternoon,5,130,3.0,3.0,2026-02-15 05:00:00+03:00,6,2,1,1.0,0.0,0.0,0.5714285714285714,0.7867957924694434,2.0,0.0,0.0,0.0,0.6363636363636364,1.0,-0.7071067811865475,-0.7071067811865477,9.0,0.3333333333333333,low,0.2508250825082508,0.5792332445185113,0.3269230769230769,0.6682408834874293,0.1565410779696494,0.7536231884057971,1.5072463768115942,0.6730769230769231,1.0,1,3.1651234641350072,0.19411835359655938,0.25865834009181926,0.8186855814188299,0.38703401850397456,1.2251290151032723,0.0,0.8186855814188299,,0.6113041040473499,0.8186855814188299,-2.18131441858117,2.18131441858117,1.0
2026-01-31,dinner,6,139,3.0,3.0,2026-02-01 06:00:00+03:00,6,2,1,3.0,1.0,0.0,0.8571428571428571,1.2149857925879117,3.0,0.0,0.0,0.0,1.6153846153846154,3.0,-1.0,-1.8369701987210297e-16,5.0,0.6,low,0.28473177441540576,0.657489566091835,0.37637362637362637,0.6750916949999366,0.20111064530707387,2.179640718562874,2.179640718562874,2.6236263736263736,1.0,1,3.3845450239143102,0.2112130923804894,0.2422215440704669,0.8198097216685395,0.48126895689065774,1.9151079074792339,0.0,0.8198097216685395,,0.6759789172628249,0.8198097216685395,-2.1801902783314606,2.1801902783314606,1.0
2026-02-14,lunch,4,2,21.0,4.0,2026-02-15 04:00:00+03:00,6,2,1,23.0,18.0,18.0,19.285714285714285,2.138089935299354,23.0,0.0,0.0,0.0,1.1338028169014085,5.0,1.2246467991473532e-16,-1.0,53.0,0.39622641509433965,medium,7.919532324621733,6.1652836583747,19.313186813186814,5.6393678951648205,0.3040886563507092,1.1322694076278064,1.1322694076278064,3.686813186813186,26.0,0,63.69906585226723,0.31243205511280914,0.2954595569888875,18.820497777316845,0.22641312080073564,25.46983640549722,0.0,18.820497777316845,,23.103845117788143,18.820497777316845,-2.179502222683155,2.179502222683155,15.0
2026-02-12,afternoon,5,100,3.0,3.0,2026-02-13 05:00:00+03:00,4,2,0,0.0,0.0,0.0,0.0,0.0,0.0,0.0,0.0,0.0,0.0,0.0,-0.7071067811865475,-0.7071067811865477,5.0,0.6,low,0.2676290949472515,0.6096459702316419,0.4305555555555556,0.7689371329658423,0.22279761904761905,0.0,0.0,-0.4305555555555556,1.0,1,3.2024421775485172,0.1865517471386587,0.2575603349296792,0.8248220798423274,0.33345797741498384,1.349996055167198,0.0,0.8248220798423274,,0.39762643089451966,0.8248220798423274,-2.1751779201576724,2.1751779201576724,1.0
2026-02-13,lunch,4,29,39.0,4.0,2026-02-14 04:00:00+03:00,5,2,1,32.0,46.0,34.0,34.0,7.094598884597602,46.0,0.0,0.0,0.0,0.9142857142857143,-2.0,1.2246467991473532e-16,-1.0,128.0,0.3046875,high,16.77201257861635,11.447047939359384,39.06611570247934,7.990742783350609,0.33541085213730065,0.7986798679867987,1.148102310231023,-7.066115702479337,49.0,0,118.52237281525251,0.3367834883008864,0.3383525124946479,40.10234262886804,0.1421517046763199,46.75484810771323,0.0,40.10234262886804,42.47256666400762,44.37807596885446,41.171275963864645,2.1712759638646446,2.1712759638646446,31.0
2026-02-18,dinner,6,139,3.0,3.0,2026-02-19 06:00:00+03:00,3,2,0,1.0,0.0,1.0,1.8571428571428572,2.734262327610589,8.0,0.0,0.0,0.0,0.35,0.0,-1.0,-1.8369701987210297e-16,7.0,0.42857142857142855,low,0.28473177441540576,0.657489566091835,0.37637362637362637,0.6750916949999366,0.20111064530707387,0.7265469061876247,5.812375249500998,0.6236263736263736,1.0,1,2.927434424863776,0.1885257743600661,0.2863749536168455,0.8383438976367207,0.3028784331906094,1.8662016555562229,0.0,0.8383438976367207,,0.573853044296686,0.8383438976367207,-2.1616561023632794,2.1616561023632794,1.0
2026-03-20,lunch,4,123,20.0,4.0,2026-03-21 04:00:00+03:00,5,3,1,25.0,29.0,14.0,25.571428571428573,5.883795341363251,32.0,0.0,0.0,0.0,0.9408602150537634,11.0,1.2246467991473532e-16,-1.0,31.0,0.6451612903225806,medium,9.529330889092575,10.038386270221814,26.01923076923077,8.949331720839782,0.4426367956090107,0.9252669039145908,1.184341637010676,-1.01923076923077,36.0,0,47.54484357904519,0.4568975708475563,0.4660263671541233,22.157150730053477,0.01615071344759988,29.80763698841734,0.0,22.157150730053477,,25.772796644072173,22.157150730053477,2.157150730053477,2.157150730053477,15.0
2026-02-04,lunch,4,123,25.0,4.0,2026-02-05 04:00:00+03:00,3,2,0,34.0,26.0,28.0,25.857142857142858,7.4705772072527274,35.0,0.0,0.0,0.0,1.2659574468085106,6.0,1.2246467991473532e-16,-1.0,53.0,0.4716981132075472,medium,9.529330889092575,10.038386270221814,26.01923076923077,8.949331720839782,0.4426367956090107,1.2583629893238433,1.295373665480427,7.98076923076923,36.0,0,59.56590364561274,0.44313239419531053,0.4558004960696857,27.15016843050939,0.25811911644025365,37.36275021900832,0.0,27.15016843050939,,33.1646091076504,27.15016843050939,2.150168430509389,2.150168430509389,15.0
2026-04-02,dinner,6,131,3.0,3.0,2026-04-03 06:00:00+03:00,4,4,0,0.0,0.0,2.0,0.42857142857142855,0.7867957924694432,2.0,0.0,0.0,0.0,0.0,-2.0,-1.0,-1.8369701987210297e-16,3.0,1.0,low,0.15359926639156352,0.44800487677495243,0.3021978021978022,0.586247913782121,0.180690737833595,0.0,1.5358649789029535,-0.3021978021978022,1.0,1,2.4233741960337376,0.24256360170360797,0.35329023236486673,0.8561544328237812,0.4625403784873874,1.334488268098795,0.0,0.8561544328237812,,0.23905057986419026,0.8561544328237812,-2.1438455671762187,2.1438455671762187,1.0
2026-01-26,afternoon,5,6,17.0,3.0,2026-01-27 05:00:00+03:00,1,1,0,18.0,9.0,19.0,14.714285714285714,4.231401884099621,20.0,0.0,0.0,0.0,1.1454545454545455,-1.0,-0.7071067811865475,-0.7071067811865477,92.0,0.18478260869565216,medium,10.223521320495186,7.858411454975636,14.112637362637363,4.041241206698928,0.17560393845596073,1.1910561716051626,1.3233957462279584,3.887362637362637,19.0,0,79.33711905276073,0.18959494724890413,0.187282284689541,14.858436916887142,0.1668675287967157,19.255152547534497,0.0,14.858436916887142,,27.30986353045474,14.858436916887142,-2.1415630831128585,2.1415630831128585,15.0
2026-03-21,lunch,4,115,17.0,4.0,2026-03-22 04:00:00+03:00,6,3,1,18.0,21.0,14.0,17.285714285714285,3.545621041711672,21.0,0.0,0.0,0.0,0.984375,4.0,1.2246467991473532e-16,-1.0,55.0,0.3090909090909091,medium,8.859724950884086,7.0585746120055335,21.186813186813186,5.342613320180643,0.3419472329595375,0.8112927191679049,0.9465081723625558,-3.186813186813186,28.0,0,56.49969131863079,0.3349056642788839,0.3387510466989191,19.13932957235201,0.07214313389674802,24.26039272020315,0.0,19.13932957235201,,22.679525211714015,19.13932957235201,2.139329572352011,2.139329572352011,15.0
2026-03-07,dinner,6,139,3.0,3.0,2026-03-08 06:00:00+03:00,6,3,1,0.0,0.0,3.0,0.5714285714285714,1.133893419027681,3.0,0.0,0.0,0.0,0.0,-3.0,-1.0,-1.8369701987210297e-16,9.0,0.3333333333333333,low,0.28473177441540576,0.657489566091835,0.37637362637362637,0.6750916949999366,0.20111064530707387,0.0,2.179640718562874,-0.37637362637362637,1.0,1,2.7913559511012154,0.23924380318245075,0.3101964177497107,0.8658686166959336,0.45842890614041476,1.7594557286069055,0.0,0.8658686166959336,,0.5684998186222907,0.8658686166959336,-2.1341313833040663,2.1341313833040663,1.0
2026-02-12,lunch,4,10,21.0,4.0,2026-02-13 04:00:00+03:00,4,2,0,23.0,24.0,20.0,19.0,7.164728420068227,28.0,0.0,0.0,0.0,1.15,3.0,1.2246467991473532e-16,-1.0,53.0,0.39622641509433965,medium,6.580926180651078,5.576694893105304,15.826446280991735,5.457537267559647,0.3959618663932895,1.3668958742632613,1.6640471512770139,7.1735537190082646,23.0,0,47.550232216085234,0.4079503037672998,0.3969375928287431,18.87447471430062,0.3418074878262602,24.571808146410326,0.0,18.87447471430062,,21.0930530355908,18.87447471430062,-2.1255252856993785,2.1255252856993785,15.0
2026-03-18,lunch,4,123,29.0,4.0,2026-03-19 04:00:00+03:00,3,3,0,27.0,29.0,37.0,27.0,7.234178138070249,37.0,0.0,0.0,0.0,0.9642857142857143,-10.0,1.2246467991473532e-16,-1.0,60.0,0.48333333333333334,medium,9.529330889092575,10.038386270221814,26.01923076923077,8.949331720839782,0.4426367956090107,0.999288256227758,1.3693950177935943,0.98076923076923,36.0,0,68.09238413177903,0.44198802444786844,0.4570399298587272,31.120938467501798,0.2067176386005229,37.40916180659089,0.0,31.120938467501798,,33.24311384021466,31.120938467501798,2.120938467501798,2.120938467501798,15.0
2026-04-10,lunch,4,115,17.0,4.0,2026-04-11 04:00:00+03:00,5,4,1,18.0,13.0,18.0,15.428571428571429,4.540820148282438,21.0,0.0,0.0,0.0,1.0956521739130434,0.0,1.2246467991473532e-16,-1.0,55.0,0.3090909090909091,medium,8.859724950884086,7.0585746120055335,21.186813186813186,5.342613320180643,0.3419472329595375,0.8112927191679049,0.9465081723625558,-3.186813186813186,28.0,0,57.8977904046275,0.33412895138645715,0.33024875285600375,19.120673074246533,0.08298909676892313,24.04965541776992,0.0,19.120673074246533,,22.683514150215256,19.120673074246533,2.1206730742465325,2.1206730742465325,15.0
2026-02-06,lunch,4,434,24.0,4.0,2026-02-07 04:00:00+03:00,5,2,1,18.0,14.0,13.0,15.857142857142858,2.544836041121414,20.0,0.0,0.0,0.0,1.0677966101694916,5.0,1.2246467991473532e-16,-1.0,62.0,0.3870967741935484,medium,7.621359223300971,6.761882045397149,16.980392156862745,6.830783838121162,0.3594009148733045,1.0010905125408942,1.1123227917121046,1.0196078431372548,24.0,1,60.79935544163319,0.35009380467166273,0.3598741304837772,21.880115173531852,0.13308121434037185,23.579814780060453,0.0,21.880115173531852,,23.31874369427499,21.880115173531852,-2.119884826468148,2.119884826468148,15.0
2026-02-26,dinner,6,296,3.0,3.0,2026-02-27 06:00:00+03:00,4,2,0,0.0,0.0,0.0,0.14285714285714285,0.377964473009227,1.0,0.0,0.0,0.0,0.0,0.0,-1.0,-1.8369701987210297e-16,4.0,0.75,low,0.33933933933933935,0.6683904316040283,0.572347266881029,0.8114546605408546,0.2756341550553769,0.0,0.6359918200408998,-0.572347266881029,2.0,1,2.283797654172616,0.3149008935242441,0.3861893936484599,0.8819784312806976,0.15470280844818216,1.408321622462278,0.0,0.8819784312806976,,0.3324488420151758,0.8819784312806976,-2.1180215687193025,2.1180215687193025,1.0
2026-02-14,afternoon,5,434,15.0,3.0,2026-02-15 05:00:00+03:00,6,2,1,14.0,6.0,17.0,12.0,4.966554808583777,19.0,0.0,0.0,0.0,1.0769230769230769,-3.0,-0.7071067811865475,-0.7071067811865477,67.0,0.22388059701492538,medium,7.621359223300971,6.761882045397149,9.76923076923077,4.7179897040648715,0.2155200181716186,1.2999999999999998,1.7642857142857142,4.23076923076923,15.0,1,56.021001141981586,0.22503556381275425,0.23008117090399208,12.889377537961,0.4139954278425575,17.521879202714477,0.0,12.889377537961,,25.453899792761966,12.889377537961,-2.110622462039,2.110622462039,15.0
2026-04-06,lunch,4,434,20.0,4.0,2026-04-07 04:00:00+03:00,1,4,0,12.0,21.0,12.0,16.714285714285715,3.7289089429432227,21.0,0.0,0.0,0.0,0.6774193548387096,0.0,1.2246467991473532e-16,-1.0,49.0,0.40816326530612246,medium,7.621359223300971,6.761882045397149,16.980392156862745,6.830783838121162,0.3594009148733045,0.6673936750272628,1.16793893129771,-4.980392156862745,24.0,0,49.0839744757198,0.34824156405093154,0.36472484831971136,17.902145145585486,0.11845104656598188,23.526767910365805,0.0,17.902145145585486,,22.753695207035314,17.902145145585486,-2.097854854414514,2.097854854414514,15.0
2026-02-24,dinner,6,139,3.0,3.0,2026-02-25 06:00:00+03:00,2,2,0,1.0,4.0,1.0,1.7142857142857142,1.3801311186847083,4.0,0.0,0.0,0.0,0.3684210526315789,0.0,-1.0,-1.8369701987210297e-16,4.0,0.75,low,0.28473177441540576,0.657489566091835,0.37637362637362637,0.6750916949999366,0.20111064530707387,0.7265469061876247,2.906187624750499,0.6236263736263736,1.0,1,3.349881212453348,0.21248025697364675,0.2695519044517422,0.9029668605039113,0.38642555024768266,1.569895865127494,0.0,0.9029668605039113,,0.48099406995407457,0.9029668605039113,-2.0970331394960886,2.0970331394960886,1.0
2026-03-02,lunch,4,1,16.0,4.0,2026-03-03 04:00:00+03:00,1,3,0,19.0,9.0,13.0,13.571428571428571,4.755948656056715,19.0,0.0,0.0,0.0,1.303921568627451,6.0,1.2246467991473532e-16,-1.0,35.0,0.45714285714285713,medium,4.8180943214629455,4.2007427440961616,11.460055096418733,4.104360569877324,0.41188275422050785,1.5248728719876188,1.5248728719876188,7.539944903581267,17.0,0,33.27916446752853,0.42809495390957286,0.4181003265699338,13.914029531848216,0.32807957725208226,18.878364566940146,0.0,13.914029531848216,,15.387625800582818,13.914029531848216,-2.0859704681517837,2.0859704681517837,15.0
2026-02-13,dinner,6,122,3.0,3.0,2026-02-14 06:00:00+03:00,5,2,1,2.0,0.0,1.0,1.0,1.1547005383792515,3.0,0.0,0.0,0.0,1.0,1.0,-1.0,-1.8369701987210297e-16,4.0,0.75,low,0.2953795379537954,0.5918085059504988,0.6593406593406593,0.7816036382130546,0.3642464678178964,1.2052980132450333,1.8079470198675498,1.3406593406593408,2.0,1,2.4350570639349707,0.29671265272022396,0.3768428143596753,0.9176337570996622,0.2565690082750475,2.2407314201095705,0.0,0.9176337570996622,,0.3395235432956512,0.9176337570996622,-2.0823662429003376,2.0823662429003376,1.0
2026-02-28,dinner,6,139,3.0,3.0,2026-03-01 06:00:00+03:00,6,3,1,0.0,0.0,0.0,1.4285714285714286,1.6183471874253739,4.0,0.0,0.0,0.0,0.0,0.0,-1.0,-1.8369701987210297e-16,5.0,0.6,low,0.28473177441540576,0.657489566091835,0.37637362637362637,0.6750916949999366,0.20111064530707387,0.0,2.906187624750499,-0.37637362637362637,1.0,1,2.6763587115171155,0.25746167772593537,0.347797448184758,0.9308307302926997,0.4022557935522337,1.6263267957103373,0.0,0.9308307302926997,,0.373022401507141,0.9308307302926997,-2.0691692697073005,2.0691692697073005,1.0
2026-02-06,lunch,4,69,56.0,4.0,2026-02-07 04:00:00+03:00,5,2,1,46.0,49.0,65.0,49.142857142857146,8.668497975016027,65.0,0.0,0.0,0.0,0.9173789173789173,-19.0,1.2246467991473532e-16,-1.0,168.0,0.3333333333333333,mega,25.709899175068745,15.187584008448223,49.92032967032967,11.401837554339034,0.32250586815508425,0.9033719989209603,1.2765039115187482,-3.9203296703296715,65.0,0,170.21522694106318,0.3267657141002369,0.32321873944178486,55.01675108568778,0.2204227537448589,66.80731062273858,0.0,55.01675108568778,58.216722989232885,67.2076035888663,58.06446421148241,2.0644642114824094,2.0644642114824094,49.0
2026-03-07,morning,3,126,15.0,2.0,2026-03-08 03:00:00+03:00,6,3,1,14.0,22.0,8.0,13.142857142857142,5.785861256216788,22.0,0.0,0.0,0.0,0.98989898989899,6.0,0.7071067811865476,-0.7071067811865475,55.0,0.2727272727272727,medium,8.943396226415095,8.296270027256874,11.534435261707989,3.7091493415132546,0.18641640460775238,1.116923076923077,1.7551648351648352,2.465564738292011,16.0,0,64.34102153949715,0.2002722658848952,0.20107869863229572,12.937608879834595,0.17833897777617458,17.35776293063953,0.0,12.937608879834595,,22.175018958957057,12.937608879834595,-2.0623911201654046,2.0623911201654046,15.0
2026-02-05,afternoon,5,146,3.0,3.0,2026-02-06 05:00:00+03:00,4,2,0,1.0,1.0,0.0,0.2857142857142857,0.4879500364742666,1.0,0.0,0.0,0.0,0.7777777777777779,1.0,-0.7071067811865475,-0.7071067811865477,5.0,0.6,low,0.3294279807029635,0.8281818162964744,0.39669421487603307,0.908638762497119,0.1560409287682015,0.7159763313609467,0.7159763313609467,0.6033057851239669,1.0,1,3.3083786480803927,0.1901866709605231,0.2867815777750464,0.9487820485737701,0.3711528286164194,1.2989857115163463,0.0,0.9487820485737701,,1.0625696754285834,0.9487820485737701,-2.0512179514262296,2.0512179514262296,1.0
2026-03-27,lunch,4,35,35.0,4.0,2026-03-28 04:00:00+03:00,5,3,1,24.0,21.0,43.0,30.285714285714285,7.5655862454997616,43.0,0.0,0.0,0.0,0.767123287671233,-19.0,1.2246467991473532e-16,-1.0,86.0,0.4069767441860465,high,12.99404216315307,8.966106707239911,27.76098901098901,6.366710522390032,0.3561335102986236,0.8344636545992932,1.4950807144904001,-3.760989010989011,37.0,0,91.97950716941928,0.34772008698325163,0.35103788341585795,32.28829151438668,0.23569623283845503,38.58953448101756,0.0,32.28829151438668,32.192458978796125,34.931244972511614,32.94902987891791,-2.050970121082088,2.050970121082088,31.0
2026-03-02,lunch,4,25,17.0,4.0,2026-03-03 04:00:00+03:00,1,3,0,21.0,18.0,23.0,19.0,3.3166247903554193,23.0,0.0,0.0,0.0,1.05,-2.0,1.2246467991473532e-16,-1.0,42.0,0.40476190476190477,medium,7.156736938588451,5.584595796433097,15.87087912087912,5.024165108521969,0.36929438528740477,1.2447484123106987,1.3632958801498127,5.1291208791208796,21.69999999999999,0,50.922808183819676,0.3740983039432526,0.3740795374519849,19.049180531159415,0.3008839318045775,24.50788083232035,0.0,19.049180531159415,,21.548606450241863,19.049180531159415,2.049180531159415,2.049180531159415,15.0
2026-03-24,lunch,4,115,19.0,4.0,2026-03-25 04:00:00+03:00,2,3,0,20.0,24.0,11.0,18.571428571428573,4.035556254807287,24.0,0.0,0.0,0.0,1.021897810218978,9.0,1.2246467991473532e-16,-1.0,49.0,0.3877551020408163,medium,8.859724950884086,7.0585746120055335,21.186813186813186,5.342613320180643,0.3419472329595375,0.9014363546310055,1.0817236255572065,-1.1868131868131861,28.0,0,59.95473443259558,0.3469457557438076,0.3510486893871189,21.04703094511545,0.08002674096631301,25.4187678356828,0.0,21.04703094511545,,26.36814926415371,21.04703094511545,2.0470309451154485,2.0470309451154485,15.0
2026-02-19,dinner,6,9,15.0,3.0,2026-02-20 06:00:00+03:00,4,2,0,9.0,6.0,13.0,10.714285714285714,5.056820005836528,21.0,0.0,0.0,0.0,0.7682926829268293,-4.0,-1.0,-1.8369701987210297e-16,48.0,0.3125,medium,8.026593305823017,5.120585258455439,11.785714285714286,4.220925738382678,0.24758062020767085,0.7039106145251396,1.6424581005586592,-2.7857142857142865,17.0,0,50.42401484738632,0.2588422427904258,0.2568923237201281,12.953542345443312,0.19416727266608788,16.783042517069333,0.0,12.953542345443312,,13.613920213817599,12.953542345443312,-2.046457654556688,2.046457654556688,15.0
2026-01-30,dinner,6,139,3.0,3.0,2026-01-31 06:00:00+03:00,5,1,1,1.0,2.0,1.0,0.5714285714285714,0.7867957924694432,2.0,0.0,0.0,0.0,0.6363636363636364,0.0,-1.0,-1.8369701987210297e-16,10.0,0.3,low,0.28473177441540576,0.657489566091835,0.37637362637362637,0.6750916949999366,0.20111064530707387,0.7265469061876247,1.4530938123752495,0.6236263736263736,1.0,1,3.0624212641733104,0.2357677254001765,0.31165854281175537,0.9544297486679877,0.49662806525645126,1.6560796283064523,0.0,0.9544297486679877,,0.5189262175836151,0.9544297486679877,-2.045570251332012,2.045570251332012,1.0
