location_id,segment_datetime,segment,time_segment,orders_count,prediction,error,abs_error
443,2026-04-06 04:00:00+03:00,low,lunch,43.0,1.9761096458289709,-41.02389035417103,41.02389035417103
29,2026-04-18 02:00:00+03:00,high,early_morning,0.0,27.522272369087062,27.522272369087062,27.522272369087062
29,2026-04-14 02:00:00+03:00,high,early_morning,1.0,27.29280676201105,26.29280676201105,26.29280676201105
29,2026-04-17 02:00:00+03:00,high,early_morning,0.0,24.70653025319611,24.70653025319611,24.70653025319611
29,2026-04-19 02:00:00+03:00,high,early_morning,0.0,24.472860785813296,24.472860785813296,24.472860785813296
29,2026-04-15 02:00:00+03:00,high,early_morning,0.0,24.38702192771196,24.38702192771196,24.38702192771196
29,2026-04-16 02:00:00+03:00,high,early_morning,0.0,24.297096494885018,24.297096494885018,24.297096494885018
29,2026-04-22 02:00:00+03:00,high,early_morning,1.0,24.38702192771196,23.38702192771196,23.38702192771196
29,2026-04-21 02:00:00+03:00,high,early_morning,1.0,24.346443433235297,23.346443433235297,23.346443433235297
29,2026-04-23 02:00:00+03:00,high,early_morning,1.0,24.297096494885018,23.297096494885018,23.297096494885018
29,2026-04-20 02:00:00+03:00,high,early_morning,1.0,23.366713717624332,22.366713717624332,22.366713717624332
99,2026-04-14 02:00:00+03:00,mega,early_morning,0.0,22.320048158847417,22.320048158847417,22.320048158847417
29,2026-04-24 02:00:00+03:00,high,early_morning,1.0,23.261210119302426,22.261210119302426,22.261210119302426
11,2026-04-18 00:00:00+03:00,medium,deep_night,0.0,21.910161047569495,21.910161047569495,21.910161047569495
11,2026-04-25 00:00:00+03:00,medium,deep_night,0.0,21.910161047569495,21.910161047569495,21.910161047569495
69,2026-03-09 05:00:00+03:00,mega,afternoon,60.0,38.13792733040806,-21.86207266959194,21.86207266959194
11,2026-04-26 00:00:00+03:00,medium,deep_night,0.0,21.673376040065808,21.673376040065808,21.673376040065808
11,2026-04-19 00:00:00+03:00,medium,deep_night,0.0,21.673376040065808,21.673376040065808,21.673376040065808
99,2026-04-18 02:00:00+03:00,mega,early_morning,1.0,22.442009943144164,21.442009943144164,21.442009943144164
69,2026-03-06 05:00:00+03:00,mega,afternoon,58.0,36.9198975433671,-21.0801024566329,21.0801024566329
29,2026-01-31 02:00:00+03:00,high,early_morning,35.0,15.15351172153631,-19.84648827846369,19.84648827846369
35,2026-03-19 06:00:00+03:00,high,dinner,30.0,10.246281621663517,-19.753718378336483,19.753718378336483
99,2026-04-19 02:00:00+03:00,mega,early_morning,0.0,19.488090935209534,19.488090935209534,19.488090935209534
99,2026-04-17 02:00:00+03:00,mega,early_morning,0.0,19.478802535457994,19.478802535457994,19.478802535457994
99,2026-04-15 02:00:00+03:00,mega,early_morning,0.0,19.241383424893527,19.241383424893527,19.241383424893527
99,2026-04-16 02:00:00+03:00,mega,early_morning,0.0,19.160105495449415,19.160105495449415,19.160105495449415
29,2026-03-24 05:00:00+03:00,high,afternoon,9.0,28.066414886461256,19.066414886461256,19.066414886461256
11,2026-05-10 00:00:00+03:00,medium,deep_night,0.0,18.360211576152636,18.360211576152636,18.360211576152636
11,2026-05-03 00:00:00+03:00,medium,deep_night,0.0,18.360211576152636,18.360211576152636,18.360211576152636
11,2026-02-11 00:00:00+03:00,medium,deep_night,0.0,18.288652030718293,18.288652030718293,18.288652030718293
11,2026-05-09 00:00:00+03:00,medium,deep_night,0.0,18.15098865102568,18.15098865102568,18.15098865102568
11,2026-05-02 00:00:00+03:00,medium,deep_night,0.0,18.15098865102568,18.15098865102568,18.15098865102568
11,2026-03-03 00:00:00+03:00,medium,deep_night,2.0,20.14422868525079,18.14422868525079,18.14422868525079
11,2026-04-27 00:00:00+03:00,medium,deep_night,0.0,18.12154107681966,18.12154107681966,18.12154107681966
11,2026-04-20 00:00:00+03:00,medium,deep_night,0.0,18.12154107681966,18.12154107681966,18.12154107681966
11,2026-03-31 00:00:00+03:00,medium,deep_night,1.0,19.087183481508866,18.087183481508866,18.087183481508866
11,2026-04-24 00:00:00+03:00,medium,deep_night,0.0,17.860647219473385,17.860647219473385,17.860647219473385
11,2026-04-17 00:00:00+03:00,medium,deep_night,0.0,17.860647219473385,17.860647219473385,17.860647219473385
69,2026-02-22 05:00:00+03:00,mega,afternoon,18.0,35.811544383186146,17.811544383186146,17.811544383186146
7,2026-04-14 02:00:00+03:00,high,early_morning,6.0,23.63567901149544,17.63567901149544,17.63567901149544
99,2026-04-11 05:00:00+03:00,mega,afternoon,45.0,27.408076440898412,-17.591923559101588,17.591923559101588
11,2026-03-18 00:00:00+03:00,medium,deep_night,3.0,20.570106738799517,17.570106738799517,17.570106738799517
11,2026-04-23 00:00:00+03:00,medium,deep_night,0.0,17.564608222094908,17.564608222094908,17.564608222094908
11,2026-04-30 00:00:00+03:00,medium,deep_night,0.0,17.564608222094908,17.564608222094908,17.564608222094908
11,2026-04-16 00:00:00+03:00,medium,deep_night,0.0,17.564608222094908,17.564608222094908,17.564608222094908
11,2026-03-21 00:00:00+03:00,medium,deep_night,10.0,27.488198552563738,17.488198552563738,17.488198552563738
29,2026-02-06 04:00:00+03:00,high,lunch,6.0,23.240836495372584,17.240836495372584,17.240836495372584
69,2026-02-21 04:00:00+03:00,mega,lunch,22.0,39.00008867013452,17.000088670134517,17.000088670134517
8,2026-04-14 02:00:00+03:00,high,early_morning,1.0,17.813561733352522,16.813561733352522,16.813561733352522
69,2026-02-20 05:00:00+03:00,mega,afternoon,50.0,33.190517716862544,-16.809482283137456,16.809482283137456
8,2026-03-18 05:00:00+03:00,high,afternoon,11.0,27.748070295210216,16.748070295210216,16.748070295210216
69,2026-02-27 05:00:00+03:00,mega,afternoon,48.0,31.4260781565381,-16.5739218434619,16.5739218434619
11,2026-04-22 00:00:00+03:00,medium,deep_night,0.0,16.564643341745736,16.564643341745736,16.564643341745736
11,2026-04-29 00:00:00+03:00,medium,deep_night,0.0,16.564643341745736,16.564643341745736,16.564643341745736
443,2026-04-09 05:00:00+03:00,low,afternoon,22.0,5.4736939985702575,-16.52630600142974,16.52630600142974
11,2026-04-07 00:00:00+03:00,medium,deep_night,0.0,16.482886336112454,16.482886336112454,16.482886336112454
11,2026-04-15 00:00:00+03:00,medium,deep_night,0.0,16.41279696889783,16.41279696889783,16.41279696889783
29,2026-02-10 04:00:00+03:00,high,lunch,6.0,22.362962290094906,16.362962290094906,16.362962290094906
4,2026-02-06 05:00:00+03:00,high,afternoon,36.0,19.65289859344832,-16.34710140655168,16.34710140655168
29,2026-03-21 05:00:00+03:00,high,afternoon,9.0,25.14812000742129,16.14812000742129,16.14812000742129
11,2026-03-27 00:00:00+03:00,medium,deep_night,6.0,22.115603560670532,16.115603560670532,16.115603560670532
128,2026-01-27 04:00:00+03:00,high,lunch,25.0,8.937409881104413,-16.062590118895585,16.062590118895585
39,2026-03-22 05:00:00+03:00,high,afternoon,7.0,23.052976527502693,16.052976527502693,16.052976527502693
69,2026-02-19 05:00:00+03:00,mega,afternoon,51.0,35.00377694726937,-15.996223052730628,15.996223052730628
69,2026-02-23 07:00:00+03:00,mega,late_evening,37.0,21.005337145458636,-15.994662854541364,15.994662854541364
115,2026-03-08 02:00:00+03:00,medium,early_morning,30.0,14.016537744588987,-15.983462255411013,15.983462255411013
11,2026-02-10 00:00:00+03:00,medium,deep_night,2.0,17.896585069548387,15.896585069548387,15.896585069548387
29,2026-03-07 05:00:00+03:00,high,afternoon,11.0,26.703009386223446,15.703009386223446,15.703009386223446
69,2026-02-19 06:00:00+03:00,mega,dinner,34.0,18.372262676699222,-15.627737323300778,15.627737323300778
7,2026-03-31 00:00:00+03:00,high,deep_night,24.0,8.38017451193468,-15.61982548806532,15.61982548806532
11,2026-05-11 00:00:00+03:00,medium,deep_night,0.0,15.498263770059747,15.498263770059747,15.498263770059747
11,2026-05-04 00:00:00+03:00,medium,deep_night,0.0,15.498263770059747,15.498263770059747,15.498263770059747
11,2026-04-28 00:00:00+03:00,medium,deep_night,0.0,15.491562045880162,15.491562045880162,15.491562045880162
11,2026-04-21 00:00:00+03:00,medium,deep_night,0.0,15.491562045880162,15.491562045880162,15.491562045880162
69,2026-02-25 05:00:00+03:00,mega,afternoon,20.0,35.48451787319519,15.484517873195188,15.484517873195188
11,2026-03-30 00:00:00+03:00,medium,deep_night,7.0,22.365493202655166,15.365493202655166,15.365493202655166
11,2026-05-01 00:00:00+03:00,medium,deep_night,0.0,15.220309486127011,15.220309486127011,15.220309486127011
11,2026-05-15 00:00:00+03:00,medium,deep_night,0.0,15.220309486127011,15.220309486127011,15.220309486127011
11,2026-05-08 00:00:00+03:00,medium,deep_night,0.0,15.220309486127011,15.220309486127011,15.220309486127011
7,2026-02-25 00:00:00+03:00,high,deep_night,23.0,7.791755506681294,-15.208244493318706,15.208244493318706
54,2026-02-15 07:00:00+03:00,medium,late_evening,19.0,3.8610749730988383,-15.138925026901163,15.138925026901163
69,2026-03-04 04:00:00+03:00,mega,lunch,39.0,23.877503177794612,-15.122496822205388,15.122496822205388
11,2026-05-14 00:00:00+03:00,medium,deep_night,0.0,14.97788246501631,14.97788246501631,14.97788246501631
11,2026-05-07 00:00:00+03:00,medium,deep_night,0.0,14.97788246501631,14.97788246501631,14.97788246501631
11,2026-03-28 00:00:00+03:00,medium,deep_night,12.0,26.906636120036772,14.906636120036772,14.906636120036772
11,2026-02-26 00:00:00+03:00,medium,deep_night,5.0,19.877408970515102,14.877408970515102,14.877408970515102
69,2026-02-13 04:00:00+03:00,mega,lunch,40.0,25.19862805494937,-14.80137194505063,14.80137194505063
6,2026-04-14 02:00:00+03:00,high,early_morning,1.0,15.79083866678842,14.79083866678842,14.79083866678842
99,2026-02-13 04:00:00+03:00,mega,lunch,38.0,23.243180902684045,-14.756819097315955,14.756819097315955
69,2026-02-19 02:00:00+03:00,mega,early_morning,6.0,20.67020381849874,14.670203818498742,14.670203818498742
39,2026-03-19 05:00:00+03:00,high,afternoon,7.0,21.606965756343275,14.606965756343275,14.606965756343275
8,2026-03-19 05:00:00+03:00,high,afternoon,14.0,28.57008441341959,14.57008441341959,14.57008441341959
12,2026-03-14 05:00:00+03:00,medium,afternoon,2.0,16.469132519033433,14.469132519033433,14.469132519033433
39,2026-03-17 05:00:00+03:00,high,afternoon,5.0,19.38988477710074,14.38988477710074,14.38988477710074
26,2026-02-24 05:00:00+03:00,medium,afternoon,26.0,11.792640698715141,-14.207359301284859,14.207359301284859
29,2026-03-28 02:00:00+03:00,high,early_morning,19.0,33.11042224489456,14.110422244894558,14.110422244894558
8,2026-03-14 05:00:00+03:00,high,afternoon,14.0,28.085760502692843,14.085760502692843,14.085760502692843
11,2026-02-25 00:00:00+03:00,medium,deep_night,5.0,19.044184143171044,14.044184143171044,14.044184143171044
69,2026-02-14 05:00:00+03:00,mega,afternoon,58.0,44.022151366365776,-13.977848633634224,13.977848633634224
479,2026-03-10 02:00:00+03:00,medium,early_morning,18.0,4.042925926440566,-13.957074073559433,13.957074073559433
29,2026-02-16 04:00:00+03:00,high,lunch,10.0,23.930242322579634,13.930242322579634,13.930242322579634
29,2026-03-20 04:00:00+03:00,high,lunch,9.0,22.872973040763945,13.872973040763945,13.872973040763945
69,2026-04-01 02:00:00+03:00,mega,early_morning,8.0,21.8403084861719,13.8403084861719,13.8403084861719
11,2026-03-22 00:00:00+03:00,medium,deep_night,12.0,25.805937299244714,13.805937299244714,13.805937299244714
11,2026-05-13 00:00:00+03:00,medium,deep_night,0.0,13.79293509192008,13.79293509192008,13.79293509192008
11,2026-05-06 00:00:00+03:00,medium,deep_night,0.0,13.79293509192008,13.79293509192008,13.79293509192008
39,2026-03-06 05:00:00+03:00,high,afternoon,8.0,21.732400553616472,13.732400553616472,13.732400553616472
6,2026-03-20 05:00:00+03:00,high,afternoon,10.0,23.63057924809058,13.63057924809058,13.63057924809058
39,2026-02-15 05:00:00+03:00,high,afternoon,8.0,21.617395899478538,13.617395899478538,13.617395899478538
99,2026-03-30 07:00:00+03:00,mega,late_evening,4.0,17.57345259224989,13.57345259224989,13.57345259224989
7,2026-03-29 02:00:00+03:00,high,early_morning,37.0,23.492483368887292,-13.507516631112708,13.507516631112708
99,2026-03-17 02:00:00+03:00,mega,early_morning,9.0,22.493218682006535,13.493218682006535,13.493218682006535
29,2026-03-14 05:00:00+03:00,high,afternoon,15.0,28.419610988473124,13.419610988473124,13.419610988473124
7,2026-03-18 02:00:00+03:00,high,early_morning,15.0,28.39165577899169,13.39165577899169,13.39165577899169
69,2026-03-13 05:00:00+03:00,mega,afternoon,48.0,34.62523754853287,-13.374762451467127,13.374762451467127
29,2026-03-15 05:00:00+03:00,high,afternoon,12.0,25.317264756519325,13.317264756519325,13.317264756519325
8,2026-03-08 05:00:00+03:00,high,afternoon,15.0,28.31142496471299,13.311424964712991,13.311424964712991
29,2026-02-15 02:00:00+03:00,high,early_morning,11.0,24.2981857538884,13.2981857538884,13.2981857538884
6,2026-03-26 05:00:00+03:00,high,afternoon,11.0,24.292307110000333,13.292307110000333,13.292307110000333
54,2026-04-11 05:00:00+03:00,medium,afternoon,18.0,4.74573080810037,-13.254269191899631,13.254269191899631
29,2026-04-12 05:00:00+03:00,high,afternoon,15.0,28.251737889548718,13.251737889548718,13.251737889548718
39,2026-03-13 05:00:00+03:00,high,afternoon,8.0,21.21473131503753,13.214731315037529,13.214731315037529
35,2026-04-05 05:00:00+03:00,high,afternoon,34.0,20.79127487412826,-13.20872512587174,13.20872512587174
29,2026-04-12 02:00:00+03:00,high,early_morning,15.0,28.199110467361308,13.199110467361308,13.199110467361308
128,2026-04-02 05:00:00+03:00,high,afternoon,28.0,14.81802750884126,-13.18197249115874,13.18197249115874
69,2026-02-21 02:00:00+03:00,mega,early_morning,16.0,29.17083924104993,13.17083924104993,13.17083924104993
11,2026-02-23 02:00:00+03:00,medium,early_morning,2.0,15.150492388012426,13.150492388012426,13.150492388012426
12,2026-04-12 05:00:00+03:00,medium,afternoon,2.0,15.042554260114516,13.042554260114516,13.042554260114516
11,2026-01-28 00:00:00+03:00,medium,deep_night,1.0,14.009324847405146,13.009324847405146,13.009324847405146
10,2026-02-03 04:00:00+03:00,medium,lunch,23.0,9.999975766772348,-13.000024233227652,13.000024233227652
29,2026-03-13 05:00:00+03:00,high,afternoon,15.0,27.99235324704813,12.992353247048129,12.992353247048129
30,2026-03-20 05:00:00+03:00,high,afternoon,6.0,18.948744237697987,12.948744237697987,12.948744237697987
11,2026-05-05 00:00:00+03:00,medium,deep_night,0.0,12.884829607993947,12.884829607993947,12.884829607993947
11,2026-05-12 00:00:00+03:00,medium,deep_night,0.0,12.884829607993947,12.884829607993947,12.884829607993947
29,2026-02-20 04:00:00+03:00,high,lunch,11.0,23.830513275772216,12.830513275772216,12.830513275772216
7,2026-03-11 02:00:00+03:00,high,early_morning,15.0,27.818592809180476,12.818592809180476,12.818592809180476
29,2026-01-25 06:00:00+03:00,high,dinner,24.0,11.24064888545626,-12.75935111454374,12.75935111454374
39,2026-04-01 04:00:00+03:00,high,lunch,5.0,17.752838949761074,12.752838949761074,12.752838949761074
16,2026-02-28 05:00:00+03:00,medium,afternoon,15.0,2.2614221198018143,-12.738577880198186,12.738577880198186
29,2026-04-05 05:00:00+03:00,high,afternoon,13.0,25.73854992946789,12.73854992946789,12.73854992946789
29,2026-04-22 05:00:00+03:00,high,afternoon,0.0,12.718176866224226,12.718176866224226,12.718176866224226
29,2026-04-21 05:00:00+03:00,high,afternoon,0.0,12.674371218172276,12.674371218172276,12.674371218172276
69,2026-04-02 02:00:00+03:00,mega,early_morning,9.0,21.66786393168499,12.667863931684991,12.667863931684991
39,2026-03-21 04:00:00+03:00,high,lunch,9.0,21.64256473095468,12.642564730954678,12.642564730954678
6,2026-02-06 02:00:00+03:00,high,early_morning,31.0,18.36273304458794,-12.63726695541206,12.63726695541206
29,2026-03-23 04:00:00+03:00,high,lunch,11.0,23.62636110587796,12.626361105877962,12.626361105877962
29,2026-04-23 05:00:00+03:00,high,afternoon,0.0,12.625024279821996,12.625024279821996,12.625024279821996
8,2026-02-01 05:00:00+03:00,high,afternoon,15.0,27.59839063143273,12.598390631432729,12.598390631432729
115,2026-04-18 02:00:00+03:00,medium,early_morning,0.0,12.573474863531354,12.573474863531354,12.573474863531354
6,2026-02-25 05:00:00+03:00,high,afternoon,9.0,21.529247606715668,12.529247606715668,12.529247606715668
11,2026-02-08 00:00:00+03:00,medium,deep_night,12.0,24.527158556003933,12.527158556003933,12.527158556003933
7,2026-02-25 02:00:00+03:00,high,early_morning,18.0,30.519170920957322,12.519170920957322,12.519170920957322
7,2026-04-06 05:00:00+03:00,high,afternoon,34.0,21.50185606806989,-12.498143931930109,12.498143931930109
16,2026-04-10 05:00:00+03:00,medium,afternoon,16.0,3.5427934033151938,-12.457206596684806,12.457206596684806
39,2026-02-28 05:00:00+03:00,high,afternoon,11.0,23.400292346483155,12.400292346483155,12.400292346483155
39,2026-03-05 04:00:00+03:00,high,lunch,5.0,17.38906325263207,12.38906325263207,12.38906325263207
39,2026-04-02 04:00:00+03:00,high,lunch,5.0,17.34170629558904,12.341706295589042,12.341706295589042
16,2026-02-13 04:00:00+03:00,medium,lunch,15.0,2.659325074894148,-12.340674925105851,12.340674925105851
29,2026-04-14 05:00:00+03:00,high,afternoon,0.0,12.332125549621308,12.332125549621308,12.332125549621308
54,2026-02-28 05:00:00+03:00,medium,afternoon,15.0,2.7244566708394675,-12.275543329160532,12.275543329160532
69,2026-03-09 03:00:00+03:00,mega,morning,23.0,10.73358101454139,-12.26641898545861,12.26641898545861
30,2026-03-08 02:00:00+03:00,high,early_morning,28.0,15.738526277310417,-12.261473722689583,12.261473722689583
29,2026-02-11 04:00:00+03:00,high,lunch,11.0,23.260545435250364,12.260545435250364,12.260545435250364
54,2026-04-12 05:00:00+03:00,medium,afternoon,17.0,4.7442446879155185,-12.255755312084482,12.255755312084482
11,2026-03-25 00:00:00+03:00,medium,deep_night,8.0,20.24159187008976,12.24159187008976,12.24159187008976
29,2026-03-31 05:00:00+03:00,high,afternoon,13.0,25.219959125593107,12.219959125593107,12.219959125593107
115,2026-04-02 05:00:00+03:00,medium,afternoon,3.0,15.183886234709329,12.183886234709329,12.183886234709329
29,2026-04-20 05:00:00+03:00,high,afternoon,0.0,12.166967959753903,12.166967959753903,12.166967959753903
29,2026-03-16 05:00:00+03:00,high,afternoon,17.0,29.162867003277025,12.162867003277025,12.162867003277025
126,2026-03-20 05:00:00+03:00,high,afternoon,9.0,21.099470793548498,12.099470793548498,12.099470793548498
69,2026-02-11 05:00:00+03:00,mega,afternoon,20.0,32.085832321558414,12.085832321558414,12.085832321558414
29,2026-04-03 04:00:00+03:00,high,lunch,10.0,22.040315224563642,12.040315224563642,12.040315224563642
2,2026-04-14 02:00:00+03:00,high,early_morning,4.0,16.035592916298906,12.035592916298906,12.035592916298906
39,2026-04-06 04:00:00+03:00,high,lunch,5.0,17.009062905171938,12.009062905171938,12.009062905171938
29,2026-03-05 04:00:00+03:00,high,lunch,11.0,22.995880463762067,11.995880463762067,11.995880463762067
69,2026-02-10 02:00:00+03:00,mega,early_morning,8.0,19.98874205041382,11.98874205041382,11.98874205041382
11,2026-03-12 00:00:00+03:00,medium,deep_night,10.0,21.988673847543648,11.988673847543648,11.988673847543648
69,2026-03-21 05:00:00+03:00,mega,afternoon,51.0,39.015870543501755,-11.984129456498245,11.984129456498245
29,2026-03-21 04:00:00+03:00,high,lunch,13.0,24.96197428801439,11.961974288014389,11.961974288014389
29,2026-03-30 04:00:00+03:00,high,lunch,11.0,22.955234828122578,11.955234828122578,11.955234828122578
8,2026-02-12 04:00:00+03:00,high,lunch,31.0,19.050066895755887,-11.949933104244113,11.949933104244113
33,2026-03-08 02:00:00+03:00,high,early_morning,28.0,16.055763289612266,-11.944236710387734,11.944236710387734
29,2026-04-04 05:00:00+03:00,high,afternoon,13.0,24.93775706801653,11.93775706801653,11.93775706801653
10,2026-02-05 05:00:00+03:00,medium,afternoon,24.0,12.078313495215133,-11.921686504784867,11.921686504784867
69,2026-02-01 05:00:00+03:00,mega,afternoon,28.0,39.92136941599381,11.921369415993809,11.921369415993809
126,2026-03-27 05:00:00+03:00,high,afternoon,12.0,23.886075399700015,11.886075399700015,11.886075399700015
69,2026-03-20 07:00:00+03:00,mega,late_evening,12.0,23.81857470582879,11.81857470582879,11.81857470582879
30,2026-02-21 05:00:00+03:00,high,afternoon,12.0,23.812648716384043,11.812648716384043,11.812648716384043
69,2026-03-28 07:00:00+03:00,mega,late_evening,13.0,24.79988093550831,11.799880935508309,11.799880935508309
10,2026-03-06 05:00:00+03:00,medium,afternoon,24.0,12.229015267366252,-11.770984732633748,11.770984732633748
11,2026-04-14 00:00:00+03:00,medium,deep_night,5.0,16.76790312491623,11.76790312491623,11.76790312491623
35,2026-03-08 02:00:00+03:00,high,early_morning,25.0,13.264979304414059,-11.735020695585941,11.735020695585941
29,2026-03-01 02:00:00+03:00,high,early_morning,17.0,28.714392194688823,11.714392194688823,11.714392194688823
29,2026-03-01 05:00:00+03:00,high,afternoon,15.0,26.667696940167165,11.667696940167165,11.667696940167165
54,2026-03-08 05:00:00+03:00,medium,afternoon,15.0,3.3373582615638218,-11.662641738436179,11.662641738436179
39,2026-02-03 05:00:00+03:00,high,afternoon,9.0,20.645563530174208,11.645563530174208,11.645563530174208
69,2026-03-15 05:00:00+03:00,mega,afternoon,30.0,41.6076110203683,11.607611020368303,11.607611020368303
11,2026-03-23 00:00:00+03:00,medium,deep_night,10.0,21.604628175816487,11.604628175816487,11.604628175816487
54,2026-02-14 07:00:00+03:00,medium,late_evening,17.0,5.425468745817032,-11.574531254182968,11.574531254182968
7,2026-03-31 02:00:00+03:00,high,early_morning,14.0,25.572670965135217,11.572670965135217,11.572670965135217
39,2026-04-12 04:00:00+03:00,high,lunch,6.0,17.540702637805836,11.540702637805836,11.540702637805836
69,2026-02-09 05:00:00+03:00,mega,afternoon,24.0,35.50728148105257,11.507281481052573,11.507281481052573
69,2026-02-07 05:00:00+03:00,mega,afternoon,28.0,39.50718095923931,11.507180959239307,11.507180959239307
69,2026-03-15 04:00:00+03:00,mega,lunch,26.0,37.49704280582436,11.497042805824357,11.497042805824357
443,2026-04-07 04:00:00+03:00,low,lunch,1.0,12.479562924507889,11.479562924507889,11.479562924507889
479,2026-03-26 02:00:00+03:00,medium,early_morning,16.0,4.524723729912633,-11.475276270087367,11.475276270087367
4,2026-02-11 05:00:00+03:00,high,afternoon,31.0,19.560508771605683,-11.439491228394317,11.439491228394317
8,2026-01-26 05:00:00+03:00,high,afternoon,34.0,22.562068155535858,-11.437931844464142,11.437931844464142
6,2026-03-31 05:00:00+03:00,high,afternoon,13.0,24.43475002714135,11.434750027141352,11.434750027141352
69,2026-02-24 02:00:00+03:00,mega,early_morning,9.0,20.433799582897144,11.433799582897144,11.433799582897144
39,2026-03-10 05:00:00+03:00,high,afternoon,11.0,22.412643022523923,11.412643022523923,11.412643022523923
115,2026-04-14 05:00:00+03:00,medium,afternoon,0.0,11.340067527925452,11.340067527925452,11.340067527925452
99,2026-03-11 05:00:00+03:00,mega,afternoon,16.0,27.339244339436128,11.339244339436128,11.339244339436128
7,2026-02-05 02:00:00+03:00,high,early_morning,14.0,25.328442582462092,11.328442582462092,11.328442582462092
99,2026-04-01 04:00:00+03:00,mega,lunch,9.0,20.32601319957438,11.32601319957438,11.32601319957438
39,2026-03-30 04:00:00+03:00,high,lunch,6.0,17.29506319957698,11.29506319957698,11.29506319957698
33,2026-02-28 05:00:00+03:00,high,afternoon,26.0,14.718919220891706,-11.281080779108294,11.281080779108294
29,2026-02-04 04:00:00+03:00,high,lunch,12.0,23.253111302041965,11.253111302041965,11.253111302041965
29,2026-01-31 04:00:00+03:00,high,lunch,31.0,19.75016401617431,-11.24983598382569,11.24983598382569
99,2026-04-03 04:00:00+03:00,mega,lunch,10.0,21.246966084227314,11.246966084227314,11.246966084227314
39,2026-02-04 04:00:00+03:00,high,lunch,5.0,16.231138709082973,11.231138709082973,11.231138709082973
69,2026-03-07 05:00:00+03:00,mega,afternoon,50.0,38.7785569249388,-11.221443075061202,11.221443075061202
29,2026-04-14 04:00:00+03:00,high,lunch,0.0,11.215584060379426,11.215584060379426,11.215584060379426
479,2026-03-20 02:00:00+03:00,medium,early_morning,16.0,4.7871538266796065,-11.212846173320393,11.212846173320393
39,2026-03-14 04:00:00+03:00,high,lunch,9.0,20.208087499558136,11.208087499558136,11.208087499558136
39,2026-02-21 05:00:00+03:00,high,afternoon,11.0,22.20315092640829,11.203150926408291,11.203150926408291
18,2026-02-08 05:00:00+03:00,medium,afternoon,2.0,13.195943886501853,11.195943886501853,11.195943886501853
39,2026-04-06 05:00:00+03:00,high,afternoon,8.0,19.168409239002283,11.168409239002283,11.168409239002283
29,2026-03-04 05:00:00+03:00,high,afternoon,16.0,27.167289112750492,11.167289112750492,11.167289112750492
479,2026-03-13 02:00:00+03:00,medium,early_morning,17.0,5.83598467276539,-11.16401532723461,11.16401532723461
8,2026-02-18 04:00:00+03:00,high,lunch,8.0,19.149390195623297,11.149390195623297,11.149390195623297
69,2026-02-28 04:00:00+03:00,mega,lunch,27.0,38.14345923981062,11.143459239810618,11.143459239810618
29,2026-04-06 04:00:00+03:00,high,lunch,10.0,21.117804550733357,11.117804550733357,11.117804550733357
11,2026-03-13 00:00:00+03:00,medium,deep_night,11.0,22.115603560670532,11.115603560670532,11.115603560670532
128,2026-02-20 05:00:00+03:00,high,afternoon,27.0,15.884550448462717,-11.115449551537283,11.115449551537283
11,2026-04-13 00:00:00+03:00,medium,deep_night,8.0,19.11138116557454,11.111381165574539,11.111381165574539
128,2026-02-12 07:00:00+03:00,high,late_evening,21.0,9.890822331746808,-11.109177668253192,11.109177668253192
29,2026-04-21 04:00:00+03:00,high,lunch,0.0,11.099145898906059,11.099145898906059,11.099145898906059
39,2026-03-29 04:00:00+03:00,high,lunch,9.0,20.099072102828742,11.099072102828742,11.099072102828742
29,2026-04-23 04:00:00+03:00,high,lunch,0.0,11.079294576183552,11.079294576183552,11.079294576183552
29,2026-04-22 04:00:00+03:00,high,lunch,0.0,11.079294576183552,11.079294576183552,11.079294576183552
12,2026-02-21 04:00:00+03:00,medium,lunch,3.0,14.075445928774046,11.075445928774046,11.075445928774046
35,2026-01-31 05:00:00+03:00,high,afternoon,11.0,22.069910098031652,11.069910098031652,11.069910098031652
11,2026-03-16 02:00:00+03:00,medium,early_morning,6.0,17.062719194808366,11.062719194808366,11.062719194808366
99,2026-02-03 02:00:00+03:00,mega,early_morning,11.0,22.040621602193415,11.040621602193415,11.040621602193415
8,2026-04-04 05:00:00+03:00,high,afternoon,12.0,23.04048472847625,11.040484728476251,11.040484728476251
7,2026-02-22 02:00:00+03:00,high,early_morning,12.0,23.02423078490631,11.024230784906312,11.024230784906312
8,2026-03-23 05:00:00+03:00,high,afternoon,16.0,26.99575261457657,10.99575261457657,10.99575261457657
5,2026-01-27 02:00:00+03:00,medium,early_morning,17.0,6.032253042360212,-10.967746957639788,10.967746957639788
128,2026-02-01 05:00:00+03:00,high,afternoon,26.0,15.057427820245772,-10.942572179754228,10.942572179754228
39,2026-02-14 05:00:00+03:00,high,afternoon,13.0,23.93925745371277,10.93925745371277,10.93925745371277
8,2026-02-07 05:00:00+03:00,high,afternoon,16.0,26.92977284341458,10.929772843414579,10.929772843414579
11,2026-02-22 00:00:00+03:00,medium,deep_night,14.0,24.91867207101254,10.91867207101254,10.91867207101254
16,2026-04-06 05:00:00+03:00,medium,afternoon,14.0,3.0841679187221205,-10.91583208127788,10.91583208127788
69,2026-02-09 03:00:00+03:00,mega,morning,21.0,10.088851044856725,-10.911148955143275,10.911148955143275
10,2026-02-19 04:00:00+03:00,medium,lunch,21.0,10.08933903689999,-10.91066096310001,10.91066096310001
126,2026-02-19 04:00:00+03:00,high,lunch,22.0,11.102304700218912,-10.897695299781088,10.897695299781088
39,2026-03-03 04:00:00+03:00,high,lunch,5.0,15.892315930760132,10.892315930760132,10.892315930760132
29,2026-04-02 04:00:00+03:00,high,lunch,11.0,21.889037708234376,10.889037708234376,10.889037708234376
36,2026-04-11 02:00:00+03:00,medium,early_morning,13.0,2.1156437772803547,-10.884356222719646,10.884356222719646
69,2026-02-06 02:00:00+03:00,mega,early_morning,10.0,20.8620655752436,10.862065575243602,10.862065575243602
39,2026-02-22 04:00:00+03:00,high,lunch,8.0,18.86130991112508,10.86130991112508,10.86130991112508
54,2026-02-21 06:00:00+03:00,medium,dinner,15.0,4.148651257622526,-10.851348742377475,10.851348742377475
33,2026-03-28 02:00:00+03:00,high,early_morning,8.0,18.849779757340748,10.849779757340748,10.849779757340748
69,2026-03-29 04:00:00+03:00,mega,lunch,25.0,35.84874792050873,10.848747920508728,10.848747920508728
99,2026-02-28 04:00:00+03:00,mega,lunch,14.0,24.841908999230224,10.841908999230224,10.841908999230224
69,2026-02-04 07:00:00+03:00,mega,late_evening,13.0,23.812476844640088,10.812476844640088,10.812476844640088
69,2026-02-24 05:00:00+03:00,mega,afternoon,23.0,33.80881944140436,10.80881944140436,10.80881944140436
99,2026-04-12 04:00:00+03:00,mega,lunch,12.0,22.807739698572654,10.807739698572654,10.807739698572654
29,2026-02-22 05:00:00+03:00,high,afternoon,12.0,22.78900891647088,10.78900891647088,10.78900891647088
69,2026-03-17 07:00:00+03:00,mega,late_evening,34.0,23.231564365641464,-10.768435634358536,10.768435634358536
11,2026-03-09 02:00:00+03:00,medium,early_morning,6.0,16.768433653377734,10.768433653377734,10.768433653377734
99,2026-04-15 05:00:00+03:00,mega,afternoon,0.0,10.767995792011483,10.767995792011483,10.767995792011483
11,2026-04-03 00:00:00+03:00,medium,deep_night,8.0,18.764271131437162,10.764271131437162,10.764271131437162
30,2026-04-14 02:00:00+03:00,high,early_morning,0.0,10.7590901290135,10.7590901290135,10.7590901290135
14,2026-01-28 05:00:00+03:00,medium,afternoon,21.0,10.262044022895058,-10.737955977104942,10.737955977104942
39,2026-02-08 02:00:00+03:00,high,early_morning,2.0,12.724378886880256,10.724378886880256,10.724378886880256
7,2026-02-26 02:00:00+03:00,high,early_morning,15.0,25.71573283057406,10.715732830574058,10.715732830574058
29,2026-03-08 02:00:00+03:00,high,early_morning,40.0,29.293709514197268,-10.706290485802732,10.706290485802732
69,2026-02-02 06:00:00+03:00,mega,dinner,28.0,17.311260001474118,-10.688739998525882,10.688739998525882
29,2026-03-14 02:00:00+03:00,high,early_morning,22.0,32.685602829674586,10.685602829674586,10.685602829674586
35,2026-03-23 05:00:00+03:00,high,afternoon,30.0,19.319684142097707,-10.680315857902293,10.680315857902293
99,2026-04-14 05:00:00+03:00,mega,afternoon,0.0,10.672392296443913,10.672392296443913,10.672392296443913
2,2026-04-15 02:00:00+03:00,high,early_morning,2.0,12.670636712257984,10.670636712257984,10.670636712257984
99,2026-01-30 04:00:00+03:00,mega,lunch,29.0,18.343576900523068,-10.656423099476932,10.656423099476932
6,2026-01-27 04:00:00+03:00,high,lunch,22.0,11.343713026005972,-10.656286973994028,10.656286973994028
16,2026-02-23 04:00:00+03:00,medium,lunch,13.0,2.345044461865222,-10.654955538134779,10.654955538134779
33,2026-03-05 05:00:00+03:00,high,afternoon,26.0,15.34932773509776,-10.65067226490224,10.65067226490224
5,2026-02-13 02:00:00+03:00,medium,early_morning,0.0,10.648697460157045,10.648697460157045,10.648697460157045
39,2026-04-12 02:00:00+03:00,high,early_morning,3.0,13.62937134902152,10.62937134902152,10.62937134902152
69,2026-02-25 04:00:00+03:00,mega,lunch,34.0,23.37290974086296,-10.627090259137042,10.627090259137042
4,2026-03-27 05:00:00+03:00,high,afternoon,11.0,21.618392253147203,10.618392253147203,10.618392253147203
21,2026-03-03 05:00:00+03:00,high,afternoon,3.0,13.615654153486267,10.615654153486267,10.615654153486267
69,2026-03-06 07:00:00+03:00,mega,late_evening,35.0,24.39469348659955,-10.60530651340045,10.60530651340045
6,2026-02-11 02:00:00+03:00,high,early_morning,27.0,16.40605239692041,-10.593947603079592,10.593947603079592
126,2026-03-24 05:00:00+03:00,high,afternoon,10.0,20.58192498490339,10.581924984903392,10.581924984903392
8,2026-01-28 04:00:00+03:00,high,lunch,7.0,17.554795334874626,10.554795334874626,10.554795334874626
29,2026-02-19 04:00:00+03:00,high,lunch,12.0,22.54179942822166,10.541799428221658,10.541799428221658
54,2026-02-22 06:00:00+03:00,medium,dinner,15.0,4.4596785567400445,-10.540321443259955,10.540321443259955
11,2026-03-10 00:00:00+03:00,medium,deep_night,9.0,19.513971809212062,10.513971809212062,10.513971809212062
69,2026-03-24 04:00:00+03:00,mega,lunch,13.0,23.51245057450425,10.51245057450425,10.51245057450425
5,2026-02-16 02:00:00+03:00,medium,early_morning,0.0,10.509652339848625,10.509652339848625,10.509652339848625
6,2026-03-30 05:00:00+03:00,high,afternoon,15.0,25.503220668418003,10.503220668418003,10.503220668418003
99,2026-03-03 04:00:00+03:00,mega,lunch,11.0,21.494429569207117,10.494429569207117,10.494429569207117
35,2026-02-21 05:00:00+03:00,high,afternoon,11.0,21.49022147186023,10.490221471860231,10.490221471860231
2,2026-04-16 02:00:00+03:00,high,early_morning,2.0,12.461249959859181,10.461249959859181,10.461249959859181
99,2026-03-21 02:00:00+03:00,mega,early_morning,18.0,28.45093251921983,10.45093251921983,10.45093251921983
29,2026-03-23 05:00:00+03:00,high,afternoon,15.0,25.450492729583605,10.450492729583605,10.450492729583605
39,2026-03-21 05:00:00+03:00,high,afternoon,12.0,22.444004671685494,10.444004671685494,10.444004671685494
29,2026-03-17 07:00:00+03:00,high,late_evening,4.0,14.433601446878505,10.433601446878505,10.433601446878505
29,2026-03-02 05:00:00+03:00,high,afternoon,20.0,30.425658280195538,10.425658280195538,10.425658280195538
29,2026-04-01 04:00:00+03:00,high,lunch,11.0,21.424973568717935,10.424973568717935,10.424973568717935
2,2026-03-08 02:00:00+03:00,high,early_morning,24.0,13.580092235203107,-10.419907764796893,10.419907764796893
39,2026-02-25 04:00:00+03:00,high,lunch,6.0,16.419362540281803,10.419362540281803,10.419362540281803
115,2026-04-17 02:00:00+03:00,medium,early_morning,0.0,10.415883950645895,10.415883950645895,10.415883950645895
69,2026-01-25 07:00:00+03:00,mega,late_evening,29.0,18.589497856436925,-10.410502143563075,10.410502143563075
29,2026-04-20 04:00:00+03:00,high,lunch,0.0,10.40265123573262,10.40265123573262,10.40265123573262
8,2026-02-14 05:00:00+03:00,high,afternoon,16.0,26.383086542524417,10.383086542524417,10.383086542524417
99,2026-04-17 05:00:00+03:00,mega,afternoon,0.0,10.37690782194267,10.37690782194267,10.37690782194267
39,2026-02-01 05:00:00+03:00,high,afternoon,10.0,20.368650782693685,10.368650782693685,10.368650782693685
8,2026-02-24 07:00:00+03:00,high,late_evening,6.0,16.367188619377302,10.367188619377302,10.367188619377302
16,2026-04-11 04:00:00+03:00,medium,lunch,14.0,3.6515993436723027,-10.348400656327698,10.348400656327698
39,2026-03-16 05:00:00+03:00,high,afternoon,9.0,19.3369512488119,10.3369512488119,10.3369512488119
126,2026-03-29 05:00:00+03:00,high,afternoon,3.0,13.314520498950445,10.314520498950445,10.314520498950445
69,2026-03-28 02:00:00+03:00,mega,early_morning,24.0,34.30638591094643,10.306385910946432,10.306385910946432
39,2026-03-22 02:00:00+03:00,high,early_morning,4.0,14.301056300302745,10.301056300302745,10.301056300302745
99,2026-04-19 05:00:00+03:00,mega,afternoon,0.0,10.300502054230815,10.300502054230815,10.300502054230815
16,2026-02-12 07:00:00+03:00,medium,late_evening,13.0,2.7022609662008166,-10.297739033799184,10.297739033799184
8,2026-02-13 02:00:00+03:00,high,early_morning,9.0,19.28411936204094,10.28411936204094,10.28411936204094
30,2026-02-14 02:00:00+03:00,high,early_morning,27.0,16.71672935862569,-10.283270641374308,10.283270641374308
4,2026-04-14 04:00:00+03:00,high,lunch,0.0,10.281540300944684,10.281540300944684,10.281540300944684
39,2026-03-28 05:00:00+03:00,high,afternoon,12.0,22.253420446606874,10.253420446606874,10.253420446606874
30,2026-03-14 05:00:00+03:00,high,afternoon,13.0,23.244839294470165,10.244839294470165,10.244839294470165
479,2026-04-10 02:00:00+03:00,medium,early_morning,15.0,4.759588834320752,-10.240411165679248,10.240411165679248
69,2026-02-24 06:00:00+03:00,mega,dinner,26.0,15.771786042291469,-10.228213957708531,10.228213957708531
8,2026-02-01 02:00:00+03:00,high,early_morning,10.0,20.210447446325883,10.210447446325883,10.210447446325883
8,2026-02-08 02:00:00+03:00,high,early_morning,10.0,20.210447446325883,10.210447446325883,10.210447446325883
8,2026-03-06 05:00:00+03:00,high,afternoon,15.0,25.199863796492213,10.199863796492213,10.199863796492213
99,2026-03-14 02:00:00+03:00,mega,early_morning,19.0,29.19985552402308,10.199855524023079,10.199855524023079
5,2026-02-09 02:00:00+03:00,medium,early_morning,1.0,11.195571975865423,10.195571975865423,10.195571975865423
35,2026-02-27 05:00:00+03:00,high,afternoon,29.0,18.809471987490227,-10.190528012509773,10.190528012509773
39,2026-04-09 04:00:00+03:00,high,lunch,8.0,18.18601943667631,10.186019436676311,10.186019436676311
479,2026-02-17 02:00:00+03:00,medium,early_morning,14.0,3.823938682398773,-10.176061317601228,10.176061317601228
29,2026-03-26 05:00:00+03:00,high,afternoon,18.0,28.16538056553919,10.165380565539191,10.165380565539191
8,2026-02-24 05:00:00+03:00,high,afternoon,36.0,25.836158570023326,-10.163841429976674,10.163841429976674
29,2026-02-08 02:00:00+03:00,high,early_morning,14.0,24.149414796417663,10.149414796417663,10.149414796417663
69,2026-02-10 07:00:00+03:00,mega,late_evening,11.0,21.14485563778939,10.14485563778939,10.14485563778939
4,2026-03-09 02:00:00+03:00,high,early_morning,0.0,10.141284105711097,10.141284105711097,10.141284105711097
39,2026-03-24 05:00:00+03:00,high,afternoon,10.0,20.127706686148944,10.127706686148944,10.127706686148944
8,2026-03-20 02:00:00+03:00,high,early_morning,10.0,20.126126454038783,10.126126454038783,10.126126454038783
39,2026-03-11 05:00:00+03:00,high,afternoon,12.0,22.12576362883217,10.125763628832171,10.125763628832171
115,2026-04-15 02:00:00+03:00,medium,early_morning,0.0,10.125732431918454,10.125732431918454,10.125732431918454
11,2026-03-19 00:00:00+03:00,medium,deep_night,11.0,21.118436898733247,10.118436898733247,10.118436898733247
99,2026-03-30 05:00:00+03:00,mega,afternoon,18.0,28.11219579070587,10.112195790705869,10.112195790705869
17,2026-03-24 05:00:00+03:00,medium,afternoon,3.0,13.108723384071906,10.108723384071906,10.108723384071906
39,2026-04-04 05:00:00+03:00,high,afternoon,11.0,21.106344125237165,10.106344125237165,10.106344125237165
99,2026-03-26 04:00:00+03:00,mega,lunch,11.0,21.105224552140104,10.105224552140104,10.105224552140104
126,2026-02-23 05:00:00+03:00,high,afternoon,8.0,18.10077470465386,10.100774704653858,10.100774704653858
99,2026-02-02 02:00:00+03:00,mega,early_morning,10.0,20.099958534080297,10.099958534080297,10.099958534080297
69,2026-03-08 04:00:00+03:00,mega,lunch,24.0,34.0855506109864,10.085550610986402,10.085550610986402
69,2026-03-23 07:00:00+03:00,mega,late_evening,12.0,22.07962283339053,10.07962283339053,10.07962283339053
8,2026-04-04 04:00:00+03:00,high,lunch,9.0,19.077689822784272,10.077689822784272,10.077689822784272
16,2026-04-07 05:00:00+03:00,medium,afternoon,14.0,3.924892645606419,-10.07510735439358,10.07510735439358
99,2026-02-09 06:00:00+03:00,mega,dinner,4.0,14.073435869297152,10.073435869297152,10.073435869297152
2,2026-04-09 05:00:00+03:00,high,afternoon,25.0,14.928623709581592,-10.071376290418408,10.071376290418408
29,2026-03-23 02:00:00+03:00,high,early_morning,15.0,25.07043601388869,10.070436013888688,10.070436013888688
2,2026-04-17 02:00:00+03:00,high,early_morning,2.0,12.067098174890292,10.067098174890292,10.067098174890292
128,2026-02-11 07:00:00+03:00,high,late_evening,20.0,9.9440831429309,-10.0559168570691,10.0559168570691
69,2026-03-01 02:00:00+03:00,mega,early_morning,19.0,29.055320537128186,10.055320537128186,10.055320537128186
115,2026-04-16 02:00:00+03:00,medium,early_morning,0.0,10.052868864803443,10.052868864803443,10.052868864803443
99,2026-03-12 05:00:00+03:00,mega,afternoon,17.0,27.041057822068062,10.041057822068062,10.041057822068062
29,2026-03-07 02:00:00+03:00,high,early_morning,23.0,33.02721165070185,10.027211650701851,10.027211650701851
115,2026-04-14 02:00:00+03:00,medium,early_morning,2.0,12.014385882289618,10.014385882289618,10.014385882289618
115,2026-04-13 04:00:00+03:00,medium,lunch,2.0,12.005519813481468,10.005519813481468,10.005519813481468
39,2026-03-18 05:00:00+03:00,high,afternoon,10.0,20.004603606932168,10.004603606932168,10.004603606932168
69,2026-02-11 02:00:00+03:00,mega,early_morning,10.0,19.99634694046386,9.996346940463859,9.996346940463859
99,2026-04-16 05:00:00+03:00,mega,afternoon,0.0,9.99029706531638,9.99029706531638,9.99029706531638
25,2026-01-30 05:00:00+03:00,medium,afternoon,2.0,11.978898662466015,9.978898662466015,9.978898662466015
8,2026-02-21 02:00:00+03:00,high,early_morning,13.0,22.976556893545865,9.976556893545865,9.976556893545865
54,2026-03-13 06:00:00+03:00,medium,dinner,13.0,3.035851527824261,-9.96414847217574,9.96414847217574
2,2026-02-17 05:00:00+03:00,high,afternoon,25.0,15.038916163150242,-9.961083836849758,9.961083836849758
29,2026-04-16 05:00:00+03:00,high,afternoon,0.0,9.932666312072211,9.932666312072211,9.932666312072211
69,2026-02-16 05:00:00+03:00,mega,afternoon,46.0,36.08187382083367,-9.918126179166329,9.918126179166329
128,2026-02-06 05:00:00+03:00,high,afternoon,26.0,16.086312763382438,-9.913687236617562,9.913687236617562
8,2026-04-06 05:00:00+03:00,high,afternoon,16.0,25.908746948108895,9.908746948108895,9.908746948108895
39,2026-03-07 02:00:00+03:00,high,early_morning,8.0,17.90321158253748,9.90321158253748,9.90321158253748
516,2026-04-11 04:00:00+03:00,low,lunch,0.0,9.892400348267117,9.892400348267117,9.892400348267117
54,2026-02-15 05:00:00+03:00,medium,afternoon,14.0,4.113557424449649,-9.886442575550351,9.886442575550351
123,2026-03-28 04:00:00+03:00,medium,lunch,4.0,13.88532670843645,9.88532670843645,9.88532670843645
2,2026-04-02 05:00:00+03:00,high,afternoon,25.0,15.132700251324149,-9.867299748675851,9.867299748675851
8,2026-04-12 04:00:00+03:00,high,lunch,9.0,18.85924091230146,9.859240912301459,9.859240912301459
128,2026-02-15 07:00:00+03:00,high,late_evening,20.0,10.146897885717117,-9.853102114282883,9.853102114282883
99,2026-03-31 07:00:00+03:00,mega,late_evening,8.0,17.849953099944535,9.849953099944535,9.849953099944535
7,2026-02-14 05:00:00+03:00,high,afternoon,8.0,17.848879946718473,9.848879946718473,9.848879946718473
99,2026-02-04 05:00:00+03:00,mega,afternoon,16.0,25.829973445398974,9.829973445398974,9.829973445398974
8,2026-02-21 05:00:00+03:00,high,afternoon,18.0,27.829265965977594,9.829265965977594,9.829265965977594
39,2026-03-15 02:00:00+03:00,high,early_morning,5.0,14.824924325339767,9.824924325339767,9.824924325339767
11,2026-04-14 02:00:00+03:00,medium,early_morning,4.0,13.81888405775664,9.81888405775664,9.81888405775664
4,2026-03-17 04:00:00+03:00,high,lunch,5.0,14.813892839139246,9.813892839139246,9.813892839139246
29,2026-03-03 04:00:00+03:00,high,lunch,13.0,22.810203538986087,9.810203538986087,9.810203538986087
516,2026-04-11 02:00:00+03:00,low,early_morning,0.0,9.804078678975019,9.804078678975019,9.804078678975019
99,2026-04-18 05:00:00+03:00,mega,afternoon,0.0,9.802659451347104,9.802659451347104,9.802659451347104
6,2026-03-25 05:00:00+03:00,high,afternoon,13.0,22.79220412574267,9.792204125742671,9.792204125742671
6,2026-03-09 02:00:00+03:00,high,early_morning,8.0,17.78250367046725,9.78250367046725,9.78250367046725
26,2026-03-31 05:00:00+03:00,medium,afternoon,3.0,12.776113551222188,9.776113551222188,9.776113551222188
126,2026-03-13 04:00:00+03:00,high,lunch,1.0,10.772775818058168,9.772775818058168,9.772775818058168
99,2026-03-04 02:00:00+03:00,mega,early_morning,13.0,22.766889207908275,9.766889207908275,9.766889207908275
4,2026-02-06 04:00:00+03:00,high,lunch,5.0,14.761184684597712,9.761184684597712,9.761184684597712
126,2026-02-10 05:00:00+03:00,high,afternoon,30.0,20.24639561730101,-9.753604382698992,9.753604382698992
54,2026-02-08 06:00:00+03:00,medium,dinner,13.0,3.2549522286515065,-9.745047771348494,9.745047771348494
69,2026-03-09 07:00:00+03:00,mega,late_evening,33.0,23.258653970245703,-9.741346029754297,9.741346029754297
69,2026-02-10 05:00:00+03:00,mega,afternoon,20.0,29.73447609329133,9.734476093291331,9.734476093291331
6,2026-02-14 05:00:00+03:00,high,afternoon,10.0,19.72495057852251,9.72495057852251,9.72495057852251
69,2026-03-25 05:00:00+03:00,mega,afternoon,24.0,33.71200126688087,9.712001266880868,9.712001266880868
11,2026-03-05 02:00:00+03:00,medium,early_morning,8.0,17.673673275670104,9.673673275670104,9.673673275670104
12,2026-01-29 05:00:00+03:00,medium,afternoon,24.0,14.32994698085168,-9.67005301914832,9.67005301914832
39,2026-03-02 05:00:00+03:00,high,afternoon,12.0,21.66238101939308,9.66238101939308,9.66238101939308
479,2026-03-23 02:00:00+03:00,medium,early_morning,16.0,6.346024671776135,-9.653975328223865,9.653975328223865
54,2026-02-16 05:00:00+03:00,medium,afternoon,13.0,3.3474460983788337,-9.652553901621166,9.652553901621166
69,2026-03-30 04:00:00+03:00,mega,lunch,15.0,24.651089548067826,9.651089548067826,9.651089548067826
7,2026-03-02 05:00:00+03:00,high,afternoon,11.0,20.6431325129095,9.6431325129095,9.6431325129095
6,2026-02-23 02:00:00+03:00,high,early_morning,8.0,17.631875669225863,9.631875669225863,9.631875669225863
39,2026-04-05 02:00:00+03:00,high,early_morning,4.0,13.62937134902152,9.62937134902152,9.62937134902152
16,2026-02-09 05:00:00+03:00,medium,afternoon,11.0,1.3906915892258844,-9.609308410774116,9.609308410774116
39,2026-03-26 05:00:00+03:00,high,afternoon,10.0,19.60497320870624,9.604973208706241,9.604973208706241
16,2026-04-05 04:00:00+03:00,medium,lunch,13.0,3.40580227593949,-9.59419772406051,9.59419772406051
29,2026-02-23 06:00:00+03:00,high,dinner,22.0,12.430602836394009,-9.569397163605991,9.569397163605991
4,2026-03-19 04:00:00+03:00,high,lunch,5.0,14.555714319299238,9.555714319299238,9.555714319299238
99,2026-03-21 05:00:00+03:00,mega,afternoon,17.0,26.554406038997822,9.554406038997822,9.554406038997822
35,2026-03-08 03:00:00+03:00,high,morning,19.0,9.451923187970014,-9.548076812029986,9.548076812029986
29,2026-02-01 02:00:00+03:00,high,early_morning,14.0,23.547995422222858,9.547995422222858,9.547995422222858
12,2026-03-15 05:00:00+03:00,medium,afternoon,5.0,14.53754533683652,9.53754533683652,9.53754533683652
99,2026-03-22 02:00:00+03:00,mega,early_morning,16.0,25.520738977769483,9.520738977769483,9.520738977769483
7,2026-03-08 02:00:00+03:00,high,early_morning,35.0,25.484678633055708,-9.515321366944292,9.515321366944292
99,2026-03-08 02:00:00+03:00,mega,early_morning,34.0,24.489941529022598,-9.510058470977402,9.510058470977402
29,2026-04-17 05:00:00+03:00,high,afternoon,0.0,9.50847148488485,9.50847148488485,9.50847148488485
39,2026-02-26 04:00:00+03:00,high,lunch,7.0,16.50676519866639,9.50676519866639,9.50676519866639
4,2026-03-14 04:00:00+03:00,high,lunch,4.0,13.485837039321586,9.485837039321586,9.485837039321586
69,2026-02-23 05:00:00+03:00,mega,afternoon,25.0,34.46793822328216,9.467938223282161,9.467938223282161
69,2026-04-12 04:00:00+03:00,mega,lunch,20.0,29.465874865640593,9.465874865640593,9.465874865640593
17,2026-02-02 05:00:00+03:00,medium,afternoon,3.0,12.45915680826481,9.45915680826481,9.45915680826481
54,2026-02-07 06:00:00+03:00,medium,dinner,13.0,3.547793985698381,-9.45220601430162,9.45220601430162
16,2026-04-09 04:00:00+03:00,medium,lunch,11.0,1.5501110833949836,-9.449888916605016,9.449888916605016
17,2026-02-07 05:00:00+03:00,medium,afternoon,5.0,14.442549833734034,9.442549833734034,9.442549833734034
69,2026-03-31 04:00:00+03:00,mega,lunch,15.0,24.439260898016187,9.439260898016187,9.439260898016187
29,2026-03-25 02:00:00+03:00,high,early_morning,17.0,26.438033306980614,9.438033306980614,9.438033306980614
11,2026-03-03 02:00:00+03:00,medium,early_morning,0.0,9.432898371478753,9.432898371478753,9.432898371478753
69,2026-03-18 05:00:00+03:00,mega,afternoon,25.0,34.42965391581696,9.429653915816957,9.429653915816957
69,2026-04-06 02:00:00+03:00,mega,early_morning,11.0,20.42759353484702,9.42759353484702,9.42759353484702
29,2026-02-06 05:00:00+03:00,high,afternoon,35.0,25.57547710816996,-9.42452289183004,9.42452289183004
17,2026-03-29 05:00:00+03:00,medium,afternoon,5.0,14.42345348117655,9.42345348117655,9.42345348117655
29,2026-03-18 05:00:00+03:00,high,afternoon,16.0,25.419616083733025,9.419616083733025,9.419616083733025
39,2026-04-01 07:00:00+03:00,high,late_evening,2.0,11.411043050396403,9.411043050396403,9.411043050396403
99,2026-03-25 07:00:00+03:00,mega,late_evening,8.0,17.410542275735555,9.410542275735555,9.410542275735555
11,2026-04-04 00:00:00+03:00,medium,deep_night,15.0,24.40794787612927,9.40794787612927,9.40794787612927
35,2026-02-02 05:00:00+03:00,high,afternoon,9.0,18.399408795535606,9.399408795535606,9.399408795535606
7,2026-03-12 02:00:00+03:00,high,early_morning,17.0,26.391083742073636,9.391083742073636,9.391083742073636
434,2026-01-31 03:00:00+03:00,medium,morning,13.0,3.6353633352870416,-9.364636664712958,9.364636664712958
99,2026-04-14 04:00:00+03:00,mega,lunch,0.0,9.359995206621306,9.359995206621306,9.359995206621306
12,2026-03-10 05:00:00+03:00,medium,afternoon,8.0,17.359246689194933,9.359246689194933,9.359246689194933
11,2026-04-24 02:00:00+03:00,medium,early_morning,0.0,9.356073589619761,9.356073589619761,9.356073589619761
434,2026-02-23 06:00:00+03:00,medium,dinner,16.0,6.665980898796887,-9.334019101203113,9.334019101203113
69,2026-03-07 03:00:00+03:00,mega,morning,8.0,17.32292781632853,9.32292781632853,9.32292781632853
33,2026-03-03 05:00:00+03:00,high,afternoon,7.0,16.322882234793283,9.322882234793283,9.322882234793283
69,2026-02-16 07:00:00+03:00,mega,late_evening,31.0,21.681808546941284,-9.318191453058716,9.318191453058716
479,2026-03-27 02:00:00+03:00,medium,early_morning,16.0,6.682810851412755,-9.317189148587245,9.317189148587245
69,2026-03-02 05:00:00+03:00,mega,afternoon,24.0,33.30455605356015,9.304556053560148,9.304556053560148
8,2026-01-31 05:00:00+03:00,high,afternoon,16.0,25.299774935565537,9.299774935565537,9.299774935565537
6,2026-03-06 05:00:00+03:00,high,afternoon,14.0,23.297999599509055,9.297999599509055,9.297999599509055
29,2026-02-21 04:00:00+03:00,high,lunch,14.0,23.29297841724568,9.292978417245681,9.292978417245681
8,2026-02-17 02:00:00+03:00,high,early_morning,10.0,19.292470803337675,9.292470803337675,9.292470803337675
99,2026-03-10 04:00:00+03:00,mega,lunch,13.0,22.291052499902342,9.291052499902342,9.291052499902342
69,2026-01-27 04:00:00+03:00,mega,lunch,29.0,19.71003684146034,-9.28996315853966,9.28996315853966
11,2026-03-20 00:00:00+03:00,medium,deep_night,13.0,22.27425670872986,9.274256708729862,9.274256708729862
8,2026-03-02 02:00:00+03:00,high,early_morning,10.0,19.267267074547767,9.267267074547767,9.267267074547767
2,2026-02-24 04:00:00+03:00,high,lunch,19.0,9.732995134311441,-9.267004865688559,9.267004865688559
17,2026-02-24 05:00:00+03:00,medium,afternoon,3.0,12.264090624640964,9.264090624640964,9.264090624640964
99,2026-03-26 06:00:00+03:00,mega,dinner,5.0,14.262321123894381,9.262321123894381,9.262321123894381
8,2026-02-01 04:00:00+03:00,high,lunch,28.0,18.73904582547406,-9.260954174525938,9.260954174525938
26,2026-02-23 05:00:00+03:00,medium,afternoon,3.0,12.245532086556596,9.245532086556596,9.245532086556596
17,2026-02-05 05:00:00+03:00,medium,afternoon,3.0,12.245307616341803,9.245307616341803,9.245307616341803
39,2026-03-06 04:00:00+03:00,high,lunch,10.0,19.242989262235923,9.242989262235923,9.242989262235923
11,2026-03-11 00:00:00+03:00,medium,deep_night,11.0,20.24159187008976,9.24159187008976,9.24159187008976
29,2026-02-22 04:00:00+03:00,high,lunch,15.0,24.232039941789786,9.232039941789786,9.232039941789786
128,2026-03-11 07:00:00+03:00,high,late_evening,20.0,10.768375514548676,-9.231624485451324,9.231624485451324
17,2026-03-17 05:00:00+03:00,medium,afternoon,3.0,12.228074613907035,9.228074613907035,9.228074613907035
30,2026-03-11 04:00:00+03:00,high,lunch,4.0,13.227185174324017,9.227185174324017,9.227185174324017
69,2026-02-20 07:00:00+03:00,mega,late_evening,37.0,27.773944497891527,-9.226055502108473,9.226055502108473
69,2026-03-31 07:00:00+03:00,mega,late_evening,12.0,21.220962701601778,9.220962701601778,9.220962701601778
128,2026-03-21 02:00:00+03:00,high,early_morning,4.0,13.214468818740308,9.214468818740308,9.214468818740308
2,2026-04-08 02:00:00+03:00,high,early_morning,25.0,15.789213452450866,-9.210786547549134,9.210786547549134
69,2026-03-24 05:00:00+03:00,mega,afternoon,22.0,31.21077921760694,9.210779217606941,9.210779217606941
4,2026-03-25 05:00:00+03:00,high,afternoon,12.0,21.202128857545375,9.202128857545375,9.202128857545375
17,2026-02-03 05:00:00+03:00,medium,afternoon,3.0,12.197746144294308,9.197746144294308,9.197746144294308
69,2026-01-29 06:00:00+03:00,mega,dinner,8.0,17.186608196243753,9.186608196243753,9.186608196243753
7,2026-03-14 05:00:00+03:00,high,afternoon,7.0,16.186457523609114,9.186457523609114,9.186457523609114
29,2026-04-15 05:00:00+03:00,high,afternoon,0.0,9.179344159626854,9.179344159626854,9.179344159626854
29,2026-03-14 04:00:00+03:00,high,lunch,18.0,27.178645254898502,9.178645254898502,9.178645254898502
8,2026-02-27 05:00:00+03:00,high,afternoon,17.0,26.174897376981132,9.174897376981132,9.174897376981132
69,2026-03-31 06:00:00+03:00,mega,dinner,10.0,19.170484562481057,9.170484562481057,9.170484562481057
29,2026-03-31 02:00:00+03:00,high,early_morning,17.0,26.159881205591695,9.159881205591695,9.159881205591695
12,2026-03-25 05:00:00+03:00,medium,afternoon,8.0,17.156266591518325,9.156266591518325,9.156266591518325
69,2026-04-05 06:00:00+03:00,mega,dinner,29.0,19.86161865150909,-9.13838134849091,9.13838134849091
29,2026-01-28 02:00:00+03:00,high,early_morning,23.0,13.867936747593413,-9.132063252406587,9.132063252406587
69,2026-04-10 04:00:00+03:00,mega,lunch,16.0,25.130923118134728,9.130923118134728,9.130923118134728
69,2026-04-08 04:00:00+03:00,mega,lunch,13.0,22.126860270790026,9.126860270790026,9.126860270790026
7,2026-03-01 02:00:00+03:00,high,early_morning,16.0,25.11852278334794,9.118522783347942,9.118522783347942
479,2026-03-12 02:00:00+03:00,medium,early_morning,16.0,6.882190521503698,-9.117809478496302,9.117809478496302
2,2026-01-30 04:00:00+03:00,high,lunch,18.0,8.88402013602363,-9.11597986397637,9.11597986397637
39,2026-03-25 05:00:00+03:00,high,afternoon,11.0,20.11261658842471,9.11261658842471,9.11261658842471
101,2026-03-30 04:00:00+03:00,medium,lunch,0.0,9.112353927319212,9.112353927319212,9.112353927319212
8,2026-03-22 05:00:00+03:00,high,afternoon,18.0,27.1115414339245,9.1115414339245,9.1115414339245
69,2026-04-06 06:00:00+03:00,mega,dinner,26.0,16.88924270419573,-9.11075729580427,9.11075729580427
39,2026-03-17 04:00:00+03:00,high,lunch,7.0,16.105811764338036,9.105811764338036,9.105811764338036
35,2026-02-18 04:00:00+03:00,high,lunch,23.0,13.894513563417418,-9.105486436582582,9.105486436582582
8,2026-03-11 04:00:00+03:00,high,lunch,10.0,19.10545934365473,9.10545934365473,9.10545934365473
123,2026-03-08 05:00:00+03:00,medium,afternoon,5.0,14.103741885146038,9.103741885146038,9.103741885146038
99,2026-01-25 04:00:00+03:00,mega,lunch,31.0,21.89725920229146,-9.102740797708542,9.102740797708542
69,2026-03-27 04:00:00+03:00,mega,lunch,18.0,27.100563150364643,9.100563150364643,9.100563150364643
29,2026-03-30 07:00:00+03:00,high,late_evening,5.0,14.09541448358652,9.09541448358652,9.09541448358652
39,2026-02-05 05:00:00+03:00,high,afternoon,9.0,18.09110873635884,9.09110873635884,9.09110873635884
39,2026-04-07 05:00:00+03:00,high,afternoon,10.0,19.08337941986212,9.08337941986212,9.08337941986212
101,2026-03-11 05:00:00+03:00,medium,afternoon,4.0,13.0608673465009,9.0608673465009,9.0608673465009
69,2026-03-29 05:00:00+03:00,mega,afternoon,32.0,41.06085602360681,9.06085602360681,9.06085602360681
7,2026-02-16 02:00:00+03:00,high,early_morning,28.0,18.941963221914662,-9.058036778085338,9.058036778085338
39,2026-02-08 05:00:00+03:00,high,afternoon,12.0,21.04336065414841,9.043360654148412,9.043360654148412
99,2026-02-05 06:00:00+03:00,mega,dinner,23.0,13.96687915691335,-9.03312084308665,9.03312084308665
11,2026-04-30 02:00:00+03:00,medium,early_morning,0.0,9.024813894172155,9.024813894172155,9.024813894172155
11,2026-04-21 02:00:00+03:00,medium,early_morning,0.0,9.024813894172155,9.024813894172155,9.024813894172155
11,2026-04-23 02:00:00+03:00,medium,early_morning,0.0,9.024813894172155,9.024813894172155,9.024813894172155
11,2026-04-28 02:00:00+03:00,medium,early_morning,0.0,9.024813894172155,9.024813894172155,9.024813894172155
99,2026-02-17 07:00:00+03:00,mega,late_evening,9.0,18.009916157744847,9.009916157744847,9.009916157744847
30,2026-03-15 04:00:00+03:00,high,lunch,7.0,16.003883795693145,9.003883795693145,9.003883795693145
128,2026-02-26 05:00:00+03:00,high,afternoon,25.0,15.998725891216383,-9.001274108783617,9.001274108783617
126,2026-03-09 05:00:00+03:00,high,afternoon,10.0,18.999883238648835,8.999883238648835,8.999883238648835
115,2026-02-07 05:00:00+03:00,medium,afternoon,7.0,15.994567760048131,8.994567760048131,8.994567760048131
39,2026-03-08 05:00:00+03:00,high,afternoon,15.0,23.983872880306222,8.983872880306222,8.983872880306222
35,2026-04-07 04:00:00+03:00,high,lunch,5.0,13.982486006466486,8.982486006466486,8.982486006466486
9,2026-03-15 05:00:00+03:00,medium,afternoon,4.0,12.976208704513846,8.976208704513846,8.976208704513846
29,2026-03-10 04:00:00+03:00,high,lunch,14.0,22.972676507510926,8.972676507510926,8.972676507510926
11,2026-04-29 02:00:00+03:00,medium,early_morning,0.0,8.970889251090224,8.970889251090224,8.970889251090224
11,2026-04-22 02:00:00+03:00,medium,early_morning,0.0,8.970889251090224,8.970889251090224,8.970889251090224
17,2026-04-05 04:00:00+03:00,medium,lunch,1.0,9.970133939638394,8.970133939638394,8.970133939638394
21,2026-03-08 04:00:00+03:00,high,lunch,21.0,12.039326569073797,-8.960673430926203,8.960673430926203
30,2026-02-14 04:00:00+03:00,high,lunch,26.0,17.0476519862544,-8.952348013745599,8.952348013745599
11,2026-02-06 00:00:00+03:00,medium,deep_night,11.0,19.949280067542023,8.949280067542023,8.949280067542023
47,2026-02-19 04:00:00+03:00,medium,lunch,12.0,3.0537059839136136,-8.946294016086387,8.946294016086387
12,2026-03-19 05:00:00+03:00,medium,afternoon,9.0,17.941849805344702,8.941849805344702,8.941849805344702
99,2026-03-24 04:00:00+03:00,mega,lunch,12.0,20.93290128249914,8.932901282499142,8.932901282499142
99,2026-03-07 02:00:00+03:00,mega,early_morning,19.0,27.930603059190762,8.930603059190762,8.930603059190762
99,2026-01-29 04:00:00+03:00,mega,lunch,28.0,19.070688234505518,-8.929311765494482,8.929311765494482
12,2026-02-03 04:00:00+03:00,medium,lunch,4.0,12.909930191711354,8.909930191711354,8.909930191711354
39,2026-02-27 04:00:00+03:00,high,lunch,8.0,16.90394503674178,8.903945036741781,8.903945036741781
4,2026-01-30 04:00:00+03:00,high,lunch,5.0,13.901579274413333,8.901579274413333,8.901579274413333
11,2026-02-03 00:00:00+03:00,medium,deep_night,9.0,17.896585069548387,8.896585069548387,8.896585069548387
35,2026-03-28 02:00:00+03:00,high,early_morning,7.0,15.894317104926978,8.894317104926978,8.894317104926978
7,2026-01-29 00:00:00+03:00,high,deep_night,14.0,5.113333062001282,-8.886666937998719,8.886666937998719
115,2026-02-06 05:00:00+03:00,medium,afternoon,25.0,16.120277156652936,-8.879722843347064,8.879722843347064
69,2026-02-19 04:00:00+03:00,mega,lunch,32.0,23.12049633003931,-8.879503669960691,8.879503669960691
54,2026-03-22 07:00:00+03:00,medium,late_evening,11.0,2.1205495457211683,-8.879450454278832,8.879450454278832
99,2026-04-02 07:00:00+03:00,mega,late_evening,25.0,16.121312060110142,-8.878687939889858,8.878687939889858
4,2026-02-20 05:00:00+03:00,high,afternoon,12.0,20.86891093168371,8.868910931683711,8.868910931683711
39,2026-03-04 04:00:00+03:00,high,lunch,7.0,15.852563638514326,8.852563638514326,8.852563638514326
115,2026-04-14 04:00:00+03:00,medium,lunch,1.0,9.851818671752977,8.851818671752977,8.851818671752977
479,2026-03-03 02:00:00+03:00,medium,early_morning,14.0,5.153429975468843,-8.846570024531157,8.846570024531157
479,2026-03-13 05:00:00+03:00,medium,afternoon,1.0,9.845474170850169,8.845474170850169,8.845474170850169
69,2026-03-26 06:00:00+03:00,mega,dinner,10.0,18.840944304883074,8.840944304883074,8.840944304883074
126,2026-02-22 05:00:00+03:00,high,afternoon,6.0,14.831050734463412,8.831050734463412,8.831050734463412
39,2026-02-07 05:00:00+03:00,high,afternoon,13.0,21.82861098249657,8.82861098249657,8.82861098249657
7,2026-03-09 02:00:00+03:00,high,early_morning,16.0,24.826934929827917,8.826934929827917,8.826934929827917
123,2026-01-27 04:00:00+03:00,medium,lunch,23.0,14.180662479278217,-8.819337520721783,8.819337520721783
11,2026-04-27 02:00:00+03:00,medium,early_morning,0.0,8.816386851192622,8.816386851192622,8.816386851192622
2,2026-03-27 05:00:00+03:00,high,afternoon,8.0,16.806814839152395,8.806814839152395,8.806814839152395
11,2026-03-29 00:00:00+03:00,medium,deep_night,17.0,25.805937299244714,8.805937299244714,8.805937299244714
7,2026-02-13 04:00:00+03:00,high,lunch,6.0,14.802040036497727,8.802040036497727,8.802040036497727
30,2026-03-16 05:00:00+03:00,high,afternoon,12.0,20.79098430823006,8.790984308230058,8.790984308230058
29,2026-03-22 02:00:00+03:00,high,early_morning,20.0,28.790736215783543,8.790736215783543,8.790736215783543
99,2026-02-28 05:00:00+03:00,mega,afternoon,34.0,25.209477584626967,-8.790522415373033,8.790522415373033
35,2026-02-05 02:00:00+03:00,high,early_morning,17.0,8.222255667158187,-8.777744332841813,8.777744332841813
479,2026-03-25 02:00:00+03:00,medium,early_morning,14.0,5.222544959176863,-8.777455040823137,8.777455040823137
29,2026-02-23 04:00:00+03:00,high,lunch,14.0,22.777143149581242,8.777143149581242,8.777143149581242
16,2026-03-21 04:00:00+03:00,medium,lunch,11.0,2.2232026978943145,-8.776797302105685,8.776797302105685
11,2026-02-20 00:00:00+03:00,medium,deep_night,12.0,20.776359462975872,8.776359462975872,8.776359462975872
38,2026-02-22 07:00:00+03:00,medium,late_evening,11.0,2.2285207900043735,-8.771479209995626,8.771479209995626
99,2026-02-21 02:00:00+03:00,mega,early_morning,16.0,24.76844533412408,8.768445334124081,8.768445334124081
54,2026-01-30 07:00:00+03:00,medium,late_evening,11.0,2.2323879454654447,-8.767612054534556,8.767612054534556
30,2026-03-12 05:00:00+03:00,high,afternoon,10.0,18.75741939755475,8.757419397554749,8.757419397554749
12,2026-03-06 04:00:00+03:00,medium,lunch,4.0,12.74965794357878,8.74965794357878,8.74965794357878
39,2026-03-31 04:00:00+03:00,high,lunch,8.0,16.746311921562324,8.746311921562324,8.746311921562324
2,2026-03-11 03:00:00+03:00,high,morning,14.0,5.257667474258128,-8.742332525741872,8.742332525741872
7,2026-03-10 05:00:00+03:00,high,afternoon,11.0,19.742116041141188,8.742116041141188,8.742116041141188
99,2026-02-26 02:00:00+03:00,mega,early_morning,13.0,21.74001880992263,8.740018809922631,8.740018809922631
69,2026-04-03 07:00:00+03:00,mega,late_evening,14.0,22.738610201934726,8.738610201934726,8.738610201934726
6,2026-02-23 05:00:00+03:00,high,afternoon,11.0,19.737528628446032,8.737528628446032,8.737528628446032
39,2026-03-26 04:00:00+03:00,high,lunch,8.0,16.73153871691987,8.731538716919871,8.731538716919871
7,2026-03-02 02:00:00+03:00,high,early_morning,19.0,27.730392776626832,8.730392776626832,8.730392776626832
8,2026-02-22 05:00:00+03:00,high,afternoon,16.0,24.725262229587095,8.725262229587095,8.725262229587095
69,2026-03-01 04:00:00+03:00,mega,lunch,22.0,30.723373556016792,8.723373556016792,8.723373556016792
29,2026-02-17 02:00:00+03:00,high,early_morning,33.0,24.28565810345409,-8.71434189654591,8.71434189654591
29,2026-03-22 04:00:00+03:00,high,lunch,15.0,23.705193428075784,8.705193428075784,8.705193428075784
4,2026-02-02 05:00:00+03:00,high,afternoon,12.0,20.702322087817397,8.702322087817397,8.702322087817397
30,2026-03-08 04:00:00+03:00,high,lunch,26.0,17.303148913894304,-8.696851086105696,8.696851086105696
39,2026-03-24 04:00:00+03:00,high,lunch,9.0,17.694717779420095,8.694717779420095,8.694717779420095
8,2026-02-13 05:00:00+03:00,high,afternoon,19.0,27.692025060724806,8.692025060724806,8.692025060724806
5,2026-02-14 02:00:00+03:00,medium,early_morning,0.0,8.675149660450977,8.675149660450977,8.675149660450977
99,2026-02-22 05:00:00+03:00,mega,afternoon,19.0,27.67282586209641,8.67282586209641,8.67282586209641
39,2026-02-16 02:00:00+03:00,high,early_morning,1.0,9.670169218028324,8.670169218028324,8.670169218028324
99,2026-03-06 07:00:00+03:00,mega,late_evening,27.0,18.331421172734245,-8.668578827265755,8.668578827265755
99,2026-03-28 06:00:00+03:00,mega,dinner,5.0,13.66716698734133,8.66716698734133,8.66716698734133
123,2026-03-07 05:00:00+03:00,medium,afternoon,6.0,14.666683266805784,8.666683266805784,8.666683266805784
11,2026-03-01 02:00:00+03:00,medium,early_morning,0.0,8.658554141058964,8.658554141058964,8.658554141058964
39,2026-02-20 05:00:00+03:00,high,afternoon,12.0,20.6584793753243,8.658479375324301,8.658479375324301
39,2026-02-22 05:00:00+03:00,high,afternoon,10.0,18.658039959895106,8.658039959895106,8.658039959895106
7,2026-03-28 02:00:00+03:00,high,early_morning,32.0,23.350239421092645,-8.649760578907355,8.649760578907355
14,2026-03-08 02:00:00+03:00,medium,early_morning,13.0,4.350491644363417,-8.649508355636584,8.649508355636584
29,2026-01-27 02:00:00+03:00,high,early_morning,24.0,15.351208629584569,-8.648791370415431,8.648791370415431
5,2026-02-06 02:00:00+03:00,medium,early_morning,2.0,10.648697460157045,8.648697460157045,8.648697460157045
115,2026-03-02 02:00:00+03:00,medium,early_morning,3.0,11.647670478908818,8.647670478908818,8.647670478908818
39,2026-03-23 04:00:00+03:00,high,lunch,8.0,16.646072406553174,8.646072406553174,8.646072406553174
6,2026-02-14 00:00:00+03:00,high,deep_night,12.0,3.355242033383786,-8.644757966616215,8.644757966616215
29,2026-02-03 02:00:00+03:00,high,early_morning,16.0,24.644332419321135,8.644332419321135,8.644332419321135
14,2026-04-04 05:00:00+03:00,medium,afternoon,5.0,13.638955072001693,8.638955072001693,8.638955072001693
69,2026-04-11 04:00:00+03:00,mega,lunch,27.0,35.6369501610365,8.636950161036502,8.636950161036502
39,2026-04-03 04:00:00+03:00,high,lunch,7.0,15.634221624483795,8.634221624483795,8.634221624483795
11,2026-04-05 00:00:00+03:00,medium,deep_night,15.0,23.608993141610497,8.608993141610497,8.608993141610497
16,2026-03-19 07:00:00+03:00,medium,late_evening,10.0,1.4025302745686594,-8.59746972543134,8.59746972543134
12,2026-03-13 04:00:00+03:00,medium,lunch,4.0,12.59443299273773,8.59443299273773,8.59443299273773
11,2026-02-07 00:00:00+03:00,medium,deep_night,14.0,22.591961666738335,8.591961666738335,8.591961666738335
4,2026-01-30 05:00:00+03:00,high,afternoon,25.0,16.40822508939886,-8.591774910601139,8.591774910601139
39,2026-03-25 04:00:00+03:00,high,lunch,8.0,16.587452295558812,8.587452295558812,8.587452295558812
11,2026-02-05 00:00:00+03:00,medium,deep_night,11.0,19.58237708378192,8.582377083781921,8.582377083781921
30,2026-03-15 02:00:00+03:00,high,early_morning,7.0,15.577631907187403,8.577631907187403,8.577631907187403
128,2026-04-04 05:00:00+03:00,high,afternoon,6.0,14.577610479004143,8.577610479004143,8.577610479004143
8,2026-03-21 05:00:00+03:00,high,afternoon,16.0,24.567566801130756,8.567566801130756,8.567566801130756
6,2026-03-23 05:00:00+03:00,high,afternoon,15.0,23.563168723772836,8.563168723772836,8.563168723772836
35,2026-02-02 06:00:00+03:00,high,dinner,0.0,8.562248145148772,8.562248145148772,8.562248145148772
29,2026-04-05 02:00:00+03:00,high,early_morning,20.0,28.5571723310539,8.557172331053899,8.557172331053899
39,2026-03-15 05:00:00+03:00,high,afternoon,13.0,21.556594942327138,8.556594942327138,8.556594942327138
30,2026-03-31 04:00:00+03:00,high,lunch,5.0,13.55326495815046,8.55326495815046,8.55326495815046
29,2026-03-06 05:00:00+03:00,high,afternoon,20.0,28.551976069111074,8.551976069111074,8.551976069111074
35,2026-04-01 04:00:00+03:00,high,lunch,22.0,13.457865816310681,-8.542134183689319,8.542134183689319
29,2026-03-27 04:00:00+03:00,high,lunch,15.0,23.533945691641016,8.533945691641016,8.533945691641016
16,2026-02-19 06:00:00+03:00,medium,dinner,10.0,1.469754994985284,-8.530245005014716,8.530245005014716
99,2026-02-01 03:00:00+03:00,mega,morning,3.0,11.52811437867288,8.52811437867288,8.52811437867288
29,2026-04-19 05:00:00+03:00,high,afternoon,0.0,8.52782969944679,8.52782969944679,8.52782969944679
29,2026-03-09 05:00:00+03:00,high,afternoon,20.0,28.525745053795944,8.525745053795944,8.525745053795944
16,2026-04-08 06:00:00+03:00,medium,dinner,10.0,1.4766296286968594,-8.523370371303141,8.523370371303141
36,2026-04-11 04:00:00+03:00,medium,lunch,11.0,2.4799254219685687,-8.520074578031432,8.520074578031432
479,2026-02-27 02:00:00+03:00,medium,early_morning,14.0,5.483240813999004,-8.516759186000996,8.516759186000996
101,2026-01-30 05:00:00+03:00,medium,afternoon,19.0,10.483893649751831,-8.516106350248169,8.516106350248169
2,2026-02-21 05:00:00+03:00,high,afternoon,20.0,11.489514154978473,-8.510485845021527,8.510485845021527
12,2026-04-14 05:00:00+03:00,medium,afternoon,1.0,9.508879963710417,8.508879963710417,8.508879963710417
99,2026-01-25 07:00:00+03:00,mega,late_evening,23.0,14.496584072674418,-8.503415927325582,8.503415927325582
35,2026-03-01 07:00:00+03:00,high,late_evening,21.0,12.514733703437,-8.485266296563,8.485266296563
99,2026-02-14 04:00:00+03:00,mega,lunch,31.0,22.51489923919879,-8.48510076080121,8.48510076080121
39,2026-02-07 04:00:00+03:00,high,lunch,12.0,20.47762867082531,8.477628670825311,8.477628670825311
14,2026-04-03 04:00:00+03:00,medium,lunch,1.0,9.471276442254467,8.471276442254467,8.471276442254467
69,2026-02-08 06:00:00+03:00,mega,dinner,12.0,20.467285318039742,8.467285318039742,8.467285318039742
99,2026-02-04 04:00:00+03:00,mega,lunch,13.0,21.466358772615646,8.466358772615646,8.466358772615646
6,2026-04-07 05:00:00+03:00,high,afternoon,15.0,23.45946552204992,8.459465522049921,8.459465522049921
128,2026-01-30 05:00:00+03:00,high,afternoon,23.0,14.5424159553637,-8.4575840446363,8.4575840446363
33,2026-04-05 05:00:00+03:00,high,afternoon,22.0,13.552577086208816,-8.447422913791184,8.447422913791184
123,2026-04-09 04:00:00+03:00,medium,lunch,24.0,15.55444357732572,-8.44555642267428,8.44555642267428
69,2026-04-05 04:00:00+03:00,mega,lunch,40.0,31.558573946765403,-8.441426053234597,8.441426053234597
29,2026-03-28 04:00:00+03:00,high,lunch,16.0,24.433745627893938,8.433745627893938,8.433745627893938
69,2026-02-26 04:00:00+03:00,mega,lunch,17.0,25.43071658766307,8.43071658766307,8.43071658766307
115,2026-03-21 02:00:00+03:00,medium,early_morning,8.0,16.417707672823184,8.417707672823184,8.417707672823184
26,2026-04-10 04:00:00+03:00,medium,lunch,1.0,9.40852091695076,8.40852091695076,8.40852091695076
2,2026-03-09 02:00:00+03:00,high,early_morning,8.0,16.403330146429923,8.403330146429923,8.403330146429923
2,2026-03-01 07:00:00+03:00,high,late_evening,15.0,6.598349508044956,-8.401650491955044,8.401650491955044
7,2026-03-20 02:00:00+03:00,high,early_morning,18.0,26.401113443711022,8.401113443711022,8.401113443711022
39,2026-03-03 05:00:00+03:00,high,afternoon,11.0,19.39107521397981,8.39107521397981,8.39107521397981
29,2026-04-04 02:00:00+03:00,high,early_morning,24.0,32.39005173321675,8.390051733216751,8.390051733216751
434,2026-03-07 05:00:00+03:00,medium,afternoon,7.0,15.376866613633672,8.376866613633672,8.376866613633672
39,2026-02-11 07:00:00+03:00,high,late_evening,3.0,11.348766346394271,8.348766346394271,8.348766346394271
7,2026-01-29 06:00:00+03:00,high,dinner,17.0,8.657685842774763,-8.342314157225237,8.342314157225237
298,2026-02-14 07:00:00+03:00,medium,late_evening,9.0,0.6634068680337215,-8.336593131966278,8.336593131966278
8,2026-02-25 05:00:00+03:00,high,afternoon,18.0,26.327910516090043,8.327910516090043,8.327910516090043
16,2026-02-10 07:00:00+03:00,medium,late_evening,10.0,1.6750603978572063,-8.324939602142793,8.324939602142793
128,2026-01-28 07:00:00+03:00,high,late_evening,17.0,8.679858040440596,-8.320141959559404,8.320141959559404
16,2026-04-11 05:00:00+03:00,medium,afternoon,14.0,5.686108342528046,-8.313891657471954,8.313891657471954
115,2026-04-05 02:00:00+03:00,medium,early_morning,5.0,13.312223065812582,8.312223065812582,8.312223065812582
30,2026-04-08 05:00:00+03:00,high,afternoon,26.0,17.692309054983767,-8.307690945016233,8.307690945016233
39,2026-02-10 04:00:00+03:00,high,lunch,8.0,16.30700298390544,8.307002983905441,8.307002983905441
30,2026-02-01 02:00:00+03:00,high,early_morning,6.0,14.306026903594345,8.306026903594345,8.306026903594345
69,2026-03-27 05:00:00+03:00,mega,afternoon,25.0,33.2987960217141,8.298796021714097,8.298796021714097
115,2026-03-09 05:00:00+03:00,medium,afternoon,8.0,16.293942556560665,8.293942556560665,8.293942556560665
14,2026-01-27 04:00:00+03:00,medium,lunch,15.0,6.706505920640404,-8.293494079359597,8.293494079359597
21,2026-03-14 05:00:00+03:00,high,afternoon,9.0,17.28619535176702,8.28619535176702,8.28619535176702
30,2026-02-26 02:00:00+03:00,high,early_morning,2.0,10.28305618045096,8.28305618045096,8.28305618045096
39,2026-02-06 02:00:00+03:00,high,early_morning,2.0,10.279242853756934,8.279242853756934,8.279242853756934
115,2026-04-09 04:00:00+03:00,medium,lunch,4.0,12.278488962974304,8.278488962974304,8.278488962974304
6,2026-02-27 05:00:00+03:00,high,afternoon,14.0,22.278428948571168,8.278428948571168,8.278428948571168
29,2026-01-27 06:00:00+03:00,high,dinner,3.0,11.270402005696461,8.270402005696461,8.270402005696461
16,2026-02-14 04:00:00+03:00,medium,lunch,12.0,3.7323067895338427,-8.267693210466158,8.267693210466158
69,2026-02-16 02:00:00+03:00,mega,early_morning,11.0,19.26645652032939,8.266456520329388,8.266456520329388
35,2026-01-25 04:00:00+03:00,high,lunch,24.0,15.73442263394018,-8.26557736605982,8.26557736605982
39,2026-04-08 07:00:00+03:00,high,late_evening,3.0,11.265469005886498,8.265469005886498,8.265469005886498
11,2026-02-16 00:00:00+03:00,medium,deep_night,11.0,19.2579372363679,8.257937236367901,8.257937236367901
29,2026-04-07 07:00:00+03:00,high,late_evening,5.0,13.253754818998688,8.253754818998688,8.253754818998688
123,2026-04-11 02:00:00+03:00,medium,early_morning,1.0,9.238195230259057,8.238195230259057,8.238195230259057
11,2026-02-02 00:00:00+03:00,medium,deep_night,12.0,20.237126003100805,8.237126003100805,8.237126003100805
102,2026-02-14 07:00:00+03:00,medium,late_evening,9.0,0.7658174248966532,-8.234182575103347,8.234182575103347
99,2026-04-07 05:00:00+03:00,mega,afternoon,17.0,25.2312851365011,8.2312851365011,8.2312851365011
7,2026-02-09 02:00:00+03:00,high,early_morning,30.0,21.770569569691403,-8.229430430308597,8.229430430308597
29,2026-04-02 02:00:00+03:00,high,early_morning,19.0,27.228189537251975,8.228189537251975,8.228189537251975
6,2026-02-09 00:00:00+03:00,high,deep_night,11.0,2.771990402982744,-8.228009597017255,8.228009597017255
11,2026-02-12 00:00:00+03:00,medium,deep_night,11.0,19.225748173026346,8.225748173026346,8.225748173026346
8,2026-03-30 05:00:00+03:00,high,afternoon,19.0,27.22372380529733,8.223723805297329,8.223723805297329
126,2026-03-07 05:00:00+03:00,high,afternoon,7.0,15.215185360030764,8.215185360030764,8.215185360030764
69,2026-03-16 05:00:00+03:00,mega,afternoon,24.0,32.215098070374935,8.215098070374935,8.215098070374935
4,2026-02-23 02:00:00+03:00,high,early_morning,1.0,9.211380189650988,8.211380189650988,8.211380189650988
99,2026-03-29 07:00:00+03:00,mega,late_evening,9.0,17.210966089720404,8.210966089720404,8.210966089720404
21,2026-01-30 04:00:00+03:00,high,lunch,16.0,7.78910148726153,-8.21089851273847,8.21089851273847
5,2026-02-15 02:00:00+03:00,medium,early_morning,0.0,8.204714579345882,8.204714579345882,8.204714579345882
4,2026-03-13 04:00:00+03:00,high,lunch,7.0,15.20002639047367,8.20002639047367,8.20002639047367
8,2026-03-07 07:00:00+03:00,high,late_evening,6.0,14.192944049121683,8.192944049121683,8.192944049121683
11,2026-02-17 00:00:00+03:00,medium,deep_night,10.0,18.191616956281592,8.191616956281592,8.191616956281592
9,2026-02-04 05:00:00+03:00,medium,afternoon,2.0,10.18846200671284,8.18846200671284,8.18846200671284
30,2026-04-07 05:00:00+03:00,high,afternoon,10.0,18.18499415667638,8.184994156676382,8.184994156676382
39,2026-02-27 07:00:00+03:00,high,late_evening,3.0,11.183058848322885,8.183058848322885,8.183058848322885
123,2026-03-20 05:00:00+03:00,medium,afternoon,12.0,20.176434235656657,8.176434235656657,8.176434235656657
69,2026-02-02 05:00:00+03:00,mega,afternoon,39.0,30.82779984442449,-8.17220015557551,8.17220015557551
29,2026-03-10 07:00:00+03:00,high,late_evening,6.0,14.17104133964344,8.17104133964344,8.17104133964344
7,2026-01-27 00:00:00+03:00,high,deep_night,15.0,6.832107734252112,-8.167892265747888,8.167892265747888
8,2026-04-05 05:00:00+03:00,high,afternoon,18.0,26.157324933720883,8.157324933720883,8.157324933720883
39,2026-03-27 04:00:00+03:00,high,lunch,9.0,17.15019406942121,8.150194069421211,8.150194069421211
128,2026-02-13 05:00:00+03:00,high,afternoon,24.0,15.867125685441238,-8.132874314558762,8.132874314558762
7,2026-03-13 05:00:00+03:00,high,afternoon,14.0,22.1230309625676,8.1230309625676,8.1230309625676
16,2026-04-02 05:00:00+03:00,medium,afternoon,11.0,2.8812034509331625,-8.118796549066838,8.118796549066838
12,2026-03-16 06:00:00+03:00,medium,dinner,0.0,8.113316290644356,8.113316290644356,8.113316290644356
115,2026-01-26 06:00:00+03:00,medium,dinner,14.0,5.886984092206439,-8.11301590779356,8.11301590779356
11,2026-02-10 02:00:00+03:00,medium,early_morning,16.0,7.8890101511365,-8.1109898488635,8.1109898488635
29,2026-02-20 07:00:00+03:00,high,late_evening,22.0,13.8921028055569,-8.1078971944431,8.1078971944431
39,2026-04-12 05:00:00+03:00,high,afternoon,11.0,19.10488824030351,8.10488824030351,8.10488824030351
21,2026-02-25 04:00:00+03:00,high,lunch,2.0,10.102012103874632,8.102012103874632,8.102012103874632
12,2026-03-26 05:00:00+03:00,medium,afternoon,9.0,17.10141712468065,8.101417124680651,8.101417124680651
29,2026-02-17 07:00:00+03:00,high,late_evening,22.0,13.901510590611766,-8.098489409388234,8.098489409388234
25,2026-02-23 05:00:00+03:00,medium,afternoon,4.0,12.09772996241478,8.09772996241478,8.09772996241478
7,2026-03-08 05:00:00+03:00,high,afternoon,24.0,15.905056932523895,-8.094943067476105,8.094943067476105
33,2026-03-28 04:00:00+03:00,high,lunch,4.0,12.09050475238134,8.09050475238134,8.09050475238134
69,2026-04-10 07:00:00+03:00,mega,late_evening,32.0,23.909514804335785,-8.090485195664215,8.090485195664215
39,2026-04-13 04:00:00+03:00,high,lunch,8.0,16.082690762731538,8.082690762731538,8.082690762731538
16,2026-04-06 07:00:00+03:00,medium,late_evening,10.0,1.9184571019573182,-8.081542898042681,8.081542898042681
39,2026-03-06 07:00:00+03:00,high,late_evening,4.0,12.077611937630536,8.077611937630536,8.077611937630536
38,2026-03-08 06:00:00+03:00,medium,dinner,9.0,0.929051989615119,-8.070948010384882,8.070948010384882
115,2026-02-16 04:00:00+03:00,medium,lunch,20.0,11.935008592133855,-8.064991407866145,8.064991407866145
69,2026-02-02 02:00:00+03:00,mega,early_morning,11.0,19.059490459709615,8.059490459709615,8.059490459709615
142,2026-02-18 07:00:00+03:00,medium,late_evening,11.0,2.9414794882143607,-8.05852051178564,8.05852051178564
29,2026-03-20 05:00:00+03:00,high,afternoon,18.0,26.057611294880495,8.057611294880495,8.057611294880495
8,2026-02-13 04:00:00+03:00,high,lunch,28.0,19.944981197429207,-8.055018802570793,8.055018802570793
17,2026-03-31 05:00:00+03:00,medium,afternoon,5.0,13.051620095378938,8.051620095378938,8.051620095378938
69,2026-03-31 05:00:00+03:00,mega,afternoon,22.0,30.048379683770854,8.048379683770854,8.048379683770854
14,2026-02-23 04:00:00+03:00,medium,lunch,3.0,11.040563969298894,8.040563969298894,8.040563969298894
39,2026-04-08 04:00:00+03:00,high,lunch,8.0,16.037171919745823,8.037171919745823,8.037171919745823
99,2026-03-10 06:00:00+03:00,mega,dinner,22.0,13.966284639807705,-8.033715360192295,8.033715360192295
39,2026-02-12 02:00:00+03:00,high,early_morning,2.0,10.027553611744533,8.027553611744533,8.027553611744533
434,2026-03-09 07:00:00+03:00,medium,late_evening,17.0,8.973477639175513,-8.026522360824487,8.026522360824487
9,2026-04-25 02:00:00+03:00,medium,early_morning,0.0,8.024696981132262,8.024696981132262,8.024696981132262
9,2026-04-18 02:00:00+03:00,medium,early_morning,0.0,8.024696981132262,8.024696981132262,8.024696981132262
7,2026-03-28 00:00:00+03:00,high,deep_night,0.0,8.024124076500081,8.024124076500081,8.024124076500081
16,2026-03-28 02:00:00+03:00,medium,early_morning,9.0,0.9787509527828528,-8.021249047217147,8.021249047217147
11,2026-03-16 00:00:00+03:00,medium,deep_night,14.0,22.020899746299893,8.020899746299893,8.020899746299893
39,2026-04-09 05:00:00+03:00,high,afternoon,13.0,21.017545570821127,8.017545570821127,8.017545570821127
16,2026-04-12 07:00:00+03:00,medium,late_evening,11.0,2.9862699309145477,-8.013730069085453,8.013730069085453
11,2026-01-26 02:00:00+03:00,medium,early_morning,22.0,13.986676690340385,-8.013323309659615,8.013323309659615
18,2026-03-14 05:00:00+03:00,medium,afternoon,3.0,11.00266891178602,8.00266891178602,8.00266891178602
4,2026-01-29 07:00:00+03:00,high,late_evening,16.0,8.000769552122847,-7.999230447877153,7.999230447877153
123,2026-01-31 05:00:00+03:00,medium,afternoon,19.0,11.001374321181864,-7.9986256788181365,7.9986256788181365
99,2026-02-23 02:00:00+03:00,mega,early_morning,13.0,20.997034251840724,7.997034251840724,7.997034251840724
4,2026-02-10 04:00:00+03:00,high,lunch,6.0,13.984967359726589,7.984967359726589,7.984967359726589
11,2026-04-01 00:00:00+03:00,medium,deep_night,9.0,16.978560853305094,7.978560853305094,7.978560853305094
99,2026-03-19 05:00:00+03:00,mega,afternoon,18.0,25.977364952137364,7.977364952137364,7.977364952137364
29,2026-03-11 06:00:00+03:00,high,dinner,5.0,12.973025598749613,7.973025598749613,7.973025598749613
30,2026-04-11 02:00:00+03:00,high,early_morning,26.0,18.027518023895855,-7.972481976104145,7.972481976104145
7,2026-03-10 02:00:00+03:00,high,early_morning,16.0,23.971967775676852,7.971967775676852,7.971967775676852
39,2026-02-23 05:00:00+03:00,high,afternoon,13.0,20.970551425278252,7.970551425278252,7.970551425278252
29,2026-02-24 04:00:00+03:00,high,lunch,15.0,22.95832241982758,7.9583224198275815,7.9583224198275815
6,2026-04-10 02:00:00+03:00,high,early_morning,25.0,17.044059357448994,-7.955940642551006,7.955940642551006
69,2026-03-27 02:00:00+03:00,mega,early_morning,14.0,21.953352869332093,7.953352869332093,7.953352869332093
29,2026-02-16 06:00:00+03:00,high,dinner,20.0,12.046767275577794,-7.953232724422206,7.953232724422206
26,2026-02-18 05:00:00+03:00,medium,afternoon,5.0,12.953160892621103,7.953160892621103,7.953160892621103
33,2026-03-16 04:00:00+03:00,high,lunch,4.0,11.951369112568392,7.951369112568392,7.951369112568392
123,2026-02-16 04:00:00+03:00,medium,lunch,24.0,16.053020075016175,-7.946979924983825,7.946979924983825
35,2026-03-16 05:00:00+03:00,high,afternoon,13.0,20.94316146210443,7.943161462104431,7.943161462104431
6,2026-03-12 05:00:00+03:00,high,afternoon,15.0,22.94157662759787,7.941576627597868,7.941576627597868
348,2026-02-13 05:00:00+03:00,medium,afternoon,0.0,7.933390194013044,7.933390194013044,7.933390194013044
21,2026-03-21 07:00:00+03:00,high,late_evening,4.0,11.92059553452022,7.920595534520221,7.920595534520221
33,2026-02-19 05:00:00+03:00,high,afternoon,22.0,14.079540918593322,-7.920459081406678,7.920459081406678
29,2026-03-31 04:00:00+03:00,high,lunch,15.0,22.91714981858283,7.917149818582828,7.917149818582828
54,2026-02-04 05:00:00+03:00,medium,afternoon,12.0,4.085366906186712,-7.914633093813288,7.914633093813288
35,2026-01-29 07:00:00+03:00,high,late_evening,17.0,9.089202612906718,-7.910797387093282,7.910797387093282
128,2026-04-06 07:00:00+03:00,high,late_evening,18.0,10.097918252347531,-7.902081747652469,7.902081747652469
39,2026-03-12 04:00:00+03:00,high,lunch,10.0,17.90098080657224,7.900980806572239,7.900980806572239
17,2026-03-28 04:00:00+03:00,medium,lunch,2.0,9.896001869812523,7.8960018698125225,7.8960018698125225
99,2026-02-15 02:00:00+03:00,mega,early_morning,14.0,21.895903898847177,7.895903898847177,7.895903898847177
29,2026-02-12 07:00:00+03:00,high,late_evening,7.0,14.892936906497985,7.892936906497985,7.892936906497985
99,2026-03-02 06:00:00+03:00,mega,dinner,6.0,13.889845136735472,7.889845136735472,7.889845136735472
2,2026-03-16 02:00:00+03:00,high,early_morning,23.0,15.113804549434214,-7.886195450565786,7.886195450565786
54,2026-02-08 07:00:00+03:00,medium,late_evening,13.0,5.1164664754260905,-7.8835335245739095,7.8835335245739095
69,2026-04-09 07:00:00+03:00,mega,late_evening,31.0,23.12116648250686,-7.878833517493138,7.878833517493138
30,2026-01-31 02:00:00+03:00,high,early_morning,20.0,12.128200033522065,-7.871799966477935,7.871799966477935
99,2026-03-23 04:00:00+03:00,mega,lunch,14.0,21.867768635843166,7.867768635843166,7.867768635843166
29,2026-04-18 05:00:00+03:00,high,afternoon,0.0,7.8628986096943425,7.8628986096943425,7.8628986096943425
29,2026-02-15 05:00:00+03:00,high,afternoon,31.0,23.139391862627114,-7.8606081373728856,7.8606081373728856
142,2026-02-20 04:00:00+03:00,medium,lunch,13.0,5.13982273994724,-7.86017726005276,7.86017726005276
99,2026-01-31 04:00:00+03:00,mega,lunch,28.0,20.142049894045673,-7.857950105954327,7.857950105954327
39,2026-02-01 04:00:00+03:00,high,lunch,11.0,18.857305102819332,7.857305102819332,7.857305102819332
16,2026-02-16 05:00:00+03:00,medium,afternoon,10.0,2.143713941346175,-7.856286058653825,7.856286058653825
128,2026-03-02 06:00:00+03:00,high,dinner,16.0,8.143746613732482,-7.856253386267518,7.856253386267518
434,2026-02-09 05:00:00+03:00,medium,afternoon,22.0,14.144761501297207,-7.855238498702793,7.855238498702793
8,2026-02-28 02:00:00+03:00,high,early_morning,15.0,22.85230183741751,7.85230183741751,7.85230183741751
33,2026-04-04 02:00:00+03:00,high,early_morning,9.0,16.847572183931266,7.847572183931266,7.847572183931266
39,2026-01-31 05:00:00+03:00,high,afternoon,12.0,19.84308773344234,7.843087733442339,7.843087733442339
39,2026-03-01 05:00:00+03:00,high,afternoon,13.0,20.840695226094606,7.840695226094606,7.840695226094606
7,2026-03-07 04:00:00+03:00,high,lunch,21.0,13.162963782114273,-7.837036217885727,7.837036217885727
479,2026-03-15 00:00:00+03:00,medium,deep_night,1.0,8.836434838426129,7.836434838426129,7.836434838426129
12,2026-04-14 04:00:00+03:00,medium,lunch,0.0,7.834077788061343,7.834077788061343,7.834077788061343
17,2026-02-22 05:00:00+03:00,medium,afternoon,5.0,12.825362887708065,7.825362887708065,7.825362887708065
434,2026-04-09 07:00:00+03:00,medium,late_evening,16.0,8.184773241254465,-7.815226758745535,7.815226758745535
35,2026-02-15 07:00:00+03:00,high,late_evening,20.0,12.186024962677644,-7.813975037322356,7.813975037322356
6,2026-03-07 05:00:00+03:00,high,afternoon,10.0,17.811774886527243,7.8117748865272425,7.8117748865272425
33,2026-04-14 02:00:00+03:00,high,early_morning,1.0,8.810437541489506,7.810437541489506,7.810437541489506
29,2026-03-19 04:00:00+03:00,high,lunch,15.0,22.80233651069332,7.802336510693319,7.802336510693319
29,2026-02-13 02:00:00+03:00,high,early_morning,17.0,24.801215152227076,7.801215152227076,7.801215152227076
21,2026-03-31 07:00:00+03:00,high,late_evening,3.0,10.800381379283639,7.800381379283639,7.800381379283639
2,2026-04-14 05:00:00+03:00,high,afternoon,0.0,7.797281009357003,7.797281009357003,7.797281009357003
123,2026-04-12 04:00:00+03:00,medium,lunch,5.0,12.796478295768365,7.796478295768365,7.796478295768365
39,2026-03-07 05:00:00+03:00,high,afternoon,14.0,21.796407396407584,7.796407396407584,7.796407396407584
8,2026-03-22 02:00:00+03:00,high,early_morning,16.0,23.78583499601417,7.78583499601417,7.78583499601417
99,2026-04-13 05:00:00+03:00,mega,afternoon,19.0,26.785743366968404,7.785743366968404,7.785743366968404
69,2026-04-12 07:00:00+03:00,mega,late_evening,14.0,21.778380018941768,7.778380018941768,7.778380018941768
101,2026-03-03 05:00:00+03:00,medium,afternoon,4.0,11.776661086050396,7.776661086050396,7.776661086050396
99,2026-03-11 02:00:00+03:00,mega,early_morning,15.0,22.771370783395454,7.771370783395454,7.771370783395454
99,2026-02-28 02:00:00+03:00,mega,early_morning,17.0,24.76634937582143,7.766349375821431,7.766349375821431
37,2026-03-13 05:00:00+03:00,medium,afternoon,0.0,7.765680249162218,7.765680249162218,7.765680249162218
47,2026-02-02 05:00:00+03:00,medium,afternoon,11.0,3.237537618220736,-7.7624623817792635,7.7624623817792635
30,2026-02-09 05:00:00+03:00,high,afternoon,13.0,20.76119312961969,7.761193129619691,7.761193129619691
39,2026-02-22 02:00:00+03:00,high,early_morning,5.0,12.758554902530191,7.758554902530191,7.758554902530191
4,2026-03-13 06:00:00+03:00,high,dinner,17.0,9.245905934461332,-7.754094065538668,7.754094065538668
126,2026-03-22 04:00:00+03:00,high,lunch,3.0,10.750683794424047,7.750683794424047,7.750683794424047
9,2026-04-14 05:00:00+03:00,medium,afternoon,0.0,7.74554695191141,7.74554695191141,7.74554695191141
126,2026-03-03 02:00:00+03:00,high,early_morning,3.0,10.743581130395096,7.743581130395096,7.743581130395096
8,2026-03-10 02:00:00+03:00,high,early_morning,12.0,19.74286036857535,7.74286036857535,7.74286036857535
115,2026-04-06 04:00:00+03:00,medium,lunch,4.0,11.741026991116058,7.741026991116058,7.741026991116058
348,2026-02-04 05:00:00+03:00,medium,afternoon,0.0,7.740310911698992,7.740310911698992,7.740310911698992
7,2026-04-13 04:00:00+03:00,high,lunch,6.0,13.73722162862891,7.737221628628911,7.737221628628911
11,2026-04-25 02:00:00+03:00,medium,early_morning,0.0,7.736678442163247,7.736678442163247,7.736678442163247
29,2026-03-28 05:00:00+03:00,high,afternoon,20.0,27.73230685581076,7.732306855810759,7.732306855810759
142,2026-04-09 02:00:00+03:00,medium,early_morning,12.0,4.272557347703892,-7.727442652296108,7.727442652296108
39,2026-02-02 05:00:00+03:00,high,afternoon,12.0,19.72740589442847,7.727405894428468,7.727405894428468
434,2026-03-31 05:00:00+03:00,medium,afternoon,7.0,14.726212579042553,7.726212579042553,7.726212579042553
115,2026-02-27 02:00:00+03:00,medium,early_morning,4.0,11.722305176118391,7.722305176118391,7.722305176118391
99,2026-02-25 07:00:00+03:00,mega,late_evening,25.0,17.278441823294383,-7.721558176705617,7.721558176705617
8,2026-04-09 06:00:00+03:00,high,dinner,19.0,11.278569830242478,-7.721430169757522,7.721430169757522
6,2026-03-18 05:00:00+03:00,high,afternoon,14.0,21.7183604973752,7.718360497375201,7.718360497375201
11,2026-04-09 02:00:00+03:00,medium,early_morning,9.0,16.715559237717166,7.715559237717166,7.715559237717166
1,2026-02-18 05:00:00+03:00,medium,afternoon,17.0,9.29359465952594,-7.70640534047406,7.70640534047406
29,2026-03-18 04:00:00+03:00,high,lunch,17.0,24.703266194734006,7.703266194734006,7.703266194734006
29,2026-02-04 02:00:00+03:00,high,early_morning,15.0,22.698321671350868,7.698321671350868,7.698321671350868
69,2026-02-27 07:00:00+03:00,mega,late_evening,32.0,24.302089317142897,-7.697910682857103,7.697910682857103
17,2026-03-25 05:00:00+03:00,medium,afternoon,5.0,12.69482056503836,7.694820565038359,7.694820565038359
39,2026-02-05 04:00:00+03:00,high,lunch,8.0,15.691874755408062,7.691874755408062,7.691874755408062
21,2026-02-21 04:00:00+03:00,high,lunch,4.0,11.690228249027061,7.6902282490270615,7.6902282490270615
128,2026-02-17 05:00:00+03:00,high,afternoon,24.0,16.317865271337325,-7.682134728662675,7.682134728662675
12,2026-03-24 04:00:00+03:00,medium,lunch,4.0,11.6784853090405,7.6784853090405,7.6784853090405
99,2026-02-01 07:00:00+03:00,mega,late_evening,25.0,17.321645451351458,-7.678354548648542,7.678354548648542
10,2026-03-07 04:00:00+03:00,medium,lunch,2.0,9.677476157042928,7.677476157042928,7.677476157042928
69,2026-02-04 02:00:00+03:00,mega,early_morning,13.0,20.67528438117331,7.675284381173309,7.675284381173309
21,2026-01-27 04:00:00+03:00,high,lunch,16.0,8.326796764417733,-7.6732032355822675,7.6732032355822675
17,2026-02-14 04:00:00+03:00,medium,lunch,2.0,9.67161093160144,7.671610931601441,7.671610931601441
69,2026-01-29 02:00:00+03:00,mega,early_morning,21.0,13.329662273300146,-7.670337726699854,7.670337726699854
99,2026-02-08 06:00:00+03:00,mega,dinner,21.0,13.330592440702318,-7.669407559297682,7.669407559297682
39,2026-02-17 07:00:00+03:00,high,late_evening,4.0,11.660061098674296,7.660061098674296,7.660061098674296
29,2026-03-27 02:00:00+03:00,high,early_morning,18.0,25.656344112963556,7.656344112963556,7.656344112963556
128,2026-03-08 05:00:00+03:00,high,afternoon,23.0,15.34747224453646,-7.65252775546354,7.65252775546354
20,2026-02-02 05:00:00+03:00,medium,afternoon,0.0,7.650144904762733,7.650144904762733,7.650144904762733
67,2026-03-07 02:00:00+03:00,low,early_morning,0.0,7.645924036128676,7.645924036128676,7.645924036128676
12,2026-04-14 02:00:00+03:00,medium,early_morning,0.0,7.638213149032174,7.638213149032174,7.638213149032174
14,2026-03-15 04:00:00+03:00,medium,lunch,3.0,10.637639095671219,7.637639095671219,7.637639095671219
39,2026-04-07 07:00:00+03:00,high,late_evening,3.0,10.632755983778727,7.632755983778727,7.632755983778727
6,2026-02-15 06:00:00+03:00,high,dinner,16.0,8.367630057870233,-7.632369942129767,7.632369942129767
479,2026-04-09 02:00:00+03:00,medium,early_morning,13.0,5.368773463388294,-7.631226536611706,7.631226536611706
39,2026-02-02 07:00:00+03:00,high,late_evening,4.0,11.623487382832433,7.623487382832433,7.623487382832433
115,2026-04-12 02:00:00+03:00,medium,early_morning,6.0,13.622630076221883,7.622630076221883,7.622630076221883
99,2026-04-01 02:00:00+03:00,mega,early_morning,15.0,22.621420643249134,7.6214206432491345,7.6214206432491345
20,2026-04-11 05:00:00+03:00,medium,afternoon,16.0,8.381504548473677,-7.618495451526323,7.618495451526323
39,2026-03-28 04:00:00+03:00,high,lunch,13.0,20.61500251680143,7.615002516801429,7.615002516801429
115,2026-03-12 05:00:00+03:00,medium,afternoon,8.0,15.613613769033305,7.6136137690333054,7.6136137690333054
39,2026-02-21 07:00:00+03:00,high,late_evening,3.0,10.60982441755047,7.60982441755047,7.60982441755047
30,2026-02-20 05:00:00+03:00,high,afternoon,12.0,19.608805701106014,7.608805701106014,7.608805701106014
29,2026-04-13 02:00:00+03:00,high,early_morning,18.0,25.603707869372357,7.603707869372357,7.603707869372357
99,2026-03-30 02:00:00+03:00,mega,early_morning,14.0,21.59961218931637,7.599612189316371,7.599612189316371
99,2026-02-12 05:00:00+03:00,mega,afternoon,33.0,25.40370919300422,-7.596290806995778,7.596290806995778
18,2026-02-20 05:00:00+03:00,medium,afternoon,2.0,9.595685949056197,7.595685949056197,7.595685949056197
69,2026-02-20 04:00:00+03:00,mega,lunch,36.0,28.40465784329479,-7.595342156705211,7.595342156705211
128,2026-03-27 03:00:00+03:00,high,morning,14.0,6.407063417978103,-7.592936582021897,7.592936582021897
6,2026-02-20 05:00:00+03:00,high,afternoon,16.0,23.5898106100918,7.589810610091799,7.589810610091799
123,2026-04-07 05:00:00+03:00,medium,afternoon,14.0,21.587773360386645,7.587773360386645,7.587773360386645
5,2026-02-15 00:00:00+03:00,medium,deep_night,0.0,7.583544768703016,7.583544768703016,7.583544768703016
30,2026-03-13 04:00:00+03:00,high,lunch,6.0,13.582180109638214,7.582180109638214,7.582180109638214
69,2026-04-11 06:00:00+03:00,mega,dinner,27.0,19.42355510384599,-7.576444896154008,7.576444896154008
39,2026-02-14 04:00:00+03:00,high,lunch,14.0,21.57602960272594,7.576029602725939,7.576029602725939
8,2026-03-05 02:00:00+03:00,high,early_morning,12.0,19.57263685409266,7.572636854092661,7.572636854092661
6,2026-02-14 04:00:00+03:00,high,lunch,20.0,12.42884553208114,-7.571154467918859,7.571154467918859
482,2026-03-14 00:00:00+03:00,low,deep_night,0.0,7.571056956264125,7.571056956264125,7.571056956264125
99,2026-04-11 07:00:00+03:00,mega,late_evening,10.0,17.56960383171937,7.56960383171937,7.56960383171937
142,2026-02-16 05:00:00+03:00,medium,afternoon,17.0,9.435566951468275,-7.5644330485317255,7.5644330485317255
99,2026-03-03 02:00:00+03:00,mega,early_morning,15.0,22.56287577259288,7.562875772592879,7.562875772592879
69,2026-04-13 02:00:00+03:00,mega,early_morning,13.0,20.56270057775201,7.562700577752011,7.562700577752011
5,2026-01-29 02:00:00+03:00,medium,early_morning,16.0,8.441839816044396,-7.558160183955604,7.558160183955604
10,2026-02-08 04:00:00+03:00,medium,lunch,1.0,8.556477402384061,7.556477402384061,7.556477402384061
29,2026-04-10 04:00:00+03:00,high,lunch,15.0,22.55400738896899,7.554007388968991,7.554007388968991
35,2026-04-10 07:00:00+03:00,high,late_evening,19.0,11.44604675009719,-7.5539532499028095,7.5539532499028095
99,2026-03-07 04:00:00+03:00,mega,lunch,31.0,23.446598177189152,-7.553401822810848,7.553401822810848
29,2026-04-11 04:00:00+03:00,high,lunch,15.0,22.54677436790233,7.54677436790233,7.54677436790233
12,2026-03-17 05:00:00+03:00,medium,afternoon,9.0,16.538427448197233,7.538427448197233,7.538427448197233
30,2026-04-14 05:00:00+03:00,high,afternoon,1.0,8.531608143712129,7.531608143712129,7.531608143712129
99,2026-02-10 04:00:00+03:00,mega,lunch,14.0,21.53106719469806,7.5310671946980605,7.5310671946980605
39,2026-03-16 03:00:00+03:00,high,morning,0.0,7.5309686500034765,7.5309686500034765,7.5309686500034765
39,2026-02-18 04:00:00+03:00,high,lunch,10.0,17.528912273174967,7.528912273174967,7.528912273174967
39,2026-04-07 04:00:00+03:00,high,lunch,9.0,16.52546279533599,7.52546279533599,7.52546279533599
12,2026-04-13 05:00:00+03:00,medium,afternoon,9.0,16.52377037119464,7.52377037119464,7.52377037119464
4,2026-02-25 04:00:00+03:00,high,lunch,7.0,14.523300725807744,7.523300725807744,7.523300725807744
11,2026-05-15 02:00:00+03:00,medium,early_morning,0.0,7.522881286947971,7.522881286947971,7.522881286947971
11,2026-05-08 02:00:00+03:00,medium,early_morning,0.0,7.522881286947971,7.522881286947971,7.522881286947971
11,2026-05-01 02:00:00+03:00,medium,early_morning,0.0,7.522881286947971,7.522881286947971,7.522881286947971
9,2026-03-11 07:00:00+03:00,medium,late_evening,1.0,8.521522056440379,7.521522056440379,7.521522056440379
39,2026-03-20 04:00:00+03:00,high,lunch,10.0,17.52051196045856,7.52051196045856,7.52051196045856
39,2026-03-09 04:00:00+03:00,high,lunch,11.0,18.520444750212185,7.520444750212185,7.520444750212185
8,2026-02-05 07:00:00+03:00,high,late_evening,7.0,14.520077681342677,7.520077681342677,7.520077681342677
39,2026-04-11 02:00:00+03:00,high,early_morning,9.0,16.517078841160465,7.517078841160465,7.517078841160465
8,2026-03-25 05:00:00+03:00,high,afternoon,22.0,29.513207595608602,7.513207595608602,7.513207595608602
101,2026-03-28 04:00:00+03:00,medium,lunch,3.0,10.509421463792744,7.509421463792744,7.509421463792744
126,2026-01-26 06:00:00+03:00,high,dinner,14.0,6.497687688886497,-7.502312311113503,7.502312311113503
26,2026-03-19 05:00:00+03:00,medium,afternoon,6.0,13.50194904596993,7.50194904596993,7.50194904596993
16,2026-02-13 07:00:00+03:00,medium,late_evening,10.0,2.4993426102536764,-7.500657389746324,7.500657389746324
35,2026-04-07 05:00:00+03:00,high,afternoon,26.0,18.501334645461917,-7.498665354538083,7.498665354538083
99,2026-03-09 02:00:00+03:00,mega,early_morning,14.0,21.49768041349412,7.49768041349412,7.49768041349412
8,2026-03-25 07:00:00+03:00,high,late_evening,7.0,14.493807534992557,7.493807534992557,7.493807534992557
69,2026-03-04 07:00:00+03:00,mega,late_evening,31.0,23.506209458745897,-7.4937905412541035,7.4937905412541035
33,2026-02-23 05:00:00+03:00,high,afternoon,8.0,15.493695834840606,7.493695834840606,7.493695834840606
30,2026-03-20 02:00:00+03:00,high,early_morning,4.0,11.493614766580496,7.493614766580496,7.493614766580496
11,2026-04-02 00:00:00+03:00,medium,deep_night,10.0,17.49148629228652,7.49148629228652,7.49148629228652
30,2026-04-14 04:00:00+03:00,high,lunch,0.0,7.490001782862588,7.490001782862588,7.490001782862588
39,2026-02-11 04:00:00+03:00,high,lunch,9.0,16.489294013917807,7.489294013917807,7.489294013917807
69,2026-02-10 03:00:00+03:00,mega,morning,3.0,10.479459555941574,7.479459555941574,7.479459555941574
128,2026-03-24 05:00:00+03:00,high,afternoon,9.0,16.478013219137342,7.478013219137342,7.478013219137342
35,2026-04-02 06:00:00+03:00,high,dinner,16.0,8.522776613326311,-7.477223386673689,7.477223386673689
17,2026-03-27 05:00:00+03:00,medium,afternoon,5.0,12.46505991637914,7.46505991637914,7.46505991637914
35,2026-04-11 06:00:00+03:00,high,dinner,18.0,10.535097461419994,-7.464902538580006,7.464902538580006
7,2026-03-24 00:00:00+03:00,high,deep_night,1.0,8.464128735796617,7.464128735796617,7.464128735796617
69,2026-02-15 02:00:00+03:00,mega,early_morning,18.0,25.462962296599695,7.462962296599695,7.462962296599695
123,2026-03-09 06:00:00+03:00,medium,dinner,2.0,9.460968378048527,7.460968378048527,7.460968378048527
4,2026-04-03 04:00:00+03:00,high,lunch,7.0,14.458637102462104,7.458637102462104,7.458637102462104
6,2026-02-09 05:00:00+03:00,high,afternoon,30.0,22.542090434344285,-7.457909565655715,7.457909565655715
479,2026-03-17 02:00:00+03:00,medium,early_morning,13.0,5.544099672960824,-7.455900327039176,7.455900327039176
54,2026-02-14 06:00:00+03:00,medium,dinner,11.0,3.5459054513011132,-7.454094548698887,7.454094548698887
126,2026-02-27 04:00:00+03:00,high,lunch,19.0,11.546265517384942,-7.453734482615058,7.453734482615058
99,2026-02-01 02:00:00+03:00,mega,early_morning,14.0,21.452798938505616,7.452798938505616,7.452798938505616
434,2026-01-25 07:00:00+03:00,medium,late_evening,16.0,8.553640454772243,-7.446359545227757,7.446359545227757
30,2026-03-23 07:00:00+03:00,high,late_evening,4.0,11.445923463803195,7.4459234638031955,7.4459234638031955
21,2026-02-26 05:00:00+03:00,high,afternoon,6.0,13.442636878419046,7.442636878419046,7.442636878419046
128,2026-03-29 05:00:00+03:00,high,afternoon,8.0,15.440959154931402,7.440959154931402,7.440959154931402
101,2026-03-04 05:00:00+03:00,medium,afternoon,5.0,12.435412535674837,7.435412535674837,7.435412535674837
29,2026-01-31 05:00:00+03:00,high,afternoon,17.0,24.43505010662737,7.435050106627369,7.435050106627369
30,2026-02-27 04:00:00+03:00,high,lunch,20.0,12.574941155653615,-7.425058844346385,7.425058844346385
9,2026-03-18 07:00:00+03:00,medium,late_evening,1.0,8.417215671409192,7.417215671409192,7.417215671409192
123,2026-04-09 02:00:00+03:00,medium,early_morning,3.0,10.416059584229926,7.4160595842299255,7.4160595842299255
99,2026-04-18 04:00:00+03:00,mega,lunch,0.0,7.415864306879804,7.415864306879804,7.415864306879804
69,2026-03-10 06:00:00+03:00,mega,dinner,25.0,17.586167044733497,-7.413832955266503,7.413832955266503
11,2026-02-09 00:00:00+03:00,medium,deep_night,13.0,20.41088346891403,7.4108834689140295,7.4108834689140295
479,2026-03-30 05:00:00+03:00,medium,afternoon,1.0,8.409528719933455,7.409528719933455,7.409528719933455
30,2026-02-03 02:00:00+03:00,high,early_morning,3.0,10.406995881947399,7.406995881947399,7.406995881947399
11,2026-03-01 00:00:00+03:00,medium,deep_night,20.0,27.405755741558544,7.4057557415585435,7.4057557415585435
9,2026-04-05 05:00:00+03:00,medium,afternoon,5.0,12.399916143452787,7.399916143452787,7.399916143452787
4,2026-04-14 05:00:00+03:00,high,afternoon,1.0,8.399125150330107,7.399125150330107,7.399125150330107
7,2026-01-29 05:00:00+03:00,high,afternoon,24.0,16.603213860468127,-7.396786139531873,7.396786139531873
10,2026-01-30 05:00:00+03:00,medium,afternoon,17.0,9.604619665752235,-7.395380334247765,7.395380334247765
126,2026-02-19 02:00:00+03:00,high,early_morning,2.0,9.394357465451101,7.394357465451101,7.394357465451101
16,2026-04-11 02:00:00+03:00,medium,early_morning,9.0,1.6121940294029113,-7.387805970597089,7.387805970597089
69,2026-02-01 07:00:00+03:00,mega,late_evening,29.0,21.612433678406937,-7.387566321593063,7.387566321593063
99,2026-02-27 05:00:00+03:00,mega,afternoon,33.0,25.613389790579596,-7.386610209420404,7.386610209420404
16,2026-03-27 07:00:00+03:00,medium,late_evening,9.0,1.620416791568712,-7.3795832084312885,7.3795832084312885
39,2026-02-26 05:00:00+03:00,high,afternoon,12.0,19.378262483641613,7.378262483641613,7.378262483641613
115,2026-03-24 04:00:00+03:00,medium,lunch,5.0,12.376334381303474,7.376334381303474,7.376334381303474
9,2026-04-11 05:00:00+03:00,medium,afternoon,5.0,12.375922692808151,7.375922692808151,7.375922692808151
39,2026-04-10 05:00:00+03:00,high,afternoon,13.0,20.373542473122907,7.373542473122907,7.373542473122907
11,2026-03-02 00:00:00+03:00,medium,deep_night,15.0,22.365493202655166,7.365493202655166,7.365493202655166
69,2026-03-05 03:00:00+03:00,mega,morning,19.0,11.636296373517641,-7.3637036264823585,7.3637036264823585
9,2026-03-29 07:00:00+03:00,medium,late_evening,2.0,9.35722270336447,7.357222703364471,7.357222703364471
16,2026-04-07 04:00:00+03:00,medium,lunch,10.0,2.6432468919442664,-7.356753108055734,7.356753108055734
29,2026-02-13 04:00:00+03:00,high,lunch,17.0,24.355687391120583,7.355687391120583,7.355687391120583
30,2026-02-15 04:00:00+03:00,high,lunch,24.0,16.645881974904576,-7.354118025095424,7.354118025095424
8,2026-03-21 02:00:00+03:00,high,early_morning,20.0,27.353785766576113,7.353785766576113,7.353785766576113
16,2026-03-19 05:00:00+03:00,medium,afternoon,10.0,2.6562085147828105,-7.3437914852171895,7.3437914852171895
35,2026-02-08 04:00:00+03:00,high,lunch,24.0,16.66016117484385,-7.33983882515615,7.33983882515615
123,2026-02-18 04:00:00+03:00,medium,lunch,23.0,15.66799644802009,-7.332003551979909,7.332003551979909
115,2026-03-06 04:00:00+03:00,medium,lunch,20.0,12.671364237828202,-7.328635762171798,7.328635762171798
69,2026-03-20 06:00:00+03:00,mega,dinner,12.0,19.326813447382648,7.326813447382648,7.326813447382648
