location_id,segment_datetime,segment,time_segment,orders_count,prediction,error,abs_error,peak_threshold
443,2026-04-06 04:00:00+03:00,low,lunch,43.0,1.9761096458289709,-41.02389035417103,41.02389035417103,0.0
69,2026-03-09 05:00:00+03:00,mega,afternoon,60.0,38.13792733040806,-21.86207266959194,21.86207266959194,36.0
69,2026-03-06 05:00:00+03:00,mega,afternoon,58.0,36.9198975433671,-21.0801024566329,21.0801024566329,36.0
29,2026-01-31 02:00:00+03:00,high,early_morning,35.0,15.15351172153631,-19.84648827846369,19.84648827846369,24.0
35,2026-03-19 06:00:00+03:00,high,dinner,30.0,10.246281621663517,-19.753718378336483,19.753718378336483,24.0
99,2026-04-11 05:00:00+03:00,mega,afternoon,45.0,27.408076440898412,-17.591923559101588,17.591923559101588,36.0
69,2026-02-20 05:00:00+03:00,mega,afternoon,50.0,33.190517716862544,-16.809482283137456,16.809482283137456,36.0
69,2026-02-27 05:00:00+03:00,mega,afternoon,48.0,31.4260781565381,-16.5739218434619,16.5739218434619,36.0
443,2026-04-09 05:00:00+03:00,low,afternoon,22.0,5.4736939985702575,-16.52630600142974,16.52630600142974,0.0
4,2026-02-06 05:00:00+03:00,high,afternoon,36.0,19.65289859344832,-16.34710140655168,16.34710140655168,24.0
128,2026-01-27 04:00:00+03:00,high,lunch,25.0,8.937409881104413,-16.062590118895585,16.062590118895585,24.0
69,2026-02-19 05:00:00+03:00,mega,afternoon,51.0,35.00377694726937,-15.996223052730628,15.996223052730628,36.0
69,2026-02-23 07:00:00+03:00,mega,late_evening,37.0,21.005337145458636,-15.994662854541364,15.994662854541364,36.0
115,2026-03-08 02:00:00+03:00,medium,early_morning,30.0,14.016537744588987,-15.983462255411013,15.983462255411013,11.0
7,2026-03-31 00:00:00+03:00,high,deep_night,24.0,8.38017451193468,-15.61982548806532,15.61982548806532,24.0
54,2026-02-15 07:00:00+03:00,medium,late_evening,19.0,3.8610749730988383,-15.138925026901163,15.138925026901163,11.0
69,2026-03-04 04:00:00+03:00,mega,lunch,39.0,23.877503177794612,-15.122496822205388,15.122496822205388,36.0
11,2026-03-28 00:00:00+03:00,medium,deep_night,12.0,26.906636120036772,14.906636120036772,14.906636120036772,11.0
69,2026-02-13 04:00:00+03:00,mega,lunch,40.0,25.19862805494937,-14.80137194505063,14.80137194505063,36.0
99,2026-02-13 04:00:00+03:00,mega,lunch,38.0,23.243180902684045,-14.756819097315955,14.756819097315955,36.0
26,2026-02-24 05:00:00+03:00,medium,afternoon,26.0,11.792640698715141,-14.207359301284859,14.207359301284859,11.0
69,2026-02-14 05:00:00+03:00,mega,afternoon,58.0,44.022151366365776,-13.977848633634224,13.977848633634224,36.0
479,2026-03-10 02:00:00+03:00,medium,early_morning,18.0,4.042925926440566,-13.957074073559433,13.957074073559433,11.0
11,2026-03-22 00:00:00+03:00,medium,deep_night,12.0,25.805937299244714,13.805937299244714,13.805937299244714,11.0
7,2026-03-29 02:00:00+03:00,high,early_morning,37.0,23.492483368887292,-13.507516631112708,13.507516631112708,24.0
69,2026-03-13 05:00:00+03:00,mega,afternoon,48.0,34.62523754853287,-13.374762451467127,13.374762451467127,36.0
54,2026-04-11 05:00:00+03:00,medium,afternoon,18.0,4.74573080810037,-13.254269191899631,13.254269191899631,11.0
35,2026-04-05 05:00:00+03:00,high,afternoon,34.0,20.79127487412826,-13.20872512587174,13.20872512587174,24.0
128,2026-04-02 05:00:00+03:00,high,afternoon,28.0,14.81802750884126,-13.18197249115874,13.18197249115874,24.0
10,2026-02-03 04:00:00+03:00,medium,lunch,23.0,9.999975766772348,-13.000024233227652,13.000024233227652,11.0
29,2026-01-25 06:00:00+03:00,high,dinner,24.0,11.24064888545626,-12.75935111454374,12.75935111454374,24.0
16,2026-02-28 05:00:00+03:00,medium,afternoon,15.0,2.2614221198018143,-12.738577880198186,12.738577880198186,11.0
6,2026-02-06 02:00:00+03:00,high,early_morning,31.0,18.36273304458794,-12.63726695541206,12.63726695541206,24.0
11,2026-02-08 00:00:00+03:00,medium,deep_night,12.0,24.527158556003933,12.527158556003933,12.527158556003933,11.0
7,2026-04-06 05:00:00+03:00,high,afternoon,34.0,21.50185606806989,-12.498143931930109,12.498143931930109,24.0
16,2026-04-10 05:00:00+03:00,medium,afternoon,16.0,3.5427934033151938,-12.457206596684806,12.457206596684806,11.0
16,2026-02-13 04:00:00+03:00,medium,lunch,15.0,2.659325074894148,-12.340674925105851,12.340674925105851,11.0
54,2026-02-28 05:00:00+03:00,medium,afternoon,15.0,2.7244566708394675,-12.275543329160532,12.275543329160532,11.0
30,2026-03-08 02:00:00+03:00,high,early_morning,28.0,15.738526277310417,-12.261473722689583,12.261473722689583,24.0
54,2026-04-12 05:00:00+03:00,medium,afternoon,17.0,4.7442446879155185,-12.255755312084482,12.255755312084482,11.0
69,2026-03-21 05:00:00+03:00,mega,afternoon,51.0,39.015870543501755,-11.984129456498245,11.984129456498245,36.0
8,2026-02-12 04:00:00+03:00,high,lunch,31.0,19.050066895755887,-11.949933104244113,11.949933104244113,24.0
33,2026-03-08 02:00:00+03:00,high,early_morning,28.0,16.055763289612266,-11.944236710387734,11.944236710387734,24.0
10,2026-02-05 05:00:00+03:00,medium,afternoon,24.0,12.078313495215133,-11.921686504784867,11.921686504784867,11.0
10,2026-03-06 05:00:00+03:00,medium,afternoon,24.0,12.229015267366252,-11.770984732633748,11.770984732633748,11.0
35,2026-03-08 02:00:00+03:00,high,early_morning,25.0,13.264979304414059,-11.735020695585941,11.735020695585941,24.0
54,2026-03-08 05:00:00+03:00,medium,afternoon,15.0,3.3373582615638218,-11.662641738436179,11.662641738436179,11.0
54,2026-02-14 07:00:00+03:00,medium,late_evening,17.0,5.425468745817032,-11.574531254182968,11.574531254182968,11.0
443,2026-04-07 04:00:00+03:00,low,lunch,1.0,12.479562924507889,11.479562924507889,11.479562924507889,0.0
479,2026-03-26 02:00:00+03:00,medium,early_morning,16.0,4.524723729912633,-11.475276270087367,11.475276270087367,11.0
4,2026-02-11 05:00:00+03:00,high,afternoon,31.0,19.560508771605683,-11.439491228394317,11.439491228394317,24.0
8,2026-01-26 05:00:00+03:00,high,afternoon,34.0,22.562068155535858,-11.437931844464142,11.437931844464142,24.0
33,2026-02-28 05:00:00+03:00,high,afternoon,26.0,14.718919220891706,-11.281080779108294,11.281080779108294,24.0
29,2026-01-31 04:00:00+03:00,high,lunch,31.0,19.75016401617431,-11.24983598382569,11.24983598382569,24.0
69,2026-03-07 05:00:00+03:00,mega,afternoon,50.0,38.7785569249388,-11.221443075061202,11.221443075061202,36.0
479,2026-03-20 02:00:00+03:00,medium,early_morning,16.0,4.7871538266796065,-11.212846173320393,11.212846173320393,11.0
479,2026-03-13 02:00:00+03:00,medium,early_morning,17.0,5.83598467276539,-11.16401532723461,11.16401532723461,11.0
11,2026-03-13 00:00:00+03:00,medium,deep_night,11.0,22.115603560670532,11.115603560670532,11.115603560670532,11.0
128,2026-02-20 05:00:00+03:00,high,afternoon,27.0,15.884550448462717,-11.115449551537283,11.115449551537283,24.0
5,2026-01-27 02:00:00+03:00,medium,early_morning,17.0,6.032253042360212,-10.967746957639788,10.967746957639788,11.0
128,2026-02-01 05:00:00+03:00,high,afternoon,26.0,15.057427820245772,-10.942572179754228,10.942572179754228,24.0
11,2026-02-22 00:00:00+03:00,medium,deep_night,14.0,24.91867207101254,10.91867207101254,10.91867207101254,11.0
16,2026-04-06 05:00:00+03:00,medium,afternoon,14.0,3.0841679187221205,-10.91583208127788,10.91583208127788,11.0
10,2026-02-19 04:00:00+03:00,medium,lunch,21.0,10.08933903689999,-10.91066096310001,10.91066096310001,11.0
36,2026-04-11 02:00:00+03:00,medium,early_morning,13.0,2.1156437772803547,-10.884356222719646,10.884356222719646,11.0
54,2026-02-21 06:00:00+03:00,medium,dinner,15.0,4.148651257622526,-10.851348742377475,10.851348742377475,11.0
14,2026-01-28 05:00:00+03:00,medium,afternoon,21.0,10.262044022895058,-10.737955977104942,10.737955977104942,11.0
29,2026-03-08 02:00:00+03:00,high,early_morning,40.0,29.293709514197268,-10.706290485802732,10.706290485802732,24.0
35,2026-03-23 05:00:00+03:00,high,afternoon,30.0,19.319684142097707,-10.680315857902293,10.680315857902293,24.0
16,2026-02-23 04:00:00+03:00,medium,lunch,13.0,2.345044461865222,-10.654955538134779,10.654955538134779,11.0
33,2026-03-05 05:00:00+03:00,high,afternoon,26.0,15.34932773509776,-10.65067226490224,10.65067226490224,24.0
6,2026-02-11 02:00:00+03:00,high,early_morning,27.0,16.40605239692041,-10.593947603079592,10.593947603079592,24.0
54,2026-02-22 06:00:00+03:00,medium,dinner,15.0,4.4596785567400445,-10.540321443259955,10.540321443259955,11.0
2,2026-03-08 02:00:00+03:00,high,early_morning,24.0,13.580092235203107,-10.419907764796893,10.419907764796893,24.0
16,2026-04-11 04:00:00+03:00,medium,lunch,14.0,3.6515993436723027,-10.348400656327698,10.348400656327698,11.0
16,2026-02-12 07:00:00+03:00,medium,late_evening,13.0,2.7022609662008166,-10.297739033799184,10.297739033799184,11.0
30,2026-02-14 02:00:00+03:00,high,early_morning,27.0,16.71672935862569,-10.283270641374308,10.283270641374308,24.0
479,2026-04-10 02:00:00+03:00,medium,early_morning,15.0,4.759588834320752,-10.240411165679248,10.240411165679248,11.0
35,2026-02-27 05:00:00+03:00,high,afternoon,29.0,18.809471987490227,-10.190528012509773,10.190528012509773,24.0
479,2026-02-17 02:00:00+03:00,medium,early_morning,14.0,3.823938682398773,-10.176061317601228,10.176061317601228,11.0
8,2026-02-24 05:00:00+03:00,high,afternoon,36.0,25.836158570023326,-10.163841429976674,10.163841429976674,24.0
11,2026-03-19 00:00:00+03:00,medium,deep_night,11.0,21.118436898733247,10.118436898733247,10.118436898733247,11.0
16,2026-04-07 05:00:00+03:00,medium,afternoon,14.0,3.924892645606419,-10.07510735439358,10.07510735439358,11.0
2,2026-04-09 05:00:00+03:00,high,afternoon,25.0,14.928623709581592,-10.071376290418408,10.071376290418408,24.0
54,2026-03-13 06:00:00+03:00,medium,dinner,13.0,3.035851527824261,-9.96414847217574,9.96414847217574,11.0
2,2026-02-17 05:00:00+03:00,high,afternoon,25.0,15.038916163150242,-9.961083836849758,9.961083836849758,24.0
69,2026-02-16 05:00:00+03:00,mega,afternoon,46.0,36.08187382083367,-9.918126179166329,9.918126179166329,36.0
128,2026-02-06 05:00:00+03:00,high,afternoon,26.0,16.086312763382438,-9.913687236617562,9.913687236617562,24.0
516,2026-04-11 04:00:00+03:00,low,lunch,0.0,9.892400348267117,9.892400348267117,9.892400348267117,0.0
54,2026-02-15 05:00:00+03:00,medium,afternoon,14.0,4.113557424449649,-9.886442575550351,9.886442575550351,11.0
2,2026-04-02 05:00:00+03:00,high,afternoon,25.0,15.132700251324149,-9.867299748675851,9.867299748675851,24.0
516,2026-04-11 02:00:00+03:00,low,early_morning,0.0,9.804078678975019,9.804078678975019,9.804078678975019,0.0
126,2026-02-10 05:00:00+03:00,high,afternoon,30.0,20.24639561730101,-9.753604382698992,9.753604382698992,24.0
54,2026-02-08 06:00:00+03:00,medium,dinner,13.0,3.2549522286515065,-9.745047771348494,9.745047771348494,11.0
12,2026-01-29 05:00:00+03:00,medium,afternoon,24.0,14.32994698085168,-9.67005301914832,9.67005301914832,11.0
479,2026-03-23 02:00:00+03:00,medium,early_morning,16.0,6.346024671776135,-9.653975328223865,9.653975328223865,11.0
54,2026-02-16 05:00:00+03:00,medium,afternoon,13.0,3.3474460983788337,-9.652553901621166,9.652553901621166,11.0
16,2026-02-09 05:00:00+03:00,medium,afternoon,11.0,1.3906915892258844,-9.609308410774116,9.609308410774116,11.0
16,2026-04-05 04:00:00+03:00,medium,lunch,13.0,3.40580227593949,-9.59419772406051,9.59419772406051,11.0
7,2026-03-08 02:00:00+03:00,high,early_morning,35.0,25.484678633055708,-9.515321366944292,9.515321366944292,24.0
54,2026-02-07 06:00:00+03:00,medium,dinner,13.0,3.547793985698381,-9.45220601430162,9.45220601430162,11.0
16,2026-04-09 04:00:00+03:00,medium,lunch,11.0,1.5501110833949836,-9.449888916605016,9.449888916605016,11.0
29,2026-02-06 05:00:00+03:00,high,afternoon,35.0,25.57547710816996,-9.42452289183004,9.42452289183004,24.0
11,2026-04-04 00:00:00+03:00,medium,deep_night,15.0,24.40794787612927,9.40794787612927,9.40794787612927,11.0
434,2026-01-31 03:00:00+03:00,medium,morning,13.0,3.6353633352870416,-9.364636664712958,9.364636664712958,11.0
434,2026-02-23 06:00:00+03:00,medium,dinner,16.0,6.665980898796887,-9.334019101203113,9.334019101203113,11.0
479,2026-03-27 02:00:00+03:00,medium,early_morning,16.0,6.682810851412755,-9.317189148587245,9.317189148587245,11.0
11,2026-03-20 00:00:00+03:00,medium,deep_night,13.0,22.27425670872986,9.274256708729862,9.274256708729862,11.0
8,2026-02-01 04:00:00+03:00,high,lunch,28.0,18.73904582547406,-9.260954174525938,9.260954174525938,24.0
11,2026-03-11 00:00:00+03:00,medium,deep_night,11.0,20.24159187008976,9.24159187008976,9.24159187008976,11.0
69,2026-02-20 07:00:00+03:00,mega,late_evening,37.0,27.773944497891527,-9.226055502108473,9.226055502108473,36.0
2,2026-04-08 02:00:00+03:00,high,early_morning,25.0,15.789213452450866,-9.210786547549134,9.210786547549134,24.0
479,2026-03-12 02:00:00+03:00,medium,early_morning,16.0,6.882190521503698,-9.117809478496302,9.117809478496302,11.0
7,2026-02-16 02:00:00+03:00,high,early_morning,28.0,18.941963221914662,-9.058036778085338,9.058036778085338,24.0
128,2026-02-26 05:00:00+03:00,high,afternoon,25.0,15.998725891216383,-9.001274108783617,9.001274108783617,24.0
30,2026-02-14 04:00:00+03:00,high,lunch,26.0,17.0476519862544,-8.952348013745599,8.952348013745599,24.0
11,2026-02-06 00:00:00+03:00,medium,deep_night,11.0,19.949280067542023,8.949280067542023,8.949280067542023,11.0
47,2026-02-19 04:00:00+03:00,medium,lunch,12.0,3.0537059839136136,-8.946294016086387,8.946294016086387,11.0
115,2026-02-06 05:00:00+03:00,medium,afternoon,25.0,16.120277156652936,-8.879722843347064,8.879722843347064,11.0
54,2026-03-22 07:00:00+03:00,medium,late_evening,11.0,2.1205495457211683,-8.879450454278832,8.879450454278832,11.0
479,2026-03-03 02:00:00+03:00,medium,early_morning,14.0,5.153429975468843,-8.846570024531157,8.846570024531157,11.0
123,2026-01-27 04:00:00+03:00,medium,lunch,23.0,14.180662479278217,-8.819337520721783,8.819337520721783,11.0
11,2026-03-29 00:00:00+03:00,medium,deep_night,17.0,25.805937299244714,8.805937299244714,8.805937299244714,11.0
479,2026-03-25 02:00:00+03:00,medium,early_morning,14.0,5.222544959176863,-8.777455040823137,8.777455040823137,11.0
16,2026-03-21 04:00:00+03:00,medium,lunch,11.0,2.2232026978943145,-8.776797302105685,8.776797302105685,11.0
11,2026-02-20 00:00:00+03:00,medium,deep_night,12.0,20.776359462975872,8.776359462975872,8.776359462975872,11.0
38,2026-02-22 07:00:00+03:00,medium,late_evening,11.0,2.2285207900043735,-8.771479209995626,8.771479209995626,11.0
54,2026-01-30 07:00:00+03:00,medium,late_evening,11.0,2.2323879454654447,-8.767612054534556,8.767612054534556,11.0
29,2026-02-17 02:00:00+03:00,high,early_morning,33.0,24.28565810345409,-8.71434189654591,8.71434189654591,24.0
30,2026-03-08 04:00:00+03:00,high,lunch,26.0,17.303148913894304,-8.696851086105696,8.696851086105696,24.0
7,2026-03-28 02:00:00+03:00,high,early_morning,32.0,23.350239421092645,-8.649760578907355,8.649760578907355,24.0
14,2026-03-08 02:00:00+03:00,medium,early_morning,13.0,4.350491644363417,-8.649508355636584,8.649508355636584,11.0
29,2026-01-27 02:00:00+03:00,high,early_morning,24.0,15.351208629584569,-8.648791370415431,8.648791370415431,24.0
11,2026-04-05 00:00:00+03:00,medium,deep_night,15.0,23.608993141610497,8.608993141610497,8.608993141610497,11.0
11,2026-02-07 00:00:00+03:00,medium,deep_night,14.0,22.591961666738335,8.591961666738335,8.591961666738335,11.0
4,2026-01-30 05:00:00+03:00,high,afternoon,25.0,16.40822508939886,-8.591774910601139,8.591774910601139,24.0
11,2026-02-05 00:00:00+03:00,medium,deep_night,11.0,19.58237708378192,8.582377083781921,8.582377083781921,11.0
36,2026-04-11 04:00:00+03:00,medium,lunch,11.0,2.4799254219685687,-8.520074578031432,8.520074578031432,11.0
479,2026-02-27 02:00:00+03:00,medium,early_morning,14.0,5.483240813999004,-8.516759186000996,8.516759186000996,11.0
101,2026-01-30 05:00:00+03:00,medium,afternoon,19.0,10.483893649751831,-8.516106350248169,8.516106350248169,11.0
123,2026-04-09 04:00:00+03:00,medium,lunch,24.0,15.55444357732572,-8.44555642267428,8.44555642267428,11.0
69,2026-04-05 04:00:00+03:00,mega,lunch,40.0,31.558573946765403,-8.441426053234597,8.441426053234597,36.0
29,2026-04-04 02:00:00+03:00,high,early_morning,24.0,32.39005173321675,8.390051733216751,8.390051733216751,24.0
16,2026-04-11 05:00:00+03:00,medium,afternoon,14.0,5.686108342528046,-8.313891657471954,8.313891657471954,11.0
30,2026-04-08 05:00:00+03:00,high,afternoon,26.0,17.692309054983767,-8.307690945016233,8.307690945016233,24.0
14,2026-01-27 04:00:00+03:00,medium,lunch,15.0,6.706505920640404,-8.293494079359597,8.293494079359597,11.0
16,2026-02-14 04:00:00+03:00,medium,lunch,12.0,3.7323067895338427,-8.267693210466158,8.267693210466158,11.0
35,2026-01-25 04:00:00+03:00,high,lunch,24.0,15.73442263394018,-8.26557736605982,8.26557736605982,24.0
11,2026-02-16 00:00:00+03:00,medium,deep_night,11.0,19.2579372363679,8.257937236367901,8.257937236367901,11.0
11,2026-02-02 00:00:00+03:00,medium,deep_night,12.0,20.237126003100805,8.237126003100805,8.237126003100805,11.0
7,2026-02-09 02:00:00+03:00,high,early_morning,30.0,21.770569569691403,-8.229430430308597,8.229430430308597,24.0
11,2026-02-12 00:00:00+03:00,medium,deep_night,11.0,19.225748173026346,8.225748173026346,8.225748173026346,11.0
123,2026-03-20 05:00:00+03:00,medium,afternoon,12.0,20.176434235656657,8.176434235656657,8.176434235656657,11.0
69,2026-02-02 05:00:00+03:00,mega,afternoon,39.0,30.82779984442449,-8.17220015557551,8.17220015557551,36.0
128,2026-02-13 05:00:00+03:00,high,afternoon,24.0,15.867125685441238,-8.132874314558762,8.132874314558762,24.0
16,2026-04-02 05:00:00+03:00,medium,afternoon,11.0,2.8812034509331625,-8.118796549066838,8.118796549066838,11.0
115,2026-01-26 06:00:00+03:00,medium,dinner,14.0,5.886984092206439,-8.11301590779356,8.11301590779356,11.0
11,2026-02-10 02:00:00+03:00,medium,early_morning,16.0,7.8890101511365,-8.1109898488635,8.1109898488635,11.0
7,2026-03-08 05:00:00+03:00,high,afternoon,24.0,15.905056932523895,-8.094943067476105,8.094943067476105,24.0
115,2026-02-16 04:00:00+03:00,medium,lunch,20.0,11.935008592133855,-8.064991407866145,8.064991407866145,11.0
142,2026-02-18 07:00:00+03:00,medium,late_evening,11.0,2.9414794882143607,-8.05852051178564,8.05852051178564,11.0
8,2026-02-13 04:00:00+03:00,high,lunch,28.0,19.944981197429207,-8.055018802570793,8.055018802570793,24.0
434,2026-03-09 07:00:00+03:00,medium,late_evening,17.0,8.973477639175513,-8.026522360824487,8.026522360824487,11.0
11,2026-03-16 00:00:00+03:00,medium,deep_night,14.0,22.020899746299893,8.020899746299893,8.020899746299893,11.0
16,2026-04-12 07:00:00+03:00,medium,late_evening,11.0,2.9862699309145477,-8.013730069085453,8.013730069085453,11.0
11,2026-01-26 02:00:00+03:00,medium,early_morning,22.0,13.986676690340385,-8.013323309659615,8.013323309659615,11.0
123,2026-01-31 05:00:00+03:00,medium,afternoon,19.0,11.001374321181864,-7.9986256788181365,7.9986256788181365,11.0
30,2026-04-11 02:00:00+03:00,high,early_morning,26.0,18.027518023895855,-7.972481976104145,7.972481976104145,24.0
6,2026-04-10 02:00:00+03:00,high,early_morning,25.0,17.044059357448994,-7.955940642551006,7.955940642551006,24.0
123,2026-02-16 04:00:00+03:00,medium,lunch,24.0,16.053020075016175,-7.946979924983825,7.946979924983825,11.0
54,2026-02-04 05:00:00+03:00,medium,afternoon,12.0,4.085366906186712,-7.914633093813288,7.914633093813288,11.0
54,2026-02-08 07:00:00+03:00,medium,late_evening,13.0,5.1164664754260905,-7.8835335245739095,7.8835335245739095,11.0
29,2026-02-15 05:00:00+03:00,high,afternoon,31.0,23.139391862627114,-7.8606081373728856,7.8606081373728856,24.0
142,2026-02-20 04:00:00+03:00,medium,lunch,13.0,5.13982273994724,-7.86017726005276,7.86017726005276,11.0
434,2026-02-09 05:00:00+03:00,medium,afternoon,22.0,14.144761501297207,-7.855238498702793,7.855238498702793,11.0
434,2026-04-09 07:00:00+03:00,medium,late_evening,16.0,8.184773241254465,-7.815226758745535,7.815226758745535,11.0
47,2026-02-02 05:00:00+03:00,medium,afternoon,11.0,3.237537618220736,-7.7624623817792635,7.7624623817792635,11.0
142,2026-04-09 02:00:00+03:00,medium,early_morning,12.0,4.272557347703892,-7.727442652296108,7.727442652296108,11.0
1,2026-02-18 05:00:00+03:00,medium,afternoon,17.0,9.29359465952594,-7.70640534047406,7.70640534047406,11.0
128,2026-02-17 05:00:00+03:00,high,afternoon,24.0,16.317865271337325,-7.682134728662675,7.682134728662675,24.0
67,2026-03-07 02:00:00+03:00,low,early_morning,0.0,7.645924036128676,7.645924036128676,7.645924036128676,0.0
479,2026-04-09 02:00:00+03:00,medium,early_morning,13.0,5.368773463388294,-7.631226536611706,7.631226536611706,11.0
20,2026-04-11 05:00:00+03:00,medium,afternoon,16.0,8.381504548473677,-7.618495451526323,7.618495451526323,11.0
69,2026-02-20 04:00:00+03:00,mega,lunch,36.0,28.40465784329479,-7.595342156705211,7.595342156705211,36.0
123,2026-04-07 05:00:00+03:00,medium,afternoon,14.0,21.587773360386645,7.587773360386645,7.587773360386645,11.0
482,2026-03-14 00:00:00+03:00,low,deep_night,0.0,7.571056956264125,7.571056956264125,7.571056956264125,0.0
142,2026-02-16 05:00:00+03:00,medium,afternoon,17.0,9.435566951468275,-7.5644330485317255,7.5644330485317255,11.0
5,2026-01-29 02:00:00+03:00,medium,early_morning,16.0,8.441839816044396,-7.558160183955604,7.558160183955604,11.0
35,2026-04-07 05:00:00+03:00,high,afternoon,26.0,18.501334645461917,-7.498665354538083,7.498665354538083,24.0
6,2026-02-09 05:00:00+03:00,high,afternoon,30.0,22.542090434344285,-7.457909565655715,7.457909565655715,24.0
479,2026-03-17 02:00:00+03:00,medium,early_morning,13.0,5.544099672960824,-7.455900327039176,7.455900327039176,11.0
54,2026-02-14 06:00:00+03:00,medium,dinner,11.0,3.5459054513011132,-7.454094548698887,7.454094548698887,11.0
434,2026-01-25 07:00:00+03:00,medium,late_evening,16.0,8.553640454772243,-7.446359545227757,7.446359545227757,11.0
11,2026-02-09 00:00:00+03:00,medium,deep_night,13.0,20.41088346891403,7.4108834689140295,7.4108834689140295,11.0
11,2026-03-01 00:00:00+03:00,medium,deep_night,20.0,27.405755741558544,7.4057557415585435,7.4057557415585435,11.0
7,2026-01-29 05:00:00+03:00,high,afternoon,24.0,16.603213860468127,-7.396786139531873,7.396786139531873,24.0
10,2026-01-30 05:00:00+03:00,medium,afternoon,17.0,9.604619665752235,-7.395380334247765,7.395380334247765,11.0
11,2026-03-02 00:00:00+03:00,medium,deep_night,15.0,22.365493202655166,7.365493202655166,7.365493202655166,11.0
30,2026-02-15 04:00:00+03:00,high,lunch,24.0,16.645881974904576,-7.354118025095424,7.354118025095424,24.0
35,2026-02-08 04:00:00+03:00,high,lunch,24.0,16.66016117484385,-7.33983882515615,7.33983882515615,24.0
123,2026-02-18 04:00:00+03:00,medium,lunch,23.0,15.66799644802009,-7.332003551979909,7.332003551979909,11.0
115,2026-03-06 04:00:00+03:00,medium,lunch,20.0,12.671364237828202,-7.328635762171798,7.328635762171798,11.0
54,2026-02-07 05:00:00+03:00,medium,afternoon,11.0,3.6893212781501212,-7.310678721849879,7.310678721849879,11.0
6,2026-04-11 05:00:00+03:00,high,afternoon,24.0,16.701733843103625,-7.298266156896375,7.298266156896375,24.0
12,2026-02-03 02:00:00+03:00,medium,early_morning,15.0,7.703105594717763,-7.296894405282237,7.296894405282237,11.0
38,2026-02-07 07:00:00+03:00,medium,late_evening,13.0,5.706327396102871,-7.293672603897129,7.293672603897129,11.0
69,2026-03-05 05:00:00+03:00,mega,afternoon,45.0,37.7530081886679,-7.2469918113321015,7.2469918113321015,36.0
4,2026-03-23 05:00:00+03:00,high,afternoon,29.0,21.773841281730228,-7.226158718269772,7.226158718269772,24.0
10,2026-01-25 04:00:00+03:00,medium,lunch,13.0,5.8109577318735735,-7.1890422681264265,7.1890422681264265,11.0
54,2026-04-10 05:00:00+03:00,medium,afternoon,12.0,4.833604803464405,-7.166395196535595,7.166395196535595,11.0
9,2026-01-31 05:00:00+03:00,medium,afternoon,17.0,9.868656792381335,-7.131343207618665,7.131343207618665,11.0
26,2026-03-04 05:00:00+03:00,medium,afternoon,20.0,12.896937748006842,-7.103062251993158,7.103062251993158,11.0
9,2026-01-30 07:00:00+03:00,medium,late_evening,14.0,6.922987269745404,-7.077012730254596,7.077012730254596,11.0
7,2026-02-09 05:00:00+03:00,high,afternoon,26.0,18.926435605730212,-7.073564394269788,7.073564394269788,24.0
11,2026-01-30 02:00:00+03:00,medium,early_morning,21.0,13.93318646814478,-7.066813531855219,7.066813531855219,11.0
20,2026-04-05 07:00:00+03:00,medium,late_evening,13.0,5.9667864317113075,-7.0332135682886925,7.0332135682886925,11.0
443,2026-03-04 05:00:00+03:00,low,afternoon,2.0,9.01322204113519,7.01322204113519,7.01322204113519,0.0
478,2026-03-07 04:00:00+03:00,low,lunch,0.0,6.97326299234736,6.97326299234736,6.97326299234736,0.0
479,2026-04-05 02:00:00+03:00,medium,early_morning,11.0,4.0531141524414265,-6.9468858475585735,6.9468858475585735,11.0
434,2026-03-08 03:00:00+03:00,medium,morning,12.0,5.053938298043412,-6.946061701956588,6.946061701956588,11.0
35,2026-02-13 05:00:00+03:00,high,afternoon,28.0,21.085487048874306,-6.914512951125694,6.914512951125694,24.0
16,2026-04-09 05:00:00+03:00,medium,afternoon,12.0,5.095547242206858,-6.904452757793142,6.904452757793142,11.0
69,2026-04-11 02:00:00+03:00,mega,early_morning,39.0,32.101203535514585,-6.8987964644854145,6.8987964644854145,36.0
54,2026-02-21 05:00:00+03:00,medium,afternoon,11.0,4.10433368903056,-6.89566631096944,6.89566631096944,11.0
480,2026-03-07 04:00:00+03:00,low,lunch,0.0,6.878366228184058,6.878366228184058,6.878366228184058,0.0
11,2026-01-31 00:00:00+03:00,medium,deep_night,11.0,17.871463294531388,6.871463294531388,6.871463294531388,11.0
479,2026-03-24 02:00:00+03:00,medium,early_morning,12.0,5.140106791050412,-6.859893208949588,6.859893208949588,11.0
11,2026-03-04 00:00:00+03:00,medium,deep_night,13.0,19.844451590949355,6.844451590949355,6.844451590949355,11.0
6,2026-03-04 02:00:00+03:00,high,early_morning,24.0,17.171486023834156,-6.828513976165844,6.828513976165844,24.0
7,2026-02-17 05:00:00+03:00,high,afternoon,27.0,20.180992928982604,-6.819007071017396,6.819007071017396,24.0
8,2026-01-29 05:00:00+03:00,high,afternoon,30.0,23.21290061264978,-6.787099387350221,6.787099387350221,24.0
14,2026-04-10 05:00:00+03:00,medium,afternoon,21.0,14.215293469702955,-6.784706530297045,6.784706530297045,11.0
69,2026-02-28 05:00:00+03:00,mega,afternoon,46.0,39.22757327385629,-6.772426726143713,6.772426726143713,36.0
482,2026-03-14 02:00:00+03:00,low,early_morning,0.0,6.755964866983888,6.755964866983888,6.755964866983888,0.0
115,2026-02-18 03:00:00+03:00,medium,morning,12.0,5.262961249836715,-6.737038750163285,6.737038750163285,11.0
12,2026-02-13 05:00:00+03:00,medium,afternoon,24.0,17.27126376121204,-6.72873623878796,6.72873623878796,11.0
10,2026-02-24 05:00:00+03:00,medium,afternoon,18.0,11.297974999341605,-6.702025000658395,6.702025000658395,11.0
1,2026-02-26 05:00:00+03:00,medium,afternoon,16.0,9.301205511084035,-6.698794488915965,6.698794488915965,11.0
14,2026-02-15 05:00:00+03:00,medium,afternoon,20.0,13.316809373089644,-6.683190626910356,6.683190626910356,11.0
26,2026-03-10 02:00:00+03:00,medium,early_morning,12.0,5.318769548097745,-6.681230451902255,6.681230451902255,11.0
123,2026-02-23 05:00:00+03:00,medium,afternoon,12.0,18.67556496911636,6.675564969116358,6.675564969116358,11.0
7,2026-02-12 05:00:00+03:00,high,afternoon,27.0,20.328046087504575,-6.671953912495425,6.671953912495425,24.0
35,2026-02-28 05:00:00+03:00,high,afternoon,28.0,21.35209178778781,-6.64790821221219,6.64790821221219,24.0
483,2026-03-27 02:00:00+03:00,low,early_morning,0.0,6.646310523531714,6.646310523531714,6.646310523531714,0.0
25,2026-02-19 06:00:00+03:00,medium,dinner,12.0,5.355074299778552,-6.644925700221448,6.644925700221448,11.0
1,2026-03-04 05:00:00+03:00,medium,afternoon,17.0,10.370338646014389,-6.629661353985611,6.629661353985611,11.0
516,2026-04-12 04:00:00+03:00,low,lunch,1.0,7.627447756395758,6.627447756395758,6.627447756395758,0.0
482,2026-03-21 00:00:00+03:00,low,deep_night,0.0,6.619620522743098,6.619620522743098,6.619620522743098,0.0
483,2026-03-28 00:00:00+03:00,low,deep_night,0.0,6.619620522743098,6.619620522743098,6.619620522743098,0.0
483,2026-03-21 00:00:00+03:00,low,deep_night,0.0,6.619620522743098,6.619620522743098,6.619620522743098,0.0
482,2026-03-28 00:00:00+03:00,low,deep_night,0.0,6.619620522743098,6.619620522743098,6.619620522743098,0.0
123,2026-03-27 05:00:00+03:00,medium,afternoon,14.0,20.605662442116916,6.605662442116916,6.605662442116916,11.0
39,2026-03-05 05:00:00+03:00,high,afternoon,26.0,19.440826586296954,-6.559173413703046,6.559173413703046,24.0
115,2026-03-16 05:00:00+03:00,medium,afternoon,11.0,17.550981019486088,6.550981019486088,6.550981019486088,11.0
101,2026-01-31 04:00:00+03:00,medium,lunch,17.0,10.451054760615516,-6.548945239384484,6.548945239384484,11.0
6,2026-04-07 02:00:00+03:00,high,early_morning,26.0,19.48556092025412,-6.51443907974588,6.51443907974588,24.0
12,2026-02-25 06:00:00+03:00,medium,dinner,15.0,8.495082454872911,-6.504917545127089,6.504917545127089,11.0
483,2026-03-22 00:00:00+03:00,low,deep_night,0.0,6.5022657163630395,6.5022657163630395,6.5022657163630395,0.0
482,2026-03-29 00:00:00+03:00,low,deep_night,0.0,6.5022657163630395,6.5022657163630395,6.5022657163630395,0.0
482,2026-03-22 00:00:00+03:00,low,deep_night,0.0,6.5022657163630395,6.5022657163630395,6.5022657163630395,0.0
482,2026-03-15 00:00:00+03:00,low,deep_night,0.0,6.5022657163630395,6.5022657163630395,6.5022657163630395,0.0
483,2026-03-29 00:00:00+03:00,low,deep_night,0.0,6.5022657163630395,6.5022657163630395,6.5022657163630395,0.0
8,2026-02-11 04:00:00+03:00,high,lunch,25.0,18.50760669633558,-6.4923933036644215,6.4923933036644215,24.0
12,2026-02-23 04:00:00+03:00,medium,lunch,18.0,11.520486415499272,-6.479513584500728,6.479513584500728,11.0
123,2026-03-02 05:00:00+03:00,medium,afternoon,27.0,20.524370245395904,-6.475629754604096,6.475629754604096,11.0
54,2026-02-21 07:00:00+03:00,medium,late_evening,12.0,5.524959127279646,-6.475040872720354,6.475040872720354,11.0
123,2026-04-06 05:00:00+03:00,medium,afternoon,14.0,20.46728054340569,6.467280543405689,6.467280543405689,11.0
478,2026-03-08 04:00:00+03:00,low,lunch,0.0,6.455401958641147,6.455401958641147,6.455401958641147,0.0
69,2026-02-15 04:00:00+03:00,mega,lunch,40.0,33.55577825779025,-6.4442217422097485,6.4442217422097485,36.0
54,2026-04-11 06:00:00+03:00,medium,dinner,11.0,4.5588333599388395,-6.4411666400611605,6.4411666400611605,11.0
18,2026-02-01 04:00:00+03:00,medium,lunch,17.0,10.563526287808646,-6.436473712191354,6.436473712191354,11.0
478,2026-03-21 04:00:00+03:00,low,lunch,0.0,6.434466862005452,6.434466862005452,6.434466862005452,0.0
123,2026-02-09 05:00:00+03:00,medium,afternoon,16.0,22.418154745900054,6.418154745900054,6.418154745900054,11.0
11,2026-02-19 00:00:00+03:00,medium,deep_night,14.0,20.39132041192931,6.3913204119293106,6.3913204119293106,11.0
443,2026-04-10 04:00:00+03:00,low,lunch,0.0,6.388814443208489,6.388814443208489,6.388814443208489,0.0
7,2026-03-21 02:00:00+03:00,high,early_morning,34.0,27.65531400055376,-6.3446859994462415,6.3446859994462415,24.0
14,2026-03-01 07:00:00+03:00,medium,late_evening,13.0,6.666173642798498,-6.333826357201502,6.333826357201502,11.0
123,2026-03-23 05:00:00+03:00,medium,afternoon,17.0,23.323145460092213,6.3231454600922135,6.3231454600922135,11.0
10,2026-04-08 04:00:00+03:00,medium,lunch,16.0,9.720507662476876,-6.2794923375231235,6.2794923375231235,11.0
26,2026-02-13 02:00:00+03:00,medium,early_morning,12.0,5.731370629863217,-6.268629370136783,6.268629370136783,11.0
69,2026-04-06 05:00:00+03:00,mega,afternoon,40.0,33.74129470178384,-6.258705298216157,6.258705298216157,36.0
9,2026-02-20 07:00:00+03:00,medium,late_evening,14.0,7.744578167452776,-6.255421832547224,6.255421832547224,11.0
69,2026-03-21 02:00:00+03:00,mega,early_morning,39.0,32.761892304107704,-6.238107695892296,6.238107695892296,36.0
123,2026-02-16 05:00:00+03:00,medium,afternoon,17.0,23.20954926839178,6.209549268391779,6.209549268391779,11.0
123,2026-02-25 05:00:00+03:00,medium,afternoon,15.0,21.208481129189803,6.208481129189803,6.208481129189803,11.0
434,2026-01-25 05:00:00+03:00,medium,afternoon,19.0,12.801107548931403,-6.1988924510685965,6.1988924510685965,11.0
123,2026-02-20 04:00:00+03:00,medium,lunch,22.0,15.807041129672674,-6.192958870327326,6.192958870327326,11.0
123,2026-03-30 05:00:00+03:00,medium,afternoon,16.0,22.191796608589474,6.191796608589474,6.191796608589474,11.0
10,2026-04-06 07:00:00+03:00,medium,late_evening,11.0,4.8093036619851866,-6.1906963380148134,6.1906963380148134,11.0
7,2026-02-07 02:00:00+03:00,high,early_morning,31.0,24.815040928516076,-6.184959071483924,6.184959071483924,24.0
11,2026-02-20 02:00:00+03:00,medium,early_morning,11.0,17.182734665749678,6.182734665749678,6.182734665749678,11.0
69,2026-04-10 05:00:00+03:00,mega,afternoon,38.0,31.832150882166793,-6.167849117833207,6.167849117833207,36.0
123,2026-02-11 05:00:00+03:00,medium,afternoon,15.0,21.165016961949867,6.165016961949867,6.165016961949867,11.0
7,2026-03-30 05:00:00+03:00,high,afternoon,25.0,18.83765834880282,-6.162341651197181,6.162341651197181,24.0
26,2026-04-10 05:00:00+03:00,medium,afternoon,17.0,10.844807146024987,-6.155192853975013,6.155192853975013,11.0
37,2026-03-05 04:00:00+03:00,medium,lunch,13.0,6.847514045419282,-6.152485954580718,6.152485954580718,11.0
69,2026-04-05 05:00:00+03:00,mega,afternoon,47.0,40.84791823840737,-6.152081761592633,6.152081761592633,36.0
115,2026-04-10 07:00:00+03:00,medium,late_evening,14.0,7.851941987189879,-6.148058012810121,6.148058012810121,11.0
115,2026-01-25 04:00:00+03:00,medium,lunch,17.0,10.856963196965355,-6.143036803034645,6.143036803034645,11.0
123,2026-03-11 05:00:00+03:00,medium,afternoon,14.0,20.141569885527414,6.141569885527414,6.141569885527414,11.0
25,2026-03-06 04:00:00+03:00,medium,lunch,16.0,9.870242393818742,-6.129757606181258,6.129757606181258,11.0
480,2026-03-28 04:00:00+03:00,low,lunch,0.0,6.122974327398517,6.122974327398517,6.122974327398517,0.0
478,2026-03-14 04:00:00+03:00,low,lunch,0.0,6.122974327398517,6.122974327398517,6.122974327398517,0.0
11,2026-02-23 00:00:00+03:00,medium,deep_night,26.0,19.892812890280013,-6.1071871097199875,6.1071871097199875,11.0
37,2026-02-19 04:00:00+03:00,medium,lunch,12.0,5.947108082747807,-6.052891917252193,6.052891917252193,11.0
37,2026-01-28 04:00:00+03:00,medium,lunch,13.0,6.9484385021056125,-6.0515614978943875,6.0515614978943875,11.0
12,2026-03-08 05:00:00+03:00,medium,afternoon,23.0,16.952435893283727,-6.047564106716273,6.047564106716273,11.0
6,2026-02-13 02:00:00+03:00,high,early_morning,24.0,17.958935440368688,-6.041064559631312,6.041064559631312,24.0
26,2026-01-26 04:00:00+03:00,medium,lunch,14.0,7.963293518098933,-6.036706481901067,6.036706481901067,11.0
123,2026-02-04 05:00:00+03:00,medium,afternoon,26.0,19.966725663070143,-6.033274336929857,6.033274336929857,11.0
37,2026-03-07 02:00:00+03:00,medium,early_morning,11.0,5.006717130283395,-5.993282869716605,5.993282869716605,11.0
123,2026-02-20 05:00:00+03:00,medium,afternoon,13.0,18.985442276950664,5.985442276950664,5.985442276950664,11.0
434,2026-02-10 04:00:00+03:00,medium,lunch,16.0,10.024471304293245,-5.975528695706755,5.975528695706755,11.0
16,2026-04-05 05:00:00+03:00,medium,afternoon,12.0,6.03312632764602,-5.96687367235398,5.96687367235398,11.0
12,2026-01-25 05:00:00+03:00,medium,afternoon,21.0,15.041948630169172,-5.958051369830828,5.958051369830828,11.0
29,2026-04-09 02:00:00+03:00,high,early_morning,33.0,27.0488100160474,-5.951189983952599,5.951189983952599,24.0
35,2026-03-21 05:00:00+03:00,high,afternoon,28.0,22.04995182579149,-5.950048174208511,5.950048174208511,24.0
30,2026-03-19 05:00:00+03:00,high,afternoon,25.0,19.065445283640976,-5.934554716359024,5.934554716359024,24.0
123,2026-03-31 05:00:00+03:00,medium,afternoon,15.0,20.92577693932176,5.925776939321761,5.925776939321761,11.0
434,2026-03-06 06:00:00+03:00,medium,dinner,13.0,7.083854055764808,-5.916145944235192,5.916145944235192,11.0
4,2026-03-04 05:00:00+03:00,high,afternoon,26.0,20.091963264627985,-5.908036735372015,5.908036735372015,24.0
12,2026-02-05 05:00:00+03:00,medium,afternoon,11.0,16.897347140649412,5.897347140649412,5.897347140649412,11.0
26,2026-02-03 05:00:00+03:00,medium,afternoon,18.0,12.10874065110856,-5.89125934889144,5.89125934889144,11.0
11,2026-02-01 00:00:00+03:00,medium,deep_night,18.0,23.85799228697806,5.85799228697806,5.85799228697806,11.0
11,2026-02-21 00:00:00+03:00,medium,deep_night,19.0,24.857192584496424,5.857192584496424,5.857192584496424,11.0
35,2026-02-20 05:00:00+03:00,high,afternoon,26.0,20.149579483524352,-5.850420516475648,5.850420516475648,24.0
479,2026-03-11 02:00:00+03:00,medium,early_morning,11.0,5.161731161635079,-5.838268838364921,5.838268838364921,11.0
11,2026-04-10 02:00:00+03:00,medium,early_morning,11.0,16.823313750163003,5.823313750163003,5.823313750163003,11.0
37,2026-02-03 05:00:00+03:00,medium,afternoon,13.0,7.195246430168999,-5.804753569831001,5.804753569831001,11.0
483,2026-03-21 02:00:00+03:00,low,early_morning,0.0,5.798906220729197,5.798906220729197,5.798906220729197,0.0
482,2026-03-28 02:00:00+03:00,low,early_morning,0.0,5.798906220729197,5.798906220729197,5.798906220729197,0.0
483,2026-03-28 02:00:00+03:00,low,early_morning,0.0,5.798906220729197,5.798906220729197,5.798906220729197,0.0
482,2026-03-21 02:00:00+03:00,low,early_morning,0.0,5.798906220729197,5.798906220729197,5.798906220729197,0.0
8,2026-02-10 04:00:00+03:00,high,lunch,24.0,18.205903017210588,-5.794096982789412,5.794096982789412,24.0
516,2026-04-11 03:00:00+03:00,low,morning,10.0,4.21858395096832,-5.78141604903168,5.78141604903168,0.0
35,2026-02-15 05:00:00+03:00,high,afternoon,28.0,22.229354557203525,-5.770645442796475,5.770645442796475,24.0
123,2026-02-24 07:00:00+03:00,medium,late_evening,12.0,6.242343194412979,-5.757656805587021,5.757656805587021,11.0
18,2026-03-29 07:00:00+03:00,medium,late_evening,13.0,7.290536998106134,-5.709463001893866,5.709463001893866,11.0
12,2026-03-05 04:00:00+03:00,medium,lunch,18.0,12.299911197783953,-5.700088802216047,5.700088802216047,11.0
479,2026-04-08 02:00:00+03:00,medium,early_morning,12.0,6.301018819825727,-5.698981180174273,5.698981180174273,11.0
69,2026-02-18 05:00:00+03:00,mega,afternoon,41.0,35.306059837643886,-5.693940162356114,5.693940162356114,36.0
142,2026-04-10 05:00:00+03:00,medium,afternoon,15.0,9.320031049215496,-5.679968950784504,5.679968950784504,11.0
115,2026-04-05 06:00:00+03:00,medium,dinner,12.0,6.32219310767457,-5.67780689232543,5.67780689232543,11.0
101,2026-03-01 05:00:00+03:00,medium,afternoon,18.0,12.340580458256085,-5.659419541743915,5.659419541743915,11.0
25,2026-02-12 04:00:00+03:00,medium,lunch,14.0,8.350953563485742,-5.649046436514258,5.649046436514258,11.0
8,2026-02-03 04:00:00+03:00,high,lunch,24.0,18.357844439944937,-5.642155560055063,5.642155560055063,24.0
123,2026-02-07 04:00:00+03:00,medium,lunch,19.0,13.374744262481842,-5.625255737518158,5.625255737518158,11.0
7,2026-03-05 05:00:00+03:00,high,afternoon,26.0,20.37804227178191,-5.621957728218089,5.621957728218089,24.0
8,2026-03-30 02:00:00+03:00,high,early_morning,25.0,19.3826775423141,-5.617322457685901,5.617322457685901,24.0
35,2026-03-12 05:00:00+03:00,high,afternoon,26.0,20.390035314391017,-5.609964685608983,5.609964685608983,24.0
115,2026-02-03 03:00:00+03:00,medium,morning,11.0,5.3941443085894925,-5.6058556914105075,5.6058556914105075,11.0
478,2026-03-01 04:00:00+03:00,low,lunch,0.0,5.605113293692303,5.605113293692303,5.605113293692303,0.0
478,2026-03-22 04:00:00+03:00,low,lunch,0.0,5.605113293692303,5.605113293692303,5.605113293692303,0.0
30,2026-02-19 05:00:00+03:00,high,afternoon,24.0,18.39748194266987,-5.60251805733013,5.60251805733013,24.0
115,2026-02-13 02:00:00+03:00,medium,early_morning,17.0,11.398646633956368,-5.601353366043632,5.601353366043632,11.0
30,2026-02-08 05:00:00+03:00,high,afternoon,26.0,20.411982233589303,-5.588017766410697,5.588017766410697,24.0
35,2026-04-06 05:00:00+03:00,high,afternoon,26.0,20.419993629989317,-5.580006370010683,5.580006370010683,24.0
11,2026-04-08 00:00:00+03:00,medium,deep_night,11.0,16.564643341745736,5.564643341745736,5.564643341745736,11.0
10,2026-02-18 05:00:00+03:00,medium,afternoon,18.0,12.440583291455008,-5.559416708544992,5.559416708544992,11.0
434,2026-02-01 07:00:00+03:00,medium,late_evening,14.0,8.447787181271812,-5.552212818728188,5.552212818728188,11.0
480,2026-03-07 03:00:00+03:00,low,morning,0.0,5.55001605852265,5.55001605852265,5.55001605852265,0.0
37,2026-02-26 04:00:00+03:00,medium,lunch,11.0,5.450743275247974,-5.549256724752026,5.549256724752026,11.0
1,2026-02-16 05:00:00+03:00,medium,afternoon,15.0,9.453028857318579,-5.546971142681421,5.546971142681421,11.0
443,2026-04-06 05:00:00+03:00,low,afternoon,2.0,7.5158254071884105,5.5158254071884105,5.5158254071884105,0.0
434,2026-04-07 06:00:00+03:00,medium,dinner,12.0,6.4875899193039945,-5.5124100806960055,5.5124100806960055,11.0
25,2026-02-17 05:00:00+03:00,medium,afternoon,18.0,12.496305294181994,-5.503694705818006,5.503694705818006,11.0
4,2026-02-12 05:00:00+03:00,high,afternoon,25.0,19.497049680267864,-5.502950319732136,5.502950319732136,24.0
10,2026-02-21 02:00:00+03:00,medium,early_morning,11.0,5.499793294100354,-5.500206705899646,5.500206705899646,11.0
123,2026-03-03 04:00:00+03:00,medium,lunch,22.0,16.50838353659739,-5.491616463402611,5.491616463402611,11.0
126,2026-02-04 05:00:00+03:00,high,afternoon,24.0,18.513198402348962,-5.486801597651038,5.486801597651038,24.0
516,2026-04-12 02:00:00+03:00,low,early_morning,1.0,6.470967643117836,5.470967643117836,5.470967643117836,0.0
434,2026-02-19 07:00:00+03:00,medium,late_evening,14.0,8.53519409181281,-5.46480590818719,5.46480590818719,11.0
478,2026-03-19 05:00:00+03:00,low,afternoon,0.0,5.460088424726468,5.460088424726468,5.460088424726468,0.0
29,2026-04-10 02:00:00+03:00,high,early_morning,33.0,27.546261778195568,-5.453738221804432,5.453738221804432,24.0
126,2026-04-10 05:00:00+03:00,high,afternoon,26.0,20.54704429346357,-5.452955706536429,5.452955706536429,24.0
478,2026-03-28 04:00:00+03:00,low,lunch,0.0,5.441358407572826,5.441358407572826,5.441358407572826,0.0
25,2026-02-24 06:00:00+03:00,medium,dinner,11.0,5.560720166238945,-5.439279833761055,5.439279833761055,11.0
18,2026-03-25 07:00:00+03:00,medium,late_evening,11.0,5.561938015226254,-5.438061984773746,5.438061984773746,11.0
25,2026-04-09 05:00:00+03:00,medium,afternoon,18.0,12.562254662546806,-5.437745337453194,5.437745337453194,11.0
10,2026-01-27 05:00:00+03:00,medium,afternoon,16.0,10.572899118510756,-5.427100881489244,5.427100881489244,11.0
11,2026-02-16 02:00:00+03:00,medium,early_morning,11.0,16.42233664938091,5.4223366493809095,5.4223366493809095,11.0
67,2026-03-01 02:00:00+03:00,low,early_morning,0.0,5.417470161649554,5.417470161649554,5.417470161649554,0.0
67,2026-03-08 02:00:00+03:00,low,early_morning,0.0,5.417470161649554,5.417470161649554,5.417470161649554,0.0
12,2026-03-09 05:00:00+03:00,medium,afternoon,22.0,16.585646211013596,-5.4143537889864035,5.4143537889864035,11.0
12,2026-03-03 05:00:00+03:00,medium,afternoon,22.0,16.603641848577958,-5.396358151422042,5.396358151422042,11.0
478,2026-03-15 05:00:00+03:00,low,afternoon,0.0,5.393596076909613,5.393596076909613,5.393596076909613,0.0
126,2026-03-30 05:00:00+03:00,high,afternoon,24.0,18.609093662015912,-5.390906337984088,5.390906337984088,24.0
18,2026-02-23 04:00:00+03:00,medium,lunch,13.0,7.6093301373687945,-5.3906698626312055,5.3906698626312055,11.0
6,2026-02-09 02:00:00+03:00,high,early_morning,24.0,18.616185936479468,-5.383814063520532,5.383814063520532,24.0
5,2026-01-30 02:00:00+03:00,medium,early_morning,16.0,10.618287753587119,-5.3817122464128815,5.3817122464128815,11.0
4,2026-04-10 05:00:00+03:00,high,afternoon,26.0,20.625061278334453,-5.374938721665547,5.374938721665547,24.0
17,2026-03-08 07:00:00+03:00,medium,late_evening,15.0,9.625091164905683,-5.374908835094317,5.374908835094317,11.0
37,2026-02-13 04:00:00+03:00,medium,lunch,12.0,6.647575369606238,-5.352424630393762,5.352424630393762,11.0
298,2026-02-20 05:00:00+03:00,medium,afternoon,11.0,5.654011052992792,-5.345988947007208,5.345988947007208,11.0
483,2026-03-18 00:00:00+03:00,low,deep_night,0.0,5.345286719177195,5.345286719177195,5.345286719177195,0.0
12,2026-04-08 05:00:00+03:00,medium,afternoon,11.0,16.33766447653742,5.3376644765374195,5.3376644765374195,11.0
123,2026-02-03 05:00:00+03:00,medium,afternoon,14.0,19.33152308708735,5.331523087087351,5.331523087087351,11.0
11,2026-03-25 02:00:00+03:00,medium,early_morning,21.0,15.668683605610012,-5.331316394389988,5.331316394389988,11.0
483,2026-03-18 02:00:00+03:00,low,early_morning,0.0,5.330056498001643,5.330056498001643,5.330056498001643,0.0
478,2026-04-04 04:00:00+03:00,low,lunch,0.0,5.3207377789555945,5.3207377789555945,5.3207377789555945,0.0
123,2026-03-13 05:00:00+03:00,medium,afternoon,16.0,21.31592930170425,5.3159293017042515,5.3159293017042515,11.0
5,2026-01-26 02:00:00+03:00,medium,early_morning,16.0,10.685765031441637,-5.314234968558363,5.314234968558363,11.0
115,2026-02-02 04:00:00+03:00,medium,lunch,16.0,10.689000627851453,-5.310999372148547,5.310999372148547,11.0
135,2026-02-19 07:00:00+03:00,low,late_evening,6.0,0.6925087061443578,-5.307491293855643,5.307491293855643,0.0
4,2026-03-06 05:00:00+03:00,high,afternoon,27.0,21.693990765897983,-5.306009234102017,5.306009234102017,24.0
478,2026-02-14 07:00:00+03:00,low,late_evening,10.0,4.697501091949613,-5.302498908050387,5.302498908050387,0.0
10,2026-04-01 05:00:00+03:00,medium,afternoon,17.0,11.698133158579711,-5.3018668414202885,5.3018668414202885,11.0
434,2026-03-08 05:00:00+03:00,medium,afternoon,12.0,17.287649617778797,5.287649617778797,5.287649617778797,11.0
18,2026-02-23 05:00:00+03:00,medium,afternoon,16.0,10.720544472850237,-5.2794555271497625,5.2794555271497625,11.0
69,2026-03-08 05:00:00+03:00,mega,afternoon,36.0,41.26837675067507,5.268376750675067,5.268376750675067,36.0
123,2026-01-30 05:00:00+03:00,medium,afternoon,24.0,18.737060006052403,-5.262939993947597,5.262939993947597,11.0
115,2026-03-26 06:00:00+03:00,medium,dinner,12.0,6.745983058977565,-5.254016941022435,5.254016941022435,11.0
11,2026-04-09 00:00:00+03:00,medium,deep_night,13.0,18.252687569991124,5.252687569991124,5.252687569991124,11.0
483,2026-04-11 00:00:00+03:00,low,deep_night,0.0,5.249629225232535,5.249629225232535,5.249629225232535,0.0
483,2026-04-04 00:00:00+03:00,low,deep_night,0.0,5.249629225232535,5.249629225232535,5.249629225232535,0.0
482,2026-04-04 00:00:00+03:00,low,deep_night,0.0,5.249629225232535,5.249629225232535,5.249629225232535,0.0
123,2026-02-05 04:00:00+03:00,medium,lunch,11.0,16.2458198910615,5.245819891061501,5.245819891061501,11.0
18,2026-01-31 02:00:00+03:00,medium,early_morning,12.0,6.763670068253804,-5.236329931746196,5.236329931746196,11.0
123,2026-03-24 05:00:00+03:00,medium,afternoon,17.0,22.23339529755772,5.2333952975577205,5.2333952975577205,11.0
12,2026-03-04 02:00:00+03:00,medium,early_morning,13.0,7.766621043257091,-5.233378956742909,5.233378956742909,11.0
115,2026-01-30 05:00:00+03:00,medium,afternoon,19.0,13.768395322358616,-5.231604677641384,5.231604677641384,11.0
478,2026-04-11 05:00:00+03:00,low,afternoon,2.0,7.218235653899852,5.218235653899852,5.218235653899852,0.0
123,2026-03-25 03:00:00+03:00,medium,morning,14.0,8.796015947706717,-5.203984052293283,5.203984052293283,11.0
478,2026-03-23 05:00:00+03:00,low,afternoon,0.0,5.202860256261822,5.202860256261822,5.202860256261822,0.0
478,2026-04-03 04:00:00+03:00,low,lunch,0.0,5.1979324807000085,5.1979324807000085,5.1979324807000085,0.0
480,2026-03-27 04:00:00+03:00,low,lunch,0.0,5.194419885660322,5.194419885660322,5.194419885660322,0.0
35,2026-03-31 05:00:00+03:00,high,afternoon,26.0,20.8078984431245,-5.1921015568755,5.1921015568755,24.0
481,2026-03-22 05:00:00+03:00,low,afternoon,0.0,5.184695665228969,5.184695665228969,5.184695665228969,0.0
26,2026-02-14 04:00:00+03:00,medium,lunch,14.0,8.827094871759293,-5.172905128240707,5.172905128240707,11.0
123,2026-03-09 05:00:00+03:00,medium,afternoon,16.0,21.16719112265186,5.167191122651861,5.167191122651861,11.0
482,2026-04-05 00:00:00+03:00,low,deep_night,0.0,5.164110416240963,5.164110416240963,5.164110416240963,0.0
483,2026-04-05 00:00:00+03:00,low,deep_night,0.0,5.164110416240963,5.164110416240963,5.164110416240963,0.0
483,2026-04-12 00:00:00+03:00,low,deep_night,0.0,5.164110416240963,5.164110416240963,5.164110416240963,0.0
478,2026-03-07 03:00:00+03:00,low,morning,0.0,5.162461088508691,5.162461088508691,5.162461088508691,0.0
480,2026-03-21 03:00:00+03:00,low,morning,0.0,5.162461088508691,5.162461088508691,5.162461088508691,0.0
17,2026-03-08 02:00:00+03:00,medium,early_morning,14.0,8.847656643577999,-5.152343356422001,5.152343356422001,11.0
123,2026-02-11 04:00:00+03:00,medium,lunch,21.0,15.851692637851421,-5.148307362148579,5.148307362148579,11.0
69,2026-02-17 05:00:00+03:00,mega,afternoon,40.0,34.86403162198133,-5.135968378018667,5.135968378018667,36.0
10,2026-02-10 04:00:00+03:00,medium,lunch,15.0,9.87111272184045,-5.128887278159549,5.128887278159549,11.0
434,2026-02-19 06:00:00+03:00,medium,dinner,12.0,6.882125231565896,-5.117874768434104,5.117874768434104,11.0
480,2026-03-21 05:00:00+03:00,low,afternoon,0.0,5.115885727956912,5.115885727956912,5.115885727956912,0.0
123,2026-03-04 04:00:00+03:00,medium,lunch,11.0,16.11220167700549,5.1122016770054906,5.1122016770054906,11.0
8,2026-03-27 02:00:00+03:00,high,early_morning,25.0,19.888811277311206,-5.111188722688794,5.111188722688794,24.0
18,2026-04-11 02:00:00+03:00,medium,early_morning,15.0,9.891838639127034,-5.108161360872966,5.108161360872966,11.0
478,2026-03-09 04:00:00+03:00,low,lunch,0.0,5.0961416115398395,5.0961416115398395,5.0961416115398395,0.0
25,2026-03-12 04:00:00+03:00,medium,lunch,15.0,9.90503122189218,-5.09496877810782,5.09496877810782,11.0
35,2026-03-18 05:00:00+03:00,high,afternoon,25.0,19.905220409386448,-5.094779590613552,5.094779590613552,24.0
69,2026-03-26 05:00:00+03:00,mega,afternoon,41.0,35.91375586409096,-5.086244135909041,5.086244135909041,36.0
115,2026-03-02 07:00:00+03:00,medium,late_evening,14.0,8.914065723747031,-5.085934276252969,5.085934276252969,11.0
434,2026-02-26 07:00:00+03:00,medium,late_evening,13.0,7.918969826655962,-5.081030173344038,5.081030173344038,11.0
11,2026-02-28 00:00:00+03:00,medium,deep_night,19.0,24.081028815784855,5.081028815784855,5.081028815784855,11.0
434,2026-01-30 06:00:00+03:00,medium,dinner,11.0,5.919154840198303,-5.080845159801697,5.080845159801697,11.0
9,2026-02-08 05:00:00+03:00,medium,afternoon,17.0,11.930325581494044,-5.069674418505956,5.069674418505956,11.0
142,2026-02-02 05:00:00+03:00,medium,afternoon,14.0,8.933491019967322,-5.066508980032678,5.066508980032678,11.0
18,2026-04-05 02:00:00+03:00,medium,early_morning,14.0,8.935314805202946,-5.064685194797054,5.064685194797054,11.0
10,2026-02-17 04:00:00+03:00,medium,lunch,15.0,9.941544120901465,-5.058455879098535,5.058455879098535,11.0
123,2026-03-18 05:00:00+03:00,medium,afternoon,16.0,21.05712797732516,5.057127977325159,5.057127977325159,11.0
480,2026-03-01 05:00:00+03:00,low,afternoon,0.0,5.050217212162674,5.050217212162674,5.050217212162674,0.0
7,2026-04-04 02:00:00+03:00,high,early_morning,32.0,26.962950192642722,-5.037049807357278,5.037049807357278,24.0
25,2026-01-25 04:00:00+03:00,medium,lunch,12.0,6.964027188198299,-5.035972811801701,5.035972811801701,11.0
4,2026-04-07 05:00:00+03:00,high,afternoon,25.0,19.96664840346698,-5.03335159653302,5.03335159653302,24.0
478,2026-03-29 04:00:00+03:00,low,lunch,0.0,5.025270998826614,5.025270998826614,5.025270998826614,0.0
480,2026-03-29 04:00:00+03:00,low,lunch,0.0,5.025270998826614,5.025270998826614,5.025270998826614,0.0
478,2026-02-22 07:00:00+03:00,low,late_evening,8.0,2.9885408706662306,-5.011459129333769,5.011459129333769,0.0
4,2026-03-05 05:00:00+03:00,high,afternoon,26.0,20.98946276048515,-5.01053723951485,5.01053723951485,24.0
434,2026-02-09 06:00:00+03:00,medium,dinner,12.0,7.001616327200802,-4.998383672799198,4.998383672799198,11.0
123,2026-04-03 05:00:00+03:00,medium,afternoon,14.0,18.98587428106164,4.9858742810616405,4.9858742810616405,11.0
7,2026-02-16 05:00:00+03:00,high,afternoon,26.0,21.017852449825305,-4.982147550174695,4.982147550174695,24.0
7,2026-03-30 02:00:00+03:00,high,early_morning,28.0,23.029578326994358,-4.970421673005642,4.970421673005642,24.0
479,2026-04-02 02:00:00+03:00,medium,early_morning,12.0,7.0323182791468835,-4.9676817208531165,4.9676817208531165,11.0
29,2026-01-25 05:00:00+03:00,high,afternoon,28.0,23.040452283766115,-4.959547716233885,4.959547716233885,24.0
12,2026-03-08 04:00:00+03:00,medium,lunch,19.0,14.041791678616358,-4.958208321383642,4.958208321383642,11.0
11,2026-02-06 02:00:00+03:00,medium,early_morning,18.0,13.063376465409387,-4.936623534590613,4.936623534590613,11.0
10,2026-02-06 05:00:00+03:00,medium,afternoon,17.0,12.07551981042799,-4.9244801895720105,4.9244801895720105,11.0
11,2026-03-04 02:00:00+03:00,medium,early_morning,12.0,16.91416170994016,4.91416170994016,4.91416170994016,11.0
115,2026-02-04 05:00:00+03:00,medium,afternoon,20.0,15.087636053824749,-4.912363946175251,4.912363946175251,11.0
1,2026-02-10 05:00:00+03:00,medium,afternoon,14.0,9.087952298030547,-4.912047701969453,4.912047701969453,11.0
11,2026-03-14 00:00:00+03:00,medium,deep_night,22.0,26.906636120036772,4.906636120036772,4.906636120036772,11.0
345,2026-03-28 07:00:00+03:00,low,late_evening,5.0,0.10006685212471789,-4.899933147875283,4.899933147875283,0.0
123,2026-04-13 05:00:00+03:00,medium,afternoon,16.0,20.896856620877713,4.896856620877713,4.896856620877713,11.0
11,2026-03-26 02:00:00+03:00,medium,early_morning,12.0,16.896527845320133,4.896527845320133,4.896527845320133,11.0
26,2026-02-01 05:00:00+03:00,medium,afternoon,13.0,8.106287338556676,-4.893712661443324,4.893712661443324,11.0
37,2026-02-04 05:00:00+03:00,medium,afternoon,13.0,8.131666003597026,-4.868333996402974,4.868333996402974,11.0
11,2026-02-13 00:00:00+03:00,medium,deep_night,15.0,19.863712516686736,4.863712516686736,4.863712516686736,11.0
12,2026-03-19 07:00:00+03:00,medium,late_evening,14.0,9.14111867445493,-4.85888132554507,4.85888132554507,11.0
11,2026-01-27 02:00:00+03:00,medium,early_morning,18.0,13.142762647898497,-4.857237352101503,4.857237352101503,11.0
69,2026-02-13 05:00:00+03:00,mega,afternoon,37.0,32.14811437279887,-4.851885627201128,4.851885627201128,36.0
478,2026-03-01 06:00:00+03:00,low,dinner,0.0,4.850140536235759,4.850140536235759,4.850140536235759,0.0
135,2026-02-18 06:00:00+03:00,low,dinner,5.0,0.15833940494234255,-4.8416605950576574,4.8416605950576574,0.0
478,2026-03-15 04:00:00+03:00,low,lunch,1.0,5.84061311546246,4.84061311546246,4.84061311546246,0.0
9,2026-01-25 06:00:00+03:00,medium,dinner,11.0,6.167278430638902,-4.832721569361098,4.832721569361098,11.0
11,2026-02-19 02:00:00+03:00,medium,early_morning,12.0,16.828430964853503,4.828430964853503,4.828430964853503,11.0
12,2026-02-15 05:00:00+03:00,medium,afternoon,20.0,15.178569741540603,-4.821430258459397,4.821430258459397,11.0
478,2026-04-12 04:00:00+03:00,low,lunch,0.0,4.802876745249382,4.802876745249382,4.802876745249382,0.0
9,2026-04-11 06:00:00+03:00,medium,dinner,11.0,6.1971232559429765,-4.8028767440570235,4.8028767440570235,11.0
135,2026-01-28 05:00:00+03:00,low,afternoon,5.0,0.2062829715283958,-4.793717028471605,4.793717028471605,0.0
516,2026-04-10 04:00:00+03:00,low,lunch,1.0,5.784010235533028,4.784010235533028,4.784010235533028,0.0
11,2026-04-06 02:00:00+03:00,medium,early_morning,12.0,16.75564443597753,4.75564443597753,4.75564443597753,11.0
123,2026-04-13 04:00:00+03:00,medium,lunch,20.0,15.245035768738488,-4.754964231261512,4.754964231261512,11.0
131,2026-03-21 05:00:00+03:00,low,afternoon,5.0,0.2465914779677334,-4.753408522032267,4.753408522032267,0.0
123,2026-02-25 06:00:00+03:00,medium,dinner,14.0,9.254329867501408,-4.745670132498592,4.745670132498592,11.0
115,2026-03-13 05:00:00+03:00,medium,afternoon,11.0,15.744466921499022,4.744466921499022,4.744466921499022,11.0
482,2026-04-04 02:00:00+03:00,low,early_morning,0.0,4.736697575213865,4.736697575213865,4.736697575213865,0.0
483,2026-04-11 02:00:00+03:00,low,early_morning,0.0,4.736697575213865,4.736697575213865,4.736697575213865,0.0
483,2026-04-04 02:00:00+03:00,low,early_morning,0.0,4.736697575213865,4.736697575213865,4.736697575213865,0.0
434,2026-03-24 07:00:00+03:00,medium,late_evening,13.0,8.265666886775877,-4.734333113224123,4.734333113224123,11.0
481,2026-03-28 05:00:00+03:00,low,afternoon,0.0,4.732664171159657,4.732664171159657,4.732664171159657,0.0
478,2026-03-10 04:00:00+03:00,low,lunch,0.0,4.726818552590884,4.726818552590884,4.726818552590884,0.0
7,2026-03-18 05:00:00+03:00,high,afternoon,25.0,20.28428609805148,-4.715713901948519,4.715713901948519,24.0
18,2026-03-09 02:00:00+03:00,medium,early_morning,11.0,6.294564225155135,-4.705435774844865,4.705435774844865,11.0
443,2026-03-04 04:00:00+03:00,low,lunch,19.0,14.301283253408169,-4.698716746591831,4.698716746591831,0.0
480,2026-03-06 06:00:00+03:00,low,dinner,0.0,4.697739247991645,4.697739247991645,4.697739247991645,0.0
67,2026-02-28 02:00:00+03:00,low,early_morning,0.0,4.694645417882551,4.694645417882551,4.694645417882551,0.0
67,2026-02-21 02:00:00+03:00,low,early_morning,0.0,4.694645417882551,4.694645417882551,4.694645417882551,0.0
480,2026-04-11 03:00:00+03:00,low,morning,0.0,4.680016671548931,4.680016671548931,4.680016671548931,0.0
478,2026-04-11 03:00:00+03:00,low,morning,0.0,4.680016671548931,4.680016671548931,4.680016671548931,0.0
434,2026-02-15 07:00:00+03:00,medium,late_evening,14.0,9.327558108220295,-4.672441891779705,4.672441891779705,11.0
6,2026-03-05 05:00:00+03:00,high,afternoon,27.0,22.327986757736184,-4.672013242263816,4.672013242263816,24.0
69,2026-02-05 05:00:00+03:00,mega,afternoon,36.0,31.3392945555895,-4.6607054444105,4.6607054444105,36.0
17,2026-03-08 06:00:00+03:00,medium,dinner,12.0,7.339572999838741,-4.660427000161259,4.660427000161259,11.0
9,2026-03-08 02:00:00+03:00,medium,early_morning,13.0,8.340272357736202,-4.659727642263798,4.659727642263798,11.0
8,2026-02-18 05:00:00+03:00,high,afternoon,28.0,23.34118286533157,-4.658817134668428,4.658817134668428,24.0
478,2026-03-21 03:00:00+03:00,low,morning,0.0,4.644352846113194,4.644352846113194,4.644352846113194,0.0
478,2026-03-14 03:00:00+03:00,low,morning,0.0,4.644352846113194,4.644352846113194,4.644352846113194,0.0
480,2026-03-14 03:00:00+03:00,low,morning,0.0,4.644352846113194,4.644352846113194,4.644352846113194,0.0
482,2026-03-20 02:00:00+03:00,low,early_morning,0.0,4.63493841713833,4.63493841713833,4.63493841713833,0.0
482,2026-03-27 02:00:00+03:00,low,early_morning,0.0,4.63493841713833,4.63493841713833,4.63493841713833,0.0
483,2026-03-20 02:00:00+03:00,low,early_morning,0.0,4.63493841713833,4.63493841713833,4.63493841713833,0.0
11,2026-02-04 00:00:00+03:00,medium,deep_night,14.0,18.617775353364756,4.617775353364756,4.617775353364756,11.0
10,2026-01-26 05:00:00+03:00,medium,afternoon,15.0,10.383425013358575,-4.6165749866414245,4.6165749866414245,11.0
481,2026-04-12 04:00:00+03:00,low,lunch,0.0,4.6164334537901635,4.6164334537901635,4.6164334537901635,0.0
478,2026-03-09 07:00:00+03:00,low,late_evening,0.0,4.6157853560267315,4.6157853560267315,4.6157853560267315,0.0
434,2026-03-05 06:00:00+03:00,medium,dinner,12.0,7.3861614344686615,-4.6138385655313385,4.6138385655313385,11.0
480,2026-03-12 05:00:00+03:00,low,afternoon,0.0,4.6071334148385,4.6071334148385,4.6071334148385,0.0
480,2026-03-26 05:00:00+03:00,low,afternoon,0.0,4.6071334148385,4.6071334148385,4.6071334148385,0.0
115,2026-02-06 06:00:00+03:00,medium,dinner,12.0,7.405028400563966,-4.594971599436034,4.594971599436034,11.0
478,2026-04-06 04:00:00+03:00,low,lunch,0.0,4.593499774206775,4.593499774206775,4.593499774206775,0.0
115,2026-03-11 02:00:00+03:00,medium,early_morning,17.0,12.406654193623917,-4.5933458063760835,4.5933458063760835,11.0
17,2026-04-11 06:00:00+03:00,medium,dinner,11.0,6.4082013673867495,-4.5917986326132505,4.5917986326132505,11.0
11,2026-02-13 02:00:00+03:00,medium,early_morning,12.0,16.584728427764524,4.584728427764524,4.584728427764524,11.0
7,2026-03-04 05:00:00+03:00,high,afternoon,25.0,20.417002294977102,-4.582997705022898,4.582997705022898,24.0
37,2026-01-27 05:00:00+03:00,medium,afternoon,11.0,6.421364223282492,-4.578635776717508,4.578635776717508,11.0
478,2026-03-06 06:00:00+03:00,low,dinner,0.0,4.573350112679722,4.573350112679722,4.573350112679722,0.0
142,2026-02-27 05:00:00+03:00,medium,afternoon,14.0,9.429810545503326,-4.570189454496674,4.570189454496674,11.0
7,2026-03-03 02:00:00+03:00,high,early_morning,29.0,24.43014736264734,-4.5698526373526605,4.5698526373526605,24.0
478,2026-03-22 05:00:00+03:00,low,afternoon,0.0,4.56219492948738,4.56219492948738,4.56219492948738,0.0
115,2026-02-13 06:00:00+03:00,medium,dinner,12.0,7.44507130508963,-4.55492869491037,4.55492869491037,11.0
11,2026-04-12 00:00:00+03:00,medium,deep_night,18.0,22.5518119316339,4.5518119316339,4.5518119316339,11.0
478,2026-04-12 03:00:00+03:00,low,morning,0.0,4.548302440769693,4.548302440769693,4.548302440769693,0.0
434,2026-04-09 04:00:00+03:00,medium,lunch,14.0,9.455571449962928,-4.544428550037072,4.544428550037072,11.0
11,2026-03-17 02:00:00+03:00,medium,early_morning,12.0,16.540700979324193,4.540700979324193,4.540700979324193,11.0
30,2026-04-10 05:00:00+03:00,high,afternoon,24.0,19.472914641989362,-4.527085358010638,4.527085358010638,24.0
123,2026-03-06 05:00:00+03:00,medium,afternoon,16.0,20.52500737572007,4.525007375720069,4.525007375720069,11.0
126,2026-01-27 05:00:00+03:00,high,afternoon,24.0,19.476056331653332,-4.523943668346668,4.523943668346668,24.0
123,2026-03-17 05:00:00+03:00,medium,afternoon,18.0,22.51583203172241,4.515832031722411,4.515832031722411,11.0
115,2026-04-13 05:00:00+03:00,medium,afternoon,19.0,14.495634014564938,-4.5043659854350615,4.5043659854350615,11.0
12,2026-01-28 06:00:00+03:00,medium,dinner,11.0,6.498977856490553,-4.501022143509447,4.501022143509447,11.0
126,2026-03-12 05:00:00+03:00,high,afternoon,26.0,21.49951910094542,-4.50048089905458,4.50048089905458,24.0
18,2026-03-28 05:00:00+03:00,medium,afternoon,16.0,11.507437104489288,-4.492562895510712,4.492562895510712,11.0
1,2026-02-13 05:00:00+03:00,medium,afternoon,13.0,8.509611571613853,-4.490388428386147,4.490388428386147,11.0
8,2026-03-25 04:00:00+03:00,high,lunch,24.0,19.50964500493564,-4.4903549950643615,4.4903549950643615,24.0
478,2026-03-07 06:00:00+03:00,low,dinner,0.0,4.4863771500778595,4.4863771500778595,4.4863771500778595,0.0
115,2026-01-26 05:00:00+03:00,medium,afternoon,18.0,13.515390749084974,-4.484609250915026,4.484609250915026,11.0
12,2026-03-07 04:00:00+03:00,medium,lunch,18.0,13.526524673875812,-4.473475326124188,4.473475326124188,11.0
12,2026-02-14 04:00:00+03:00,medium,lunch,19.0,14.526731869088605,-4.473268130911395,4.473268130911395,11.0
115,2026-04-01 05:00:00+03:00,medium,afternoon,11.0,15.472304109500696,4.472304109500696,4.472304109500696,11.0
11,2026-02-15 00:00:00+03:00,medium,deep_night,20.0,24.471571046688112,4.471571046688112,4.471571046688112,11.0
478,2026-02-21 03:00:00+03:00,low,morning,0.0,4.469613646191801,4.469613646191801,4.469613646191801,0.0
12,2026-03-19 02:00:00+03:00,medium,early_morning,13.0,8.533110535218347,-4.466889464781653,4.466889464781653,11.0
12,2026-04-02 05:00:00+03:00,medium,afternoon,12.0,16.459569068964292,4.459569068964292,4.459569068964292,11.0
14,2026-01-29 05:00:00+03:00,medium,afternoon,15.0,10.554991487647698,-4.445008512352302,4.445008512352302,11.0
480,2026-03-21 04:00:00+03:00,low,lunch,1.0,5.441358407572826,4.441358407572826,4.441358407572826,0.0
10,2026-02-12 05:00:00+03:00,medium,afternoon,17.0,12.568295349838266,-4.431704650161734,4.431704650161734,11.0
101,2026-03-08 04:00:00+03:00,medium,lunch,16.0,11.571465678574217,-4.428534321425783,4.428534321425783,11.0
29,2026-04-06 05:00:00+03:00,high,afternoon,30.0,25.582574550742958,-4.417425449257042,4.417425449257042,24.0
123,2026-03-14 05:00:00+03:00,medium,afternoon,11.0,15.412423050414485,4.4124230504144855,4.4124230504144855,11.0
115,2026-02-15 05:00:00+03:00,medium,afternoon,17.0,12.588943282249266,-4.411056717750734,4.411056717750734,11.0
481,2026-04-11 06:00:00+03:00,low,dinner,0.0,4.408035817314239,4.408035817314239,4.408035817314239,0.0
123,2026-01-26 05:00:00+03:00,medium,afternoon,22.0,17.60225752166378,-4.39774247833622,4.39774247833622,11.0
11,2026-02-27 00:00:00+03:00,medium,deep_night,15.0,19.38978883287892,4.389788832878921,4.389788832878921,11.0
115,2026-02-20 06:00:00+03:00,medium,dinner,11.0,6.610647991418624,-4.389352008581376,4.389352008581376,11.0
478,2026-03-18 04:00:00+03:00,low,lunch,0.0,4.388287725364776,4.388287725364776,4.388287725364776,0.0
481,2026-03-22 04:00:00+03:00,low,lunch,0.0,4.3836964560708385,4.3836964560708385,4.3836964560708385,0.0
123,2026-02-22 05:00:00+03:00,medium,afternoon,18.0,13.61692047334024,-4.38307952665976,4.38307952665976,11.0
1,2026-04-09 05:00:00+03:00,medium,afternoon,14.0,9.61985048257598,-4.3801495174240195,4.3801495174240195,11.0
478,2026-02-15 04:00:00+03:00,low,lunch,0.0,4.370081401506383,4.370081401506383,4.370081401506383,0.0
10,2026-02-02 05:00:00+03:00,medium,afternoon,16.0,11.63160149422096,-4.368398505779041,4.368398505779041,11.0
7,2026-03-27 05:00:00+03:00,high,afternoon,25.0,20.634276061139992,-4.3657239388600075,4.3657239388600075,24.0
478,2026-04-10 06:00:00+03:00,low,dinner,0.0,4.362630976251145,4.362630976251145,4.362630976251145,0.0
67,2026-03-06 02:00:00+03:00,low,early_morning,0.0,4.345408293038377,4.345408293038377,4.345408293038377,0.0
7,2026-02-03 05:00:00+03:00,high,afternoon,25.0,20.65766794068974,-4.342332059310259,4.342332059310259,24.0
123,2026-03-27 04:00:00+03:00,medium,lunch,12.0,16.339036810070795,4.339036810070795,4.339036810070795,11.0
69,2026-04-04 05:00:00+03:00,mega,afternoon,44.0,39.66574469118285,-4.3342553088171485,4.3342553088171485,36.0
25,2026-03-10 05:00:00+03:00,medium,afternoon,18.0,13.670851423341801,-4.3291485766581985,4.3291485766581985,11.0
123,2026-03-23 04:00:00+03:00,medium,lunch,20.0,15.675158624392346,-4.3248413756076545,4.3248413756076545,11.0
11,2026-01-26 00:00:00+03:00,medium,deep_night,11.0,15.323705315620463,4.3237053156204635,4.3237053156204635,11.0
483,2026-03-25 02:00:00+03:00,low,early_morning,0.0,4.315746788382186,4.315746788382186,4.315746788382186,0.0
482,2026-03-25 02:00:00+03:00,low,early_morning,0.0,4.315746788382186,4.315746788382186,4.315746788382186,0.0
482,2026-03-18 02:00:00+03:00,low,early_morning,0.0,4.315746788382186,4.315746788382186,4.315746788382186,0.0
123,2026-03-19 04:00:00+03:00,medium,lunch,12.0,16.3145850582978,4.314585058297801,4.314585058297801,11.0
8,2026-02-12 05:00:00+03:00,high,afternoon,33.0,28.686271776193735,-4.313728223806265,4.313728223806265,24.0
115,2026-03-31 07:00:00+03:00,medium,late_evening,13.0,8.689770506242876,-4.310229493757124,4.310229493757124,11.0
12,2026-02-27 05:00:00+03:00,medium,afternoon,13.0,17.309751488701,4.309751488701,4.309751488701,11.0
481,2026-04-06 05:00:00+03:00,low,afternoon,0.0,4.308340889659901,4.308340889659901,4.308340889659901,0.0
126,2026-03-05 05:00:00+03:00,high,afternoon,26.0,21.691698887819012,-4.308301112180988,4.308301112180988,24.0
1,2026-03-05 04:00:00+03:00,medium,lunch,11.0,6.692658402898785,-4.307341597101215,4.307341597101215,11.0
101,2026-03-08 02:00:00+03:00,medium,early_morning,12.0,7.699553762037986,-4.300446237962014,4.300446237962014,11.0
481,2026-03-29 05:00:00+03:00,low,afternoon,0.0,4.2993831255582755,4.2993831255582755,4.2993831255582755,0.0
123,2026-03-03 05:00:00+03:00,medium,afternoon,18.0,22.29859800245992,4.298598002459919,4.298598002459919,11.0
290,2026-02-14 07:00:00+03:00,low,late_evening,5.0,0.7039330673399569,-4.296066932660043,4.296066932660043,0.0
478,2026-02-01 07:00:00+03:00,low,late_evening,1.0,5.293338035680336,4.293338035680336,4.293338035680336,0.0
123,2026-02-07 05:00:00+03:00,medium,afternoon,12.0,16.28500332100689,4.28500332100689,4.28500332100689,11.0
115,2026-02-06 07:00:00+03:00,medium,late_evening,13.0,8.717419275657653,-4.282580724342347,4.282580724342347,11.0
12,2026-03-16 05:00:00+03:00,medium,afternoon,12.0,16.279248810001683,4.279248810001683,4.279248810001683,11.0
482,2026-04-03 02:00:00+03:00,low,early_morning,0.0,4.276151978838914,4.276151978838914,4.276151978838914,0.0
483,2026-04-03 02:00:00+03:00,low,early_morning,0.0,4.276151978838914,4.276151978838914,4.276151978838914,0.0
483,2026-04-10 02:00:00+03:00,low,early_morning,0.0,4.276151978838914,4.276151978838914,4.276151978838914,0.0
480,2026-03-09 04:00:00+03:00,low,lunch,0.0,4.270888606474289,4.270888606474289,4.270888606474289,0.0
434,2026-02-27 07:00:00+03:00,medium,late_evening,13.0,8.72982873887738,-4.27017126112262,4.27017126112262,11.0
482,2026-03-20 00:00:00+03:00,low,deep_night,0.0,4.264135881705281,4.264135881705281,4.264135881705281,0.0
483,2026-03-20 00:00:00+03:00,low,deep_night,0.0,4.264135881705281,4.264135881705281,4.264135881705281,0.0
482,2026-03-27 00:00:00+03:00,low,deep_night,0.0,4.264135881705281,4.264135881705281,4.264135881705281,0.0
483,2026-03-27 00:00:00+03:00,low,deep_night,0.0,4.264135881705281,4.264135881705281,4.264135881705281,0.0
480,2026-04-11 05:00:00+03:00,low,afternoon,0.0,4.260958364509713,4.260958364509713,4.260958364509713,0.0
483,2026-03-25 00:00:00+03:00,low,deep_night,0.0,4.254353606071596,4.254353606071596,4.254353606071596,0.0
482,2026-03-18 00:00:00+03:00,low,deep_night,0.0,4.254353606071596,4.254353606071596,4.254353606071596,0.0
482,2026-03-25 00:00:00+03:00,low,deep_night,0.0,4.254353606071596,4.254353606071596,4.254353606071596,0.0
69,2026-02-14 02:00:00+03:00,mega,early_morning,37.0,32.7530245107567,-4.246975489243297,4.246975489243297,36.0
115,2026-03-31 06:00:00+03:00,medium,dinner,11.0,6.7611290033929805,-4.2388709966070195,4.2388709966070195,11.0
482,2026-03-19 02:00:00+03:00,low,early_morning,0.0,4.226447280247042,4.226447280247042,4.226447280247042,0.0
483,2026-03-31 02:00:00+03:00,low,early_morning,0.0,4.226447280247042,4.226447280247042,4.226447280247042,0.0
483,2026-03-19 02:00:00+03:00,low,early_morning,0.0,4.226447280247042,4.226447280247042,4.226447280247042,0.0
482,2026-03-17 02:00:00+03:00,low,early_morning,0.0,4.226447280247042,4.226447280247042,4.226447280247042,0.0
482,2026-03-31 02:00:00+03:00,low,early_morning,0.0,4.226447280247042,4.226447280247042,4.226447280247042,0.0
482,2026-03-24 02:00:00+03:00,low,early_morning,0.0,4.226447280247042,4.226447280247042,4.226447280247042,0.0
482,2026-03-26 02:00:00+03:00,low,early_morning,0.0,4.226447280247042,4.226447280247042,4.226447280247042,0.0
483,2026-03-24 02:00:00+03:00,low,early_morning,0.0,4.226447280247042,4.226447280247042,4.226447280247042,0.0
483,2026-03-26 02:00:00+03:00,low,early_morning,0.0,4.226447280247042,4.226447280247042,4.226447280247042,0.0
478,2026-04-05 04:00:00+03:00,low,lunch,0.0,4.2230344503836905,4.2230344503836905,4.2230344503836905,0.0
480,2026-03-31 04:00:00+03:00,low,lunch,0.0,4.221867111728705,4.221867111728705,4.221867111728705,0.0
480,2026-03-17 04:00:00+03:00,low,lunch,0.0,4.221867111728705,4.221867111728705,4.221867111728705,0.0
478,2026-04-07 07:00:00+03:00,low,late_evening,0.0,4.217554286916364,4.217554286916364,4.217554286916364,0.0
348,2026-03-23 05:00:00+03:00,medium,afternoon,11.0,6.784948708049809,-4.215051291950191,4.215051291950191,11.0
12,2026-04-01 05:00:00+03:00,medium,afternoon,12.0,16.213799081392697,4.213799081392697,4.213799081392697,11.0
434,2026-03-08 02:00:00+03:00,medium,early_morning,11.0,6.8005721559858605,-4.1994278440141395,4.1994278440141395,11.0
481,2026-03-23 05:00:00+03:00,low,afternoon,0.0,4.19831242723665,4.19831242723665,4.19831242723665,0.0
480,2026-03-22 03:00:00+03:00,low,morning,0.0,4.197833507061558,4.197833507061558,4.197833507061558,0.0
11,2026-03-08 00:00:00+03:00,medium,deep_night,30.0,25.805937299244714,-4.1940627007552855,4.1940627007552855,11.0
123,2026-04-11 04:00:00+03:00,medium,lunch,17.0,12.80679159005446,-4.193208409945539,4.193208409945539,11.0
434,2026-03-20 06:00:00+03:00,medium,dinner,11.0,6.811908086537146,-4.188091913462854,4.188091913462854,11.0
480,2026-03-14 04:00:00+03:00,low,lunch,0.0,4.186540635302871,4.186540635302871,4.186540635302871,0.0
35,2026-03-02 05:00:00+03:00,high,afternoon,25.0,20.817019661198476,-4.182980338801524,4.182980338801524,24.0
123,2026-03-10 05:00:00+03:00,medium,afternoon,18.0,22.1827866970853,4.182786697085302,4.182786697085302,11.0
12,2026-02-27 02:00:00+03:00,medium,early_morning,12.0,7.820920972192766,-4.179079027807234,4.179079027807234,11.0
69,2026-03-22 04:00:00+03:00,mega,lunch,36.0,31.823333703278628,-4.176666296721372,4.176666296721372,36.0
115,2026-02-07 06:00:00+03:00,medium,dinner,11.0,6.826088358738581,-4.173911641261419,4.173911641261419,11.0
434,2026-02-02 06:00:00+03:00,medium,dinner,11.0,6.8298086116371,-4.1701913883629,4.1701913883629,11.0
482,2026-03-24 00:00:00+03:00,low,deep_night,0.0,4.168903902628962,4.168903902628962,4.168903902628962,0.0
482,2026-03-31 00:00:00+03:00,low,deep_night,0.0,4.168903902628962,4.168903902628962,4.168903902628962,0.0
483,2026-03-24 00:00:00+03:00,low,deep_night,0.0,4.168903902628962,4.168903902628962,4.168903902628962,0.0
483,2026-03-31 00:00:00+03:00,low,deep_night,0.0,4.168903902628962,4.168903902628962,4.168903902628962,0.0
482,2026-03-17 00:00:00+03:00,low,deep_night,0.0,4.168903902628962,4.168903902628962,4.168903902628962,0.0
18,2026-04-04 07:00:00+03:00,medium,late_evening,11.0,6.831177737941086,-4.168822262058914,4.168822262058914,11.0
26,2026-02-08 04:00:00+03:00,medium,lunch,12.0,7.832881529997061,-4.167118470002939,4.167118470002939,11.0
480,2026-04-04 03:00:00+03:00,low,morning,0.0,4.161908429153432,4.161908429153432,4.161908429153432,0.0
5,2026-02-04 02:00:00+03:00,medium,early_morning,18.0,13.84263427184945,-4.15736572815055,4.15736572815055,11.0
123,2026-02-24 05:00:00+03:00,medium,afternoon,16.0,20.154502559804694,4.154502559804694,4.154502559804694,11.0
481,2026-04-05 05:00:00+03:00,low,afternoon,1.0,5.145375544952139,4.145375544952139,4.145375544952139,0.0
123,2026-04-10 05:00:00+03:00,medium,afternoon,24.0,19.85905427054661,-4.140945729453389,4.140945729453389,11.0
478,2026-04-02 06:00:00+03:00,low,dinner,0.0,4.139782523652023,4.139782523652023,4.139782523652023,0.0
8,2026-03-31 05:00:00+03:00,high,afternoon,31.0,26.862149511681206,-4.137850488318794,4.137850488318794,24.0
478,2026-04-08 04:00:00+03:00,low,lunch,0.0,4.134236081434989,4.134236081434989,4.134236081434989,0.0
480,2026-04-12 03:00:00+03:00,low,morning,0.0,4.1317237075372955,4.1317237075372955,4.1317237075372955,0.0
10,2026-02-16 05:00:00+03:00,medium,afternoon,16.0,11.870337992198072,-4.129662007801928,4.129662007801928,11.0
478,2026-02-14 04:00:00+03:00,low,lunch,0.0,4.128969879024062,4.128969879024062,4.128969879024062,0.0
115,2026-03-27 05:00:00+03:00,medium,afternoon,12.0,16.12623401536385,4.126234015363849,4.126234015363849,11.0
14,2026-03-08 05:00:00+03:00,medium,afternoon,11.0,15.121730295672778,4.121730295672778,4.121730295672778,11.0
8,2026-03-08 02:00:00+03:00,high,early_morning,27.0,22.88528484872557,-4.1147151512744315,4.1147151512744315,24.0
443,2026-03-04 03:00:00+03:00,low,morning,6.0,1.886389239765075,-4.113610760234925,4.113610760234925,0.0
483,2026-03-17 07:00:00+03:00,low,late_evening,0.0,4.111640030501926,4.111640030501926,4.111640030501926,0.0
434,2026-02-04 07:00:00+03:00,medium,late_evening,12.0,7.8995621699073215,-4.1004378300926785,4.1004378300926785,11.0
480,2026-03-22 05:00:00+03:00,low,afternoon,0.0,4.099370102408825,4.099370102408825,4.099370102408825,0.0
18,2026-03-09 04:00:00+03:00,medium,lunch,12.0,7.901671194597983,-4.098328805402017,4.098328805402017,11.0
67,2026-03-02 02:00:00+03:00,low,early_morning,0.0,4.098238209449755,4.098238209449755,4.098238209449755,0.0
12,2026-02-03 05:00:00+03:00,medium,afternoon,13.0,17.09280749894465,4.0928074989446515,4.0928074989446515,11.0
25,2026-01-31 05:00:00+03:00,medium,afternoon,11.0,6.907209900459952,-4.092790099540048,4.092790099540048,11.0
25,2026-03-11 04:00:00+03:00,medium,lunch,14.0,9.923704425886886,-4.076295574113114,4.076295574113114,11.0
478,2026-02-20 04:00:00+03:00,low,lunch,6.0,1.9243049576311404,-4.07569504236886,4.07569504236886,0.0
434,2026-03-09 04:00:00+03:00,medium,lunch,14.0,9.92591301119036,-4.07408698880964,4.07408698880964,11.0
25,2026-02-10 04:00:00+03:00,medium,lunch,14.0,9.932819318542373,-4.067180681457627,4.067180681457627,11.0
115,2026-02-18 05:00:00+03:00,medium,afternoon,12.0,16.061681636932917,4.061681636932917,4.061681636932917,11.0
12,2026-02-12 05:00:00+03:00,medium,afternoon,21.0,16.942538633878183,-4.057461366121817,4.057461366121817,11.0
482,2026-03-13 06:00:00+03:00,low,dinner,0.0,4.0547931359471505,4.0547931359471505,4.0547931359471505,0.0
123,2026-03-05 05:00:00+03:00,medium,afternoon,17.0,21.047408199789352,4.047408199789352,4.047408199789352,11.0
115,2026-03-09 07:00:00+03:00,medium,late_evening,12.0,7.9565732513193455,-4.0434267486806545,4.0434267486806545,11.0
115,2026-02-10 04:00:00+03:00,medium,lunch,16.0,11.959841113186235,-4.0401588868137654,4.0401588868137654,11.0
101,2026-02-05 05:00:00+03:00,medium,afternoon,16.0,11.960407945340936,-4.039592054659064,4.039592054659064,11.0
25,2026-03-02 04:00:00+03:00,medium,lunch,14.0,9.96372389144339,-4.03627610855661,4.03627610855661,11.0
123,2026-03-14 03:00:00+03:00,medium,morning,11.0,6.970430010625437,-4.029569989374563,4.029569989374563,11.0
11,2026-04-11 00:00:00+03:00,medium,deep_night,20.0,24.029224472062488,4.029224472062488,4.029224472062488,11.0
67,2026-03-04 02:00:00+03:00,low,early_morning,0.0,4.028804763446662,4.028804763446662,4.028804763446662,0.0
478,2026-03-18 06:00:00+03:00,low,dinner,0.0,4.022845823838991,4.022845823838991,4.022845823838991,0.0
18,2026-01-29 05:00:00+03:00,medium,afternoon,11.0,6.984185439584821,-4.015814560415179,4.015814560415179,11.0
26,2026-03-05 05:00:00+03:00,medium,afternoon,17.0,12.986906671589596,-4.013093328410404,4.013093328410404,11.0
115,2026-03-30 05:00:00+03:00,medium,afternoon,12.0,16.013044766160206,4.013044766160206,4.013044766160206,11.0
12,2026-02-26 05:00:00+03:00,medium,afternoon,14.0,18.007084111823655,4.007084111823655,4.007084111823655,11.0
17,2026-02-27 07:00:00+03:00,medium,late_evening,11.0,7.00515372855898,-3.99484627144102,3.99484627144102,11.0
10,2026-03-21 05:00:00+03:00,medium,afternoon,13.0,9.006143470965569,-3.9938565290344314,3.9938565290344314,11.0
434,2026-03-05 07:00:00+03:00,medium,late_evening,13.0,9.014269487881904,-3.9857305121180957,3.9857305121180957,11.0
434,2026-01-31 07:00:00+03:00,medium,late_evening,11.0,7.015221998715697,-3.984778001284303,3.984778001284303,11.0
12,2026-02-23 06:00:00+03:00,medium,dinner,12.0,8.016598801292147,-3.9834011987078526,3.9834011987078526,11.0
478,2026-04-13 04:00:00+03:00,low,lunch,0.0,3.974157049420244,3.974157049420244,3.974157049420244,0.0
115,2026-04-07 05:00:00+03:00,medium,afternoon,12.0,15.973685393973474,3.973685393973474,3.973685393973474,11.0
480,2026-03-08 06:00:00+03:00,low,dinner,0.0,3.9658414333795595,3.9658414333795595,3.9658414333795595,0.0
482,2026-04-01 02:00:00+03:00,low,early_morning,0.0,3.956960350082772,3.956960350082772,3.956960350082772,0.0
482,2026-04-08 02:00:00+03:00,low,early_morning,0.0,3.956960350082772,3.956960350082772,3.956960350082772,0.0
483,2026-04-01 02:00:00+03:00,low,early_morning,0.0,3.956960350082772,3.956960350082772,3.956960350082772,0.0
483,2026-04-08 02:00:00+03:00,low,early_morning,0.0,3.956960350082772,3.956960350082772,3.956960350082772,0.0
18,2026-03-15 02:00:00+03:00,medium,early_morning,13.0,9.049597164603213,-3.950402835396787,3.950402835396787,11.0
425,2026-04-11 03:00:00+03:00,low,morning,4.0,0.0513150520566108,-3.948684947943389,3.948684947943389,0.0
481,2026-04-04 05:00:00+03:00,low,afternoon,0.0,3.9474838053079893,3.9474838053079893,3.9474838053079893,0.0
482,2026-03-30 00:00:00+03:00,low,deep_night,0.0,3.9474678343075684,3.9474678343075684,3.9474678343075684,0.0
482,2026-03-16 00:00:00+03:00,low,deep_night,0.0,3.9474678343075684,3.9474678343075684,3.9474678343075684,0.0
483,2026-03-23 00:00:00+03:00,low,deep_night,0.0,3.9474678343075684,3.9474678343075684,3.9474678343075684,0.0
482,2026-03-23 00:00:00+03:00,low,deep_night,0.0,3.9474678343075684,3.9474678343075684,3.9474678343075684,0.0
483,2026-03-30 00:00:00+03:00,low,deep_night,0.0,3.9474678343075684,3.9474678343075684,3.9474678343075684,0.0
11,2026-03-15 00:00:00+03:00,medium,deep_night,23.0,26.944977129703304,3.944977129703304,3.944977129703304,11.0
434,2026-02-10 05:00:00+03:00,medium,afternoon,11.0,14.943160711340983,3.9431607113409832,3.9431607113409832,11.0
67,2026-03-05 02:00:00+03:00,low,early_morning,0.0,3.9427324088868025,3.9427324088868025,3.9427324088868025,0.0
67,2026-03-03 02:00:00+03:00,low,early_morning,0.0,3.9427324088868025,3.9427324088868025,3.9427324088868025,0.0
37,2026-02-06 04:00:00+03:00,medium,lunch,11.0,7.0645984544705644,-3.9354015455294356,3.9354015455294356,11.0
126,2026-04-09 05:00:00+03:00,high,afternoon,25.0,21.065648619202115,-3.934351380797885,3.934351380797885,24.0
12,2026-02-18 06:00:00+03:00,medium,dinner,12.0,8.067780043430993,-3.932219956569007,3.932219956569007,11.0
481,2026-03-28 04:00:00+03:00,low,lunch,0.0,3.9316649620015216,3.9316649620015216,3.9316649620015216,0.0
478,2026-04-01 05:00:00+03:00,low,afternoon,0.0,3.921839849876368,3.921839849876368,3.921839849876368,0.0
18,2026-02-08 04:00:00+03:00,medium,lunch,15.0,11.081712719163843,-3.9182872808361573,3.9182872808361573,11.0
480,2026-02-24 05:00:00+03:00,low,afternoon,0.0,3.9168302255540777,3.9168302255540777,3.9168302255540777,0.0
123,2026-04-09 03:00:00+03:00,medium,morning,12.0,8.085540250285616,-3.914459749714384,3.914459749714384,11.0
4,2026-03-11 05:00:00+03:00,high,afternoon,25.0,21.088044804173936,-3.9119551958260637,3.9119551958260637,24.0
482,2026-03-22 02:00:00+03:00,low,early_morning,0.0,3.909481884994201,3.909481884994201,3.909481884994201,0.0
483,2026-03-22 02:00:00+03:00,low,early_morning,0.0,3.909481884994201,3.909481884994201,3.909481884994201,0.0
482,2026-03-29 02:00:00+03:00,low,early_morning,0.0,3.909481884994201,3.909481884994201,3.909481884994201,0.0
483,2026-03-29 02:00:00+03:00,low,early_morning,0.0,3.909481884994201,3.909481884994201,3.909481884994201,0.0
482,2026-03-15 02:00:00+03:00,low,early_morning,0.0,3.909481884994201,3.909481884994201,3.909481884994201,0.0
29,2026-03-03 05:00:00+03:00,high,afternoon,24.0,27.906894423110167,3.9068944231101668,3.9068944231101668,24.0
434,2026-02-17 07:00:00+03:00,medium,late_evening,12.0,8.099379502394406,-3.900620497605594,3.900620497605594,11.0
516,2026-04-12 05:00:00+03:00,low,afternoon,1.0,4.896902068838809,3.896902068838809,3.896902068838809,0.0
30,2026-03-06 05:00:00+03:00,high,afternoon,24.0,20.10325388234728,-3.8967461176527216,3.8967461176527216,24.0
482,2026-03-30 02:00:00+03:00,low,early_morning,0.0,3.892164298003846,3.892164298003846,3.892164298003846,0.0
483,2026-03-23 02:00:00+03:00,low,early_morning,0.0,3.892164298003846,3.892164298003846,3.892164298003846,0.0
482,2026-03-16 02:00:00+03:00,low,early_morning,0.0,3.892164298003846,3.892164298003846,3.892164298003846,0.0
482,2026-03-23 02:00:00+03:00,low,early_morning,0.0,3.892164298003846,3.892164298003846,3.892164298003846,0.0
483,2026-03-30 02:00:00+03:00,low,early_morning,0.0,3.892164298003846,3.892164298003846,3.892164298003846,0.0
25,2026-01-28 04:00:00+03:00,medium,lunch,12.0,8.1156097136582,-3.8843902863418,3.8843902863418,11.0
20,2026-03-28 05:00:00+03:00,medium,afternoon,12.0,8.122608951362128,-3.8773910486378718,3.8773910486378718,11.0
9,2026-01-28 05:00:00+03:00,medium,afternoon,11.0,7.128436524108503,-3.871563475891497,3.871563475891497,11.0
14,2026-01-30 04:00:00+03:00,medium,lunch,13.0,9.129134864253288,-3.870865135746712,3.870865135746712,11.0
482,2026-04-02 02:00:00+03:00,low,early_morning,0.0,3.8676608419476284,3.8676608419476284,3.8676608419476284,0.0
482,2026-04-07 02:00:00+03:00,low,early_morning,0.0,3.8676608419476284,3.8676608419476284,3.8676608419476284,0.0
482,2026-04-09 02:00:00+03:00,low,early_morning,0.0,3.8676608419476284,3.8676608419476284,3.8676608419476284,0.0
483,2026-04-09 02:00:00+03:00,low,early_morning,0.0,3.8676608419476284,3.8676608419476284,3.8676608419476284,0.0
483,2026-04-07 02:00:00+03:00,low,early_morning,0.0,3.8676608419476284,3.8676608419476284,3.8676608419476284,0.0
483,2026-04-02 02:00:00+03:00,low,early_morning,0.0,3.8676608419476284,3.8676608419476284,3.8676608419476284,0.0
123,2026-01-26 06:00:00+03:00,medium,dinner,11.0,7.135140628988571,-3.8648593710114287,3.8648593710114287,11.0
478,2026-04-01 04:00:00+03:00,low,lunch,1.0,4.8640035947905655,3.8640035947905655,3.8640035947905655,0.0
67,2026-02-20 02:00:00+03:00,low,early_morning,1.0,4.858341117733433,3.858341117733433,3.858341117733433,0.0
434,2026-02-14 05:00:00+03:00,medium,afternoon,18.0,14.14938406518276,-3.85061593481724,3.85061593481724,11.0
10,2026-01-29 04:00:00+03:00,medium,lunch,12.0,8.150860248191574,-3.8491397518084263,3.8491397518084263,11.0
9,2026-03-26 05:00:00+03:00,medium,afternoon,14.0,10.152929123640874,-3.847070876359126,3.847070876359126,11.0
478,2026-03-11 05:00:00+03:00,low,afternoon,0.0,3.8424909809619057,3.8424909809619057,3.8424909809619057,0.0
123,2026-03-26 05:00:00+03:00,medium,afternoon,18.0,21.837531772366063,3.837531772366063,3.837531772366063,11.0
434,2026-02-27 04:00:00+03:00,medium,lunch,13.0,9.169134288364463,-3.8308657116355374,3.8308657116355374,11.0
98,2026-04-07 05:00:00+03:00,low,afternoon,4.0,0.17088550869659702,-3.829114491303403,3.829114491303403,0.0
478,2026-03-10 05:00:00+03:00,low,afternoon,0.0,3.8290897303143665,3.8290897303143665,3.8290897303143665,0.0
478,2026-04-02 05:00:00+03:00,low,afternoon,5.0,1.173098162604973,-3.826901837395027,3.826901837395027,0.0
115,2026-02-14 04:00:00+03:00,medium,lunch,16.0,12.174533532478334,-3.8254664675216663,3.8254664675216663,11.0
5,2026-02-02 02:00:00+03:00,medium,early_morning,16.0,12.17995553147227,-3.8200444685277297,3.8200444685277297,11.0
480,2026-03-13 05:00:00+03:00,low,afternoon,0.0,3.8095052147103767,3.8095052147103767,3.8095052147103767,0.0
481,2026-04-08 05:00:00+03:00,low,afternoon,0.0,3.8054282426911223,3.8054282426911223,3.8054282426911223,0.0
7,2026-03-23 02:00:00+03:00,high,early_morning,24.0,20.200124083680073,-3.7998759163199267,3.7998759163199267,24.0
478,2026-04-08 05:00:00+03:00,low,afternoon,0.0,3.7975053759831665,3.7975053759831665,3.7975053759831665,0.0
115,2026-02-28 05:00:00+03:00,medium,afternoon,17.0,13.208202121331377,-3.791797878668623,3.791797878668623,11.0
434,2026-04-02 05:00:00+03:00,medium,afternoon,17.0,13.213614823112234,-3.786385176887766,3.786385176887766,11.0
434,2026-02-27 06:00:00+03:00,medium,dinner,11.0,7.21861078324876,-3.78138921675124,3.78138921675124,11.0
115,2026-02-16 06:00:00+03:00,medium,dinner,11.0,7.22375405528987,-3.77624594471013,3.77624594471013,11.0
478,2026-03-02 04:00:00+03:00,low,lunch,1.0,4.775840047336469,3.7758400473364686,3.7758400473364686,0.0
434,2026-02-18 04:00:00+03:00,medium,lunch,13.0,9.229373501049881,-3.7706264989501186,3.7706264989501186,11.0
482,2026-03-27 05:00:00+03:00,low,afternoon,0.0,3.7697129897611648,3.7697129897611648,3.7697129897611648,0.0
340,2026-04-05 07:00:00+03:00,low,late_evening,4.0,0.23036107296576702,-3.769638927034233,3.769638927034233,0.0
12,2026-03-04 05:00:00+03:00,medium,afternoon,14.0,17.768962355388066,3.768962355388066,3.768962355388066,11.0
12,2026-02-25 07:00:00+03:00,medium,late_evening,13.0,9.239972961985913,-3.760027038014087,3.760027038014087,11.0
123,2026-03-03 03:00:00+03:00,medium,morning,12.0,8.240101507108802,-3.759898492891198,3.759898492891198,11.0
115,2026-03-20 07:00:00+03:00,medium,late_evening,13.0,9.242881085317816,-3.7571189146821844,3.7571189146821844,11.0
480,2026-04-05 05:00:00+03:00,low,afternoon,0.0,3.754559858064071,3.754559858064071,3.754559858064071,0.0
123,2026-03-25 06:00:00+03:00,medium,dinner,12.0,8.246312534472857,-3.7536874655271433,3.7536874655271433,11.0
480,2026-03-15 04:00:00+03:00,low,lunch,0.0,3.753259589701493,3.753259589701493,3.753259589701493,0.0
480,2026-04-03 05:00:00+03:00,low,afternoon,0.0,3.75003604952569,3.75003604952569,3.75003604952569,0.0
10,2026-02-04 05:00:00+03:00,medium,afternoon,16.0,12.259985721086126,-3.7400142789138737,3.7400142789138737,11.0
35,2026-03-14 05:00:00+03:00,high,afternoon,26.0,22.260976936920972,-3.7390230630790278,3.7390230630790278,24.0
478,2026-02-10 04:00:00+03:00,low,lunch,0.0,3.733761812711236,3.733761812711236,3.733761812711236,0.0
12,2026-04-03 05:00:00+03:00,medium,afternoon,13.0,16.720446286527626,3.7204462865276255,3.7204462865276255,11.0
10,2026-01-29 05:00:00+03:00,medium,afternoon,14.0,10.280819244988663,-3.7191807550113367,3.7191807550113367,11.0
10,2026-03-13 05:00:00+03:00,medium,afternoon,16.0,12.285807305579102,-3.7141926944208983,3.7141926944208983,11.0
478,2026-02-08 04:00:00+03:00,low,lunch,0.0,3.7125527894805344,3.7125527894805344,3.7125527894805344,0.0
10,2026-03-23 05:00:00+03:00,medium,afternoon,16.0,12.293686167526198,-3.7063138324738016,3.7063138324738016,11.0
478,2026-02-25 04:00:00+03:00,low,lunch,0.0,3.700825816706416,3.700825816706416,3.700825816706416,0.0
483,2026-03-26 04:00:00+03:00,low,lunch,0.0,3.6943766121810433,3.6943766121810433,3.6943766121810433,0.0
478,2026-03-05 06:00:00+03:00,low,dinner,0.0,3.6897786487774575,3.6897786487774575,3.6897786487774575,0.0
123,2026-01-30 04:00:00+03:00,medium,lunch,18.0,14.314949898796456,-3.6850501012035437,3.6850501012035437,11.0
123,2026-04-01 04:00:00+03:00,medium,lunch,12.0,15.68061998341403,3.6806199834140294,3.6806199834140294,11.0
10,2026-01-28 04:00:00+03:00,medium,lunch,12.0,8.319890380968351,-3.680109619031649,3.680109619031649,11.0
12,2026-04-05 05:00:00+03:00,medium,afternoon,12.0,15.677464441362185,3.6774644413621846,3.6774644413621846,11.0
480,2026-03-04 05:00:00+03:00,low,afternoon,1.0,4.675007557089858,3.6750075570898577,3.6750075570898577,0.0
7,2026-03-24 05:00:00+03:00,high,afternoon,25.0,21.32893302881995,-3.67106697118005,3.67106697118005,24.0
115,2026-02-12 07:00:00+03:00,medium,late_evening,12.0,8.335077193226404,-3.664922806773596,3.664922806773596,11.0
480,2026-03-18 05:00:00+03:00,low,afternoon,0.0,3.6607828436324255,3.6607828436324255,3.6607828436324255,0.0
482,2026-03-26 00:00:00+03:00,low,deep_night,0.0,3.6494588804513444,3.6494588804513444,3.6494588804513444,0.0
483,2026-03-26 00:00:00+03:00,low,deep_night,0.0,3.6494588804513444,3.6494588804513444,3.6494588804513444,0.0
482,2026-03-19 00:00:00+03:00,low,deep_night,0.0,3.6494588804513444,3.6494588804513444,3.6494588804513444,0.0
483,2026-03-19 00:00:00+03:00,low,deep_night,0.0,3.6494588804513444,3.6494588804513444,3.6494588804513444,0.0
480,2026-03-16 04:00:00+03:00,low,lunch,0.0,3.647744365638897,3.647744365638897,3.647744365638897,0.0
8,2026-03-07 02:00:00+03:00,high,early_morning,31.0,27.353785766576113,-3.646214233423887,3.646214233423887,24.0
12,2026-02-15 04:00:00+03:00,medium,lunch,16.0,12.361103341234655,-3.6388966587653453,3.6388966587653453,11.0
123,2026-03-29 05:00:00+03:00,medium,afternoon,11.0,14.629165093860687,3.6291650938606868,3.6291650938606868,11.0
123,2026-02-27 04:00:00+03:00,medium,lunch,19.0,15.377767908466888,-3.622232091533112,3.622232091533112,11.0
14,2026-02-24 04:00:00+03:00,medium,lunch,13.0,9.384454269412657,-3.6155457305873426,3.6155457305873426,11.0
478,2026-02-02 07:00:00+03:00,low,late_evening,0.0,3.598389742993039,3.598389742993039,3.598389742993039,0.0
123,2026-02-24 04:00:00+03:00,medium,lunch,19.0,15.40461806505115,-3.5953819349488505,3.5953819349488505,11.0
4,2026-03-18 05:00:00+03:00,high,afternoon,25.0,21.409233620768394,-3.5907663792316065,3.5907663792316065,24.0
14,2026-03-01 04:00:00+03:00,medium,lunch,14.0,10.41297647250634,-3.5870235274936597,3.5870235274936597,11.0
480,2026-03-03 07:00:00+03:00,low,late_evening,0.0,3.58538164759297,3.58538164759297,3.58538164759297,0.0
35,2026-03-20 05:00:00+03:00,high,afternoon,25.0,21.419667247930445,-3.5803327520695554,3.5803327520695554,24.0
123,2026-01-28 05:00:00+03:00,medium,afternoon,21.0,17.421106082988377,-3.578893917011623,3.578893917011623,11.0
11,2026-02-27 02:00:00+03:00,medium,early_morning,13.0,16.576840895426663,3.5768408954266633,3.5768408954266633,11.0
480,2026-03-24 05:00:00+03:00,low,afternoon,0.0,3.5714833354972813,3.5714833354972813,3.5714833354972813,0.0
478,2026-03-26 05:00:00+03:00,low,afternoon,0.0,3.5714833354972813,3.5714833354972813,3.5714833354972813,0.0
480,2026-03-20 07:00:00+03:00,low,late_evening,0.0,3.56577668812353,3.56577668812353,3.56577668812353,0.0
41,2026-04-11 02:00:00+03:00,low,early_morning,4.0,0.43524506604551805,-3.564754933954482,3.564754933954482,0.0
480,2026-02-13 05:00:00+03:00,low,afternoon,0.0,3.56249085006399,3.56249085006399,3.56249085006399,0.0
37,2026-02-16 05:00:00+03:00,medium,afternoon,11.0,7.447869510665271,-3.552130489334729,3.552130489334729,11.0
12,2026-03-09 04:00:00+03:00,medium,lunch,16.0,12.450210390297485,-3.549789609702515,3.549789609702515,11.0
478,2026-03-22 07:00:00+03:00,low,late_evening,0.0,3.535641646464982,3.535641646464982,3.535641646464982,0.0
478,2026-03-02 05:00:00+03:00,low,afternoon,0.0,3.520501247965818,3.520501247965818,3.520501247965818,0.0
481,2026-04-12 05:00:00+03:00,low,afternoon,0.0,3.514202759706611,3.514202759706611,3.514202759706611,0.0
480,2026-04-07 05:00:00+03:00,low,afternoon,0.0,3.512014170312595,3.512014170312595,3.512014170312595,0.0
7,2026-04-09 02:00:00+03:00,high,early_morning,24.0,27.510283465079205,3.5102834650792047,3.5102834650792047,24.0
123,2026-03-31 03:00:00+03:00,medium,morning,12.0,8.49345065300166,-3.506549346998341,3.506549346998341,11.0
12,2026-03-21 04:00:00+03:00,medium,lunch,11.0,14.504750489897354,3.5047504898973543,3.5047504898973543,11.0
480,2026-03-05 04:00:00+03:00,low,lunch,0.0,3.5025466182270475,3.5025466182270475,3.5025466182270475,0.0
478,2026-03-31 04:00:00+03:00,low,lunch,0.0,3.5025466182270475,3.5025466182270475,3.5025466182270475,0.0
481,2026-03-29 04:00:00+03:00,low,lunch,0.0,3.498383916400143,3.498383916400143,3.498383916400143,0.0
478,2026-02-03 04:00:00+03:00,low,lunch,0.0,3.497614037552194,3.497614037552194,3.497614037552194,0.0
478,2026-02-26 04:00:00+03:00,low,lunch,0.0,3.497614037552194,3.497614037552194,3.497614037552194,0.0
8,2026-03-01 05:00:00+03:00,high,afternoon,30.0,26.503054160236598,-3.496945839763402,3.496945839763402,24.0
123,2026-02-16 02:00:00+03:00,medium,early_morning,13.0,9.503294636762547,-3.496705363237453,3.496705363237453,11.0
482,2026-04-06 02:00:00+03:00,low,early_morning,0.0,3.4925670848731234,3.4925670848731234,3.4925670848731234,0.0
483,2026-04-06 02:00:00+03:00,low,early_morning,0.0,3.4925670848731234,3.4925670848731234,3.4925670848731234,0.0
26,2026-03-02 05:00:00+03:00,medium,afternoon,16.0,12.507474904899443,-3.4925250951005573,3.4925250951005573,11.0
480,2026-02-14 03:00:00+03:00,low,morning,0.0,3.4923945298580494,3.4923945298580494,3.4923945298580494,0.0
115,2026-03-02 06:00:00+03:00,medium,dinner,11.0,7.510270671154828,-3.489729328845172,3.489729328845172,11.0
11,2026-03-07 00:00:00+03:00,medium,deep_night,24.0,27.488198552563738,3.4881985525637376,3.4881985525637376,11.0
481,2026-03-22 07:00:00+03:00,low,late_evening,0.0,3.482551321193303,3.482551321193303,3.482551321193303,0.0
69,2026-03-01 05:00:00+03:00,mega,afternoon,36.0,39.47597339537968,3.4759733953796825,3.4759733953796825,36.0
443,2026-04-07 05:00:00+03:00,low,afternoon,1.0,4.474780082390936,3.474780082390936,3.474780082390936,0.0
479,2026-04-01 02:00:00+03:00,medium,early_morning,11.0,7.52892743971298,-3.47107256028702,3.47107256028702,11.0
35,2026-04-10 05:00:00+03:00,high,afternoon,25.0,21.535765148630126,-3.4642348513698735,3.4642348513698735,24.0
483,2026-03-18 05:00:00+03:00,low,afternoon,0.0,3.4593363421231804,3.4593363421231804,3.4593363421231804,0.0
25,2026-01-27 05:00:00+03:00,medium,afternoon,15.0,11.543011947126612,-3.4569880528733883,3.4569880528733883,11.0
25,2026-04-04 04:00:00+03:00,medium,lunch,12.0,8.561369595252941,-3.438630404747059,3.438630404747059,11.0
478,2026-04-12 07:00:00+03:00,low,late_evening,1.0,4.436473519960331,3.436473519960331,3.436473519960331,0.0
480,2026-03-29 07:00:00+03:00,low,late_evening,0.0,3.4343413097426128,3.4343413097426128,3.4343413097426128,0.0
434,2026-02-22 06:00:00+03:00,medium,dinner,11.0,7.5676655447155055,-3.4323344552844945,3.4323344552844945,11.0
480,2026-02-28 07:00:00+03:00,low,late_evening,0.0,3.413574875616883,3.413574875616883,3.413574875616883,0.0
29,2026-02-25 05:00:00+03:00,high,afternoon,29.0,25.58974431290493,-3.41025568709507,3.41025568709507,24.0
478,2026-03-17 06:00:00+03:00,low,dinner,0.0,3.4096476489705245,3.4096476489705245,3.4096476489705245,0.0
67,2026-02-27 02:00:00+03:00,low,early_morning,0.0,3.3992782175336638,3.3992782175336638,3.3992782175336638,0.0
434,2026-03-08 06:00:00+03:00,medium,dinner,11.0,7.606711778180751,-3.3932882218192493,3.3932882218192493,11.0
123,2026-02-19 05:00:00+03:00,medium,afternoon,16.0,19.39242759120645,3.3924275912064488,3.3924275912064488,11.0
478,2026-03-16 07:00:00+03:00,low,late_evening,0.0,3.3906898614952494,3.3906898614952494,3.3906898614952494,0.0
480,2026-03-30 07:00:00+03:00,low,late_evening,0.0,3.3906898614952494,3.3906898614952494,3.3906898614952494,0.0
483,2026-04-08 00:00:00+03:00,low,deep_night,0.0,3.3903201596824997,3.3903201596824997,3.3903201596824997,0.0
12,2026-02-11 02:00:00+03:00,medium,early_morning,11.0,7.611309595086576,-3.388690404913424,3.388690404913424,11.0
480,2026-03-04 04:00:00+03:00,low,lunch,1.0,4.388287725364776,3.3882877253647763,3.3882877253647763,0.0
480,2026-03-18 04:00:00+03:00,low,lunch,1.0,4.388287725364776,3.3882877253647763,3.3882877253647763,0.0
7,2026-02-10 02:00:00+03:00,high,early_morning,26.0,22.613357654233912,-3.386642345766088,3.386642345766088,24.0
478,2026-02-09 06:00:00+03:00,low,dinner,0.0,3.384090774548019,3.384090774548019,3.384090774548019,0.0
101,2026-02-17 05:00:00+03:00,medium,afternoon,16.0,12.618848063008992,-3.3811519369910084,3.3811519369910084,11.0
443,2026-03-03 04:00:00+03:00,low,lunch,13.0,9.625728281206857,-3.3742717187931426,3.3742717187931426,0.0
9,2026-02-13 07:00:00+03:00,medium,late_evening,12.0,8.628806915397721,-3.371193084602279,3.371193084602279,11.0
7,2026-04-06 02:00:00+03:00,high,early_morning,27.0,23.629213824781985,-3.370786175218015,3.370786175218015,24.0
25,2026-02-24 05:00:00+03:00,medium,afternoon,16.0,12.631786703912779,-3.3682132960872213,3.3682132960872213,11.0
37,2026-02-05 05:00:00+03:00,medium,afternoon,11.0,7.648574623706326,-3.3514253762936743,3.3514253762936743,11.0
480,2026-03-28 03:00:00+03:00,low,morning,0.0,3.3489581228109526,3.3489581228109526,3.3489581228109526,0.0
478,2026-03-28 03:00:00+03:00,low,morning,0.0,3.3489581228109526,3.3489581228109526,3.3489581228109526,0.0
8,2026-02-05 05:00:00+03:00,high,afternoon,24.0,27.339333858893937,3.339333858893937,3.339333858893937,24.0
123,2026-04-04 05:00:00+03:00,medium,afternoon,11.0,14.332358033057284,3.332358033057284,3.332358033057284,11.0
478,2026-02-28 06:00:00+03:00,low,dinner,0.0,3.332195771031133,3.332195771031133,3.332195771031133,0.0
480,2026-03-27 06:00:00+03:00,low,dinner,0.0,3.331765876271474,3.331765876271474,3.331765876271474,0.0
7,2026-04-10 02:00:00+03:00,high,early_morning,28.0,24.668668969628932,-3.331331030371068,3.331331030371068,24.0
434,2026-03-04 05:00:00+03:00,medium,afternoon,18.0,14.669033613371065,-3.330966386628935,3.330966386628935,11.0
11,2026-02-17 02:00:00+03:00,medium,early_morning,14.0,17.33087147734129,3.33087147734129,3.33087147734129,11.0
12,2026-03-30 05:00:00+03:00,medium,afternoon,14.0,17.32830059999403,3.32830059999403,3.32830059999403,11.0
123,2026-02-09 04:00:00+03:00,medium,lunch,19.0,15.676168426490092,-3.323831573509908,3.323831573509908,11.0
18,2026-03-30 05:00:00+03:00,medium,afternoon,13.0,9.686262124839194,-3.3137378751608058,3.3137378751608058,11.0
14,2026-03-08 04:00:00+03:00,medium,lunch,16.0,12.69196390994276,-3.3080360900572394,3.3080360900572394,11.0
480,2026-04-04 04:00:00+03:00,low,lunch,0.0,3.3001331291189993,3.3001331291189993,3.3001331291189993,0.0
115,2026-03-05 05:00:00+03:00,medium,afternoon,19.0,15.703292800428525,-3.2967071995714754,3.2967071995714754,11.0
11,2026-03-19 02:00:00+03:00,medium,early_morning,14.0,17.293282305265798,3.293282305265798,3.293282305265798,11.0
434,2026-02-07 07:00:00+03:00,medium,late_evening,12.0,8.706845009613776,-3.293154990386224,3.293154990386224,11.0
115,2026-02-19 05:00:00+03:00,medium,afternoon,12.0,15.288903861081634,3.288903861081634,3.288903861081634,11.0
12,2026-02-14 06:00:00+03:00,medium,dinner,11.0,7.714435567648571,-3.2855644323514293,3.2855644323514293,11.0
480,2026-03-11 07:00:00+03:00,low,late_evening,0.0,3.2846276257046894,3.2846276257046894,3.2846276257046894,0.0
115,2026-03-11 05:00:00+03:00,medium,afternoon,13.0,16.282123654754297,3.2821236547542973,3.2821236547542973,11.0
67,2026-02-20 03:00:00+03:00,low,morning,0.0,3.267561808645038,3.267561808645038,3.267561808645038,0.0
67,2026-03-07 03:00:00+03:00,low,morning,0.0,3.2621585365158996,3.2621585365158996,3.2621585365158996,0.0
12,2026-03-07 07:00:00+03:00,medium,late_evening,13.0,9.738056076715775,-3.2619439232842247,3.2619439232842247,11.0
14,2026-04-10 04:00:00+03:00,medium,lunch,13.0,9.73854383546957,-3.261456164530429,3.261456164530429,11.0
7,2026-02-18 05:00:00+03:00,high,afternoon,24.0,20.738932166443107,-3.2610678335568934,3.2610678335568934,24.0
480,2026-02-21 04:00:00+03:00,low,lunch,0.0,3.259299140922164,3.259299140922164,3.259299140922164,0.0
480,2026-02-28 04:00:00+03:00,low,lunch,0.0,3.259299140922164,3.259299140922164,3.259299140922164,0.0
480,2026-04-10 06:00:00+03:00,low,dinner,0.0,3.257549525183325,3.257549525183325,3.257549525183325,0.0
478,2026-02-18 04:00:00+03:00,low,lunch,0.0,3.2566661555513368,3.2566661555513368,3.2566661555513368,0.0
115,2026-01-27 04:00:00+03:00,medium,lunch,14.0,10.746398980100363,-3.2536010198996372,3.2536010198996372,11.0
478,2026-03-20 03:00:00+03:00,low,morning,0.0,3.2498658082251213,3.2498658082251213,3.2498658082251213,0.0
516,2026-04-12 03:00:00+03:00,low,morning,7.0,3.7508814920075277,-3.2491185079924723,3.2491185079924723,0.0
123,2026-03-18 04:00:00+03:00,medium,lunch,13.0,16.248804828633457,3.2488048286334568,3.2488048286334568,11.0
480,2026-04-02 04:00:00+03:00,low,lunch,0.0,3.2484949742972566,3.2484949742972566,3.2484949742972566,0.0
7,2026-03-13 02:00:00+03:00,high,early_morning,24.0,27.24832003130635,3.248320031306349,3.248320031306349,24.0
483,2026-04-10 00:00:00+03:00,low,deep_night,0.0,3.2447348945859127,3.2447348945859127,3.2447348945859127,0.0
483,2026-04-03 00:00:00+03:00,low,deep_night,0.0,3.2447348945859127,3.2447348945859127,3.2447348945859127,0.0
482,2026-04-03 00:00:00+03:00,low,deep_night,0.0,3.2447348945859127,3.2447348945859127,3.2447348945859127,0.0
67,2026-02-22 02:00:00+03:00,low,early_morning,0.0,3.2377902615404555,3.2377902615404555,3.2377902615404555,0.0
142,2026-02-24 05:00:00+03:00,medium,afternoon,12.0,8.764689787788775,-3.2353102122112247,3.2353102122112247,11.0
482,2026-04-08 00:00:00+03:00,low,deep_night,0.0,3.234952618952229,3.234952618952229,3.234952618952229,0.0
483,2026-04-01 00:00:00+03:00,low,deep_night,0.0,3.234952618952229,3.234952618952229,3.234952618952229,0.0
482,2026-04-01 00:00:00+03:00,low,deep_night,0.0,3.234952618952229,3.234952618952229,3.234952618952229,0.0
480,2026-04-05 04:00:00+03:00,low,lunch,1.0,4.2230344503836905,3.2230344503836905,3.2230344503836905,0.0
7,2026-01-29 02:00:00+03:00,high,early_morning,26.0,22.778049392004913,-3.221950607995087,3.221950607995087,24.0
480,2026-03-03 04:00:00+03:00,low,lunch,1.0,4.221867111728705,3.221867111728705,3.221867111728705,0.0
12,2026-02-10 02:00:00+03:00,medium,early_morning,11.0,7.787111789223464,-3.212888210776536,3.212888210776536,11.0
480,2026-03-31 05:00:00+03:00,low,afternoon,0.0,3.211931614777859,3.211931614777859,3.211931614777859,0.0
478,2026-03-24 05:00:00+03:00,low,afternoon,0.0,3.211931614777859,3.211931614777859,3.211931614777859,0.0
67,2026-02-25 02:00:00+03:00,low,early_morning,0.0,3.2075227702035427,3.2075227702035427,3.2075227702035427,0.0
7,2026-04-11 02:00:00+03:00,high,early_morning,30.0,26.79364973705678,-3.2063502629432215,3.2063502629432215,24.0
478,2026-02-08 07:00:00+03:00,low,late_evening,0.0,3.2018576421403804,3.2018576421403804,3.2018576421403804,0.0
434,2026-03-18 05:00:00+03:00,medium,afternoon,11.0,14.19686663891967,3.196866638919669,3.196866638919669,11.0
12,2026-04-06 07:00:00+03:00,medium,late_evening,12.0,8.805103801972406,-3.1948961980275943,3.1948961980275943,11.0
123,2026-02-25 04:00:00+03:00,medium,lunch,19.0,15.806143830209304,-3.1938561697906955,3.1938561697906955,11.0
11,2026-02-24 00:00:00+03:00,medium,deep_night,15.0,18.18977118943812,3.189771189438119,3.189771189438119,11.0
12,2026-03-28 04:00:00+03:00,medium,lunch,17.0,13.81162298443154,-3.1883770155684594,3.1883770155684594,11.0
434,2026-04-02 07:00:00+03:00,medium,late_evening,11.0,7.818267133673043,-3.181732866326957,3.181732866326957,11.0
123,2026-02-23 04:00:00+03:00,medium,lunch,12.0,15.176304372423768,3.1763043724237683,3.1763043724237683,11.0
480,2026-03-15 05:00:00+03:00,low,afternoon,1.0,4.174249669175058,3.174249669175058,3.174249669175058,0.0
481,2026-04-11 05:00:00+03:00,low,afternoon,3.0,6.165556155209602,3.165556155209602,3.165556155209602,0.0
12,2026-04-09 05:00:00+03:00,medium,afternoon,20.0,16.83476621199364,-3.1652337880063612,3.1652337880063612,11.0
12,2026-02-10 05:00:00+03:00,medium,afternoon,14.0,17.163217580219815,3.163217580219815,3.163217580219815,11.0
115,2026-02-20 04:00:00+03:00,medium,lunch,15.0,11.83934999868582,-3.1606500013141794,3.1606500013141794,11.0
478,2026-02-22 04:00:00+03:00,low,lunch,0.0,3.1585652657203234,3.1585652657203234,3.1585652657203234,0.0
12,2026-02-24 07:00:00+03:00,medium,late_evening,12.0,8.84213613896173,-3.1578638610382708,3.1578638610382708,11.0
481,2026-03-27 05:00:00+03:00,low,afternoon,0.0,3.1574166142238496,3.1574166142238496,3.1574166142238496,0.0
483,2026-04-07 00:00:00+03:00,low,deep_night,0.0,3.1495029155095966,3.1495029155095966,3.1495029155095966,0.0
482,2026-04-07 00:00:00+03:00,low,deep_night,0.0,3.1495029155095966,3.1495029155095966,3.1495029155095966,0.0
481,2026-04-04 07:00:00+03:00,low,late_evening,0.0,3.1482580822064326,3.1482580822064326,3.1482580822064326,0.0
123,2026-03-19 05:00:00+03:00,medium,afternoon,24.0,20.852213552536615,-3.1477864474633854,3.1477864474633854,11.0
478,2026-04-13 05:00:00+03:00,low,afternoon,1.0,4.145549843152642,3.145549843152642,3.145549843152642,0.0
7,2026-02-11 02:00:00+03:00,high,early_morning,31.0,27.85629519268742,-3.143704807312581,3.143704807312581,24.0
115,2026-04-04 02:00:00+03:00,medium,early_morning,12.0,15.135055247553076,3.135055247553076,3.135055247553076,11.0
434,2026-02-13 07:00:00+03:00,medium,late_evening,11.0,7.866596673025415,-3.1334033269745847,3.1334033269745847,11.0
478,2026-02-07 07:00:00+03:00,low,late_evening,1.0,4.131679390760765,3.131679390760765,3.131679390760765,0.0
483,2026-04-12 02:00:00+03:00,low,early_morning,0.0,3.1310973415511203,3.1310973415511203,3.1310973415511203,0.0
483,2026-04-05 02:00:00+03:00,low,early_morning,0.0,3.1310973415511203,3.1310973415511203,3.1310973415511203,0.0
482,2026-04-05 02:00:00+03:00,low,early_morning,0.0,3.1310973415511203,3.1310973415511203,3.1310973415511203,0.0
11,2026-02-25 02:00:00+03:00,medium,early_morning,12.0,15.129075821758326,3.1290758217583257,3.1290758217583257,11.0
115,2026-03-23 04:00:00+03:00,medium,lunch,15.0,11.872614480302937,-3.1273855196970626,3.1273855196970626,11.0
115,2026-02-25 05:00:00+03:00,medium,afternoon,13.0,16.126493019647846,3.126493019647846,3.126493019647846,11.0
478,2026-03-20 06:00:00+03:00,low,dinner,1.0,4.124999839105417,3.124999839105417,3.124999839105417,0.0
67,2026-02-26 02:00:00+03:00,low,early_morning,0.0,3.1214504156436824,3.1214504156436824,3.1214504156436824,0.0
67,2026-02-24 02:00:00+03:00,low,early_morning,0.0,3.1214504156436824,3.1214504156436824,3.1214504156436824,0.0
115,2026-04-09 07:00:00+03:00,medium,late_evening,11.0,7.880161011195786,-3.119838988804214,3.119838988804214,11.0
480,2026-03-15 06:00:00+03:00,low,dinner,0.0,3.118953857641914,3.118953857641914,3.118953857641914,0.0
478,2026-02-20 05:00:00+03:00,low,afternoon,0.0,3.116819771520204,3.116819771520204,3.116819771520204,0.0
123,2026-03-12 05:00:00+03:00,medium,afternoon,25.0,21.883565675254978,-3.116434324745022,3.116434324745022,11.0
481,2026-04-10 05:00:00+03:00,low,afternoon,1.0,4.113216791164676,3.1132167911646764,3.1132167911646764,0.0
123,2026-03-09 04:00:00+03:00,medium,lunch,18.0,14.889050007928175,-3.1109499920718253,3.1109499920718253,11.0
480,2026-03-06 07:00:00+03:00,low,late_evening,0.0,3.1096443058574037,3.1096443058574037,3.1096443058574037,0.0
123,2026-02-21 05:00:00+03:00,medium,afternoon,17.0,13.891025958923441,-3.108974041076559,3.108974041076559,11.0
10,2026-04-07 05:00:00+03:00,medium,afternoon,16.0,12.90011290000956,-3.0998870999904398,3.0998870999904398,11.0
8,2026-04-11 02:00:00+03:00,high,early_morning,28.0,24.907612149782484,-3.0923878502175164,3.0923878502175164,24.0
478,2026-02-05 04:00:00+03:00,low,lunch,0.0,3.090245541915264,3.090245541915264,3.090245541915264,0.0
478,2026-03-17 05:00:00+03:00,low,afternoon,2.0,5.087840546097784,3.087840546097784,3.087840546097784,0.0
434,2026-02-14 04:00:00+03:00,medium,lunch,14.0,10.92245486469919,-3.0775451353008094,3.0775451353008094,11.0
480,2026-03-28 06:00:00+03:00,low,dinner,0.0,3.0742686971638706,3.0742686971638706,3.0742686971638706,0.0
67,2026-02-23 02:00:00+03:00,low,early_morning,0.0,3.0702339799946374,3.0702339799946374,3.0702339799946374,0.0
25,2026-02-14 04:00:00+03:00,medium,lunch,12.0,8.933015201699504,-3.0669847983004956,3.0669847983004956,11.0
516,2026-04-09 07:00:00+03:00,low,late_evening,0.0,3.0651133528806787,3.0651133528806787,3.0651133528806787,0.0
14,2026-03-12 05:00:00+03:00,medium,afternoon,11.0,14.063125119474245,3.063125119474245,3.063125119474245,11.0
115,2026-02-12 04:00:00+03:00,medium,lunch,15.0,11.937726974233971,-3.0622730257660287,3.0622730257660287,11.0
480,2026-03-03 06:00:00+03:00,low,dinner,1.0,4.048449267338327,3.048449267338327,3.048449267338327,0.0
67,2026-03-07 04:00:00+03:00,low,lunch,0.0,3.0456565723320868,3.0456565723320868,3.0456565723320868,0.0
25,2026-02-13 04:00:00+03:00,medium,lunch,13.0,9.954449558528,-3.0455504414720007,3.0455504414720007,11.0
