date,time_segment,segment_rank,location_id,orders_count,open_hours,segment_datetime,weekday,month,is_weekend,lag_1d_same_seg,lag_2d_same_seg,lag_7d_same_seg,rolling_mean_7d_same_seg,rolling_std_7d_same_seg,rolling_max_7d_same_seg,lag_1seg,lag_2seg,surge_ratio_same_day,surge_ratio_d1,trend_7d_same_seg,segment_sin,segment_cos,daily_orders,segment_share,segment,location_mean_orders,location_std_orders,location_seg_mean_orders,location_seg_std_orders,location_seg_mean_share,z_lag_1d,z_rolling_max_7d,deviation_from_seg_mean,spike_threshold,is_spike,prediction_base,prediction_correction,prediction,error,abs_error,peak_threshold
2026-04-05,lunch,4,443,44.0,4.0,2026-04-06 04:00:00+03:00,0,4,0,0.0,0.0,0.0,0.0,0.0,0.0,0.0,0.0,0.0,0.0,0.0,1.2246467991473532e-16,-1.0,47.0,0.9361702127659575,medium,0.9166666666666666,3.618872277262598,3.051282051282051,6.704078562018944,0.1776750957892397,0.0,0.0,-3.051282051282051,11.200000000000003,1,1.2280176595415568,0.0,1.2280176595415568,-42.77198234045844,42.77198234045844,8.0
2026-03-08,lunch,4,69,72.0,4.0,2026-03-09 04:00:00+03:00,0,3,0,46.0,73.0,33.0,56.142857142857146,13.861560415150144,73.0,0.0,0.0,0.0,0.8049999999999999,13.0,1.2246467991473532e-16,-1.0,210.0,0.34285714285714286,mega,25.709899175068745,15.187584008448223,49.92032967032967,11.401837554339034,0.32250586815508425,0.9033719989209603,1.4336120852441328,-3.9203296703296715,65.0,1,45.85301643065056,-0.22525588453786166,45.627760546112704,-26.372239453887296,26.372239453887296,35.0
2026-02-18,lunch,4,69,71.0,4.0,2026-02-19 04:00:00+03:00,3,2,0,49.0,60.0,39.0,59.0,12.62273081917433,78.0,0.0,0.0,0.0,0.8166666666666667,10.0,1.2246467991473532e-16,-1.0,191.0,0.3717277486910995,mega,25.709899175068745,15.187584008448223,49.92032967032967,11.401837554339034,0.32250586815508425,0.9622875640679794,1.5318046938224978,-0.9203296703296715,65.0,1,45.84848184197771,-0.0390322142315678,45.80944962774614,-25.19055037225386,25.19055037225386,35.0
2026-04-10,lunch,4,16,26.0,4.0,2026-04-11 04:00:00+03:00,5,4,1,18.0,18.0,17.0,16.0,4.434711565216678,18.0,0.0,0.0,0.0,1.0588235294117647,1.0,1.2246467991473532e-16,-1.0,61.0,0.4262295081967213,medium,0.9839449541284404,1.150939531486101,1.721763085399449,1.284091001690495,0.30067772753723165,6.613360323886639,6.613360323886639,16.27823691460055,3.0,1,3.2165509771963565,0.0,3.2165509771963565,-22.783449022803644,22.783449022803644,8.0
2026-03-08,morning,3,69,40.0,2.0,2026-03-09 03:00:00+03:00,0,3,0,42.0,22.0,19.0,25.142857142857142,7.819389819088012,42.0,0.0,0.0,0.0,1.6065573770491803,23.0,0.7071067811865476,-0.7071067811865475,210.0,0.19047619047619047,mega,25.709899175068745,15.187584008448223,24.203856749311296,7.893439929724803,0.1552006687630663,1.6664116296863045,1.6664116296863045,17.796143250688704,35.80000000000001,1,17.751308252995766,0.0,17.751308252995766,-22.248691747004234,22.248691747004234,35.0
2026-04-08,lunch,4,443,27.0,4.0,2026-04-09 04:00:00+03:00,3,4,0,6.0,2.0,0.0,7.428571428571429,16.277357922967134,44.0,0.0,0.0,0.0,0.711864406779661,6.0,1.2246467991473532e-16,-1.0,33.0,0.8181818181818182,medium,0.9166666666666666,3.618872277262598,3.051282051282051,6.704078562018944,0.1776750957892397,1.4810126582278482,10.860759493670887,2.948717948717949,11.200000000000003,1,4.761662687455646,0.0,4.761662687455646,-22.238337312544353,22.238337312544353,8.0
2026-02-19,lunch,4,69,73.0,4.0,2026-02-20 04:00:00+03:00,4,2,0,71.0,49.0,62.0,63.57142857142857,9.60654538768826,78.0,0.0,0.0,0.0,1.0995575221238938,9.0,1.2246467991473532e-16,-1.0,193.0,0.37823834196891193,mega,25.709899175068745,15.187584008448223,49.92032967032967,11.401837554339034,0.32250586815508425,1.3943350418127867,1.5318046938224978,21.07967032967033,65.0,1,51.78816861001578,0.5954973620612176,52.383665972077,-20.616334027923003,20.616334027923003,35.0
2026-02-21,lunch,4,69,38.0,4.0,2026-02-22 04:00:00+03:00,6,2,1,47.0,73.0,68.0,60.714285714285715,10.40375390126542,73.0,0.0,0.0,0.0,0.7615740740740741,-21.0,1.2246467991473532e-16,-1.0,130.0,0.2923076923076923,mega,25.709899175068745,15.187584008448223,49.92032967032967,11.401837554339034,0.32250586815508425,0.9230105206366334,1.4336120852441328,-2.9203296703296715,65.0,0,58.142214333306036,0.04005518305060716,58.18226951635664,20.18226951635664,20.18226951635664,35.0
2026-02-12,lunch,4,16,23.0,4.0,2026-02-13 04:00:00+03:00,4,2,0,15.0,13.0,3.0,8.857142857142858,4.3369947901195145,15.0,0.0,0.0,0.0,1.5217391304347825,12.0,1.2246467991473532e-16,-1.0,57.0,0.40350877192982454,medium,0.9839449541284404,1.150939531486101,1.721763085399449,1.284091001690495,0.30067772753723165,5.511133603238866,5.511133603238866,13.278236914600551,3.0,1,3.4125676102329994,0.0,3.4125676102329994,-19.587432389767002,19.587432389767002,8.0
2026-03-02,lunch,4,443,20.0,4.0,2026-03-03 04:00:00+03:00,1,3,0,0.0,0.0,0.0,0.0,0.0,0.0,0.0,0.0,0.0,0.0,0.0,1.2246467991473532e-16,-1.0,32.0,0.625,medium,0.9166666666666666,3.618872277262598,3.051282051282051,6.704078562018944,0.1776750957892397,0.0,0.0,-3.051282051282051,11.200000000000003,1,0.5578649887928797,0.0,0.5578649887928797,-19.44213501120712,19.44213501120712,8.0
2026-03-05,lunch,4,69,68.0,4.0,2026-03-06 04:00:00+03:00,4,3,0,55.0,65.0,64.0,53.142857142857146,11.582005747833888,65.0,0.0,0.0,0.0,1.0158311345646438,-9.0,1.2246467991473532e-16,-1.0,196.0,0.3469387755102041,mega,25.709899175068745,15.187584008448223,49.92032967032967,11.401837554339034,0.32250586815508425,1.0801186943620178,1.2765039115187482,5.0796703296703285,65.0,1,48.983282614877034,-0.23092104361307758,48.752361571263954,-19.247638428736046,19.247638428736046,35.0
2026-02-11,lunch,4,8,56.0,4.0,2026-02-12 04:00:00+03:00,3,2,0,40.0,41.0,35.0,36.857142857142854,3.338091841585192,41.0,0.0,0.0,0.0,1.0566037735849056,5.0,1.2246467991473532e-16,-1.0,127.0,0.4409448818897638,mega,14.99803536345776,11.147682695162223,34.80494505494506,8.197821234921355,0.33131290749065806,1.1171641218445483,1.145093224890662,5.195054945054942,44.0,1,38.25960726971592,-0.4722807772110115,37.78732649250491,-18.21267350749509,18.21267350749509,35.0
2026-02-01,afternoon,5,69,46.0,3.0,2026-02-02 05:00:00+03:00,0,2,0,34.0,29.0,24.0,27.0,5.4467115461227165,34.0,0.0,0.0,0.0,1.2142857142857142,10.0,-0.7071067811865475,-0.7071067811865477,155.0,0.2967741935483871,mega,25.709899175068745,15.187584008448223,27.587912087912088,6.784804528364688,0.17970958977163476,1.1893138573899673,1.1893138573899673,6.412087912087912,36.0,1,28.300744489699568,0.0,28.300744489699568,-17.699255510300432,17.699255510300432,35.0
2026-01-30,lunch,4,69,65.0,4.0,2026-01-31 04:00:00+03:00,5,1,1,40.0,31.0,60.0,45.57142857142857,12.55464247276868,64.0,0.0,0.0,0.0,0.8588957055214724,-20.0,1.2246467991473532e-16,-1.0,174.0,0.3735632183908046,mega,25.709899175068745,15.187584008448223,49.92032967032967,11.401837554339034,0.32250586815508425,0.7855408686269221,1.2568653898030753,-9.920329670329672,65.0,1,47.44038923910588,-0.13963325302927787,47.3007559860766,-17.699244013923398,17.699244013923398,35.0
2026-02-23,afternoon,5,8,36.0,3.0,2026-02-24 05:00:00+03:00,1,2,0,15.0,20.0,17.0,17.142857142857142,2.6726124191242384,21.0,0.0,0.0,0.0,0.8267716535433071,-2.0,-0.7071067811865475,-0.7071067811865477,114.0,0.3157894736842105,mega,14.99803536345776,11.147682695162223,18.17032967032967,5.3786230176458,0.1729097871902082,0.7824591573516767,1.0954428202923474,-3.1703296703296715,25.0,1,18.31852846884321,0.0,18.31852846884321,-17.68147153115679,17.68147153115679,35.0
2026-01-31,lunch,4,69,48.0,4.0,2026-02-01 04:00:00+03:00,6,2,1,65.0,40.0,64.0,46.285714285714285,13.610220249433693,65.0,0.0,0.0,0.0,1.3746223564954683,1.0,1.2246467991473532e-16,-1.0,169.0,0.28402366863905326,mega,25.709899175068745,15.187584008448223,49.92032967032967,11.401837554339034,0.32250586815508425,1.2765039115187482,1.2765039115187482,15.079670329670328,65.0,0,63.898923257571965,1.4845401712024686,65.38346342877443,17.383463428774434,17.383463428774434,35.0
2026-02-22,lunch,4,16,20.0,4.0,2026-02-23 04:00:00+03:00,0,2,0,15.0,11.0,8.0,9.857142857142858,2.9680841985233166,15.0,0.0,0.0,0.0,1.381578947368421,7.0,1.2246467991473532e-16,-1.0,46.0,0.43478260869565216,medium,0.9839449541284404,1.150939531486101,1.721763085399449,1.284091001690495,0.30067772753723165,5.511133603238866,5.511133603238866,13.278236914600551,3.0,1,2.7176733323955267,0.0,2.7176733323955267,-17.282326667604472,17.282326667604472,8.0
2026-03-03,lunch,4,69,65.0,4.0,2026-03-04 04:00:00+03:00,2,3,0,53.0,33.0,48.0,48.0,11.518101695447317,64.0,0.0,0.0,0.0,1.0816326530612246,5.0,1.2246467991473532e-16,-1.0,175.0,0.37142857142857144,mega,25.709899175068745,15.187584008448223,49.92032967032967,11.401837554339034,0.32250586815508425,1.0408416509306717,1.2568653898030753,3.0796703296703285,65.0,1,47.712309164147825,0.16822027281309732,47.88052943696092,-17.11947056303908,17.11947056303908,35.0
2026-03-07,lunch,4,69,46.0,4.0,2026-03-08 04:00:00+03:00,6,3,1,73.0,68.0,43.0,55.714285714285715,14.267845968170136,73.0,0.0,0.0,0.0,1.287153652392947,30.0,1.2246467991473532e-16,-1.0,165.0,0.2787878787878788,mega,25.709899175068745,15.187584008448223,49.92032967032967,11.401837554339034,0.32250586815508425,1.4336120852441328,1.4336120852441328,23.07967032967033,65.0,0,62.144619118905595,0.50257858097102,62.647197699876614,16.647197699876614,16.647197699876614,35.0
2026-02-13,lunch,4,69,78.0,4.0,2026-02-14 04:00:00+03:00,5,2,1,62.0,39.0,56.0,45.57142857142857,11.65986196112032,62.0,0.0,0.0,0.0,1.3312883435582823,6.0,1.2246467991473532e-16,-1.0,224.0,0.3482142857142857,mega,25.709899175068745,15.187584008448223,49.92032967032967,11.401837554339034,0.32250586815508425,1.2175883463717292,1.2175883463717292,12.079670329670328,65.0,1,60.19547523124222,1.3424474244343467,61.53792265567657,-16.462077344323433,16.462077344323433,35.0
2026-02-23,lunch,4,2,35.0,4.0,2026-02-24 04:00:00+03:00,1,2,0,11.0,15.0,34.0,23.285714285714285,8.440266301373166,34.0,0.0,0.0,0.0,0.45294117647058824,-23.0,1.2246467991473532e-16,-1.0,84.0,0.4166666666666667,high,7.919532324621733,6.1652836583747,19.313186813186814,5.6393678951648205,0.3040886563507092,0.5415201514741682,1.6737895591019745,-8.313186813186814,26.0,1,19.315111739762322,0.0,19.315111739762322,-15.684888260237678,15.684888260237678,22.0
2026-02-22,dinner,6,69,48.0,3.0,2026-02-23 06:00:00+03:00,0,2,0,23.0,23.0,46.0,37.142857142857146,11.126972805283723,53.0,0.0,0.0,0.0,0.6029962546816479,-23.0,-1.0,-1.8369701987210297e-16,163.0,0.294478527607362,mega,25.709899175068745,15.187584008448223,30.986263736263737,7.0934205573178035,0.20237672346557325,0.7190586618569097,1.656961264278966,-7.986263736263737,40.0,1,32.37854903353836,0.0,32.37854903353836,-15.621450966461637,15.621450966461637,35.0
2026-02-20,lunch,4,69,47.0,4.0,2026-02-21 04:00:00+03:00,5,2,1,73.0,71.0,78.0,65.14285714285714,10.18869588365087,78.0,0.0,0.0,0.0,1.103671706263499,-5.0,1.2246467991473532e-16,-1.0,143.0,0.32867132867132864,mega,25.709899175068745,15.187584008448223,49.92032967032967,11.401837554339034,0.32250586815508425,1.4336120852441328,1.5318046938224978,23.07967032967033,65.0,0,62.61703335172989,-0.26835768719781306,62.348675664532074,15.348675664532074,15.348675664532074,35.0
2026-03-07,morning,3,14,22.0,2.0,2026-03-08 03:00:00+03:00,6,3,1,6.0,5.0,4.0,5.571428571428571,2.0701966780270737,10.0,0.0,0.0,0.0,0.9130434782608696,2.0,0.7071067811865476,-0.7071067811865475,70.0,0.3142857142857143,high,8.976897689768977,6.080682518563457,7.008264462809917,3.3095271843587963,0.15382636556093163,0.7492260061919505,1.2487100103199176,-1.008264462809917,11.0,1,6.909871829409179,0.0,6.909871829409179,-15.09012817059082,15.09012817059082,22.0
2026-04-08,lunch,4,16,18.0,4.0,2026-04-09 04:00:00+03:00,3,4,0,6.0,18.0,13.0,14.142857142857142,4.670066788550645,18.0,0.0,0.0,0.0,0.39622641509433965,-7.0,1.2246467991473532e-16,-1.0,50.0,0.36,medium,0.9839449541284404,1.150939531486101,1.721763085399449,1.284091001690495,0.30067772753723165,2.2044534412955468,6.613360323886639,4.278236914600551,3.0,1,3.039877945854974,0.0,3.039877945854974,-14.960122054145026,14.960122054145026,8.0
2026-04-06,lunch,4,16,18.0,4.0,2026-04-07 04:00:00+03:00,1,4,0,17.0,18.0,8.0,12.714285714285714,4.820590756130952,18.0,0.0,0.0,0.0,1.2395833333333335,9.0,1.2246467991473532e-16,-1.0,53.0,0.33962264150943394,medium,0.9839449541284404,1.150939531486101,1.721763085399449,1.284091001690495,0.30067772753723165,6.245951417004049,6.613360323886639,15.278236914600551,3.0,1,3.1567672240946356,0.0,3.1567672240946356,-14.843232775905363,14.843232775905363,8.0
2026-02-27,lunch,4,16,18.0,4.0,2026-02-28 04:00:00+03:00,5,2,1,10.0,7.0,11.0,11.0,4.966554808583779,20.0,0.0,0.0,0.0,0.8333333333333334,-1.0,1.2246467991473532e-16,-1.0,35.0,0.5142857142857142,medium,0.9839449541284404,1.150939531486101,1.721763085399449,1.284091001690495,0.30067772753723165,3.674089068825911,7.348178137651822,8.278236914600551,3.0,1,3.1712090771432586,0.0,3.1712090771432586,-14.828790922856742,14.828790922856742,8.0
2026-03-05,dinner,6,99,36.0,3.0,2026-03-06 06:00:00+03:00,4,3,0,18.0,21.0,18.0,19.142857142857142,3.933978962347216,26.0,0.0,0.0,0.0,0.8936170212765958,0.0,-1.0,-1.8369701987210297e-16,132.0,0.2727272727272727,mega,17.65933202357564,12.423628976413019,22.516483516483518,5.788489837386233,0.18234464687440177,0.7654205607476635,1.105607476635514,-4.516483516483518,30.0,1,21.43765517168114,0.0,21.43765517168114,-14.56234482831886,14.56234482831886,35.0
2026-02-18,afternoon,5,69,46.0,3.0,2026-02-19 05:00:00+03:00,3,2,0,37.0,33.0,25.0,34.714285714285715,5.250850271282565,41.0,0.0,0.0,0.0,1.036,12.0,-0.7071067811865475,-0.7071067811865477,191.0,0.24083769633507854,mega,25.709899175068745,15.187584008448223,27.587912087912088,6.784804528364688,0.17970958977163476,1.2942533153949645,1.4341725927349607,9.412087912087912,36.0,1,31.513494419619526,0.0,31.513494419619526,-14.486505580380474,14.486505580380474,35.0
2026-02-11,dinner,6,16,17.0,3.0,2026-02-12 06:00:00+03:00,3,2,0,11.0,15.0,2.0,6.428571428571429,5.094347941825424,15.0,0.0,0.0,0.0,1.4807692307692306,9.0,-1.0,-1.8369701987210297e-16,55.0,0.3090909090909091,medium,0.9839449541284404,1.150939531486101,1.5164835164835164,1.35948975489591,0.24700166286704747,4.37117903930131,5.960698689956332,9.483516483516484,4.0,1,2.600659656561527,0.0,2.600659656561527,-14.399340343438473,14.399340343438473,8.0
2026-04-09,lunch,4,16,18.0,4.0,2026-04-10 04:00:00+03:00,4,4,0,18.0,6.0,10.0,14.857142857142858,4.845223470201389,18.0,0.0,0.0,0.0,1.135135135135135,8.0,1.2246467991473532e-16,-1.0,53.0,0.33962264150943394,medium,0.9839449541284404,1.150939531486101,1.721763085399449,1.284091001690495,0.30067772753723165,6.613360323886639,6.613360323886639,16.27823691460055,3.0,1,3.6920107706460703,0.0,3.6920107706460703,-14.307989229353929,14.307989229353929,8.0
2026-04-06,afternoon,5,16,16.0,3.0,2026-04-07 05:00:00+03:00,1,4,0,7.0,10.0,4.0,7.428571428571429,2.2990681342044392,10.0,0.0,0.0,0.0,0.8305084745762712,3.0,-0.7071067811865475,-0.7071067811865477,53.0,0.3018867924528302,medium,0.9839449541284404,1.150939531486101,1.1928374655647382,1.135199470644021,0.20261772968384537,3.192211055276382,4.560301507537688,5.807162534435262,3.0,1,1.7575169243424615,0.0,1.7575169243424615,-14.242483075657539,14.242483075657539,8.0
2026-02-02,lunch,4,10,34.0,4.0,2026-02-03 04:00:00+03:00,1,2,0,22.0,10.0,18.0,17.571428571428573,5.0615262143989295,22.0,0.0,0.0,0.0,1.1846153846153846,4.0,1.2246467991473532e-16,-1.0,67.0,0.5074626865671642,high,6.580926180651078,5.576694893105304,15.826446280991735,5.457537267559647,0.3959618663932895,1.3074656188605107,1.3074656188605107,6.1735537190082646,23.0,1,19.80263936158841,0.0,19.80263936158841,-14.197360638411588,14.197360638411588,22.0
2026-04-10,lunch,4,99,56.0,4.0,2026-04-11 04:00:00+03:00,5,4,1,43.0,37.0,34.0,37.57142857142857,3.505098327538525,43.0,0.0,0.0,0.0,1.114814814814815,9.0,1.2246467991473532e-16,-1.0,161.0,0.34782608695652173,mega,17.65933202357564,12.423628976413019,40.497252747252745,7.979484240247015,0.3282854062396855,1.0362131744455478,1.0362131744455478,2.5027472527472554,50.0,1,42.70262444868977,-0.772630141717184,41.92999430697258,-14.070005693027419,14.070005693027419,35.0
2026-04-03,lunch,4,16,17.0,4.0,2026-04-04 04:00:00+03:00,5,4,1,10.0,13.0,13.0,9.428571428571429,2.9358214555806366,13.0,0.0,0.0,0.0,0.958904109589041,-3.0,1.2246467991473532e-16,-1.0,43.0,0.3953488372093023,medium,0.9839449541284404,1.150939531486101,1.721763085399449,1.284091001690495,0.30067772753723165,3.674089068825911,4.776315789473684,8.278236914600551,3.0,1,2.946024798715375,0.0,2.946024798715375,-14.053975201284626,14.053975201284626,8.0
2026-02-16,lunch,4,69,60.0,4.0,2026-02-17 04:00:00+03:00,1,2,0,57.0,68.0,33.0,53.42857142857143,17.309507434327745,78.0,0.0,0.0,0.0,1.047244094488189,24.0,1.2246467991473532e-16,-1.0,166.0,0.3614457831325301,mega,25.709899175068745,15.187584008448223,49.92032967032967,11.401837554339034,0.32250586815508425,1.1193957377933639,1.5318046938224978,7.0796703296703285,65.0,0,45.685922817921345,0.33952720534790426,46.02545002326925,-13.97454997673075,13.97454997673075,35.0
2026-03-07,lunch,4,21,35.0,4.0,2026-03-08 04:00:00+03:00,6,3,1,25.0,10.0,18.0,14.714285714285714,5.407226205560064,25.0,0.0,0.0,0.0,1.590909090909091,7.0,1.2246467991473532e-16,-1.0,84.0,0.4166666666666667,mega,10.276351970669111,6.879601240859492,19.412087912087912,5.840908928943945,0.31422961130898425,1.224764468371467,1.224764468371467,5.587912087912088,27.0,1,21.422145403051825,-0.27645913135176414,21.14568627170006,-13.854313728299939,13.854313728299939,35.0
2026-04-05,afternoon,5,69,43.0,3.0,2026-04-06 05:00:00+03:00,0,4,0,40.0,20.0,33.0,26.142857142857142,8.395009855633889,40.0,0.0,0.0,0.0,1.4736842105263157,7.0,-0.7071067811865475,-0.7071067811865477,145.0,0.296551724137931,mega,25.709899175068745,15.187584008448223,27.587912087912088,6.784804528364688,0.17970958977163476,1.3991927733999616,1.3991927733999616,12.412087912087912,36.0,1,29.160648990822928,0.0,29.160648990822928,-13.839351009177072,13.839351009177072,35.0
2026-04-04,lunch,4,16,18.0,4.0,2026-04-05 04:00:00+03:00,6,4,1,17.0,10.0,10.0,10.0,3.958114029012637,17.0,0.0,0.0,0.0,1.5454545454545454,7.0,1.2246467991473532e-16,-1.0,56.0,0.32142857142857145,medium,0.9839449541284404,1.150939531486101,1.721763085399449,1.284091001690495,0.30067772753723165,6.245951417004049,6.245951417004049,15.278236914600551,3.0,1,4.286052167349251,0.0,4.286052167349251,-13.71394783265075,13.71394783265075,8.0
2026-02-09,dinner,6,16,15.0,3.0,2026-02-10 06:00:00+03:00,1,2,0,7.0,6.0,1.0,2.857142857142857,2.6726124191242433,7.0,0.0,0.0,0.0,1.8148148148148149,6.0,-1.0,-1.8369701987210297e-16,42.0,0.35714285714285715,medium,0.9839449541284404,1.150939531486101,1.5164835164835164,1.35948975489591,0.24700166286704747,2.7816593886462884,2.7816593886462884,5.483516483516484,4.0,1,1.3004000071018573,0.0,1.3004000071018573,-13.699599992898143,13.699599992898143,8.0
2026-03-07,morning,3,434,23.0,2.0,2026-03-08 03:00:00+03:00,6,3,1,18.0,11.0,11.0,8.714285714285714,5.089672082242813,18.0,0.0,0.0,0.0,1.8529411764705883,7.0,0.7071067811865476,-0.7071067811865475,78.0,0.2948717948717949,high,7.621359223300971,6.761882045397149,5.980392156862745,3.4379656547349704,0.11778847166353328,2.5786516853932584,2.5786516853932584,12.019607843137255,9.0,1,9.304618177985159,0.0,9.304618177985159,-13.695381822014841,13.695381822014841,22.0
2026-03-03,lunch,4,443,20.0,4.0,2026-03-04 04:00:00+03:00,2,3,0,20.0,0.0,0.0,2.857142857142857,7.559289460184544,20.0,0.0,0.0,0.0,5.185185185185185,20.0,1.2246467991473532e-16,-1.0,29.0,0.6896551724137931,medium,0.9166666666666666,3.618872277262598,3.051282051282051,6.704078562018944,0.1776750957892397,4.936708860759494,4.936708860759494,16.94871794871795,11.200000000000003,1,6.314752660358976,0.0,6.314752660358976,-13.685247339641023,13.685247339641023,8.0
2026-04-05,lunch,4,16,17.0,4.0,2026-04-06 04:00:00+03:00,0,4,0,18.0,17.0,6.0,11.142857142857142,4.980915960897531,18.0,0.0,0.0,0.0,1.4823529411764707,12.0,1.2246467991473532e-16,-1.0,45.0,0.37777777777777777,medium,0.9839449541284404,1.150939531486101,1.721763085399449,1.284091001690495,0.30067772753723165,6.613360323886639,6.613360323886639,16.27823691460055,3.0,1,3.336931557386261,0.0,3.336931557386261,-13.663068442613739,13.663068442613739,8.0
2026-04-11,lunch,4,16,17.0,4.0,2026-04-12 04:00:00+03:00,6,4,1,26.0,18.0,18.0,17.285714285714285,5.851332774513437,26.0,0.0,0.0,0.0,1.421875,8.0,1.2246467991473532e-16,-1.0,54.0,0.3148148148148148,medium,0.9839449541284404,1.150939531486101,1.721763085399449,1.284091001690495,0.30067772753723165,9.552631578947368,9.552631578947368,24.27823691460055,3.0,1,3.347382462005093,0.0,3.347382462005093,-13.652617537994907,13.652617537994907,8.0
2026-04-08,lunch,4,123,43.0,4.0,2026-04-09 04:00:00+03:00,3,4,0,28.0,26.0,30.0,24.714285714285715,3.8172540616821506,30.0,0.0,0.0,0.0,1.0888888888888888,-2.0,1.2246467991473532e-16,-1.0,72.0,0.5972222222222222,high,9.529330889092575,10.038386270221814,26.01923076923077,8.949331720839782,0.4426367956090107,1.0362989323843417,1.1103202846975089,1.98076923076923,36.0,1,29.380313258779143,0.0,29.380313258779143,-13.619686741220857,13.619686741220857,22.0
2026-02-12,lunch,4,99,54.0,4.0,2026-02-13 04:00:00+03:00,4,2,0,45.0,37.0,40.0,38.0,5.033222956847066,45.0,0.0,0.0,0.0,1.1538461538461537,5.0,1.2246467991473532e-16,-1.0,131.0,0.4122137404580153,mega,17.65933202357564,12.423628976413019,40.497252747252745,7.979484240247015,0.3282854062396855,1.0844091360476664,1.0844091360476664,4.502747252747255,50.0,1,41.17501290053255,-0.7445631018403208,40.43044979869223,-13.56955020130777,13.56955020130777,35.0
2026-02-18,lunch,4,126,41.0,4.0,2026-02-19 04:00:00+03:00,3,2,0,25.0,29.0,27.0,24.571428571428573,6.241184258807052,31.0,0.0,0.0,0.0,0.9776536312849161,-2.0,1.2246467991473532e-16,-1.0,91.0,0.45054945054945056,high,8.943396226415095,8.296270027256874,23.39669421487603,7.377896665537009,0.36997738876250647,1.024728997289973,1.2706639566395665,1.6033057851239683,33.0,1,27.503614780695774,0.0,27.503614780695774,-13.496385219304226,13.496385219304226,22.0
2026-02-13,dinner,6,54,19.0,3.0,2026-02-14 06:00:00+03:00,5,2,1,8.0,5.0,12.0,9.857142857142858,4.7759317216145085,16.0,0.0,0.0,0.0,0.7368421052631579,-4.0,-1.0,-1.8369701987210297e-16,50.0,0.38,medium,2.1353135313531353,2.313692209602312,3.2115384615384617,2.4250253689062604,0.3076139596782138,1.8995433789954337,3.7990867579908674,4.788461538461538,6.0,1,5.542272170575048,0.0,5.542272170575048,-13.457727829424952,13.457727829424952,8.0
2026-02-19,dinner,6,69,53.0,3.0,2026-02-20 06:00:00+03:00,4,2,0,36.0,39.0,35.0,38.42857142857143,4.035556254807246,46.0,0.0,0.0,0.0,0.9130434782608695,1.0,-1.0,-1.8369701987210297e-16,193.0,0.27461139896373055,mega,25.709899175068745,15.187584008448223,30.986263736263737,7.0934205573178035,0.20237672346557325,1.1254831229064675,1.4381173237138194,5.013736263736263,40.0,1,39.58248532250381,0.0,39.58248532250381,-13.417514677496193,13.417514677496193,35.0
2026-04-04,lunch,4,35,46.0,4.0,2026-04-05 04:00:00+03:00,6,4,1,31.0,32.0,30.0,31.285714285714285,4.715728494951241,38.0,0.0,0.0,0.0,0.9601769911504425,1.0,1.2246467991473532e-16,-1.0,116.0,0.39655172413793105,mega,12.99404216315307,8.966106707239911,27.76098901098901,6.366710522390032,0.3561335102986236,1.0778488871907537,1.3212341197822142,3.239010989010989,37.0,1,32.841011080656656,-0.14074390118385277,32.7002671794728,-13.299732820527197,13.299732820527197,35.0
2026-01-26,lunch,4,128,35.0,4.0,2026-01-27 04:00:00+03:00,1,1,0,28.0,27.0,19.0,22.857142857142858,5.727959829601115,30.0,0.0,0.0,0.0,1.1736526946107784,9.0,1.2246467991473532e-16,-1.0,73.0,0.4794520547945205,mega,11.91429880843263,7.322747993958596,22.86263736263736,5.724417727106647,0.31992864956999584,1.1733824545245224,1.2571954869905595,5.137362637362639,30.0,1,21.680666272231832,0.03683475930132241,21.717501031533153,-13.282498968466847,13.282498968466847,35.0
2026-03-03,dinner,6,69,49.0,3.0,2026-03-04 06:00:00+03:00,2,3,0,34.0,40.0,26.0,34.0,5.887840577551887,42.0,0.0,0.0,0.0,0.9714285714285714,8.0,-1.0,-1.8369701987210297e-16,175.0,0.28,mega,25.709899175068745,15.187584008448223,30.986263736263737,7.0934205573178035,0.20237672346557325,1.062956282744997,1.3130636433908787,3.013736263736263,40.0,1,35.83446815451118,0.0,35.83446815451118,-13.165531845488822,13.165531845488822,35.0
2026-03-05,lunch,4,4,42.0,4.0,2026-03-06 04:00:00+03:00,4,3,0,28.0,32.0,22.0,24.428571428571427,4.50396650583843,32.0,0.0,0.0,0.0,1.101123595505618,6.0,1.2246467991473532e-16,-1.0,93.0,0.45161290322580644,mega,12.723424723424724,8.703156453277504,27.208791208791208,6.88395184651641,0.37716923282176296,0.9925983638488508,1.1343981301129724,0.791208791208792,36.0,1,28.897697181373722,-0.020927181670887626,28.876769999702834,-13.123230000297166,13.123230000297166,35.0
2026-02-26,lunch,4,69,64.0,4.0,2026-02-27 04:00:00+03:00,4,2,0,36.0,48.0,73.0,45.285714285714285,13.161994348809557,73.0,0.0,0.0,0.0,0.7777777777777778,-37.0,1.2246467991473532e-16,-1.0,185.0,0.34594594594594597,mega,25.709899175068745,15.187584008448223,49.92032967032967,11.401837554339034,0.32250586815508425,0.7069867817642298,1.4336120852441328,-13.920329670329672,65.0,0,50.929626420461204,0.10996687524582696,51.03959329570703,-12.960406704292971,12.960406704292971,35.0
2026-04-11,dinner,6,16,15.0,3.0,2026-04-12 06:00:00+03:00,6,4,1,8.0,13.0,11.0,9.714285714285714,2.288688541085309,13.0,0.0,0.0,0.0,0.7466666666666667,-3.0,-1.0,-1.8369701987210297e-16,54.0,0.2777777777777778,medium,0.9839449541284404,1.150939531486101,1.5164835164835164,1.35948975489591,0.24700166286704747,3.1790393013100435,5.165938864628821,6.483516483516484,4.0,1,2.136977500038341,0.0,2.136977500038341,-12.863022499961659,12.863022499961659,8.0
2026-01-30,morning,3,69,35.0,2.0,2026-01-31 03:00:00+03:00,5,1,1,18.0,20.0,42.0,21.285714285714285,10.078265156832725,42.0,0.0,0.0,0.0,0.8076923076923077,-24.0,0.7071067811865476,-0.7071067811865475,174.0,0.20114942528735633,mega,25.709899175068745,15.187584008448223,24.203856749311296,7.893439929724803,0.1552006687630663,0.7141764127227019,1.6664116296863045,-6.203856749311296,35.80000000000001,0,22.180630952189123,0.0,22.180630952189123,-12.819369047810877,12.819369047810877,35.0
2026-02-07,lunch,4,9,25.0,4.0,2026-02-08 04:00:00+03:00,6,2,1,9.0,6.0,12.0,7.285714285714286,3.093772546815395,12.0,0.0,0.0,0.0,1.0862068965517242,-3.0,1.2246467991473532e-16,-1.0,62.0,0.4032258064516129,high,8.026593305823017,5.120585258455439,11.845730027548209,5.455840016029125,0.2451649724663524,0.7006219172206735,0.9341625562942313,-2.8457300275482087,17.0,1,12.302346956445902,0.0,12.302346956445902,-12.697653043554098,12.697653043554098,22.0
2026-02-15,dinner,6,69,46.0,3.0,2026-02-16 06:00:00+03:00,0,2,0,39.0,34.0,23.0,31.285714285714285,7.631388814501275,40.0,0.0,0.0,0.0,1.2079646017699115,16.0,-1.0,-1.8369701987210297e-16,183.0,0.25136612021857924,mega,25.709899175068745,15.187584008448223,30.986263736263737,7.0934205573178035,0.20237672346557325,1.219273383148673,1.2505368032294082,8.013736263736263,40.0,1,33.33347661275508,0.0,33.33347661275508,-12.666523387244922,12.666523387244922,35.0
2026-04-10,afternoon,5,69,42.0,3.0,2026-04-11 05:00:00+03:00,5,4,1,29.0,33.0,20.0,31.714285714285715,7.782764841072114,43.0,0.0,0.0,0.0,0.8864628820960698,9.0,-0.7071067811865475,-0.7071067811865477,198.0,0.21212121212121213,mega,25.709899175068745,15.187584008448223,27.587912087912088,6.784804528364688,0.17970958977163476,1.014414760714972,1.5041322314049588,1.4120879120879124,36.0,1,29.36040694724115,0.0,29.36040694724115,-12.639593052758851,12.639593052758851,35.0
2026-01-25,lunch,4,8,44.0,4.0,2026-01-26 04:00:00+03:00,0,1,0,31.0,53.0,31.0,38.714285714285715,8.769536014223467,53.0,0.0,0.0,0.0,0.7805755395683454,0.0,1.2246467991473532e-16,-1.0,104.0,0.4230769230769231,mega,14.99803536345776,11.147682695162223,34.80494505494506,8.197821234921355,0.33131290749065806,0.865802194429525,1.4802424614440266,-3.8049450549450583,44.0,1,31.47465581812558,-0.02581546054445516,31.448840357581126,-12.551159642418874,12.551159642418874,35.0
2026-02-13,lunch,4,16,17.0,4.0,2026-02-14 04:00:00+03:00,5,2,1,23.0,15.0,7.0,11.714285714285714,6.074928962939558,23.0,0.0,0.0,0.0,1.808988764044944,16.0,1.2246467991473532e-16,-1.0,43.0,0.3953488372093023,medium,0.9839449541284404,1.150939531486101,1.721763085399449,1.284091001690495,0.30067772753723165,8.450404858299596,8.450404858299596,21.27823691460055,3.0,1,4.450712309224862,0.0,4.450712309224862,-12.549287690775138,12.549287690775138,8.0
2026-03-07,lunch,4,12,35.0,4.0,2026-03-08 04:00:00+03:00,6,3,1,28.0,17.0,22.0,20.142857142857142,4.598136268408902,28.0,0.0,0.0,0.0,1.3243243243243243,6.0,1.2246467991473532e-16,-1.0,79.0,0.4430379746835443,mega,10.67869167869168,7.720744590793598,22.975274725274726,5.27658622437569,0.37767392152948936,1.1678698292654979,1.1678698292654979,5.024725274725274,29.69999999999999,1,22.322959305277823,0.1592451858995108,22.482204491177335,-12.517795508822665,12.517795508822665,35.0
2026-04-10,lunch,4,36,14.0,4.0,2026-04-11 04:00:00+03:00,5,4,1,5.0,2.0,3.0,2.7142857142857144,1.889822365046137,5.0,0.0,0.0,0.0,1.346153846153846,2.0,1.2246467991473532e-16,-1.0,39.0,0.358974358974359,medium,0.6623853211009174,1.0286210725260059,1.0991735537190082,1.2835871611163148,0.24363684337679778,2.3818897637795278,2.3818897637795278,3.900826446280992,3.0,1,1.563541905086404,0.0,1.563541905086404,-12.436458094913597,12.436458094913597,8.0
2026-02-27,lunch,4,99,38.0,4.0,2026-02-28 04:00:00+03:00,5,2,1,41.0,41.0,55.0,41.57142857142857,6.2943663397555225,55.0,0.0,0.0,0.0,0.9630872483221476,-14.0,1.2246467991473532e-16,-1.0,118.0,0.3220338983050847,mega,17.65933202357564,12.423628976413019,40.497252747252745,7.979484240247015,0.3282854062396855,0.9880172128434294,1.325388944058259,0.5027472527472554,50.0,0,50.503782986813704,-0.10950544840088117,50.39427753841282,12.394277538412823,12.394277538412823,35.0
2026-01-26,lunch,4,6,35.0,4.0,2026-01-27 04:00:00+03:00,1,1,0,24.0,30.0,30.0,27.0,5.099019513592837,35.0,0.0,0.0,0.0,0.8571428571428571,-6.0,1.2246467991473532e-16,-1.0,92.0,0.3804347826086957,high,10.223521320495186,7.858411454975636,25.560439560439562,7.174655102463964,0.31008066999141487,0.9035995035167562,1.3177492759619363,-1.560439560439562,34.0,1,22.621345444109526,0.0,22.621345444109526,-12.378654555890474,12.378654555890474,22.0
2026-01-25,afternoon,5,126,23.0,3.0,2026-01-26 05:00:00+03:00,0,1,0,11.0,9.0,8.0,12.0,2.7080128015453266,15.0,0.0,0.0,0.0,0.8461538461538461,3.0,-0.7071067811865475,-0.7071067811865477,65.0,0.35384615384615387,high,8.943396226415095,8.296270027256874,12.090659340659341,4.388191091061965,0.19280413992264367,0.8402938090241343,1.1458551941238195,-1.0906593406593412,18.0,1,10.702881512612327,0.0,10.702881512612327,-12.297118487387673,12.297118487387673,22.0
2026-02-06,afternoon,5,54,18.0,3.0,2026-02-07 05:00:00+03:00,5,2,1,9.0,6.0,10.0,8.571428571428571,2.7602622373694023,13.0,0.0,0.0,0.0,0.9402985074626866,-1.0,-0.7071067811865475,-0.7071067811865477,40.0,0.45,medium,2.1353135313531353,2.313692209602312,3.2527472527472527,2.4487851897705966,0.29712413849118896,2.116279069767442,3.056847545219638,5.747252747252747,6.0,1,5.73757762477126,0.0,5.73757762477126,-12.26242237522874,12.26242237522874,8.0
2026-02-21,lunch,4,16,15.0,4.0,2026-02-22 04:00:00+03:00,6,2,1,11.0,12.0,15.0,9.857142857142858,2.9680841985233166,15.0,0.0,0.0,0.0,1.013157894736842,-4.0,1.2246467991473532e-16,-1.0,26.0,0.5769230769230769,medium,0.9839449541284404,1.150939531486101,1.721763085399449,1.284091001690495,0.30067772753723165,4.041497975708502,5.511133603238866,9.278236914600551,3.0,1,2.7816498205375053,0.0,2.7816498205375053,-12.218350179462494,12.218350179462494,8.0
2026-03-20,lunch,4,16,15.0,4.0,2026-03-21 04:00:00+03:00,5,3,1,9.0,12.0,12.0,11.142857142857142,2.3401261667248754,15.0,0.0,0.0,0.0,0.7411764705882353,-3.0,1.2246467991473532e-16,-1.0,37.0,0.40540540540540543,medium,0.9839449541284404,1.150939531486101,1.721763085399449,1.284091001690495,0.30067772753723165,3.3066801619433197,5.511133603238866,7.278236914600551,3.0,1,2.7972985555101424,0.0,2.7972985555101424,-12.202701444489858,12.202701444489858,8.0
2026-03-08,lunch,4,16,15.0,4.0,2026-03-09 04:00:00+03:00,0,3,0,12.0,9.0,4.0,7.571428571428571,2.6367367999823093,12.0,0.0,0.0,0.0,1.4000000000000001,8.0,1.2246467991473532e-16,-1.0,37.0,0.40540540540540543,medium,0.9839449541284404,1.150939531486101,1.721763085399449,1.284091001690495,0.30067772753723165,4.4089068825910935,4.4089068825910935,10.278236914600551,3.0,1,2.811569764779624,0.0,2.811569764779624,-12.188430235220377,12.188430235220377,8.0
2026-02-19,lunch,4,142,25.0,4.0,2026-02-20 04:00:00+03:00,4,2,0,17.0,13.0,11.0,12.142857142857142,4.0999419275794535,18.0,0.0,0.0,0.0,1.2934782608695652,6.0,1.2246467991473532e-16,-1.0,46.0,0.5434782608695652,medium,4.23006416131989,3.624165403205612,9.288461538461538,4.106271337026147,0.360800260700566,1.652336448598131,1.749532710280374,7.711538461538462,14.0,1,12.826001806565912,0.0,12.826001806565912,-12.173998193434088,12.173998193434088,8.0
2026-02-12,lunch,4,69,62.0,4.0,2026-02-13 04:00:00+03:00,4,2,0,39.0,37.0,46.0,43.285714285714285,9.214377998799565,56.0,0.0,0.0,0.0,0.8806451612903226,-7.0,1.2246467991473532e-16,-1.0,175.0,0.35428571428571426,mega,25.709899175068745,15.187584008448223,49.92032967032967,11.401837554339034,0.32250586815508425,0.7659023469112489,1.0997572160776907,-10.920329670329672,65.0,0,50.16473999198119,-0.30000000000000004,49.864739991981196,-12.135260008018804,12.135260008018804,35.0
2026-02-21,afternoon,5,54,22.0,3.0,2026-02-22 05:00:00+03:00,6,2,1,18.0,14.0,6.0,10.0,5.567764362830013,18.0,0.0,0.0,0.0,1.6363636363636365,12.0,-0.7071067811865475,-0.7071067811865477,32.0,0.6875,medium,2.1353135313531353,2.313692209602312,3.2527472527472527,2.4487851897705966,0.29712413849118896,4.232558139534884,4.232558139534884,14.747252747252748,6.0,1,9.908691979790582,0.0,9.908691979790582,-12.091308020209418,12.091308020209418,8.0
2026-02-24,dinner,6,99,37.0,3.0,2026-02-25 06:00:00+03:00,2,2,0,27.0,19.0,29.0,24.857142857142858,4.670066788550693,29.0,0.0,0.0,0.0,1.0441988950276242,-2.0,-1.0,-1.8369701987210297e-16,136.0,0.27205882352941174,mega,17.65933202357564,12.423628976413019,22.516483516483518,5.788489837386233,0.18234464687440177,1.1481308411214952,1.233177570093458,4.483516483516482,30.0,1,24.972814280187908,0.0,24.972814280187908,-12.027185719812092,12.027185719812092,35.0
2026-03-15,lunch,4,69,36.0,4.0,2026-03-16 04:00:00+03:00,0,3,0,51.0,64.0,72.0,54.285714285714285,10.688222267435098,72.0,0.0,0.0,0.0,0.9224806201550387,-21.0,1.2246467991473532e-16,-1.0,133.0,0.2706766917293233,mega,25.709899175068745,15.187584008448223,49.92032967032967,11.401837554339034,0.32250586815508425,1.0015646074993256,1.4139735635284596,1.0796703296703285,65.0,0,47.735366185985974,0.26651524529848025,48.00188143128445,12.001881431284453,12.001881431284453,35.0
2026-02-16,lunch,4,2,34.0,4.0,2026-02-17 04:00:00+03:00,1,2,0,23.0,21.0,21.0,20.142857142857142,2.4784787961281918,23.0,0.0,0.0,0.0,1.087837837837838,2.0,1.2246467991473532e-16,-1.0,80.0,0.425,high,7.919532324621733,6.1652836583747,19.313186813186814,5.6393678951648205,0.3040886563507092,1.1322694076278064,1.1322694076278064,3.686813186813186,26.0,1,22.028532587796434,0.0,22.028532587796434,-11.971467412203566,11.971467412203566,22.0
2026-02-18,lunch,4,47,19.0,4.0,2026-02-19 04:00:00+03:00,3,2,0,10.0,8.0,9.0,8.428571428571429,3.408672412985393,13.0,0.0,0.0,0.0,1.0606060606060606,1.0,1.2246467991473532e-16,-1.0,28.0,0.6785714285714286,medium,2.1574023115024765,2.162834723516841,4.81267217630854,2.4000815524754775,0.44135599903644834,1.7203791469194312,2.2364928909952604,5.18732782369146,8.0,1,7.047622751319485,0.0,7.047622751319485,-11.952377248680515,11.952377248680515,8.0
2026-04-04,lunch,4,69,76.0,4.0,2026-04-05 04:00:00+03:00,6,4,1,70.0,46.0,50.0,45.57142857142857,13.33987934549561,70.0,0.0,0.0,0.0,1.5030674846625767,20.0,1.2246467991473532e-16,-1.0,197.0,0.38578680203045684,mega,25.709899175068745,15.187584008448223,49.92032967032967,11.401837554339034,0.32250586815508425,1.3746965200971135,1.3746965200971135,20.07967032967033,65.0,1,63.43291531272619,0.6467238719164934,64.07963918464269,-11.920360815357313,11.920360815357313,35.0
2026-04-11,lunch,4,69,47.0,4.0,2026-04-12 04:00:00+03:00,6,4,1,53.0,45.0,76.0,50.285714285714285,13.237752650585936,76.0,0.0,0.0,0.0,1.033426183844011,-23.0,1.2246467991473532e-16,-1.0,140.0,0.3357142857142857,mega,25.709899175068745,15.187584008448223,49.92032967032967,11.401837554339034,0.32250586815508425,1.0408416509306717,1.4925276503911518,3.0796703296703285,65.0,0,59.757695189498676,-0.844194391088151,58.913500798410524,11.913500798410524,11.913500798410524,35.0
2026-03-14,lunch,4,16,15.0,4.0,2026-03-15 04:00:00+03:00,6,3,1,12.0,9.0,12.0,10.142857142857142,3.18478525851542,15.0,0.0,0.0,0.0,1.0769230769230769,0.0,1.2246467991473532e-16,-1.0,39.0,0.38461538461538464,medium,0.9839449541284404,1.150939531486101,1.721763085399449,1.284091001690495,0.30067772753723165,4.4089068825910935,5.511133603238866,10.278236914600551,3.0,1,3.112077039403294,0.0,3.112077039403294,-11.887922960596706,11.887922960596706,8.0
2026-02-14,lunch,4,16,15.0,4.0,2026-02-15 04:00:00+03:00,6,2,1,17.0,23.0,5.0,13.142857142857142,5.956189257922422,23.0,0.0,0.0,0.0,1.202020202020202,12.0,1.2246467991473532e-16,-1.0,36.0,0.4166666666666667,medium,0.9839449541284404,1.150939531486101,1.721763085399449,1.284091001690495,0.30067772753723165,6.245951417004049,8.450404858299596,15.278236914600551,3.0,1,3.1465363385490797,0.0,3.1465363385490797,-11.85346366145092,11.85346366145092,8.0
2026-02-14,dinner,6,54,22.0,3.0,2026-02-15 06:00:00+03:00,6,2,1,19.0,8.0,16.0,10.857142857142858,5.899959644736878,19.0,0.0,0.0,0.0,1.6024096385542168,3.0,-1.0,-1.8369701987210297e-16,46.0,0.4782608695652174,medium,2.1353135313531353,2.313692209602312,3.2115384615384617,2.4250253689062604,0.3076139596782138,4.511415525114155,4.511415525114155,15.788461538461538,6.0,1,10.155654388572422,0.0,10.155654388572422,-11.844345611427578,11.844345611427578,8.0
2026-01-24,lunch,4,99,52.0,4.0,2026-01-25 04:00:00+03:00,6,1,1,45.0,36.0,31.0,38.57142857142857,5.442338432975915,45.0,0.0,0.0,0.0,1.1371841155234657,14.0,1.2246467991473532e-16,-1.0,139.0,0.37410071942446044,mega,17.65933202357564,12.423628976413019,40.497252747252745,7.979484240247015,0.3282854062396855,1.0844091360476664,1.0844091360476664,4.502747252747255,50.0,1,40.74549098907653,-0.5898247790308836,40.155666210045645,-11.844333789954355,11.844333789954355,35.0
2026-02-28,afternoon,5,126,22.0,3.0,2026-03-01 05:00:00+03:00,6,3,1,10.0,14.0,6.0,12.0,4.618802153517005,21.0,0.0,0.0,0.0,0.7692307692307693,4.0,-0.7071067811865475,-0.7071067811865477,63.0,0.3492063492063492,high,8.943396226415095,8.296270027256874,12.090659340659341,4.388191091061965,0.19280413992264367,0.763903462749213,1.6041972717733473,-2.0906593406593412,18.0,1,10.203794462957774,0.0,10.203794462957774,-11.796205537042226,11.796205537042226,22.0
2026-04-08,dinner,6,434,23.0,3.0,2026-04-09 06:00:00+03:00,3,4,0,8.0,12.0,12.0,11.285714285714286,1.70433620649269,13.0,0.0,0.0,0.0,0.6511627906976744,-4.0,-1.0,-1.8369701987210297e-16,72.0,0.3194444444444444,high,7.621359223300971,6.761882045397149,9.711538461538462,4.59042711696186,0.19428502784213808,0.7468581687612208,1.2136445242369838,-1.7115384615384617,14.899999999999999,1,11.205158382088207,0.0,11.205158382088207,-11.794841617911793,11.794841617911793,22.0
2026-02-11,lunch,4,16,15.0,4.0,2026-02-12 04:00:00+03:00,3,2,0,13.0,11.0,1.0,6.857142857142857,4.2594432902501635,13.0,0.0,0.0,0.0,1.6545454545454545,12.0,1.2246467991473532e-16,-1.0,55.0,0.2727272727272727,medium,0.9839449541284404,1.150939531486101,1.721763085399449,1.284091001690495,0.30067772753723165,4.776315789473684,4.776315789473684,11.278236914600551,3.0,1,3.229161572593608,0.0,3.229161572593608,-11.770838427406392,11.770838427406392,8.0
2026-01-26,lunch,4,123,36.0,4.0,2026-01-27 04:00:00+03:00,1,1,0,25.0,18.0,24.0,28.0,7.371114795832,40.0,0.0,0.0,0.0,0.8620689655172413,1.0,1.2246467991473532e-16,-1.0,64.0,0.5625,high,9.529330889092575,10.038386270221814,26.01923076923077,8.949331720839782,0.4426367956090107,0.9252669039145908,1.480427046263345,-1.01923076923077,36.0,1,24.24277609716773,0.0,24.24277609716773,-11.75722390283227,11.75722390283227,22.0
2026-02-13,morning,3,69,42.0,2.0,2026-02-14 03:00:00+03:00,5,2,1,10.0,17.0,30.0,20.142857142857142,10.51076545624487,34.0,0.0,0.0,0.0,0.47297297297297297,-20.0,0.7071067811865476,-0.7071067811865475,224.0,0.1875,mega,25.709899175068745,15.187584008448223,24.203856749311296,7.893439929724803,0.1552006687630663,0.39676467373483437,1.3489998906984368,-14.203856749311296,35.80000000000001,1,30.24668280762867,0.0,30.24668280762867,-11.75331719237133,11.75331719237133,35.0
2026-02-08,lunch,4,69,37.0,4.0,2026-02-09 04:00:00+03:00,0,2,0,55.0,56.0,37.0,48.857142857142854,6.81734482597076,56.0,0.0,0.0,0.0,1.1031518624641834,18.0,1.2246467991473532e-16,-1.0,127.0,0.29133858267716534,mega,25.709899175068745,15.187584008448223,49.92032967032967,11.401837554339034,0.32250586815508425,1.0801186943620178,1.0997572160776907,5.0796703296703285,65.0,0,47.95291120613479,0.7021472433385182,48.65505844947331,11.655058449473309,11.655058449473309,35.0
2026-04-04,afternoon,5,69,40.0,3.0,2026-04-05 05:00:00+03:00,6,4,1,20.0,25.0,26.0,24.142857142857142,5.814595756329364,33.0,0.0,0.0,0.0,0.7954545454545455,-6.0,-0.7071067811865475,-0.7071067811865477,197.0,0.20304568527918782,mega,25.709899175068745,15.187584008448223,27.587912087912088,6.784804528364688,0.17970958977163476,0.6995963866999808,1.1543340380549683,-7.587912087912088,36.0,1,28.361545540740046,0.0,28.361545540740046,-11.638454459259954,11.638454459259954,35.0
2026-02-15,afternoon,5,69,41.0,3.0,2026-02-16 05:00:00+03:00,0,2,0,32.0,37.0,23.0,28.285714285714285,7.29644401322281,38.0,0.0,0.0,0.0,1.0926829268292684,9.0,-0.7071067811865475,-0.7071067811865477,183.0,0.22404371584699453,mega,25.709899175068745,15.187584008448223,27.587912087912088,6.784804528364688,0.17970958977163476,1.1193542187199692,1.3292331347299635,4.412087912087912,36.0,1,29.394173050499607,0.0,29.394173050499607,-11.605826949500393,11.605826949500393,35.0
2026-04-07,lunch,4,8,46.0,4.0,2026-04-08 04:00:00+03:00,2,4,0,34.0,24.0,29.0,28.285714285714285,6.524678426668145,37.0,0.0,0.0,0.0,1.1609756097560977,5.0,1.2246467991473532e-16,-1.0,104.0,0.4423076923076923,mega,14.99803536345776,11.147682695162223,34.80494505494506,8.197821234921355,0.33131290749065806,0.9495895035678661,1.0333768127062073,-0.8049450549450583,44.0,1,34.74122169912123,-0.339567444525594,34.40165425459564,-11.598345745404359,11.598345745404359,35.0
2026-02-20,dinner,6,54,19.0,3.0,2026-02-21 06:00:00+03:00,5,2,1,14.0,5.0,19.0,11.571428571428571,7.634508123364214,22.0,0.0,0.0,0.0,1.1136363636363638,-5.0,-1.0,-1.8369701987210297e-16,54.0,0.35185185185185186,medium,2.1353135313531353,2.313692209602312,3.2115384615384617,2.4250253689062604,0.3076139596782138,3.324200913242009,5.223744292237443,10.788461538461538,6.0,1,7.409666960407836,0.0,7.409666960407836,-11.590333039592164,11.590333039592164,8.0
2026-02-28,lunch,4,69,43.0,4.0,2026-03-01 04:00:00+03:00,6,3,1,59.0,64.0,38.0,45.714285714285715,11.58611648647185,64.0,0.0,0.0,0.0,1.2629969418960245,21.0,1.2246467991473532e-16,-1.0,152.0,0.28289473684210525,mega,25.709899175068745,15.187584008448223,49.92032967032967,11.401837554339034,0.32250586815508425,1.15867278122471,1.2568653898030753,9.079670329670328,65.0,0,55.20961262500753,-0.6425734332482782,54.56703919175925,11.56703919175925,11.56703919175925,35.0
2026-02-22,lunch,4,69,37.0,4.0,2026-02-23 04:00:00+03:00,0,2,0,38.0,47.0,57.0,56.42857142857143,12.804389128434865,73.0,0.0,0.0,0.0,0.6616915422885572,-19.0,1.2246467991473532e-16,-1.0,163.0,0.22699386503067484,mega,25.709899175068745,15.187584008448223,49.92032967032967,11.401837554339034,0.32250586815508425,0.7462638251955759,1.4336120852441328,-11.920329670329672,65.0,0,48.527270060315054,-0.12205738084294737,48.40521267947211,11.405212679472108,11.405212679472108,35.0
2026-03-07,morning,3,69,42.0,2.0,2026-03-08 03:00:00+03:00,6,3,1,22.0,22.0,25.0,22.714285714285715,2.627691364061222,27.0,0.0,0.0,0.0,0.927710843373494,-3.0,0.7071067811865476,-0.7071067811865475,165.0,0.2545454545454545,mega,25.709899175068745,15.187584008448223,24.203856749311296,7.893439929724803,0.1552006687630663,0.8728822822166357,1.071264619084053,-2.2038567493112957,35.80000000000001,1,30.629311680877777,0.0,30.629311680877777,-11.370688319122223,11.370688319122223,35.0
2026-03-07,lunch,4,54,15.0,4.0,2026-03-08 04:00:00+03:00,6,3,1,5.0,5.0,5.0,4.428571428571429,2.5727509827123876,9.0,0.0,0.0,0.0,0.9210526315789473,0.0,1.2246467991473532e-16,-1.0,40.0,0.375,medium,2.1353135313531353,2.313692209602312,2.9917355371900825,2.2193120273223412,0.28604169726316175,1.2525879917184266,2.2546583850931676,2.0082644628099175,6.0,1,3.672678894249865,0.0,3.672678894249865,-11.327321105750135,11.327321105750135,8.0
2026-03-07,morning,3,115,22.0,2.0,2026-03-08 03:00:00+03:00,6,3,1,9.0,13.0,9.0,9.0,3.511884584284274,14.0,0.0,0.0,0.0,0.9,0.0,0.7071067811865476,-0.7071067811865475,90.0,0.24444444444444444,high,8.859724950884086,7.0585746120055335,10.774104683195592,4.081854667295583,0.17325508925160527,0.7643893308376228,1.1890500701918578,-1.774104683195592,16.0,1,10.765193260714447,0.0,10.765193260714447,-11.234806739285553,11.234806739285553,22.0
2026-04-10,lunch,4,54,20.0,4.0,2026-04-11 04:00:00+03:00,5,4,1,15.0,4.0,10.0,8.0,3.8297084310253475,15.0,0.0,0.0,0.0,1.6666666666666667,5.0,1.2246467991473532e-16,-1.0,56.0,0.35714285714285715,medium,2.1353135313531353,2.313692209602312,2.9917355371900825,2.2193120273223412,0.28604169726316175,3.75776397515528,3.75776397515528,12.008264462809917,6.0,1,8.77902104062003,0.0,8.77902104062003,-11.22097895937997,11.22097895937997,8.0
2026-02-15,lunch,4,7,37.0,4.0,2026-02-16 04:00:00+03:00,0,2,0,20.0,23.0,33.0,26.571428571428573,7.020378500174631,37.0,0.0,0.0,0.0,0.7253886010362693,-13.0,1.2246467991473532e-16,-1.0,111.0,0.3333333333333333,mega,12.872377020983832,6.9762070291099025,25.81267217630854,6.227115387092842,0.2507803114805857,0.7459159560258913,1.379944518647899,-5.8126721763085385,33.0,1,25.946876426015915,-0.11562559993166995,25.831250826084247,-11.168749173915753,11.168749173915753,35.0
2026-02-15,afternoon,5,54,15.0,3.0,2026-02-16 05:00:00+03:00,0,2,0,6.0,15.0,5.0,5.428571428571429,4.429339411136563,15.0,0.0,0.0,0.0,0.9333333333333333,1.0,-0.7071067811865475,-0.7071067811865477,39.0,0.38461538461538464,medium,2.1353135313531353,2.313692209602312,3.2527472527472527,2.4487851897705966,0.29712413849118896,1.4108527131782946,3.5271317829457365,2.7472527472527473,6.0,1,3.8600136895844566,0.0,3.8600136895844566,-11.139986310415544,11.139986310415544,8.0
2026-03-19,lunch,4,35,39.0,4.0,2026-03-20 04:00:00+03:00,4,3,0,28.0,25.0,20.0,25.142857142857142,4.336994790119539,32.0,0.0,0.0,0.0,1.0710382513661203,8.0,1.2246467991473532e-16,-1.0,99.0,0.3939393939393939,mega,12.99404216315307,8.966106707239911,27.76098901098901,6.366710522390032,0.3561335102986236,0.973540930365842,1.1126182061323908,0.23901098901098905,37.0,1,28.456750405784028,-0.5518844858434192,27.904865919940608,-11.095134080059392,11.095134080059392,35.0
2026-02-13,afternoon,5,54,15.0,3.0,2026-02-14 05:00:00+03:00,5,2,1,2.0,3.0,18.0,7.285714285714286,6.725927091345489,18.0,0.0,0.0,0.0,0.24137931034482762,-16.0,-0.7071067811865475,-0.7071067811865477,50.0,0.3,medium,2.1353135313531353,2.313692209602312,3.2527472527472527,2.4487851897705966,0.29712413849118896,0.4702842377260982,4.232558139534884,-1.2527472527472527,6.0,1,3.9841229895842005,0.0,3.9841229895842005,-11.0158770104158,11.0158770104158,8.0
2026-02-26,lunch,4,35,39.0,4.0,2026-02-27 04:00:00+03:00,4,2,0,28.0,24.0,30.0,26.571428571428573,4.540820148282433,31.0,0.0,0.0,0.0,1.015544041450777,-2.0,1.2246467991473532e-16,-1.0,96.0,0.40625,mega,12.99404216315307,8.966106707239911,27.76098901098901,6.366710522390032,0.3561335102986236,0.973540930365842,1.0778488871907537,0.23901098901098905,37.0,1,28.420823670765962,-0.4167171702185792,28.004106500547383,-10.995893499452617,10.995893499452617,35.0
2026-04-11,lunch,4,18,9.0,4.0,2026-04-12 04:00:00+03:00,6,4,1,18.0,9.0,23.0,11.857142857142858,6.202917900165277,23.0,0.0,0.0,0.0,1.4,-5.0,1.2246467991473532e-16,-1.0,41.0,0.21951219512195122,medium,6.109124254928932,5.453053535091321,11.975206611570249,6.953431693708665,0.27885867315263196,1.3872611464968152,1.7726114649681528,6.024793388429751,20.0,0,19.95391908339352,0.0,19.95391908339352,10.953919083393519,10.953919083393519,8.0
2026-02-18,lunch,4,7,39.0,4.0,2026-02-19 04:00:00+03:00,3,2,0,31.0,31.0,31.0,28.0,6.082762530298209,37.0,0.0,0.0,0.0,1.0689655172413792,0.0,1.2246467991473532e-16,-1.0,106.0,0.36792452830188677,mega,12.872377020983832,6.9762070291099025,25.81267217630854,6.227115387092842,0.2507803114805857,1.1561697318401316,1.379944518647899,5.1873278236914615,33.0,1,28.2205196849256,-0.1505308891370216,28.06998879578858,-10.930011204211421,10.930011204211421,35.0
2026-03-06,lunch,4,99,54.0,4.0,2026-03-07 04:00:00+03:00,5,3,1,28.0,39.0,38.0,36.142857142857146,5.398412465054494,42.0,0.0,0.0,0.0,0.7538461538461538,-10.0,1.2246467991473532e-16,-1.0,128.0,0.421875,mega,17.65933202357564,12.423628976413019,40.497252747252745,7.979484240247015,0.3282854062396855,0.6747434624296591,1.0121151936444885,-12.497252747252745,50.0,1,43.170886469393515,-0.00795428628238195,43.16293218311113,-10.837067816888869,10.837067816888869,35.0
2026-02-28,lunch,4,101,28.0,4.0,2026-03-01 04:00:00+03:00,6,3,1,19.0,23.0,13.0,14.857142857142858,5.304984179322024,23.0,0.0,0.0,0.0,1.1981981981981982,6.0,1.2246467991473532e-16,-1.0,49.0,0.5714285714285714,high,7.729605866177819,5.750763658040518,16.97252747252747,4.423118975685863,0.3662322135926719,1.0571690614490983,1.2797309691225927,2.027472527472529,23.0,1,17.209887890837685,0.0,17.209887890837685,-10.790112109162315,10.790112109162315,22.0
2026-04-03,lunch,4,69,70.0,4.0,2026-04-04 04:00:00+03:00,5,4,1,46.0,49.0,52.0,43.0,8.812869377601487,52.0,0.0,0.0,0.0,1.0454545454545454,-6.0,1.2246467991473532e-16,-1.0,181.0,0.3867403314917127,mega,25.709899175068745,15.187584008448223,49.92032967032967,11.401837554339034,0.32250586815508425,0.9033719989209603,1.0212031292149986,-3.9203296703296715,65.0,1,59.38713607071348,-0.14953615208520035,59.237599918628284,-10.762400081371716,10.762400081371716,35.0
2026-03-07,morning,3,20,16.0,2.0,2026-03-08 03:00:00+03:00,6,3,1,8.0,4.0,1.0,2.5714285714285716,2.6367367999823137,8.0,0.0,0.0,0.0,2.2399999999999998,7.0,0.7071067811865476,-0.7071067811865475,37.0,0.43243243243243246,medium,5.7518037518037515,4.597145761347301,5.928374655647383,3.4256659396332876,0.17468658518591648,1.1546719681908548,1.1546719681908548,2.0716253443526167,11.0,1,5.273449903708991,0.0,5.273449903708991,-10.72655009629101,10.72655009629101,8.0
2026-02-08,dinner,6,54,16.0,3.0,2026-02-09 06:00:00+03:00,0,2,0,16.0,12.0,11.0,10.142857142857142,3.3380918415851077,16.0,0.0,0.0,0.0,1.435897435897436,5.0,-1.0,-1.8369701987210297e-16,25.0,0.64,medium,2.1353135313531353,2.313692209602312,3.2115384615384617,2.4250253689062604,0.3076139596782138,3.7990867579908674,3.7990867579908674,12.788461538461538,6.0,1,5.31487423896443,0.0,5.31487423896443,-10.68512576103557,10.68512576103557,8.0
2026-01-29,lunch,4,123,35.0,4.0,2026-01-30 04:00:00+03:00,4,1,0,28.0,29.0,32.0,27.428571428571427,5.8268671644702055,36.0,0.0,0.0,0.0,0.9849246231155779,-4.0,1.2246467991473532e-16,-1.0,58.0,0.603448275862069,high,9.529330889092575,10.038386270221814,26.01923076923077,8.949331720839782,0.4426367956090107,1.0362989323843417,1.3323843416370107,1.98076923076923,36.0,0,24.346744907615033,0.0,24.346744907615033,-10.653255092384967,10.653255092384967,22.0
2026-01-26,lunch,4,126,29.0,4.0,2026-01-27 04:00:00+03:00,1,1,0,20.0,15.0,33.0,22.714285714285715,6.575568054403754,33.0,0.0,0.0,0.0,0.8433734939759036,-13.0,1.2246467991473532e-16,-1.0,68.0,0.4264705882352941,high,8.943396226415095,8.296270027256874,23.39669421487603,7.377896665537009,0.36997738876250647,0.8197831978319784,1.3526422764227644,-3.3966942148760317,33.0,0,18.35274075431525,0.0,18.35274075431525,-10.64725924568475,10.64725924568475,22.0
2026-03-07,lunch,4,30,43.0,4.0,2026-03-08 04:00:00+03:00,6,3,1,37.0,31.0,32.0,26.857142857142858,6.841748592978552,37.0,0.0,0.0,0.0,1.3282051282051281,5.0,1.2246467991473532e-16,-1.0,124.0,0.3467741935483871,mega,13.703483043079743,8.347813742646773,27.502747252747252,6.67320559196118,0.33448548715889054,1.2981204819277108,1.2981204819277108,9.497252747252748,35.69999999999999,1,32.83755811397144,-0.45760631930560786,32.379951794665836,-10.620048205334164,10.620048205334164,35.0
2026-02-13,dinner,6,478,13.0,3.0,2026-02-14 06:00:00+03:00,5,2,1,6.0,0.0,1.0,1.5714285714285714,2.2253945610567474,6.0,0.0,0.0,0.0,2.3333333333333335,5.0,-1.0,-1.8369701987210297e-16,21.0,0.6190476190476191,medium,4.030946702068614,7.26952048693661,3.6808287930432915,7.26952048693661,0.14037689511362916,1.2818242805456328,1.2818242805456328,2.3191712069567085,13.0,1,2.394220309258188,0.0,2.394220309258188,-10.605779690741812,10.605779690741812,8.0
2026-03-13,lunch,4,99,37.0,4.0,2026-03-14 04:00:00+03:00,5,3,1,44.0,31.0,54.0,38.285714285714285,11.771636613972912,54.0,0.0,0.0,0.0,1.12,-10.0,1.2246467991473532e-16,-1.0,112.0,0.33035714285714285,mega,17.65933202357564,12.423628976413019,40.497252747252745,7.979484240247015,0.3282854062396855,1.0603111552466071,1.3012909632571996,3.5027472527472554,50.0,0,48.12227822776462,-0.5650177511709862,47.55726047659363,10.557260476593633,10.557260476593633,35.0
2026-02-03,lunch,4,115,33.0,4.0,2026-02-04 04:00:00+03:00,2,2,0,21.0,26.0,17.0,18.714285714285715,4.111540089159043,26.0,0.0,0.0,0.0,1.0652173913043477,4.0,1.2246467991473532e-16,-1.0,66.0,0.5,high,8.859724950884086,7.0585746120055335,21.186813186813186,5.342613320180643,0.3419472329595375,0.9465081723625558,1.1718672610203071,-0.18681318681318615,28.0,1,22.501087755394934,0.0,22.501087755394934,-10.498912244605066,10.498912244605066,22.0
2026-02-20,afternoon,5,54,18.0,3.0,2026-02-21 05:00:00+03:00,5,2,1,14.0,8.0,15.0,9.571428571428571,4.928053803045802,15.0,0.0,0.0,0.0,1.3243243243243243,-1.0,-0.7071067811865475,-0.7071067811865477,54.0,0.3333333333333333,medium,2.1353135313531353,2.313692209602312,3.2527472527472527,2.4487851897705966,0.29712413849118896,3.2919896640826876,3.5271317829457365,10.747252747252748,6.0,1,7.627662849927428,0.0,7.627662849927428,-10.372337150072571,10.372337150072571,8.0
2026-02-10,lunch,4,16,13.0,4.0,2026-02-11 04:00:00+03:00,2,2,0,11.0,8.0,2.0,5.285714285714286,3.592319850008056,11.0,0.0,0.0,0.0,1.75,9.0,1.2246467991473532e-16,-1.0,41.0,0.3170731707317073,medium,0.9839449541284404,1.150939531486101,1.721763085399449,1.284091001690495,0.30067772753723165,4.041497975708502,4.041497975708502,9.278236914600551,3.0,1,2.6330224926247494,0.0,2.6330224926247494,-10.36697750737525,10.36697750737525,8.0
2026-03-27,lunch,4,16,13.0,4.0,2026-03-28 04:00:00+03:00,5,3,1,9.0,7.0,15.0,9.714285714285714,3.4016802570830436,15.0,0.0,0.0,0.0,0.8400000000000001,-6.0,1.2246467991473532e-16,-1.0,38.0,0.34210526315789475,medium,0.9839449541284404,1.150939531486101,1.721763085399449,1.284091001690495,0.30067772753723165,3.3066801619433197,5.511133603238866,7.278236914600551,3.0,1,2.6504178457970875,0.0,2.6504178457970875,-10.349582154202913,10.349582154202913,8.0
2026-02-12,lunch,4,35,41.0,4.0,2026-02-13 04:00:00+03:00,4,2,0,28.0,31.0,36.0,32.42857142857143,5.191568255583345,40.0,0.0,0.0,0.0,0.8376068376068375,-8.0,1.2246467991473532e-16,-1.0,110.0,0.37272727272727274,mega,12.99404216315307,8.966106707239911,27.76098901098901,6.366710522390032,0.3561335102986236,0.973540930365842,1.3907727576654887,0.23901098901098905,37.0,1,30.844766432350756,-0.17202714151603096,30.672739290834723,-10.327260709165277,10.327260709165277,35.0
2026-04-09,dinner,6,16,13.0,3.0,2026-04-10 06:00:00+03:00,4,4,0,9.0,7.0,8.0,9.0,1.825741858350546,12.0,0.0,0.0,0.0,0.9,1.0,-1.0,-1.8369701987210297e-16,53.0,0.24528301886792453,medium,0.9839449541284404,1.150939531486101,1.5164835164835164,1.35948975489591,0.24700166286704747,3.576419213973799,4.7685589519650655,7.483516483516484,4.0,1,2.6886703517357655,0.0,2.6886703517357655,-10.311329648264234,10.311329648264234,8.0
2026-04-01,lunch,4,16,13.0,4.0,2026-04-02 04:00:00+03:00,3,4,0,6.0,8.0,7.0,8.428571428571429,2.5071326821120348,13.0,0.0,0.0,0.0,0.6363636363636364,-1.0,1.2246467991473532e-16,-1.0,38.0,0.34210526315789475,medium,0.9839449541284404,1.150939531486101,1.721763085399449,1.284091001690495,0.30067772753723165,2.2044534412955468,4.776315789473684,4.278236914600551,3.0,1,2.7870976021398914,0.0,2.7870976021398914,-10.212902397860109,10.212902397860109,8.0
2026-02-18,lunch,4,2,32.0,4.0,2026-02-19 04:00:00+03:00,3,2,0,27.0,34.0,17.0,23.285714285714285,5.794085654478089,34.0,0.0,0.0,0.0,1.111764705882353,10.0,1.2246467991473532e-16,-1.0,84.0,0.38095238095238093,high,7.919532324621733,6.1652836583747,19.313186813186814,5.6393678951648205,0.3040886563507092,1.3291858263456857,1.6737895591019745,7.686813186813186,26.0,1,21.812277037507883,0.0,21.812277037507883,-10.187722962492117,10.187722962492117,22.0
2026-02-08,afternoon,5,16,11.0,3.0,2026-02-09 05:00:00+03:00,0,2,0,0.0,4.0,2.0,1.2857142857142858,1.3801311186847098,4.0,0.0,0.0,0.0,0.0,-2.0,-0.7071067811865475,-0.7071067811865477,31.0,0.3548387096774194,medium,0.9839449541284404,1.150939531486101,1.1928374655647382,1.135199470644021,0.20261772968384537,0.0,1.8241206030150754,-1.1928374655647382,3.0,1,0.8442147198215812,0.0,0.8442147198215812,-10.155785280178419,10.155785280178419,8.0
2026-01-31,lunch,4,99,39.0,4.0,2026-02-01 04:00:00+03:00,6,2,1,47.0,43.0,52.0,41.42857142857143,7.502380574571904,52.0,0.0,0.0,0.0,1.1077441077441077,-5.0,1.2246467991473532e-16,-1.0,116.0,0.33620689655172414,mega,17.65933202357564,12.423628976413019,40.497252747252745,7.979484240247015,0.3282854062396855,1.132605097649785,1.2530950016550813,6.502747252747255,50.0,0,49.594575908287815,-0.49957773614168305,49.094998172146134,10.094998172146134,10.094998172146134,35.0
2026-02-25,lunch,4,69,36.0,4.0,2026-02-26 04:00:00+03:00,3,2,0,48.0,38.0,71.0,50.285714285714285,15.488859283522517,73.0,0.0,0.0,0.0,0.935933147632312,-23.0,1.2246467991473532e-16,-1.0,133.0,0.2706766917293233,mega,25.709899175068745,15.187584008448223,49.92032967032967,11.401837554339034,0.32250586815508425,0.9426490423523064,1.4336120852441328,-1.9203296703296715,65.0,0,45.95979278296786,0.13488182554408235,46.094674608511944,10.094674608511944,10.094674608511944,35.0
2026-01-24,lunch,4,18,25.0,4.0,2026-01-25 04:00:00+03:00,6,1,1,20.0,5.0,14.0,9.571428571428571,5.623081683476417,20.0,0.0,0.0,0.0,1.8918918918918919,6.0,1.2246467991473532e-16,-1.0,49.0,0.5102040816326531,medium,6.109124254928932,5.453053535091321,11.975206611570249,6.953431693708665,0.27885867315263196,1.5414012738853502,1.5414012738853502,8.024793388429751,20.0,1,14.911335792902978,0.0,14.911335792902978,-10.088664207097022,10.088664207097022,8.0
2026-03-18,dinner,6,16,12.0,3.0,2026-03-19 06:00:00+03:00,3,3,0,7.0,8.0,7.0,7.142857142857143,1.9518001458970642,11.0,0.0,0.0,0.0,0.8596491228070176,0.0,-1.0,-1.8369701987210297e-16,36.0,0.3333333333333333,medium,0.9839449541284404,1.150939531486101,1.5164835164835164,1.35948975489591,0.24700166286704747,2.7816593886462884,4.37117903930131,5.483516483516484,4.0,1,1.946336579140782,0.0,1.946336579140782,-10.053663420859218,10.053663420859218,8.0
2026-02-15,lunch,4,69,57.0,4.0,2026-02-16 04:00:00+03:00,0,2,0,68.0,78.0,37.0,50.57142857142857,18.24698279037882,78.0,0.0,0.0,0.0,1.3185595567867037,31.0,1.2246467991473532e-16,-1.0,183.0,0.3114754098360656,mega,25.709899175068745,15.187584008448223,49.92032967032967,11.401837554339034,0.32250586815508425,1.3354194766657674,1.5318046938224978,18.07967032967033,65.0,0,46.76228114747524,0.20987656486571704,46.97215771234096,-10.027842287659041,10.027842287659041,35.0
2026-04-05,afternoon,5,1,15.0,3.0,2026-04-06 05:00:00+03:00,0,4,0,1.0,5.0,4.0,5.0,2.3094010767585016,8.0,0.0,0.0,0.0,0.16666666666666666,-3.0,-0.7071067811865475,-0.7071067811865477,37.0,0.40540540540540543,medium,4.8180943214629455,4.2007427440961616,4.815934065934066,2.37332953137807,0.1742448188390449,0.17194142654700048,1.3755314123760038,-3.8159340659340657,8.0,1,4.9799470407001545,0.0,4.9799470407001545,-10.020052959299846,10.020052959299846,8.0
2026-04-10,afternoon,5,54,18.0,3.0,2026-04-11 05:00:00+03:00,5,4,1,12.0,9.0,6.0,7.428571428571429,3.258688021128685,12.0,0.0,0.0,0.0,1.423728813559322,6.0,-0.7071067811865475,-0.7071067811865477,56.0,0.32142857142857145,medium,2.1353135313531353,2.313692209602312,3.2527472527472527,2.4487851897705966,0.29712413849118896,2.8217054263565893,2.8217054263565893,8.747252747252748,6.0,1,7.982867300516608,0.0,7.982867300516608,-10.017132699483392,10.017132699483392,8.0
2026-01-30,lunch,4,54,14.0,4.0,2026-01-31 04:00:00+03:00,5,1,1,6.0,4.0,6.0,5.0,1.7320508075688712,7.0,0.0,0.0,0.0,1.0,0.0,1.2246467991473532e-16,-1.0,38.0,0.3684210526315789,medium,2.1353135313531353,2.313692209602312,2.9917355371900825,2.2193120273223412,0.28604169726316175,1.503105590062112,1.7536231884057971,3.0082644628099175,6.0,1,4.005899013901913,0.0,4.005899013901913,-9.994100986098086,9.994100986098086,8.0
2026-03-20,lunch,4,35,43.0,4.0,2026-03-21 04:00:00+03:00,5,3,1,39.0,28.0,32.0,27.857142857142858,6.148944934663497,39.0,0.0,0.0,0.0,1.3514851485148514,7.0,1.2246467991473532e-16,-1.0,106.0,0.4056603773584906,mega,12.99404216315307,8.966106707239911,27.76098901098901,6.366710522390032,0.3561335102986236,1.3560034387238513,1.3560034387238513,11.239010989010989,37.0,1,33.32914233666029,-0.30361613170032276,33.02552620495997,-9.974473795040034,9.974473795040034,35.0
2026-03-05,morning,3,126,22.0,2.0,2026-03-06 03:00:00+03:00,4,3,0,18.0,11.0,10.0,11.285714285714286,4.231401884099628,18.0,0.0,0.0,0.0,1.4651162790697674,8.0,0.7071067811865476,-0.7071067811865475,89.0,0.24719101123595505,high,8.943396226415095,8.296270027256874,11.534435261707989,3.7091493415132546,0.18641640460775238,1.436043956043956,1.436043956043956,6.465564738292011,16.0,1,12.071595639580616,0.0,12.071595639580616,-9.928404360419384,9.928404360419384,22.0
2026-02-15,lunch,4,123,38.0,4.0,2026-02-16 04:00:00+03:00,0,2,0,20.0,20.0,29.0,26.571428571428573,5.56348640264188,34.0,0.0,0.0,0.0,0.7253886010362693,-9.0,1.2246467991473532e-16,-1.0,73.0,0.5205479452054794,high,9.529330889092575,10.038386270221814,26.01923076923077,8.949331720839782,0.4426367956090107,0.7402135231316725,1.2583629893238433,-6.01923076923077,36.0,1,28.09166427641845,0.0,28.09166427641845,-9.908335723581551,9.908335723581551,22.0
2026-03-06,lunch,4,7,38.0,4.0,2026-03-07 04:00:00+03:00,5,3,1,30.0,32.0,28.0,27.0,5.228129047119367,33.0,0.0,0.0,0.0,1.0714285714285714,2.0,1.2246467991473532e-16,-1.0,110.0,0.34545454545454546,mega,12.872377020983832,6.9762070291099025,25.81267217630854,6.227115387092842,0.2507803114805857,1.118873934038837,1.2307613274427207,4.1873278236914615,33.0,1,28.629929979407223,-0.5255240550589576,28.104405924348264,-9.895594075651736,9.895594075651736,35.0
2026-04-09,lunch,4,54,15.0,4.0,2026-04-10 04:00:00+03:00,4,4,0,4.0,5.0,7.0,6.857142857142857,2.267786838055353,10.0,0.0,0.0,0.0,0.5090909090909091,-3.0,1.2246467991473532e-16,-1.0,50.0,0.3,medium,2.1353135313531353,2.313692209602312,2.9917355371900825,2.2193120273223412,0.28604169726316175,1.0020703933747412,2.505175983436853,1.0082644628099175,6.0,1,5.105735850893057,0.0,5.105735850893057,-9.894264149106943,9.894264149106943,8.0
2026-03-11,afternoon,5,126,24.0,3.0,2026-03-12 05:00:00+03:00,3,3,0,15.0,11.0,22.0,12.857142857142858,7.244045173533258,22.0,0.0,0.0,0.0,1.0824742268041236,-7.0,-0.7071067811865475,-0.7071067811865477,78.0,0.3076923076923077,high,8.943396226415095,8.296270027256874,12.090659340659341,4.388191091061965,0.19280413992264367,1.1458551941238195,1.6805876180482686,2.9093406593406588,18.0,1,14.204202555088647,0.0,14.204202555088647,-9.795797444911353,9.795797444911353,22.0
2026-04-05,dinner,6,16,12.0,3.0,2026-04-06 06:00:00+03:00,0,4,0,11.0,8.0,2.0,7.571428571428571,2.6992062325273087,11.0,0.0,0.0,0.0,1.2833333333333334,9.0,-1.0,-1.8369701987210297e-16,45.0,0.26666666666666666,medium,0.9839449541284404,1.150939531486101,1.5164835164835164,1.35948975489591,0.24700166286704747,4.37117903930131,4.37117903930131,9.483516483516484,4.0,1,2.2086929110896847,0.0,2.2086929110896847,-9.791307088910315,9.791307088910315,8.0
2026-03-17,lunch,4,7,36.0,4.0,2026-03-18 04:00:00+03:00,2,3,0,17.0,29.0,30.0,21.428571428571427,8.100558475750153,30.0,0.0,0.0,0.0,0.7579617834394905,-13.0,1.2246467991473532e-16,-1.0,106.0,0.33962264150943394,mega,12.872377020983832,6.9762070291099025,25.81267217630854,6.227115387092842,0.2507803114805857,0.6340285626220077,1.118873934038837,-8.812672176308538,33.0,1,26.231320824146582,0.06600308169507041,26.29732390584165,-9.702676094158349,9.702676094158349,35.0
2026-03-23,lunch,4,16,13.0,4.0,2026-03-24 04:00:00+03:00,1,3,0,6.0,11.0,10.0,10.714285714285714,2.8115408417381897,15.0,0.0,0.0,0.0,0.5121951219512195,-4.0,1.2246467991473532e-16,-1.0,38.0,0.34210526315789475,medium,0.9839449541284404,1.150939531486101,1.721763085399449,1.284091001690495,0.30067772753723165,2.2044534412955468,5.511133603238866,4.278236914600551,3.0,1,3.3483614545760894,0.0,3.3483614545760894,-9.65163854542391,9.65163854542391,8.0
2026-02-10,dinner,6,69,40.0,3.0,2026-02-11 06:00:00+03:00,2,2,0,21.0,23.0,22.0,29.714285714285715,7.521398046336107,39.0,0.0,0.0,0.0,0.6837209302325581,-1.0,-1.0,-1.8369701987210297e-16,130.0,0.3076923076923077,mega,25.709899175068745,15.187584008448223,30.986263736263737,7.0934205573178035,0.20237672346557325,0.6565318216954393,1.219273383148673,-9.986263736263737,40.0,1,30.406292065469167,0.0,30.406292065469167,-9.593707934530833,9.593707934530833,35.0
2026-02-12,afternoon,5,69,38.0,3.0,2026-02-13 05:00:00+03:00,4,2,0,25.0,23.0,25.0,24.0,2.2360679774997467,27.0,0.0,0.0,0.0,1.0,0.0,-0.7071067811865475,-0.7071067811865477,175.0,0.21714285714285714,mega,25.709899175068745,15.187584008448223,27.587912087912088,6.784804528364688,0.17970958977163476,0.874495483374976,0.9444551220449741,-2.5879120879120876,36.0,1,28.471091871530724,0.0,28.471091871530724,-9.528908128469276,9.528908128469276,35.0
2026-04-10,afternoon,5,16,12.0,3.0,2026-04-11 05:00:00+03:00,5,4,1,10.0,10.0,6.0,9.857142857142858,3.184785258515423,16.0,0.0,0.0,0.0,0.9210526315789473,4.0,-0.7071067811865475,-0.7071067811865477,61.0,0.19672131147540983,medium,0.9839449541284404,1.150939531486101,1.1928374655647382,1.135199470644021,0.20261772968384537,4.560301507537688,7.296482412060302,8.807162534435262,3.0,1,2.473712121211513,0.0,2.473712121211513,-9.526287878788487,9.526287878788487,8.0
2026-02-19,lunch,4,16,12.0,4.0,2026-02-20 04:00:00+03:00,4,2,0,7.0,9.0,23.0,12.285714285714286,6.1836959205717115,23.0,0.0,0.0,0.0,0.5268817204301075,-16.0,1.2246467991473532e-16,-1.0,33.0,0.36363636363636365,medium,0.9839449541284404,1.150939531486101,1.721763085399449,1.284091001690495,0.30067772753723165,2.5718623481781377,8.450404858299596,5.278236914600551,3.0,1,2.515881745348139,0.0,2.515881745348139,-9.484118254651861,9.484118254651861,8.0
2026-02-14,lunch,4,54,15.0,4.0,2026-02-15 04:00:00+03:00,6,2,1,10.0,13.0,7.0,6.714285714285714,3.860668582611294,13.0,0.0,0.0,0.0,1.2962962962962963,3.0,1.2246467991473532e-16,-1.0,46.0,0.32608695652173914,medium,2.1353135313531353,2.313692209602312,2.9917355371900825,2.2193120273223412,0.28604169726316175,2.505175983436853,3.256728778467909,7.008264462809917,6.0,1,5.517344718322636,0.0,5.517344718322636,-9.482655281677363,9.482655281677363,8.0
2026-02-18,afternoon,5,16,11.0,3.0,2026-02-19 05:00:00+03:00,3,2,0,6.0,2.0,10.0,6.0,2.5166114784235796,10.0,0.0,0.0,0.0,0.8571428571428571,-4.0,-0.7071067811865475,-0.7071067811865477,30.0,0.36666666666666664,medium,0.9839449541284404,1.150939531486101,1.1928374655647382,1.135199470644021,0.20261772968384537,2.7361809045226133,4.560301507537688,4.807162534435262,3.0,1,1.5348849444842552,0.0,1.5348849444842552,-9.465115055515746,9.465115055515746,8.0
2026-03-20,afternoon,5,69,38.0,3.0,2026-03-21 05:00:00+03:00,5,3,1,18.0,29.0,23.0,22.428571428571427,3.5050983275386063,29.0,0.0,0.0,0.0,0.7682926829268293,-5.0,-0.7071067811865475,-0.7071067811865477,195.0,0.19487179487179487,mega,25.709899175068745,15.187584008448223,27.587912087912088,6.784804528364688,0.17970958977163476,0.6296367480299827,1.014414760714972,-9.587912087912088,36.0,1,28.55109286907728,0.0,28.55109286907728,-9.44890713092272,9.44890713092272,35.0
2026-02-07,dinner,6,54,16.0,3.0,2026-02-08 06:00:00+03:00,6,2,1,12.0,9.0,7.0,8.857142857142858,2.2677868380553474,12.0,0.0,0.0,0.0,1.217391304347826,5.0,-1.0,-1.8369701987210297e-16,41.0,0.3902439024390244,medium,2.1353135313531353,2.313692209602312,3.2115384615384617,2.4250253689062604,0.3076139596782138,2.8493150684931505,2.8493150684931505,8.788461538461538,6.0,1,6.55209497330658,0.0,6.55209497330658,-9.44790502669342,9.44790502669342,8.0
2026-03-07,lunch,4,16,12.0,4.0,2026-03-08 04:00:00+03:00,6,3,1,9.0,5.0,13.0,7.714285714285714,2.9277002188455987,13.0,0.0,0.0,0.0,1.0327868852459015,-4.0,1.2246467991473532e-16,-1.0,35.0,0.34285714285714286,medium,0.9839449541284404,1.150939531486101,1.721763085399449,1.284091001690495,0.30067772753723165,3.3066801619433197,4.776315789473684,7.278236914600551,3.0,1,2.5597696246300488,0.0,2.5597696246300488,-9.440230375369952,9.440230375369952,8.0
2026-02-12,morning,3,16,11.0,2.0,2026-02-13 03:00:00+03:00,4,2,0,9.0,6.0,2.0,3.4285714285714284,3.359421718944242,9.0,0.0,0.0,0.0,2.032258064516129,7.0,0.7071067811865476,-0.7071067811865475,57.0,0.19298245614035087,medium,0.9839449541284404,1.150939531486101,0.6942148760330579,0.8294607368174448,0.11431756948285873,5.31219512195122,5.31219512195122,8.305785123966942,2.0,1,1.5625572239414858,0.0,1.5625572239414858,-9.437442776058514,9.437442776058514,8.0
2026-03-13,lunch,4,16,12.0,4.0,2026-03-14 04:00:00+03:00,5,3,1,9.0,5.0,9.0,9.714285714285714,3.0937725468153863,15.0,0.0,0.0,0.0,0.8400000000000001,0.0,1.2246467991473532e-16,-1.0,32.0,0.375,medium,0.9839449541284404,1.150939531486101,1.721763085399449,1.284091001690495,0.30067772753723165,3.3066801619433197,5.511133603238866,7.278236914600551,3.0,1,2.571118152949612,0.0,2.571118152949612,-9.428881847050388,9.428881847050388,8.0
2026-02-11,lunch,4,29,46.0,4.0,2026-02-12 04:00:00+03:00,3,2,0,28.0,25.0,38.0,33.0,5.228129047119387,40.0,0.0,0.0,0.0,0.8235294117647058,-10.0,1.2246467991473532e-16,-1.0,117.0,0.39316239316239315,mega,16.77201257861635,11.447047939359384,39.06611570247934,7.990742783350609,0.33541085213730065,0.6988448844884488,0.9983498349834984,-11.066115702479337,49.0,0,36.52134158424691,0.08657475267318611,36.6079163369201,-9.392083663079902,9.392083663079902,35.0
2026-02-01,lunch,4,69,37.0,4.0,2026-02-02 04:00:00+03:00,0,2,0,48.0,65.0,40.0,44.0,11.284207253207152,65.0,0.0,0.0,0.0,1.0666666666666667,8.0,1.2246467991473532e-16,-1.0,155.0,0.23870967741935484,mega,25.709899175068745,15.187584008448223,49.92032967032967,11.401837554339034,0.32250586815508425,0.9426490423523064,1.2765039115187482,-1.9203296703296715,65.0,0,46.86835049935628,-0.49323620622500675,46.375114293131276,9.375114293131276,9.375114293131276,35.0
2026-02-18,lunch,4,10,30.0,4.0,2026-02-19 04:00:00+03:00,3,2,0,22.0,27.0,23.0,20.571428571428573,5.5334480768366925,27.0,0.0,0.0,0.0,1.019867549668874,-1.0,1.2246467991473532e-16,-1.0,61.0,0.4918032786885246,high,6.580926180651078,5.576694893105304,15.826446280991735,5.457537267559647,0.3959618663932895,1.3074656188605107,1.6046168958742633,6.1735537190082646,23.0,1,20.6487912340138,0.0,20.6487912340138,-9.3512087659862,9.3512087659862,22.0
2026-02-01,afternoon,5,126,23.0,3.0,2026-02-02 05:00:00+03:00,0,2,0,13.0,8.0,23.0,14.571428571428571,4.613644360558619,23.0,0.0,0.0,0.0,0.8348623853211009,-10.0,-0.7071067811865475,-0.7071067811865477,73.0,0.3150684931506849,high,8.943396226415095,8.296270027256874,12.090659340659341,4.388191091061965,0.19280413992264367,0.9930745015739769,1.7569779643231898,0.9093406593406588,18.0,1,13.698265803114127,0.0,13.698265803114127,-9.301734196885873,9.301734196885873,22.0
2026-01-30,lunch,4,18,22.0,4.0,2026-01-31 04:00:00+03:00,5,1,1,10.0,10.0,20.0,13.0,6.733003292241409,25.0,0.0,0.0,0.0,0.7142857142857143,-10.0,1.2246467991473532e-16,-1.0,58.0,0.3793103448275862,medium,6.109124254928932,5.453053535091321,11.975206611570249,6.953431693708665,0.27885867315263196,0.7707006369426751,1.9267515923566878,-1.9752066115702487,20.0,1,12.720883754207634,0.0,12.720883754207634,-9.279116245792366,9.279116245792366,8.0
2026-02-10,lunch,4,69,37.0,4.0,2026-02-11 04:00:00+03:00,2,2,0,33.0,37.0,45.0,45.857142857142854,8.57182538764003,56.0,0.0,0.0,0.0,0.7042682926829269,-12.0,1.2246467991473532e-16,-1.0,130.0,0.2846153846153846,mega,25.709899175068745,15.187584008448223,49.92032967032967,11.401837554339034,0.32250586815508425,0.6480712166172107,1.0997572160776907,-16.92032967032967,65.0,0,46.252319622458636,0.017212867287237234,46.26953248974587,9.26953248974587,9.26953248974587,35.0
2026-03-17,lunch,4,16,12.0,4.0,2026-03-18 04:00:00+03:00,2,3,0,10.0,8.0,9.0,9.714285714285714,3.1471831698777706,15.0,0.0,0.0,0.0,0.9333333333333333,1.0,1.2246467991473532e-16,-1.0,34.0,0.35294117647058826,medium,0.9839449541284404,1.150939531486101,1.721763085399449,1.284091001690495,0.30067772753723165,3.674089068825911,5.511133603238866,8.278236914600551,3.0,1,2.7625714650953292,0.0,2.7625714650953292,-9.237428534904671,9.237428534904671,8.0
2026-04-03,dinner,6,54,14.0,3.0,2026-04-04 06:00:00+03:00,5,4,1,7.0,12.0,2.0,7.285714285714286,3.35232683939009,12.0,0.0,0.0,0.0,0.8448275862068967,5.0,-1.0,-1.8369701987210297e-16,32.0,0.4375,medium,2.1353135313531353,2.313692209602312,3.2115384615384617,2.4250253689062604,0.3076139596782138,1.6621004566210045,2.8493150684931505,3.7884615384615383,6.0,1,4.778295453163708,0.0,4.778295453163708,-9.221704546836293,9.221704546836293,8.0
2026-02-10,dinner,6,16,11.0,3.0,2026-02-11 06:00:00+03:00,2,2,0,15.0,7.0,0.0,4.857142857142857,5.145501965424798,15.0,0.0,0.0,0.0,2.5609756097560976,15.0,-1.0,-1.8369701987210297e-16,41.0,0.2682926829268293,medium,0.9839449541284404,1.150939531486101,1.5164835164835164,1.35948975489591,0.24700166286704747,5.960698689956332,5.960698689956332,13.483516483516484,4.0,1,1.8089221748971276,0.0,1.8089221748971276,-9.191077825102873,9.191077825102873,8.0
2026-02-03,lunch,4,54,14.0,4.0,2026-02-04 04:00:00+03:00,2,2,0,6.0,10.0,4.0,8.0,3.9999999999999982,14.0,0.0,0.0,0.0,0.6666666666666666,2.0,1.2246467991473532e-16,-1.0,31.0,0.45161290322580644,medium,2.1353135313531353,2.313692209602312,2.9917355371900825,2.2193120273223412,0.28604169726316175,1.503105590062112,3.5072463768115942,3.0082644628099175,6.0,1,4.811075970080833,0.0,4.811075970080833,-9.188924029919168,9.188924029919168,8.0
2026-02-19,lunch,4,54,15.0,4.0,2026-02-20 04:00:00+03:00,4,2,0,12.0,7.0,13.0,10.857142857142858,2.6726124191242424,15.0,0.0,0.0,0.0,1.0120481927710843,-1.0,1.2246467991473532e-16,-1.0,44.0,0.3409090909090909,medium,2.1353135313531353,2.313692209602312,2.9917355371900825,2.2193120273223412,0.28604169726316175,3.006211180124224,3.75776397515528,9.008264462809917,6.0,1,5.821307605982623,0.0,5.821307605982623,-9.178692394017377,9.178692394017377,8.0
2026-02-09,lunch,4,7,37.0,4.0,2026-02-10 04:00:00+03:00,1,2,0,33.0,22.0,30.0,27.142857142857142,4.634241089562603,33.0,0.0,0.0,0.0,1.1725888324873097,3.0,1.2246467991473532e-16,-1.0,116.0,0.31896551724137934,mega,12.872377020983832,6.9762070291099025,25.81267217630854,6.227115387092842,0.2507803114805857,1.2307613274427207,1.2307613274427207,7.1873278236914615,33.0,1,27.87597594219063,-0.0004775235376557829,27.875498418652978,-9.124501581347022,9.124501581347022,35.0
2026-02-25,dinner,6,16,11.0,3.0,2026-02-26 06:00:00+03:00,3,2,0,9.0,4.0,7.0,6.857142857142857,3.2366943748507473,11.0,0.0,0.0,0.0,1.1454545454545455,2.0,-1.0,-1.8369701987210297e-16,24.0,0.4583333333333333,medium,0.9839449541284404,1.150939531486101,1.5164835164835164,1.35948975489591,0.24700166286704747,3.576419213973799,4.37117903930131,7.483516483516484,4.0,1,1.8838336126786046,0.0,1.8838336126786046,-9.116166387321396,9.116166387321396,8.0
2026-01-24,morning,3,18,15.0,2.0,2026-01-25 03:00:00+03:00,6,1,1,15.0,5.0,10.0,7.285714285714286,4.070801956792857,15.0,0.0,0.0,0.0,1.810344827586207,5.0,0.7071067811865476,-0.7071067811865475,49.0,0.30612244897959184,medium,6.109124254928932,5.453053535091321,6.545454545454546,4.194181710535974,0.15181598308203162,1.9879518072289155,1.9879518072289155,8.454545454545453,12.0,1,5.896177975311678,0.0,5.896177975311678,-9.103822024688322,9.103822024688322,8.0
2026-04-06,dinner,6,69,40.0,3.0,2026-04-07 06:00:00+03:00,1,4,0,24.0,36.0,16.0,27.285714285714285,6.8243262357121495,36.0,0.0,0.0,0.0,0.8484848484848485,8.0,-1.0,-1.8369701987210297e-16,157.0,0.25477707006369427,mega,25.709899175068745,15.187584008448223,30.986263736263737,7.0934205573178035,0.20237672346557325,0.7503220819376449,1.1254831229064675,-6.986263736263737,40.0,1,30.94938279756181,0.0,30.94938279756181,-9.05061720243819,9.05061720243819,35.0
2026-03-14,lunch,4,69,51.0,4.0,2026-03-15 04:00:00+03:00,6,3,1,64.0,57.0,46.0,53.57142857142857,11.103410029613174,72.0,0.0,0.0,0.0,1.1727748691099478,18.0,1.2246467991473532e-16,-1.0,175.0,0.2914285714285714,mega,25.709899175068745,15.187584008448223,49.92032967032967,11.401837554339034,0.32250586815508425,1.2568653898030753,1.4139735635284596,14.079670329670328,65.0,0,59.654827538201864,0.39290836172621885,60.047735899928085,9.047735899928085,9.047735899928085,35.0
2026-03-12,lunch,4,479,10.0,4.0,2026-03-13 04:00:00+03:00,4,3,0,0.0,1.0,0.0,0.14285714285714285,0.377964473009228,1.0,0.0,0.0,0.0,0.0,0.0,1.2246467991473532e-16,-1.0,44.0,0.22727272727272727,medium,4.030946702068614,7.26952048693661,7.177509417831094,7.26952048693661,0.21595685125455646,0.0,0.12228662162338766,-7.177509417831094,25.0,0,1.001360386394674,0.0,1.001360386394674,-8.998639613605325,8.998639613605325,8.0
2026-02-09,lunch,4,16,11.0,4.0,2026-02-10 04:00:00+03:00,1,2,0,8.0,5.0,2.0,4.0,2.70801280154532,8.0,0.0,0.0,0.0,1.6,6.0,1.2246467991473532e-16,-1.0,42.0,0.2619047619047619,medium,0.9839449541284404,1.150939531486101,1.721763085399449,1.284091001690495,0.30067772753723165,2.9392712550607287,2.9392712550607287,6.278236914600551,3.0,1,2.0032379399815254,0.0,2.0032379399815254,-8.996762060018474,8.996762060018474,8.0
2026-03-18,lunch,4,16,12.0,4.0,2026-03-19 04:00:00+03:00,3,3,0,12.0,10.0,5.0,10.142857142857142,3.2366943748507464,15.0,0.0,0.0,0.0,1.0769230769230769,7.0,1.2246467991473532e-16,-1.0,36.0,0.3333333333333333,medium,0.9839449541284404,1.150939531486101,1.721763085399449,1.284091001690495,0.30067772753723165,4.4089068825910935,5.511133603238866,10.278236914600551,3.0,1,3.0367186010790146,0.0,3.0367186010790146,-8.963281398920985,8.963281398920985,8.0
2026-04-01,lunch,4,2,30.0,4.0,2026-04-02 04:00:00+03:00,3,4,0,15.0,22.0,23.0,18.0,4.082482904638586,23.0,0.0,0.0,0.0,0.7894736842105263,-8.0,1.2246467991473532e-16,-1.0,81.0,0.37037037037037035,high,7.919532324621733,6.1652836583747,19.313186813186814,5.6393678951648205,0.3040886563507092,0.7384365701920476,1.1322694076278064,-4.313186813186814,26.0,1,21.068943619809804,0.0,21.068943619809804,-8.931056380190196,8.931056380190196,22.0
2026-02-13,dinner,6,102,10.0,3.0,2026-02-14 06:00:00+03:00,5,2,1,3.0,3.0,1.0,1.8571428571428572,1.0690449676496974,3.0,0.0,0.0,0.0,1.05,2.0,-1.0,-1.8369701987210297e-16,16.0,0.625,medium,0.587891296869625,0.956071224538298,1.1456043956043955,1.1538448924805664,0.26873376165958585,1.3982074263764406,1.3982074263764406,1.8543956043956045,3.0,1,1.0749732348723555,0.0,1.0749732348723555,-8.925026765127644,8.925026765127644,8.0
2026-03-12,lunch,4,69,57.0,4.0,2026-03-13 04:00:00+03:00,4,3,0,46.0,42.0,68.0,56.42857142857143,13.830607878387507,73.0,0.0,0.0,0.0,0.8009950248756219,-22.0,1.2246467991473532e-16,-1.0,175.0,0.32571428571428573,mega,25.709899175068745,15.187584008448223,49.92032967032967,11.401837554339034,0.32250586815508425,0.9033719989209603,1.4336120852441328,-3.9203296703296715,65.0,0,48.02571016890838,0.05118090568661247,48.076891074595,-8.923108925405003,8.923108925405003,35.0
2026-04-08,lunch,4,4,38.0,4.0,2026-04-09 04:00:00+03:00,3,4,0,24.0,30.0,27.0,24.714285714285715,3.9036002917941537,30.0,0.0,0.0,0.0,0.9333333333333333,-3.0,1.2246467991473532e-16,-1.0,87.0,0.4367816091954023,mega,12.723424723424724,8.703156453277504,27.208791208791208,6.88395184651641,0.37716923282176296,0.8507985975847293,1.0634982469809116,-3.208791208791208,36.0,1,29.15117643886787,-0.04573748030374367,29.10543895856413,-8.894561041435871,8.894561041435871,35.0
2026-02-23,lunch,4,126,31.0,4.0,2026-02-24 04:00:00+03:00,1,2,0,10.0,18.0,29.0,23.714285714285715,12.051476890327393,41.0,0.0,0.0,0.0,0.40462427745664736,-19.0,1.2246467991473532e-16,-1.0,71.0,0.43661971830985913,high,8.943396226415095,8.296270027256874,23.39669421487603,7.377896665537009,0.36997738876250647,0.4098915989159892,1.6805555555555556,-13.396694214876032,33.0,0,22.124618123968567,0.0,22.124618123968567,-8.875381876031433,8.875381876031433,22.0
2026-02-06,lunch,4,35,40.0,4.0,2026-02-07 04:00:00+03:00,5,2,1,36.0,26.0,29.0,27.142857142857142,6.283008075451635,36.0,0.0,0.0,0.0,1.2791878172588833,7.0,1.2246467991473532e-16,-1.0,112.0,0.35714285714285715,mega,12.99404216315307,8.966106707239911,27.76098901098901,6.366710522390032,0.3561335102986236,1.2516954818989396,1.2516954818989396,8.239010989010989,37.0,1,31.75933036369888,-0.6287987010431157,31.130531662655763,-8.869468337344237,8.869468337344237,35.0
2026-04-04,dinner,6,16,11.0,3.0,2026-04-05 06:00:00+03:00,6,4,1,8.0,8.0,4.0,6.571428571428571,2.5071326821120326,8.0,0.0,0.0,0.0,1.0566037735849056,4.0,-1.0,-1.8369701987210297e-16,56.0,0.19642857142857142,medium,0.9839449541284404,1.150939531486101,1.5164835164835164,1.35948975489591,0.24700166286704747,3.1790393013100435,3.1790393013100435,6.483516483516484,4.0,1,2.134395769199486,0.0,2.134395769199486,-8.865604230800514,8.865604230800514,8.0
2026-03-14,dinner,6,16,11.0,3.0,2026-03-15 06:00:00+03:00,6,3,1,5.0,6.0,7.0,5.857142857142857,0.8997354108424375,7.0,0.0,0.0,0.0,0.7291666666666667,-2.0,-1.0,-1.8369701987210297e-16,39.0,0.28205128205128205,medium,0.9839449541284404,1.150939531486101,1.5164835164835164,1.35948975489591,0.24700166286704747,1.9868995633187774,2.7816593886462884,3.4835164835164836,4.0,1,2.159200295342392,0.0,2.159200295342392,-8.840799704657607,8.840799704657607,8.0
2026-02-19,afternoon,5,54,14.0,3.0,2026-02-20 05:00:00+03:00,4,2,0,8.0,5.0,2.0,7.857142857142857,5.20988072251727,15.0,0.0,0.0,0.0,0.9032258064516129,6.0,-0.7071067811865475,-0.7071067811865477,44.0,0.3181818181818182,medium,2.1353135313531353,2.313692209602312,3.2527472527472527,2.4487851897705966,0.29712413849118896,1.8811369509043927,3.5271317829457365,4.747252747252747,6.0,1,5.16837620191324,0.0,5.16837620191324,-8.83162379808676,8.83162379808676,8.0
2026-03-22,lunch,4,4,35.0,4.0,2026-03-23 04:00:00+03:00,0,3,0,13.0,22.0,29.0,22.428571428571427,6.924765768773791,33.0,0.0,0.0,0.0,0.5548780487804879,-16.0,1.2246467991473532e-16,-1.0,75.0,0.4666666666666667,mega,12.723424723424724,8.703156453277504,27.208791208791208,6.88395184651641,0.37716923282176296,0.46084924035839503,1.1698480716790027,-14.208791208791208,36.0,0,26.149210373504967,0.02522201040677842,26.174432383911746,-8.825567616088254,8.825567616088254,35.0
2026-04-09,lunch,4,35,41.0,4.0,2026-04-10 04:00:00+03:00,4,4,0,32.0,33.0,32.0,33.57142857142857,6.7046536787801845,46.0,0.0,0.0,0.0,0.9256198347107438,0.0,1.2246467991473532e-16,-1.0,110.0,0.37272727272727274,mega,12.99404216315307,8.966106707239911,27.76098901098901,6.366710522390032,0.3561335102986236,1.1126182061323908,1.5993886713153118,4.239010989010989,37.0,1,32.427673452083255,-0.23282085367493943,32.19485259840832,-8.805147401591682,8.805147401591682,35.0
2026-02-17,lunch,4,123,40.0,4.0,2026-02-18 04:00:00+03:00,2,2,0,36.0,38.0,31.0,29.714285714285715,7.273565968956487,38.0,0.0,0.0,0.0,1.172093023255814,5.0,1.2246467991473532e-16,-1.0,68.0,0.5882352941176471,high,9.529330889092575,10.038386270221814,26.01923076923077,8.949331720839782,0.4426367956090107,1.3323843416370107,1.406405693950178,9.98076923076923,36.0,1,31.208546518812668,0.0,31.208546518812668,-8.791453481187332,8.791453481187332,22.0
2026-02-27,afternoon,5,54,14.0,3.0,2026-02-28 05:00:00+03:00,5,2,1,5.0,7.0,18.0,10.857142857142858,6.542898731412836,22.0,0.0,0.0,0.0,0.4216867469879518,-13.0,-0.7071067811865475,-0.7071067811865477,33.0,0.42424242424242425,medium,2.1353135313531353,2.313692209602312,3.2527472527472527,2.4487851897705966,0.29712413849118896,1.1757105943152455,5.17312661498708,1.7472527472527473,6.0,1,5.295006870907067,0.0,5.295006870907067,-8.704993129092934,8.704993129092934,8.0
2026-03-04,afternoon,5,126,22.0,3.0,2026-03-05 05:00:00+03:00,3,3,0,12.0,13.0,11.0,14.0,4.041451884327383,22.0,0.0,0.0,0.0,0.8,1.0,-0.7071067811865475,-0.7071067811865477,91.0,0.24175824175824176,high,8.943396226415095,8.296270027256874,12.090659340659341,4.388191091061965,0.19280413992264367,0.9166841552990556,1.6805876180482686,-0.09065934065934123,18.0,1,13.302952516248114,0.0,13.302952516248114,-8.697047483751886,8.697047483751886,22.0
2026-03-11,afternoon,5,16,10.0,3.0,2026-03-12 05:00:00+03:00,3,3,0,7.0,6.0,2.0,5.142857142857143,2.2677868380553603,7.0,0.0,0.0,0.0,1.1395348837209303,5.0,-0.7071067811865475,-0.7071067811865477,26.0,0.38461538461538464,medium,0.9839449541284404,1.150939531486101,1.1928374655647382,1.135199470644021,0.20261772968384537,3.192211055276382,3.192211055276382,5.807162534435262,3.0,1,1.3101685044169262,0.0,1.3101685044169262,-8.689831495583073,8.689831495583073,8.0
2026-02-09,lunch,4,10,28.0,4.0,2026-02-10 04:00:00+03:00,1,2,0,19.0,8.0,34.0,20.142857142857142,8.783100656536803,34.0,0.0,0.0,0.0,0.8986486486486487,-15.0,1.2246467991473532e-16,-1.0,61.0,0.45901639344262296,high,6.580926180651078,5.576694893105304,15.826446280991735,5.457537267559647,0.3959618663932895,1.1291748526522594,2.020628683693517,3.1735537190082646,23.0,1,19.330347431162078,0.0,19.330347431162078,-8.669652568837922,8.669652568837922,22.0
2026-03-19,lunch,4,99,50.0,4.0,2026-03-20 04:00:00+03:00,4,3,0,31.0,33.0,44.0,37.714285714285715,4.5355736761106105,44.0,0.0,0.0,0.0,0.8007380073800738,-13.0,1.2246467991473532e-16,-1.0,121.0,0.4132231404958678,mega,17.65933202357564,12.423628976413019,40.497252747252745,7.979484240247015,0.3282854062396855,0.7470374048328369,1.0603111552466071,-9.497252747252745,50.0,1,41.564820134174866,-0.22736985113636132,41.33745028303851,-8.662549716961493,8.662549716961493,35.0
2026-03-05,lunch,4,10,27.0,4.0,2026-03-06 04:00:00+03:00,4,3,0,18.0,11.0,14.0,14.571428571428571,4.961758520831848,24.0,0.0,0.0,0.0,1.1559633027522935,4.0,1.2246467991473532e-16,-1.0,54.0,0.5,high,6.580926180651078,5.576694893105304,15.826446280991735,5.457537267559647,0.3959618663932895,1.0697445972495088,1.4263261296660117,2.1735537190082646,23.0,1,18.338831554144722,0.0,18.338831554144722,-8.661168445855278,8.661168445855278,22.0
2026-02-28,lunch,4,16,13.0,4.0,2026-03-01 04:00:00+03:00,6,3,1,18.0,10.0,15.0,12.0,5.627314338711377,20.0,0.0,0.0,0.0,1.3846153846153846,3.0,1.2246467991473532e-16,-1.0,30.0,0.43333333333333335,medium,0.9839449541284404,1.150939531486101,1.721763085399449,1.284091001690495,0.30067772753723165,6.613360323886639,7.348178137651822,16.27823691460055,3.0,1,4.350975992791498,0.0,4.350975992791498,-8.649024007208503,8.649024007208503,8.0
2026-02-22,dinner,6,16,11.0,3.0,2026-02-23 06:00:00+03:00,0,2,0,4.0,3.0,5.0,6.142857142857143,2.4102953780654794,10.0,0.0,0.0,0.0,0.5599999999999999,-1.0,-1.0,-1.8369701987210297e-16,46.0,0.2391304347826087,medium,0.9839449541284404,1.150939531486101,1.5164835164835164,1.35948975489591,0.24700166286704747,1.5895196506550218,3.9737991266375547,2.4835164835164836,4.0,1,2.3759157786311933,0.0,2.3759157786311933,-8.624084221368808,8.624084221368808,8.0
2026-03-24,lunch,4,7,35.0,4.0,2026-03-25 04:00:00+03:00,2,3,0,28.0,17.0,36.0,24.428571428571427,6.6044717895564995,36.0,0.0,0.0,0.0,1.101123595505618,-8.0,1.2246467991473532e-16,-1.0,108.0,0.32407407407407407,mega,12.872377020983832,6.9762070291099025,25.81267217630854,6.227115387092842,0.2507803114805857,1.0442823384362478,1.3426487208466045,2.1873278236914615,33.0,1,26.75933214158799,-0.37731601031799405,26.382016131269996,-8.617983868730004,8.617983868730004,35.0
2026-01-30,lunch,4,101,25.0,4.0,2026-01-31 04:00:00+03:00,5,1,1,19.0,12.0,16.0,14.285714285714286,4.535573676110706,21.0,0.0,0.0,0.0,1.2429906542056075,3.0,1.2246467991473532e-16,-1.0,54.0,0.46296296296296297,high,7.729605866177819,5.750763658040518,16.97252747252747,4.423118975685863,0.3662322135926719,1.0571690614490983,1.1684500152858455,2.027472527472529,23.0,1,16.47463170698357,0.0,16.47463170698357,-8.525368293016431,8.525368293016431,22.0
2026-02-02,afternoon,5,54,13.0,3.0,2026-02-03 05:00:00+03:00,1,2,0,5.0,10.0,2.0,7.714285714285714,3.1997023671109117,10.0,0.0,0.0,0.0,0.5737704918032787,3.0,-0.7071067811865475,-0.7071067811865477,30.0,0.43333333333333335,medium,2.1353135313531353,2.313692209602312,3.2527472527472527,2.4487851897705966,0.29712413849118896,1.1757105943152455,2.351421188630491,1.7472527472527473,6.0,1,4.496337701776187,0.0,4.496337701776187,-8.503662298223812,8.503662298223812,8.0
2026-02-13,dinner,6,298,10.0,3.0,2026-02-14 06:00:00+03:00,5,2,1,5.0,1.0,3.0,2.2857142857142856,1.7994708216848745,5.0,0.0,0.0,0.0,1.5217391304347827,2.0,-1.0,-1.8369701987210297e-16,11.0,0.9090909090909091,medium,2.131849315068493,2.6510406366439367,1.3013698630136987,1.2289176810734577,0.17749299072006777,2.1726190476190474,2.1726190476190474,3.698630136986301,3.0,1,1.4986908141830564,0.0,1.4986908141830564,-8.501309185816943,8.501309185816943,8.0
2026-02-11,afternoon,5,16,10.0,3.0,2026-02-12 05:00:00+03:00,3,2,0,4.0,6.0,1.0,3.857142857142857,3.8047589248453666,11.0,0.0,0.0,0.0,0.8235294117647058,3.0,-0.7071067811865475,-0.7071067811865477,55.0,0.18181818181818182,medium,0.9839449541284404,1.150939531486101,1.1928374655647382,1.135199470644021,0.20261772968384537,1.8241206030150754,5.016331658291457,2.8071625344352618,3.0,1,1.5090123695640716,0.0,1.5090123695640716,-8.490987630435928,8.490987630435928,8.0
2026-04-10,early_morning,2,36,10.0,1.0,2026-04-11 02:00:00+03:00,5,4,1,3.0,1.0,1.0,1.4285714285714286,1.1338934190276837,3.0,0.0,0.0,0.0,1.2352941176470587,2.0,1.0,6.123233995736766e-17,39.0,0.2564102564102564,medium,0.6623853211009174,1.0286210725260059,1.0110192837465564,1.3295992031674706,0.23216204821006756,1.4917808219178084,1.4917808219178084,1.9889807162534436,2.0,1,1.5144556211394231,0.0,1.5144556211394231,-8.485544378860578,8.485544378860578,8.0
2026-02-22,lunch,4,18,21.0,4.0,2026-02-23 04:00:00+03:00,0,2,0,13.0,16.0,13.0,12.0,2.7688746209727513,16.0,0.0,0.0,0.0,1.0,0.0,1.2246467991473532e-16,-1.0,47.0,0.44680851063829785,medium,6.109124254928932,5.453053535091321,11.975206611570249,6.953431693708665,0.27885867315263196,1.0019108280254776,1.2331210191082802,1.0247933884297513,20.0,1,12.51989189810549,0.0,12.51989189810549,-8.48010810189451,8.48010810189451,8.0
2026-01-29,lunch,4,2,26.0,4.0,2026-01-30 04:00:00+03:00,4,1,0,18.0,17.0,23.0,18.857142857142858,1.9518001458970056,23.0,0.0,0.0,0.0,0.9064748201438849,-5.0,1.2246467991473532e-16,-1.0,60.0,0.43333333333333335,high,7.919532324621733,6.1652836583747,19.313186813186814,5.6393678951648205,0.3040886563507092,0.8861238842304571,1.1322694076278064,-1.3131868131868139,26.0,1,17.560808667350415,0.0,17.560808667350415,-8.439191332649585,8.439191332649585,22.0
2026-02-15,dinner,6,54,14.0,3.0,2026-02-16 06:00:00+03:00,0,2,0,22.0,19.0,16.0,11.714285714285714,7.087883692477969,22.0,0.0,0.0,0.0,1.7303370786516854,6.0,-1.0,-1.8369701987210297e-16,39.0,0.358974358974359,medium,2.1353135313531353,2.313692209602312,3.2115384615384617,2.4250253689062604,0.3076139596782138,5.223744292237443,5.223744292237443,18.78846153846154,6.0,1,5.581864953471897,0.0,5.581864953471897,-8.418135046528104,8.418135046528104,8.0
2026-02-08,lunch,4,4,36.0,4.0,2026-02-09 04:00:00+03:00,0,2,0,16.0,27.0,22.0,25.714285714285715,5.648430038936662,33.0,0.0,0.0,0.0,0.5989304812834224,-6.0,1.2246467991473532e-16,-1.0,86.0,0.4186046511627907,mega,12.723424723424724,8.703156453277504,27.208791208791208,6.88395184651641,0.37716923282176296,0.5671990650564862,1.1698480716790027,-11.208791208791208,36.0,1,27.589591351192023,0.019962843822899534,27.609554195014923,-8.390445804985077,8.390445804985077,35.0
2026-04-01,afternoon,5,16,10.0,3.0,2026-04-02 05:00:00+03:00,3,4,0,6.0,4.0,9.0,5.428571428571429,2.07019667802706,9.0,0.0,0.0,0.0,0.9333333333333333,-3.0,-0.7071067811865475,-0.7071067811865477,38.0,0.2631578947368421,medium,0.9839449541284404,1.150939531486101,1.1928374655647382,1.135199470644021,0.20261772968384537,2.7361809045226133,4.1042713567839195,4.807162534435262,3.0,1,1.6098462570137917,0.0,1.6098462570137917,-8.390153742986207,8.390153742986207,8.0
2026-03-15,dinner,6,54,12.0,3.0,2026-03-16 06:00:00+03:00,0,3,0,8.0,6.0,8.0,5.714285714285714,1.7043362064926737,8.0,0.0,0.0,0.0,1.1914893617021276,0.0,-1.0,-1.8369701987210297e-16,21.0,0.5714285714285714,medium,2.1353135313531353,2.313692209602312,3.2115384615384617,2.4250253689062604,0.3076139596782138,1.8995433789954337,1.8995433789954337,4.788461538461538,6.0,1,3.610886805361794,0.0,3.610886805361794,-8.389113194638206,8.389113194638206,8.0
2026-03-11,afternoon,5,54,13.0,3.0,2026-03-12 05:00:00+03:00,3,3,0,5.0,4.0,7.0,6.571428571428571,2.5727509827123947,10.0,0.0,0.0,0.0,0.6603773584905661,-2.0,-0.7071067811865475,-0.7071067811865477,25.0,0.52,medium,2.1353135313531353,2.313692209602312,3.2527472527472527,2.4487851897705966,0.29712413849118896,1.1757105943152455,2.351421188630491,1.7472527472527473,6.0,1,4.611840117716342,0.0,4.611840117716342,-8.388159882283658,8.388159882283658,8.0
2026-03-11,opening,1,479,14.0,2.0,2026-03-12 01:00:00+03:00,3,3,0,9.0,12.0,3.0,6.142857142857143,3.338091841585121,12.0,0.0,0.0,0.0,1.26,6.0,0.7071067811865475,0.7071067811865476,28.0,0.5,medium,4.030946702068614,7.26952048693661,4.4715430016863404,7.26952048693661,0.08346337542980571,1.644874215047964,2.193165620063952,4.5284569983136596,12.0,1,5.694926408875978,0.0,5.694926408875978,-8.305073591124021,8.305073591124021,8.0
2026-02-11,morning,3,16,9.0,2.0,2026-02-12 03:00:00+03:00,3,2,0,6.0,5.0,1.0,2.2857142857142856,2.3603873774083297,6.0,0.0,0.0,0.0,1.8260869565217392,5.0,0.7071067811865476,-0.7071067811865475,55.0,0.16363636363636364,medium,0.9839449541284404,1.150939531486101,0.6942148760330579,0.8294607368174448,0.11431756948285873,3.5414634146341464,3.5414634146341464,5.305785123966942,2.0,1,0.7304088650648365,0.0,0.7304088650648365,-8.269591134935164,8.269591134935164,8.0
2026-04-09,lunch,4,136,9.0,3.0,2026-04-10 04:00:00+03:00,4,4,0,0.0,0.0,3.0,1.1428571428571428,1.3451854182690985,3.0,0.0,0.0,0.0,0.0,-3.0,1.2246467991473532e-16,-1.0,15.0,0.6,medium,0.7015851137146796,1.0737579365813086,0.8453038674033149,1.3390957139919233,0.21486779794790845,0.0,1.625748502994012,-0.8453038674033149,3.0,1,0.742531543262115,0.0,0.742531543262115,-8.257468456737884,8.257468456737884,8.0
2026-02-19,dinner,6,54,14.0,3.0,2026-02-20 06:00:00+03:00,4,2,0,5.0,3.0,8.0,10.714285714285714,7.653197277702207,22.0,0.0,0.0,0.0,0.426829268292683,-3.0,-1.0,-1.8369701987210297e-16,44.0,0.3181818181818182,medium,2.1353135313531353,2.313692209602312,3.2115384615384617,2.4250253689062604,0.3076139596782138,1.187214611872146,5.223744292237443,1.7884615384615383,6.0,1,5.744239496586371,0.0,5.744239496586371,-8.25576050341363,8.25576050341363,8.0
2026-04-08,afternoon,5,16,10.0,3.0,2026-04-09 05:00:00+03:00,3,4,0,10.0,16.0,10.0,9.714285714285714,3.1997023671109233,16.0,0.0,0.0,0.0,0.9333333333333333,0.0,-0.7071067811865475,-0.7071067811865477,50.0,0.2,medium,0.9839449541284404,1.150939531486101,1.1928374655647382,1.135199470644021,0.20261772968384537,4.560301507537688,7.296482412060302,8.807162534435262,3.0,1,1.7569768599774518,0.0,1.7569768599774518,-8.243023140022547,8.243023140022547,8.0
2026-02-04,afternoon,5,47,10.0,3.0,2026-02-05 05:00:00+03:00,3,2,0,5.0,2.0,1.0,2.142857142857143,1.3451854182690994,5.0,0.0,0.0,0.0,1.590909090909091,4.0,-0.7071067811865475,-0.7071067811865477,22.0,0.45454545454545453,medium,2.1574023115024765,2.162834723516841,1.7087912087912087,1.3858114828244175,0.15815239589224891,1.8458417849898578,1.8458417849898578,3.291208791208791,3.0,1,1.7652649109273213,0.0,1.7652649109273213,-8.234735089072679,8.234735089072679,8.0
2026-03-12,afternoon,5,54,15.0,3.0,2026-03-13 05:00:00+03:00,4,3,0,13.0,5.0,4.0,7.428571428571429,3.552329886011092,13.0,0.0,0.0,0.0,1.542372881355932,9.0,-0.7071067811865475,-0.7071067811865477,28.0,0.5357142857142857,medium,2.1353135313531353,2.313692209602312,3.2527472527472527,2.4487851897705966,0.29712413849118896,3.056847545219638,3.056847545219638,9.747252747252748,6.0,1,6.781046271826133,0.0,6.781046271826133,-8.218953728173867,8.218953728173867,8.0
2026-02-11,lunch,4,69,39.0,4.0,2026-02-12 04:00:00+03:00,3,2,0,37.0,33.0,49.0,44.714285714285715,9.214377998799568,56.0,0.0,0.0,0.0,0.809375,-12.0,1.2246467991473532e-16,-1.0,127.0,0.30708661417322836,mega,25.709899175068745,15.187584008448223,49.92032967032967,11.401837554339034,0.32250586815508425,0.7266253034799028,1.0997572160776907,-12.920329670329672,65.0,0,47.32319340477195,-0.11747166515155427,47.205721739620394,8.205721739620394,8.205721739620394,35.0
2026-03-28,lunch,4,69,50.0,4.0,2026-03-29 04:00:00+03:00,6,3,1,52.0,30.0,59.0,41.142857142857146,12.60196507730136,59.0,0.0,0.0,0.0,1.2338983050847456,-7.0,1.2246467991473532e-16,-1.0,165.0,0.30303030303030304,mega,25.709899175068745,15.187584008448223,49.92032967032967,11.401837554339034,0.32250586815508425,1.0212031292149986,1.15867278122471,2.0796703296703285,65.0,0,58.598246831988256,-0.39473925954532507,58.20350757244293,8.20350757244293,8.20350757244293,35.0
2026-04-09,afternoon,5,16,10.0,3.0,2026-04-10 05:00:00+03:00,4,4,0,10.0,10.0,9.0,9.714285714285714,3.1997023671109233,16.0,0.0,0.0,0.0,0.9333333333333333,1.0,-0.7071067811865475,-0.7071067811865477,53.0,0.18867924528301888,medium,0.9839449541284404,1.150939531486101,1.1928374655647382,1.135199470644021,0.20261772968384537,4.560301507537688,7.296482412060302,8.807162534435262,3.0,1,1.8400529498569231,0.0,1.8400529498569231,-8.159947050143076,8.159947050143076,8.0
2026-04-04,afternoon,5,16,10.0,3.0,2026-04-05 05:00:00+03:00,6,4,1,6.0,9.0,3.0,6.0,2.645751311064589,10.0,0.0,0.0,0.0,0.8571428571428571,3.0,-0.7071067811865475,-0.7071067811865477,56.0,0.17857142857142858,medium,0.9839449541284404,1.150939531486101,1.1928374655647382,1.135199470644021,0.20261772968384537,2.7361809045226133,4.560301507537688,4.807162534435262,3.0,1,1.8425555640503701,0.0,1.8425555640503701,-8.15744443594963,8.15744443594963,8.0
2026-02-27,afternoon,5,69,37.0,3.0,2026-02-28 05:00:00+03:00,5,2,1,30.0,22.0,24.0,27.0,7.23417813807022,37.0,0.0,0.0,0.0,1.0714285714285714,6.0,-0.7071067811865475,-0.7071067811865477,184.0,0.20108695652173914,mega,25.709899175068745,15.187584008448223,27.587912087912088,6.784804528364688,0.17970958977163476,1.049394580049971,1.2942533153949645,2.4120879120879124,36.0,1,28.866240424632068,0.0,28.866240424632068,-8.133759575367932,8.133759575367932,35.0
2026-01-30,morning,3,18,18.0,2.0,2026-01-31 03:00:00+03:00,5,1,1,6.0,7.0,15.0,9.285714285714286,3.988077469754307,15.0,0.0,0.0,0.0,0.5833333333333333,-9.0,0.7071067811865476,-0.7071067811865475,58.0,0.3103448275862069,medium,6.109124254928932,5.453053535091321,6.545454545454546,4.194181710535974,0.15181598308203162,0.7951807228915663,1.9879518072289155,-0.5454545454545459,12.0,1,9.87076261604409,0.0,9.87076261604409,-8.12923738395591,8.12923738395591,8.0
2026-04-09,lunch,4,4,38.0,4.0,2026-04-10 04:00:00+03:00,4,4,0,38.0,24.0,22.0,26.285714285714285,6.395683067879611,38.0,0.0,0.0,0.0,1.3926701570680629,16.0,1.2246467991473532e-16,-1.0,88.0,0.4318181818181818,mega,12.723424723424724,8.703156453277504,27.208791208791208,6.88395184651641,0.37716923282176296,1.3470977795091548,1.3470977795091548,10.791208791208792,36.0,1,30.217443888526986,-0.33358602867963094,29.883857859847357,-8.116142140152643,8.116142140152643,35.0
2026-01-28,afternoon,5,18,14.0,3.0,2026-01-29 05:00:00+03:00,3,1,0,3.0,6.0,3.0,5.142857142857143,2.544836041121413,9.0,0.0,0.0,0.0,0.4883720930232558,0.0,-0.7071067811865475,-0.7071067811865477,40.0,0.35,medium,6.109124254928932,5.453053535091321,6.892857142857143,3.904091739459271,0.17091446361139118,0.38009049773755654,1.1402714932126696,-3.8928571428571432,12.0,1,5.9047104425717905,0.0,5.9047104425717905,-8.09528955742821,8.09528955742821,8.0
2026-02-12,lunch,4,54,13.0,4.0,2026-02-13 04:00:00+03:00,4,2,0,5.0,6.0,7.0,5.571428571428571,2.299068134204439,8.0,0.0,0.0,0.0,0.7608695652173914,-2.0,1.2246467991473532e-16,-1.0,25.0,0.52,medium,2.1353135313531353,2.313692209602312,2.9917355371900825,2.2193120273223412,0.28604169726316175,1.2525879917184266,2.0041407867494825,2.0082644628099175,6.0,1,4.92656080797511,0.0,4.92656080797511,-8.073439192024889,8.073439192024889,8.0
2026-03-14,lunch,4,99,40.0,4.0,2026-03-15 04:00:00+03:00,6,3,1,37.0,44.0,50.0,35.857142857142854,9.529403119268403,50.0,0.0,0.0,0.0,1.003875968992248,-13.0,1.2246467991473532e-16,-1.0,126.0,0.31746031746031744,mega,17.65933202357564,12.423628976413019,40.497252747252745,7.979484240247015,0.3282854062396855,0.8916252896391924,1.2048990400529627,-3.4972527472527446,50.0,0,48.92897402035835,-0.8642107389772221,48.06476328138113,8.064763281381133,8.064763281381133,35.0
2026-02-12,lunch,4,37,21.0,4.0,2026-02-13 04:00:00+03:00,4,2,0,12.0,13.0,16.0,12.285714285714286,1.8898223650460746,16.0,0.0,0.0,0.0,0.9032258064516129,-4.0,1.2246467991473532e-16,-1.0,29.0,0.7241379310344828,medium,4.2158570119156735,4.037725090920908,10.324175824175825,3.792027032582001,0.4077077915187296,1.0596797671033478,1.412906356137797,1.6758241758241752,15.0,1,12.939171283223715,0.0,12.939171283223715,-8.060828716776285,8.060828716776285,8.0
2026-03-08,lunch,4,434,27.0,4.0,2026-03-09 04:00:00+03:00,0,3,0,20.0,15.0,15.0,16.142857142857142,4.259443290250162,23.0,0.0,0.0,0.0,1.1666666666666667,5.0,1.2246467991473532e-16,-1.0,63.0,0.42857142857142855,high,7.621359223300971,6.761882045397149,16.980392156862745,6.830783838121162,0.3594009148733045,1.1123227917121046,1.2791712104689203,3.019607843137255,24.0,1,18.959950219786823,0.0,18.959950219786823,-8.040049780213177,8.040049780213177,22.0
2026-02-13,morning,3,16,10.0,2.0,2026-02-14 03:00:00+03:00,5,2,1,11.0,9.0,0.0,4.714285714285714,4.3094580368566735,11.0,0.0,0.0,0.0,1.925,11.0,0.7071067811865476,-0.7071067811865475,43.0,0.23255813953488372,medium,0.9839449541284404,1.150939531486101,0.6942148760330579,0.8294607368174448,0.11431756948285873,6.492682926829269,6.492682926829269,10.305785123966942,2.0,1,1.9669831342771646,0.0,1.9669831342771646,-8.033016865722836,8.033016865722836,8.0
2026-03-07,deep_night,0,11,35.0,6.0,2026-03-08 00:00:00+03:00,6,3,1,25.0,25.0,24.0,19.571428571428573,8.791229395580235,27.0,0.0,0.0,0.0,1.2152777777777777,1.0,0.0,1.0,44.0,0.7954545454545454,mega,11.908256880733944,9.470112751506083,20.730027548209367,8.806317217055936,0.5661038391866547,1.1504817444219066,1.2425202839756593,4.269972451790633,31.0,1,26.967575735895494,0.0,26.967575735895494,-8.032424264104506,8.032424264104506,35.0
2026-03-07,afternoon,5,102,9.0,3.0,2026-03-08 05:00:00+03:00,6,3,1,1.0,3.0,5.0,2.5714285714285716,2.2253945610567474,6.0,0.0,0.0,0.0,0.27999999999999997,-4.0,-0.7071067811865475,-0.7071067811865477,25.0,0.36,medium,0.587891296869625,0.956071224538298,0.7994505494505495,1.0632346950846052,0.15115252574043783,0.5557251908396946,3.334351145038168,0.2005494505494505,2.0,1,0.9849705599761602,0.0,0.9849705599761602,-8.01502944002384,8.01502944002384,8.0
2026-01-27,lunch,4,37,19.0,4.0,2026-01-28 04:00:00+03:00,2,1,0,15.0,10.0,13.0,11.571428571428571,3.7796447300922478,15.0,0.0,0.0,0.0,1.1931818181818181,2.0,1.2246467991473532e-16,-1.0,41.0,0.4634146341463415,medium,4.2158570119156735,4.037725090920908,10.324175824175825,3.792027032582001,0.4077077915187296,1.3245997088791848,1.3245997088791848,4.675824175824175,15.0,1,11.008775606801732,0.0,11.008775606801732,-7.991224393198268,7.991224393198268,8.0
2026-02-23,lunch,4,6,34.0,4.0,2026-02-24 04:00:00+03:00,1,2,0,15.0,22.0,30.0,25.142857142857142,5.580578567035664,31.0,0.0,0.0,0.0,0.5737704918032787,-15.0,1.2246467991473532e-16,-1.0,91.0,0.37362637362637363,high,10.223521320495186,7.858411454975636,25.560439560439562,7.174655102463964,0.31008066999141487,0.5647496896979727,1.1671493587091435,-10.560439560439562,34.0,1,26.01038718695711,0.0,26.01038718695711,-7.989612813042889,7.989612813042889,22.0
2026-03-21,lunch,4,30,36.0,4.0,2026-03-22 04:00:00+03:00,6,3,1,28.0,14.0,21.0,22.428571428571427,4.577377082170654,28.0,0.0,0.0,0.0,1.1951219512195124,7.0,1.2246467991473532e-16,-1.0,85.0,0.4235294117647059,mega,13.703483043079743,8.347813742646773,27.502747252747252,6.67320559196118,0.33448548715889054,0.9823614457831326,0.9823614457831326,0.49725274725274815,35.69999999999999,1,28.25571306923431,-0.19736063999839076,28.05835242923592,-7.941647570764079,7.941647570764079,35.0
2026-02-26,dinner,6,54,12.0,3.0,2026-02-27 06:00:00+03:00,4,2,0,1.0,5.0,14.0,8.0,6.271629240742253,19.0,0.0,0.0,0.0,0.1111111111111111,-13.0,-1.0,-1.8369701987210297e-16,21.0,0.5714285714285714,medium,2.1353135313531353,2.313692209602312,3.2115384615384617,2.4250253689062604,0.3076139596782138,0.2374429223744292,4.511415525114155,-2.2115384615384617,6.0,1,4.074675277476208,0.0,4.074675277476208,-7.925324722523792,7.925324722523792,8.0
2026-02-10,lunch,4,4,37.0,4.0,2026-02-11 04:00:00+03:00,2,2,0,28.0,36.0,25.0,27.285714285714285,6.369570517030843,36.0,0.0,0.0,0.0,0.98989898989899,3.0,1.2246467991473532e-16,-1.0,79.0,0.46835443037974683,mega,12.723424723424724,8.703156453277504,27.208791208791208,6.88395184651641,0.37716923282176296,0.9925983638488508,1.276197896377094,0.791208791208792,36.0,1,29.35581317968277,-0.2226662819166358,29.133146897766135,-7.866853102233865,7.866853102233865,35.0
2026-02-19,dinner,6,16,10.0,3.0,2026-02-20 06:00:00+03:00,4,2,0,7.0,6.0,11.0,7.714285714285714,2.42997158517582,11.0,0.0,0.0,0.0,0.8032786885245901,-4.0,-1.0,-1.8369701987210297e-16,33.0,0.30303030303030304,medium,0.9839449541284404,1.150939531486101,1.5164835164835164,1.35948975489591,0.24700166286704747,2.7816593886462884,4.37117903930131,5.483516483516484,4.0,1,2.138126790560748,0.0,2.138126790560748,-7.861873209439252,7.861873209439252,8.0
2026-03-10,lunch,4,142,19.0,4.0,2026-03-11 04:00:00+03:00,2,3,0,10.0,4.0,12.0,8.0,2.9999999999999987,12.0,0.0,0.0,0.0,1.1111111111111112,-2.0,1.2246467991473532e-16,-1.0,33.0,0.5757575757575758,medium,4.23006416131989,3.624165403205612,9.288461538461538,4.106271337026147,0.360800260700566,0.9719626168224299,1.1663551401869159,0.7115384615384617,14.0,1,11.138673151344967,0.0,11.138673151344967,-7.8613268486550325,7.8613268486550325,8.0
2026-03-07,dinner,6,54,13.0,3.0,2026-03-08 06:00:00+03:00,6,3,1,7.0,5.0,8.0,4.857142857142857,3.2366943748507397,8.0,0.0,0.0,0.0,1.1951219512195124,-1.0,-1.0,-1.8369701987210297e-16,40.0,0.325,medium,2.1353135313531353,2.313692209602312,3.2115384615384617,2.4250253689062604,0.3076139596782138,1.6621004566210045,1.8995433789954337,3.7884615384615383,6.0,1,5.151642158655566,0.0,5.151642158655566,-7.848357841344434,7.848357841344434,8.0
2026-02-12,dinner,6,16,11.0,3.0,2026-02-13 06:00:00+03:00,4,2,0,17.0,11.0,3.0,8.571428571428571,5.996030432909836,17.0,0.0,0.0,0.0,1.7761194029850746,14.0,-1.0,-1.8369701987210297e-16,57.0,0.19298245614035087,medium,0.9839449541284404,1.150939531486101,1.5164835164835164,1.35948975489591,0.24700166286704747,6.755458515283843,6.755458515283843,15.483516483516484,4.0,1,3.1606526689263696,0.0,3.1606526689263696,-7.839347331073631,7.839347331073631,8.0
2026-04-12,dinner,6,16,10.0,3.0,2026-04-13 06:00:00+03:00,0,4,0,15.0,8.0,12.0,10.285714285714286,3.03942350423484,15.0,0.0,0.0,0.0,1.3291139240506329,3.0,-1.0,-1.8369701987210297e-16,36.0,0.2777777777777778,medium,0.9839449541284404,1.150939531486101,1.5164835164835164,1.35948975489591,0.24700166286704747,5.960698689956332,5.960698689956332,13.483516483516484,4.0,1,2.1617641788465654,0.0,2.1617641788465654,-7.838235821153434,7.838235821153434,8.0
2026-04-07,afternoon,5,16,10.0,3.0,2026-04-08 05:00:00+03:00,2,4,0,16.0,7.0,6.0,9.142857142857142,3.4846602621858485,16.0,0.0,0.0,0.0,1.5774647887323945,10.0,-0.7071067811865475,-0.7071067811865477,32.0,0.3125,medium,0.9839449541284404,1.150939531486101,1.1928374655647382,1.135199470644021,0.20261772968384537,7.296482412060302,7.296482412060302,14.807162534435262,3.0,1,2.179374365043608,0.0,2.179374365043608,-7.820625634956392,7.820625634956392,8.0
2026-03-26,lunch,4,123,23.0,4.0,2026-03-27 04:00:00+03:00,4,3,0,30.0,31.0,25.0,26.857142857142858,6.466028441750314,35.0,0.0,0.0,0.0,1.0769230769230769,5.0,1.2246467991473532e-16,-1.0,50.0,0.46,high,9.529330889092575,10.038386270221814,26.01923076923077,8.949331720839782,0.4426367956090107,1.1103202846975089,1.295373665480427,3.98076923076923,36.0,0,30.786988117631736,0.0,30.786988117631736,7.786988117631736,7.786988117631736,22.0
2026-02-20,lunch,4,16,11.0,4.0,2026-02-21 04:00:00+03:00,5,2,1,12.0,7.0,17.0,10.714285714285714,4.0296519996266715,17.0,0.0,0.0,0.0,1.024390243902439,-5.0,1.2246467991473532e-16,-1.0,34.0,0.3235294117647059,medium,0.9839449541284404,1.150939531486101,1.721763085399449,1.284091001690495,0.30067772753723165,4.4089068825910935,6.245951417004049,10.278236914600551,3.0,1,3.214984474980475,0.0,3.214984474980475,-7.785015525019525,7.785015525019525,8.0
2026-03-31,lunch,4,35,38.0,4.0,2026-04-01 04:00:00+03:00,2,4,0,36.0,28.0,26.0,28.571428571428573,5.5334480768366925,36.0,0.0,0.0,0.0,1.217391304347826,10.0,1.2246467991473532e-16,-1.0,78.0,0.48717948717948717,mega,12.99404216315307,8.966106707239911,27.76098901098901,6.366710522390032,0.3561335102986236,1.2516954818989396,1.2516954818989396,8.239010989010989,37.0,1,30.792870497889144,-0.5706541047458589,30.222216393143285,-7.777783606856715,7.777783606856715,35.0
2026-03-12,opening,1,479,16.0,2.0,2026-03-13 01:00:00+03:00,4,3,0,14.0,9.0,7.0,7.714285714285714,4.111540089159038,14.0,0.0,0.0,0.0,1.6065573770491801,7.0,0.7071067811865475,0.7071067811865476,44.0,0.36363636363636365,medium,4.030946702068614,7.26952048693661,4.4715430016863404,7.26952048693661,0.08346337542980571,2.558693223407944,2.558693223407944,9.52845699831366,12.0,1,8.234906757891716,0.0,8.234906757891716,-7.765093242108284,7.765093242108284,8.0
2026-04-12,dinner,6,54,12.0,3.0,2026-04-13 06:00:00+03:00,0,4,0,12.0,11.0,11.0,10.571428571428571,2.636736799982286,13.0,0.0,0.0,0.0,1.037037037037037,1.0,-1.0,-1.8369701987210297e-16,29.0,0.41379310344827586,medium,2.1353135313531353,2.313692209602312,3.2115384615384617,2.4250253689062604,0.3076139596782138,2.8493150684931505,3.08675799086758,8.788461538461538,6.0,1,4.23517979910335,0.0,4.23517979910335,-7.76482020089665,7.76482020089665,8.0
2026-03-26,dinner,6,16,10.0,3.0,2026-03-27 06:00:00+03:00,4,3,0,7.0,5.0,8.0,5.571428571428571,1.7182493859684471,8.0,0.0,0.0,0.0,1.065217391304348,-1.0,-1.0,-1.8369701987210297e-16,34.0,0.29411764705882354,medium,0.9839449541284404,1.150939531486101,1.5164835164835164,1.35948975489591,0.24700166286704747,2.7816593886462884,3.1790393013100435,5.483516483516484,4.0,1,2.245929113044062,0.0,2.245929113044062,-7.7540708869559385,7.7540708869559385,8.0
2026-04-09,lunch,4,14,26.0,4.0,2026-04-10 04:00:00+03:00,4,4,0,16.0,12.0,8.0,14.428571428571429,3.8668308667927533,20.0,0.0,0.0,0.0,1.037037037037037,8.0,1.2246467991473532e-16,-1.0,57.0,0.45614035087719296,high,8.976897689768977,6.080682518563457,18.424242424242426,4.409515911174649,0.4121223874637316,0.8237129485179406,1.029641185647426,-2.4242424242424256,24.0,1,18.247923792332887,0.0,18.247923792332887,-7.752076207667113,7.752076207667113,22.0
2026-03-11,lunch,4,123,37.0,4.0,2026-03-12 04:00:00+03:00,3,3,0,27.0,30.0,28.0,25.0,6.244997998398424,32.0,0.0,0.0,0.0,1.0384615384615385,-1.0,1.2246467991473532e-16,-1.0,66.0,0.5606060606060606,high,9.529330889092575,10.038386270221814,26.01923076923077,8.949331720839782,0.4426367956090107,0.999288256227758,1.184341637010676,0.98076923076923,36.0,1,29.254717869812758,0.0,29.254717869812758,-7.745282130187242,7.745282130187242,22.0
2026-02-26,lunch,4,101,23.0,4.0,2026-02-27 04:00:00+03:00,4,2,0,7.0,14.0,17.0,13.857142857142858,3.9339789623471866,18.0,0.0,0.0,0.0,0.47115384615384615,-10.0,1.2246467991473532e-16,-1.0,50.0,0.46,high,7.729605866177819,5.750763658040518,16.97252747252747,4.423118975685863,0.3662322135926719,0.38948333842861516,1.0015285845307247,-9.97252747252747,23.0,1,15.258226396635576,0.0,15.258226396635576,-7.7417736033644236,7.7417736033644236,22.0
2026-03-28,morning,3,69,38.0,2.0,2026-03-29 03:00:00+03:00,6,3,1,25.0,17.0,25.0,19.714285714285715,4.111540089159026,25.0,0.0,0.0,0.0,1.206896551724138,0.0,0.7071067811865476,-0.7071067811865475,165.0,0.23030303030303031,mega,25.709899175068745,15.187584008448223,24.203856749311296,7.893439929724803,0.1552006687630663,0.991911684337086,0.991911684337086,0.7961432506887043,35.80000000000001,1,30.263828875609192,0.0,30.263828875609192,-7.736171124390808,7.736171124390808,35.0
2026-01-30,lunch,4,29,47.0,4.0,2026-01-31 04:00:00+03:00,5,1,1,35.0,32.0,36.0,34.57142857142857,4.825527358301329,44.0,0.0,0.0,0.0,0.9839357429718876,-1.0,1.2246467991473532e-16,-1.0,113.0,0.415929203539823,mega,16.77201257861635,11.447047939359384,39.06611570247934,7.990742783350609,0.33541085213730065,0.8735561056105611,1.0981848184818483,-4.066115702479337,49.0,0,39.7977217945475,-0.5268924870998412,39.270829307447656,-7.729170692552344,7.729170692552344,35.0
2026-02-09,lunch,4,123,23.0,4.0,2026-02-10 04:00:00+03:00,1,2,0,29.0,20.0,26.0,27.714285714285715,4.535573676110737,34.0,0.0,0.0,0.0,1.0099502487562189,3.0,1.2246467991473532e-16,-1.0,62.0,0.3709677419354839,high,9.529330889092575,10.038386270221814,26.01923076923077,8.949331720839782,0.4426367956090107,1.0733096085409253,1.2583629893238433,2.98076923076923,36.0,0,30.721528607559325,0.0,30.721528607559325,7.721528607559325,7.721528607559325,22.0
2026-03-27,lunch,4,69,52.0,4.0,2026-03-28 04:00:00+03:00,5,3,1,30.0,49.0,61.0,42.42857142857143,14.246135649795713,61.0,0.0,0.0,0.0,0.6907894736842105,-31.0,1.2246467991473532e-16,-1.0,156.0,0.3333333333333333,mega,25.709899175068745,15.187584008448223,49.92032967032967,11.401837554339034,0.32250586815508425,0.5891556514701916,1.197949824656056,-19.92032967032967,65.0,0,59.68039534302958,0.03476562361601545,59.7151609666456,7.715160966645598,7.715160966645598,35.0
2026-01-25,opening,1,5,12.0,2.0,2026-01-26 01:00:00+03:00,0,1,0,1.0,5.0,12.0,8.571428571428571,4.237025012007963,13.0,0.0,0.0,0.0,0.1044776119402985,-11.0,0.7071067811865475,0.7071067811865476,28.0,0.42857142857142855,medium,2.9972480220158237,3.8581158362573085,8.991735537190083,4.639779716685801,0.35198888511523774,0.1000827129859388,1.3010752688172043,-7.991735537190083,15.0,0,4.305693546008746,0.0,4.305693546008746,-7.694306453991254,7.694306453991254,8.0
2026-02-14,dinner,6,16,11.0,3.0,2026-02-15 06:00:00+03:00,6,2,1,6.0,11.0,6.0,10.428571428571429,4.391550328268394,17.0,0.0,0.0,0.0,0.525,0.0,-1.0,-1.8369701987210297e-16,36.0,0.3055555555555556,medium,0.9839449541284404,1.150939531486101,1.5164835164835164,1.35948975489591,0.24700166286704747,2.3842794759825328,6.755458515283843,4.483516483516484,4.0,1,3.314722730857476,0.0,3.314722730857476,-7.685277269142524,7.685277269142524,8.0
2026-03-21,dinner,6,54,12.0,3.0,2026-03-22 06:00:00+03:00,6,3,1,0.0,6.0,8.0,6.857142857142857,3.6709931185158053,12.0,0.0,0.0,0.0,0.0,-8.0,-1.0,-1.8369701987210297e-16,17.0,0.7058823529411765,medium,2.1353135313531353,2.313692209602312,3.2115384615384617,2.4250253689062604,0.3076139596782138,0.0,2.8493150684931505,-3.2115384615384617,6.0,1,4.347486067281233,0.0,4.347486067281233,-7.652513932718767,7.652513932718767,8.0
2026-04-10,lunch,4,6,31.0,4.0,2026-04-11 04:00:00+03:00,5,4,1,25.0,28.0,18.0,26.428571428571427,5.159365040297899,35.0,0.0,0.0,0.0,0.9114583333333334,7.0,1.2246467991473532e-16,-1.0,89.0,0.34831460674157305,high,10.223521320495186,7.858411454975636,25.560439560439562,7.174655102463964,0.31008066999141487,0.9412494828299545,1.3177492759619363,-0.560439560439562,34.0,0,23.353930763003934,0.0,23.353930763003934,-7.646069236996066,7.646069236996066,22.0
2026-04-10,morning,3,16,10.0,2.0,2026-04-11 03:00:00+03:00,5,4,1,7.0,5.0,9.0,7.0,1.9148542155126722,10.0,0.0,0.0,0.0,0.875,-2.0,0.7071067811865476,-0.7071067811865475,61.0,0.16393442622950818,medium,0.9839449541284404,1.150939531486101,0.6942148760330579,0.8294607368174448,0.11431756948285873,4.131707317073171,5.902439024390244,6.305785123966942,2.0,1,2.356101013129403,0.0,2.356101013129403,-7.643898986870597,7.643898986870597,8.0
2026-04-04,morning,3,16,10.0,2.0,2026-04-05 03:00:00+03:00,6,4,1,9.0,4.0,6.0,4.142857142857143,3.3380918415851193,9.0,0.0,0.0,0.0,1.7499999999999998,3.0,0.7071067811865476,-0.7071067811865475,56.0,0.17857142857142858,medium,0.9839449541284404,1.150939531486101,0.6942148760330579,0.8294607368174448,0.11431756948285873,5.31219512195122,5.31219512195122,8.305785123966942,2.0,1,2.3754869330217154,0.0,2.3754869330217154,-7.624513066978285,7.624513066978285,8.0
2026-02-06,lunch,4,99,41.0,4.0,2026-02-07 04:00:00+03:00,5,2,1,40.0,38.0,47.0,38.57142857142857,5.5933634144147435,47.0,0.0,0.0,0.0,1.0108303249097474,-7.0,1.2246467991473532e-16,-1.0,123.0,0.3333333333333333,mega,17.65933202357564,12.423628976413019,40.497252747252745,7.979484240247015,0.3282854062396855,0.9639192320423702,1.132605097649785,-0.4972527472527446,50.0,0,49.15148500407534,-0.5727339311068498,48.57875107296849,7.578751072968487,7.578751072968487,35.0
2026-01-24,lunch,4,69,64.0,4.0,2026-01-25 04:00:00+03:00,6,1,1,60.0,42.0,57.0,45.0,9.916316520428992,60.0,0.0,0.0,0.0,1.3043478260869565,3.0,1.2246467991473532e-16,-1.0,174.0,0.367816091954023,mega,25.709899175068745,15.187584008448223,49.92032967032967,11.401837554339034,0.32250586815508425,1.178311302940383,1.178311302940383,10.079670329670328,65.0,0,55.69830027623893,0.7806172214095382,56.47891749764847,-7.521082502351533,7.521082502351533,35.0
2026-02-05,lunch,4,35,36.0,4.0,2026-02-06 04:00:00+03:00,4,2,0,26.0,22.0,30.0,26.285714285714285,5.186980037050646,32.0,0.0,0.0,0.0,0.9528795811518325,-4.0,1.2246467991473532e-16,-1.0,85.0,0.4235294117647059,mega,12.99404216315307,8.966106707239911,27.76098901098901,6.366710522390032,0.3561335102986236,0.9040022924825676,1.1126182061323908,-1.760989010989011,37.0,0,28.62085936189431,-0.1341326396320995,28.486726722262212,-7.513273277737788,7.513273277737788,35.0
2026-03-21,lunch,4,16,11.0,4.0,2026-03-22 04:00:00+03:00,6,3,1,15.0,9.0,15.0,11.571428571428571,2.760262237369414,15.0,0.0,0.0,0.0,1.1931818181818181,0.0,1.2246467991473532e-16,-1.0,31.0,0.3548387096774194,medium,0.9839449541284404,1.150939531486101,1.721763085399449,1.284091001690495,0.30067772753723165,5.511133603238866,5.511133603238866,13.278236914600551,3.0,1,3.4902160967861673,0.0,3.4902160967861673,-7.509783903213833,7.509783903213833,8.0
2026-03-22,lunch,4,69,38.0,4.0,2026-03-23 04:00:00+03:00,0,3,0,59.0,61.0,36.0,49.714285714285715,9.013217807092827,61.0,0.0,0.0,0.0,1.1633802816901408,23.0,1.2246467991473532e-16,-1.0,117.0,0.3247863247863248,mega,25.709899175068745,15.187584008448223,49.92032967032967,11.401837554339034,0.32250586815508425,1.15867278122471,1.197949824656056,9.079670329670328,65.0,0,45.81267819924929,-0.31442655456183716,45.49825164468746,7.498251644687457,7.498251644687457,35.0
2026-04-12,afternoon,5,16,9.0,3.0,2026-04-13 05:00:00+03:00,0,4,0,8.0,12.0,7.0,10.428571428571429,2.9358214555806406,16.0,0.0,0.0,0.0,0.7,1.0,-0.7071067811865475,-0.7071067811865477,36.0,0.25,medium,0.9839449541284404,1.150939531486101,1.1928374655647382,1.135199470644021,0.20261772968384537,3.648241206030151,7.296482412060302,6.807162534435262,3.0,1,1.5073696578635651,0.0,1.5073696578635651,-7.492630342136435,7.492630342136435,8.0
2026-03-25,afternoon,5,16,9.0,3.0,2026-03-26 05:00:00+03:00,3,3,0,8.0,8.0,4.0,6.142857142857143,1.7728105208558336,8.0,0.0,0.0,0.0,1.1199999999999999,4.0,-0.7071067811865475,-0.7071067811865477,28.0,0.32142857142857145,medium,0.9839449541284404,1.150939531486101,1.1928374655647382,1.135199470644021,0.20261772968384537,3.648241206030151,3.648241206030151,6.807162534435262,3.0,1,1.5074322623679475,0.0,1.5074322623679475,-7.4925677376320525,7.4925677376320525,8.0
2026-01-27,afternoon,5,54,10.0,3.0,2026-01-28 05:00:00+03:00,2,1,0,2.0,4.0,4.0,5.142857142857143,4.099941927579436,13.0,0.0,0.0,0.0,0.3255813953488372,-2.0,-0.7071067811865475,-0.7071067811865477,25.0,0.4,medium,2.1353135313531353,2.313692209602312,3.2527472527472527,2.4487851897705966,0.29712413849118896,0.4702842377260982,3.056847545219638,-1.2527472527472527,6.0,1,2.547129193343537,0.0,2.547129193343537,-7.452870806656463,7.452870806656463,8.0
2026-02-20,lunch,4,47,13.0,4.0,2026-02-21 04:00:00+03:00,5,2,1,9.0,19.0,10.0,10.142857142857142,5.145501965424805,19.0,0.0,0.0,0.0,0.8076923076923077,-1.0,1.2246467991473532e-16,-1.0,18.0,0.7222222222222222,medium,2.1574023115024765,2.162834723516841,4.81267217630854,2.4000815524754775,0.44135599903644834,1.548341232227488,3.2687203791469193,4.18732782369146,8.0,1,5.5582086451511445,0.0,5.5582086451511445,-7.4417913548488555,7.4417913548488555,8.0
2026-03-16,lunch,4,16,10.0,4.0,2026-03-17 04:00:00+03:00,1,3,0,8.0,15.0,9.0,9.571428571428571,3.1547394428670237,15.0,0.0,0.0,0.0,0.7567567567567568,-1.0,1.2246467991473532e-16,-1.0,31.0,0.3225806451612903,medium,0.9839449541284404,1.150939531486101,1.721763085399449,1.284091001690495,0.30067772753723165,2.9392712550607287,5.511133603238866,6.278236914600551,3.0,1,2.5747355548831288,0.0,2.5747355548831288,-7.425264445116872,7.425264445116872,8.0
2026-02-27,afternoon,5,16,9.0,3.0,2026-02-28 05:00:00+03:00,5,2,1,0.0,1.0,9.0,4.142857142857143,3.625307868699861,9.0,0.0,0.0,0.0,0.0,-9.0,-0.7071067811865475,-0.7071067811865477,35.0,0.2571428571428571,medium,0.9839449541284404,1.150939531486101,1.1928374655647382,1.135199470644021,0.20261772968384537,0.0,4.1042713567839195,-1.1928374655647382,3.0,1,1.5961344157317672,0.0,1.5961344157317672,-7.403865584268233,7.403865584268233,8.0
2026-03-04,lunch,4,69,55.0,4.0,2026-03-05 04:00:00+03:00,3,3,0,65.0,53.0,36.0,50.42857142857143,13.189100839419677,65.0,0.0,0.0,0.0,1.2638888888888888,29.0,1.2246467991473532e-16,-1.0,181.0,0.30386740331491713,mega,25.709899175068745,15.187584008448223,49.92032967032967,11.401837554339034,0.32250586815508425,1.2765039115187482,1.2765039115187482,15.079670329670328,65.0,0,48.38334721265322,-0.7861385563208718,47.59720865633235,-7.402791343667651,7.402791343667651,35.0
2026-02-23,afternoon,5,16,9.0,3.0,2026-02-24 05:00:00+03:00,1,2,0,4.0,2.0,2.0,5.285714285714286,3.545621041711671,11.0,0.0,0.0,0.0,0.6363636363636364,2.0,-0.7071067811865475,-0.7071067811865477,30.0,0.3,medium,0.9839449541284404,1.150939531486101,1.1928374655647382,1.135199470644021,0.20261772968384537,1.8241206030150754,5.016331658291457,2.8071625344352618,3.0,1,1.6021704988976164,0.0,1.6021704988976164,-7.397829501102383,7.397829501102383,8.0
2026-03-31,dinner,6,54,11.0,3.0,2026-04-01 06:00:00+03:00,2,4,0,6.0,6.0,3.0,4.714285714285714,2.288688541085306,7.0,0.0,0.0,0.0,1.05,3.0,-1.0,-1.8369701987210297e-16,21.0,0.5238095238095238,medium,2.1353135313531353,2.313692209602312,3.2115384615384617,2.4250253689062604,0.3076139596782138,1.4246575342465753,1.6621004566210045,2.7884615384615383,6.0,1,3.6106556572602915,0.0,3.6106556572602915,-7.389344342739708,7.389344342739708,8.0
2026-02-22,lunch,4,54,13.0,4.0,2026-02-23 04:00:00+03:00,0,2,0,6.0,12.0,9.0,10.142857142857142,3.1320159337914926,15.0,0.0,0.0,0.0,0.5384615384615384,-3.0,1.2246467991473532e-16,-1.0,29.0,0.4482758620689655,medium,2.1353135313531353,2.313692209602312,2.9917355371900825,2.2193120273223412,0.28604169726316175,1.503105590062112,3.75776397515528,3.0082644628099175,6.0,1,5.630685954970922,0.0,5.630685954970922,-7.369314045029078,7.369314045029078,8.0
2026-03-24,lunch,4,69,36.0,4.0,2026-03-25 04:00:00+03:00,2,3,0,24.0,38.0,44.0,47.0,13.063945294843608,61.0,0.0,0.0,0.0,0.5,-20.0,1.2246467991473532e-16,-1.0,120.0,0.3,mega,25.709899175068745,15.187584008448223,49.92032967032967,11.401837554339034,0.32250586815508425,0.4713245211761532,1.197949824656056,-25.92032967032967,65.0,0,43.36361098674029,-0.014630980155644947,43.34898000658465,7.348980006584647,7.348980006584647,35.0
2026-04-03,lunch,4,54,10.0,4.0,2026-04-04 04:00:00+03:00,5,4,1,7.0,3.0,1.0,3.0,2.3094010767584856,7.0,0.0,0.0,0.0,1.75,6.0,1.2246467991473532e-16,-1.0,32.0,0.3125,medium,2.1353135313531353,2.313692209602312,2.9917355371900825,2.2193120273223412,0.28604169726316175,1.7536231884057971,1.7536231884057971,4.008264462809917,6.0,1,2.662005925416326,0.0,2.662005925416326,-7.3379940745836745,7.3379940745836745,8.0
2026-01-28,lunch,4,99,41.0,4.0,2026-01-29 04:00:00+03:00,3,1,0,28.0,41.0,43.0,40.42857142857143,7.546680127869495,52.0,0.0,0.0,0.0,0.6758620689655173,-15.0,1.2246467991473532e-16,-1.0,110.0,0.37272727272727274,mega,17.65933202357564,12.423628976413019,40.497252747252745,7.979484240247015,0.3282854062396855,0.6747434624296591,1.2530950016550813,-12.497252747252745,50.0,0,33.70745082084158,-0.03272221508946287,33.674728605752115,-7.325271394247885,7.325271394247885,35.0
2026-03-08,lunch,4,6,22.0,4.0,2026-03-09 04:00:00+03:00,0,3,0,22.0,25.0,25.0,24.857142857142858,3.387652649872942,30.0,0.0,0.0,0.0,0.8508287292817679,-3.0,1.2246467991473532e-16,-1.0,77.0,0.2857142857142857,high,10.223521320495186,7.858411454975636,25.560439560439562,7.174655102463964,0.31008066999141487,0.82829954489036,1.1294993793959454,-3.560439560439562,34.0,0,29.302194235456202,0.0,29.302194235456202,7.302194235456202,7.302194235456202,22.0
2026-02-25,lunch,4,126,34.0,4.0,2026-02-26 04:00:00+03:00,3,2,0,28.0,31.0,41.0,24.428571428571427,12.313368654395417,41.0,0.0,0.0,0.0,1.101123595505618,-13.0,1.2246467991473532e-16,-1.0,69.0,0.4927536231884058,high,8.943396226415095,8.296270027256874,23.39669421487603,7.377896665537009,0.36997738876250647,1.1476964769647697,1.6805555555555556,4.603305785123968,33.0,1,26.704028099075984,0.0,26.704028099075984,-7.295971900924016,7.295971900924016,22.0
2026-03-27,lunch,4,99,35.0,4.0,2026-03-28 04:00:00+03:00,5,3,1,34.0,33.0,32.0,34.714285714285715,5.089672082242658,46.0,0.0,0.0,0.0,0.952,2.0,1.2246467991473532e-16,-1.0,115.0,0.30434782608695654,mega,17.65933202357564,12.423628976413019,40.497252747252745,7.979484240247015,0.3282854062396855,0.8193313472360146,1.1085071168487257,-6.497252747252745,50.0,0,42.45189942335697,-0.16243308039258808,42.28946634296438,7.289466342964381,7.289466342964381,35.0
2026-04-09,morning,3,36,8.0,2.0,2026-04-10 03:00:00+03:00,4,4,0,1.0,0.0,1.0,1.1428571428571428,1.0690449676496965,3.0,0.0,0.0,0.0,0.4666666666666667,0.0,0.7071067811865476,-0.7071067811865475,24.0,0.3333333333333333,medium,0.6623853211009174,1.0286210725260059,0.7162534435261708,0.9250565231098333,0.17062071017970135,0.5826645264847512,1.7479935794542534,0.2837465564738292,2.0,1,0.742067580807221,0.0,0.742067580807221,-7.2579324191927785,7.2579324191927785,8.0
2026-03-05,lunch,4,123,24.0,4.0,2026-03-06 04:00:00+03:00,4,3,0,28.0,27.0,32.0,28.857142857142858,4.775931721614526,36.0,0.0,0.0,0.0,0.937799043062201,-4.0,1.2246467991473532e-16,-1.0,47.0,0.5106382978723404,high,9.529330889092575,10.038386270221814,26.01923076923077,8.949331720839782,0.4426367956090107,1.0362989323843417,1.3323843416370107,1.98076923076923,36.0,0,31.250306889951936,0.0,31.250306889951936,7.250306889951936,7.250306889951936,22.0
2026-04-11,lunch,4,54,17.0,4.0,2026-04-12 04:00:00+03:00,6,4,1,20.0,15.0,9.0,9.428571428571429,5.968169536721255,20.0,0.0,0.0,0.0,1.917808219178082,11.0,1.2246467991473532e-16,-1.0,50.0,0.34,medium,2.1353135313531353,2.313692209602312,2.9917355371900825,2.2193120273223412,0.28604169726316175,5.010351966873706,5.010351966873706,17.00826446280992,6.0,1,9.767598253292551,0.0,9.767598253292551,-7.232401746707449,7.232401746707449,8.0
2026-03-22,lunch,4,123,35.0,4.0,2026-03-23 04:00:00+03:00,0,3,0,17.0,20.0,32.0,25.571428571428573,5.349677337844581,32.0,0.0,0.0,0.0,0.6397849462365591,-15.0,1.2246467991473532e-16,-1.0,60.0,0.5833333333333334,high,9.529330889092575,10.038386270221814,26.01923076923077,8.949331720839782,0.4426367956090107,0.6291814946619216,1.184341637010676,-9.01923076923077,36.0,0,27.77256390055322,0.0,27.77256390055322,-7.227436099446781,7.227436099446781,22.0
2026-01-24,lunch,4,434,26.0,4.0,2026-01-25 04:00:00+03:00,6,1,1,25.0,15.0,20.0,18.428571428571427,5.968169536721261,26.0,0.0,0.0,0.0,1.286764705882353,5.0,1.2246467991473532e-16,-1.0,78.0,0.3333333333333333,high,7.621359223300971,6.761882045397149,16.980392156862745,6.830783838121162,0.3594009148733045,1.390403489640131,1.4460196292257361,8.019607843137255,24.0,1,18.77470857007216,0.0,18.77470857007216,-7.2252914299278395,7.2252914299278395,22.0
2026-03-05,dinner,6,69,47.0,3.0,2026-03-06 06:00:00+03:00,4,3,0,35.0,49.0,42.0,37.714285714285715,6.701101544131494,49.0,0.0,0.0,0.0,0.9040590405904059,-7.0,-1.0,-1.8369701987210297e-16,196.0,0.23979591836734693,mega,25.709899175068745,15.187584008448223,30.986263736263737,7.0934205573178035,0.20237672346557325,1.094219702825732,1.531907583956025,4.013736263736263,40.0,1,39.78604189139141,0.0,39.78604189139141,-7.213958108608587,7.213958108608587,35.0
2026-03-05,dinner,6,125,9.0,3.0,2026-03-06 06:00:00+03:00,4,3,0,4.0,0.0,1.0,1.7142857142857142,1.889822365046135,4.0,0.0,0.0,0.0,1.4736842105263157,3.0,-1.0,-1.8369701987210297e-16,16.0,0.5625,medium,0.9830706363105662,1.4319675227622701,1.3956043956043955,1.5347516799466558,0.27764357309036314,1.6697247706422018,1.6697247706422018,2.6043956043956045,4.0,1,1.7904184816027762,0.0,1.7904184816027762,-7.209581518397224,7.209581518397224,8.0
2026-04-10,lunch,4,136,9.0,3.0,2026-04-11 04:00:00+03:00,5,4,1,9.0,0.0,1.0,2.0,3.265986323710904,9.0,0.0,0.0,0.0,3.0,8.0,1.2246467991473532e-16,-1.0,15.0,0.6,medium,0.7015851137146796,1.0737579365813086,0.8453038674033149,1.3390957139919233,0.21486779794790845,4.877245508982036,4.877245508982036,8.154696132596685,3.0,1,1.7945218769831512,0.0,1.7945218769831512,-7.2054781230168485,7.2054781230168485,8.0
2026-04-03,morning,3,16,9.0,2.0,2026-04-04 03:00:00+03:00,5,4,1,4.0,0.0,7.0,3.857142857142857,2.9113897843110026,7.0,0.0,0.0,0.0,0.8235294117647058,-3.0,0.7071067811865476,-0.7071067811865475,43.0,0.20930232558139536,medium,0.9839449541284404,1.150939531486101,0.6942148760330579,0.8294607368174448,0.11431756948285873,2.360975609756098,4.131707317073171,3.3057851239669422,2.0,1,1.8048496821837205,0.0,1.8048496821837205,-7.19515031781628,7.19515031781628,8.0
2026-04-06,dinner,6,54,13.0,3.0,2026-04-07 06:00:00+03:00,1,4,0,11.0,12.0,6.0,10.428571428571429,2.8784916685156756,14.0,0.0,0.0,0.0,0.9625,5.0,-1.0,-1.8369701987210297e-16,26.0,0.5,medium,2.1353135313531353,2.313692209602312,3.2115384615384617,2.4250253689062604,0.3076139596782138,2.6118721461187215,3.324200913242009,7.788461538461538,6.0,1,5.805237258835995,0.0,5.805237258835995,-7.194762741164005,7.194762741164005,8.0
2026-02-13,dinner,6,139,8.0,3.0,2026-02-14 06:00:00+03:00,5,2,1,1.0,1.0,1.0,0.7142857142857143,0.7559289460184544,2.0,0.0,0.0,0.0,0.5833333333333333,0.0,-1.0,-1.8369701987210297e-16,16.0,0.5,low,0.28473177441540576,0.657489566091835,0.37637362637362637,0.6750916949999366,0.20111064530707387,0.7265469061876247,1.4530938123752495,0.6236263736263736,1.0,1,0.844378920220117,0.0,0.844378920220117,-7.155621079779883,7.155621079779883,1.0
2026-01-24,afternoon,5,38,8.0,3.0,2026-01-25 05:00:00+03:00,6,1,1,2.0,2.0,1.0,0.7142857142857143,0.9511897312113311,2.0,0.0,0.0,0.0,1.1666666666666665,1.0,-0.7071067811865475,-0.7071067811865477,20.0,0.4,medium,2.3802752293577982,3.6892704924960964,1.2947658402203857,2.678675795911735,0.05547874701675055,0.8715486194477792,0.8715486194477792,0.7052341597796143,5.0,1,0.8612060442449244,0.0,0.8612060442449244,-7.138793955755076,7.138793955755076,8.0
2026-03-16,late_evening,7,38,13.0,2.0,2026-03-17 07:00:00+03:00,1,3,0,3.0,5.0,5.0,4.714285714285714,2.563479777846617,10.0,0.0,0.0,0.0,0.525,-2.0,-0.7071067811865477,0.7071067811865474,16.0,0.8125,medium,2.3802752293577982,3.6892704924960964,5.648351648351649,2.37815413927747,0.49001862516438244,0.4512396694214876,1.5041322314049586,-2.6483516483516487,9.0,1,5.864597226507654,0.0,5.864597226507654,-7.135402773492346,7.135402773492346,8.0
2026-02-17,lunch,4,1,20.0,4.0,2026-02-18 04:00:00+03:00,2,2,0,11.0,16.0,12.0,12.428571428571429,2.370453040886413,16.0,0.0,0.0,0.0,0.8191489361702128,-1.0,1.2246467991473532e-16,-1.0,35.0,0.5714285714285714,medium,4.8180943214629455,4.2007427440961616,11.460055096418733,4.104360569877324,0.41188275422050785,0.8828211364138846,1.2841034711474684,-0.4600550964187331,17.0,1,12.901347090751067,0.0,12.901347090751067,-7.098652909248933,7.098652909248933,8.0
2026-03-09,afternoon,5,69,38.0,3.0,2026-03-10 05:00:00+03:00,1,3,0,35.0,29.0,29.0,30.285714285714285,6.074928962939537,38.0,0.0,0.0,0.0,1.1187214611872147,6.0,-0.7071067811865475,-0.7071067811865477,160.0,0.2375,mega,25.709899175068745,15.187584008448223,27.587912087912088,6.784804528364688,0.17970958977163476,1.2242936767249664,1.3292331347299635,7.412087912087912,36.0,1,30.921873894116636,0.0,30.921873894116636,-7.0781261058833636,7.0781261058833636,35.0
2026-02-19,dinner,6,38,15.0,3.0,2026-02-20 06:00:00+03:00,4,2,0,8.0,3.0,7.0,6.285714285714286,2.138089935299401,9.0,0.0,0.0,0.0,1.0980392156862746,1.0,-1.0,-1.8369701987210297e-16,22.0,0.6818181818181818,medium,2.3802752293577982,3.6892704924960964,5.818681318681318,3.6499869681766577,0.41647984853532405,1.1732473811442385,1.3199033037872683,2.1813186813186816,10.0,1,7.922991757972953,0.0,7.922991757972953,-7.077008242027047,7.077008242027047,8.0
2026-03-02,opening,1,479,13.0,2.0,2026-03-03 01:00:00+03:00,1,3,0,8.0,4.0,8.0,6.714285714285714,2.6903708365381975,11.0,0.0,0.0,0.0,1.037037037037037,0.0,0.7071067811865475,0.7071067811865476,16.0,0.8125,medium,4.030946702068614,7.26952048693661,4.4715430016863404,7.26952048693661,0.08346337542980571,1.462110413375968,2.010401818391956,3.5284569983136596,12.0,1,5.935791920652654,0.0,5.935791920652654,-7.064208079347346,7.064208079347346,8.0
2026-02-04,lunch,4,1,20.0,4.0,2026-02-05 04:00:00+03:00,3,2,0,12.0,16.0,9.0,11.142857142857142,3.287784027201877,16.0,0.0,0.0,0.0,0.9882352941176471,3.0,1.2246467991473532e-16,-1.0,34.0,0.5882352941176471,medium,4.8180943214629455,4.2007427440961616,11.460055096418733,4.104360569877324,0.41188275422050785,0.9630776033606013,1.2841034711474684,0.5399449035812669,17.0,1,12.941046446921417,0.0,12.941046446921417,-7.058953553078583,7.058953553078583,8.0
2026-02-13,dinner,6,301,9.0,3.0,2026-02-14 06:00:00+03:00,5,2,1,5.0,1.0,4.0,1.7142857142857142,1.9760470401187067,5.0,0.0,0.0,0.0,1.8421052631578947,1.0,-1.0,-1.8369701987210297e-16,21.0,0.42857142857142855,medium,0.5520446096654275,1.0809494112288665,0.8066914498141264,1.4115038494910714,0.13881229262270153,2.7674897119341564,2.7674897119341564,4.193308550185874,3.0,1,1.9487790683402386,0.0,1.9487790683402386,-7.051220931659762,7.051220931659762,8.0
2026-02-01,dinner,6,54,11.0,3.0,2026-02-02 06:00:00+03:00,0,2,0,7.0,11.0,3.0,6.285714285714286,3.4982989063393646,11.0,0.0,0.0,0.0,0.9607843137254902,4.0,-1.0,-1.8369701987210297e-16,26.0,0.4230769230769231,medium,2.1353135313531353,2.313692209602312,3.2115384615384617,2.4250253689062604,0.3076139596782138,1.6621004566210045,2.6118721461187215,3.7884615384615383,6.0,1,3.9834607527640595,0.0,3.9834607527640595,-7.01653924723594,7.01653924723594,8.0
2026-02-11,lunch,4,25,25.0,4.0,2026-02-12 04:00:00+03:00,3,2,0,16.0,21.0,14.0,15.428571428571429,4.825527358301303,22.0,0.0,0.0,0.0,0.9739130434782608,2.0,1.2246467991473532e-16,-1.0,48.0,0.5208333333333334,high,7.156736938588451,5.584595796433097,15.87087912087912,5.024165108521969,0.36929438528740477,0.9483797427129133,1.3040221462302557,0.12912087912087955,21.69999999999999,1,17.9929615920761,0.0,17.9929615920761,-7.0070384079239005,7.0070384079239005,22.0
2026-02-27,lunch,4,54,11.0,4.0,2026-02-28 04:00:00+03:00,5,2,1,3.0,3.0,12.0,7.428571428571429,4.197504927816951,13.0,0.0,0.0,0.0,0.3559322033898305,-9.0,1.2246467991473532e-16,-1.0,33.0,0.3333333333333333,medium,2.1353135313531353,2.313692209602312,2.9917355371900825,2.2193120273223412,0.28604169726316175,0.751552795031056,3.256728778467909,0.00826446280991755,6.0,1,3.9977371951776846,0.0,3.9977371951776846,-7.0022628048223154,7.0022628048223154,8.0
2026-02-23,lunch,4,69,38.0,4.0,2026-02-24 04:00:00+03:00,1,2,0,37.0,38.0,60.0,53.57142857142857,14.740614447359858,73.0,0.0,0.0,0.0,0.6780104712041886,-23.0,1.2246467991473532e-16,-1.0,150.0,0.25333333333333335,mega,25.709899175068745,15.187584008448223,49.92032967032967,11.401837554339034,0.32250586815508425,0.7266253034799028,1.4336120852441328,-12.920329670329672,65.0,0,44.99617302247909,-0.00428588240502169,44.99188714007407,6.99188714007407,6.99188714007407,35.0
2026-03-10,lunch,4,69,42.0,4.0,2026-03-11 04:00:00+03:00,2,3,0,48.0,72.0,65.0,61.0,11.254628677422783,73.0,0.0,0.0,0.0,0.7741935483870968,-17.0,1.2246467991473532e-16,-1.0,155.0,0.2709677419354839,mega,25.709899175068745,15.187584008448223,49.92032967032967,11.401837554339034,0.32250586815508425,0.9426490423523064,1.4336120852441328,-1.9203296703296715,65.0,0,48.94436964328528,0.04556526812760171,48.98993491141288,6.989934911412881,6.989934911412881,35.0
2026-02-13,afternoon,5,69,37.0,3.0,2026-02-14 05:00:00+03:00,5,2,1,38.0,25.0,27.0,25.857142857142858,5.785861256216766,38.0,0.0,0.0,0.0,1.4148936170212765,11.0,-0.7071067811865475,-0.7071067811865477,224.0,0.16517857142857142,mega,25.709899175068745,15.187584008448223,27.587912087912088,6.784804528364688,0.17970958977163476,1.3292331347299635,1.3292331347299635,10.412087912087912,36.0,1,30.012416763571768,0.0,30.012416763571768,-6.987583236428232,6.987583236428232,35.0
2026-01-29,dinner,6,54,11.0,3.0,2026-01-30 06:00:00+03:00,4,1,0,4.0,5.0,3.0,5.571428571428571,3.552329886011093,12.0,0.0,0.0,0.0,0.6086956521739131,1.0,-1.0,-1.8369701987210297e-16,27.0,0.4074074074074074,medium,2.1353135313531353,2.313692209602312,3.2115384615384617,2.4250253689062604,0.3076139596782138,0.9497716894977168,2.8493150684931505,0.7884615384615383,6.0,1,4.021568405057727,0.0,4.021568405057727,-6.978431594942273,6.978431594942273,8.0
2026-02-21,lunch,4,99,42.0,4.0,2026-02-22 04:00:00+03:00,6,2,1,55.0,43.0,45.0,43.142857142857146,6.491753010001009,55.0,0.0,0.0,0.0,1.2459546925566343,10.0,1.2246467991473532e-16,-1.0,116.0,0.3620689655172414,mega,17.65933202357564,12.423628976413019,40.497252747252745,7.979484240247015,0.3282854062396855,1.325388944058259,1.325388944058259,14.502747252747255,50.0,0,49.57929364338908,-0.6060375142108495,48.97325612917823,6.973256129178232,6.973256129178232,35.0
2026-03-05,dinner,6,38,15.0,3.0,2026-03-06 06:00:00+03:00,4,3,0,5.0,8.0,10.0,8.428571428571429,2.572750982712409,13.0,0.0,0.0,0.0,0.5303030303030303,-5.0,-1.0,-1.8369701987210297e-16,22.0,0.6818181818181818,medium,2.3802752293577982,3.6892704924960964,5.818681318681318,3.6499869681766577,0.41647984853532405,0.7332796132151491,1.9065269943593877,-0.8186813186813184,10.0,1,8.03860061464529,0.0,8.03860061464529,-6.96139938535471,6.96139938535471,8.0
2026-02-20,afternoon,5,16,9.0,3.0,2026-02-21 05:00:00+03:00,5,2,1,3.0,11.0,5.0,5.428571428571429,2.878491668515695,11.0,0.0,0.0,0.0,0.4666666666666667,-2.0,-0.7071067811865475,-0.7071067811865477,34.0,0.2647058823529412,medium,0.9839449541284404,1.150939531486101,1.1928374655647382,1.135199470644021,0.20261772968384537,1.3680904522613067,5.016331658291457,1.8071625344352618,3.0,1,2.0396127417319567,0.0,2.0396127417319567,-6.960387258268043,6.960387258268043,8.0
2026-03-28,lunch,4,16,10.0,4.0,2026-03-29 04:00:00+03:00,6,3,1,13.0,9.0,11.0,9.428571428571429,2.9358214555806375,13.0,0.0,0.0,0.0,1.2465753424657533,2.0,1.2246467991473532e-16,-1.0,28.0,0.35714285714285715,medium,0.9839449541284404,1.150939531486101,1.721763085399449,1.284091001690495,0.30067772753723165,4.776315789473684,4.776315789473684,11.278236914600551,3.0,1,3.0439634816624968,0.0,3.0439634816624968,-6.956036518337504,6.956036518337504,8.0
2026-04-05,lunch,4,126,33.0,4.0,2026-04-06 04:00:00+03:00,0,4,0,16.0,16.0,22.0,21.285714285714285,3.860668582611273,26.0,0.0,0.0,0.0,0.717948717948718,-6.0,1.2246467991473532e-16,-1.0,85.0,0.38823529411764707,high,8.943396226415095,8.296270027256874,23.39669421487603,7.377896665537009,0.36997738876250647,0.6558265582655827,1.065718157181572,-7.396694214876032,33.0,1,26.052075522209822,0.0,26.052075522209822,-6.947924477790178,6.947924477790178,22.0
2026-04-04,morning,3,18,19.0,2.0,2026-04-05 03:00:00+03:00,6,4,1,12.0,6.0,11.0,7.142857142857143,3.1320159337914895,12.0,0.0,0.0,0.0,1.473684210526316,1.0,0.7071067811865476,-0.7071067811865475,63.0,0.30158730158730157,medium,6.109124254928932,5.453053535091321,6.545454545454546,4.194181710535974,0.15181598308203162,1.5903614457831325,1.5903614457831325,5.454545454545454,12.0,1,12.062915348772217,0.0,12.062915348772217,-6.937084651227783,6.937084651227783,8.0
2026-02-15,lunch,4,115,30.0,4.0,2026-02-16 04:00:00+03:00,0,2,0,16.0,23.0,13.0,21.714285714285715,5.154748157905333,26.0,0.0,0.0,0.0,0.7044025157232704,3.0,1.2246467991473532e-16,-1.0,69.0,0.43478260869565216,high,8.859724950884086,7.0585746120055335,21.186813186813186,5.342613320180643,0.3419472329595375,0.7211490837048044,1.1718672610203071,-5.186813186813186,28.0,1,23.092903017511283,0.0,23.092903017511283,-6.907096982488717,6.907096982488717,22.0
2026-04-06,lunch,4,69,52.0,4.0,2026-04-07 04:00:00+03:00,1,4,0,43.0,76.0,32.0,51.142857142857146,15.92093560304137,76.0,0.0,0.0,0.0,0.8246575342465753,11.0,1.2246467991473532e-16,-1.0,157.0,0.33121019108280253,mega,25.709899175068745,15.187584008448223,49.92032967032967,11.401837554339034,0.32250586815508425,0.8444564337739412,1.4925276503911518,-6.9203296703296715,65.0,0,45.40063378653658,-0.30000000000000004,45.100633786536584,-6.899366213463416,6.899366213463416,35.0
2026-02-01,lunch,4,47,14.0,4.0,2026-02-02 04:00:00+03:00,0,2,0,7.0,10.0,8.0,7.0,1.8257418583505611,10.0,0.0,0.0,0.0,0.875,-1.0,1.2246467991473532e-16,-1.0,21.0,0.6666666666666666,medium,2.1574023115024765,2.162834723516841,4.81267217630854,2.4000815524754775,0.44135599903644834,1.2042654028436017,1.7203791469194312,2.1873278236914597,8.0,1,7.1009780985212245,0.0,7.1009780985212245,-6.8990219014787755,6.8990219014787755,8.0
2026-04-02,afternoon,5,16,9.0,3.0,2026-04-03 05:00:00+03:00,4,4,0,10.0,6.0,5.0,5.571428571428571,2.3704530408864057,10.0,0.0,0.0,0.0,1.5217391304347827,5.0,-0.7071067811865475,-0.7071067811865477,38.0,0.23684210526315788,medium,0.9839449541284404,1.150939531486101,1.1928374655647382,1.135199470644021,0.20261772968384537,4.560301507537688,4.560301507537688,8.807162534435262,3.0,1,2.1017265821893574,0.0,2.1017265821893574,-6.898273417810643,6.898273417810643,8.0
2026-01-25,lunch,4,10,23.0,4.0,2026-01-26 04:00:00+03:00,0,1,0,19.0,16.0,20.0,18.857142857142858,4.059087394500205,25.0,0.0,0.0,0.0,0.9568345323741007,-1.0,1.2246467991473532e-16,-1.0,44.0,0.5227272727272727,high,6.580926180651078,5.576694893105304,15.826446280991735,5.457537267559647,0.3959618663932895,1.1291748526522594,1.4857563850687623,3.1735537190082646,23.0,1,16.12011717782885,0.0,16.12011717782885,-6.879882822171151,6.879882822171151,22.0
2026-02-18,lunch,4,54,12.0,4.0,2026-02-19 04:00:00+03:00,3,2,0,7.0,10.0,5.0,9.857142857142858,3.3876526498728388,15.0,0.0,0.0,0.0,0.6447368421052632,2.0,1.2246467991473532e-16,-1.0,26.0,0.46153846153846156,medium,2.1353135313531353,2.313692209602312,2.9917355371900825,2.2193120273223412,0.28604169726316175,1.7536231884057971,3.75776397515528,4.008264462809917,6.0,1,5.120598314989322,0.0,5.120598314989322,-6.879401685010678,6.879401685010678,8.0
2026-02-01,lunch,4,8,43.0,4.0,2026-02-02 04:00:00+03:00,0,2,0,34.0,32.0,44.0,31.571428571428573,7.742892285985992,44.0,0.0,0.0,0.0,1.0438596491228072,-10.0,1.2246467991473532e-16,-1.0,100.0,0.43,mega,14.99803536345776,11.147682695162223,34.80494505494506,8.197821234921355,0.33131290749065806,0.9495895035678661,1.2288805340290032,-0.8049450549450583,44.0,0,36.557614285870464,-0.4255330496686472,36.13208123620182,-6.86791876379818,6.86791876379818,35.0
2026-02-13,afternoon,5,301,8.0,3.0,2026-02-14 05:00:00+03:00,5,2,1,3.0,1.0,2.0,1.5714285714285714,0.786795792469443,3.0,0.0,0.0,0.0,1.1666666666666667,1.0,-0.7071067811865475,-0.7071067811865477,21.0,0.38095238095238093,medium,0.5520446096654275,1.0809494112288665,0.6171003717472119,1.0919675147735655,0.12317070579152364,1.8551724137931034,1.8551724137931034,2.382899628252788,2.0,1,1.1340417555167093,0.0,1.1340417555167093,-6.8659582444832905,6.8659582444832905,8.0
2026-01-28,lunch,4,123,28.0,4.0,2026-01-29 04:00:00+03:00,3,1,0,29.0,36.0,40.0,29.142857142857142,7.537209285241048,40.0,0.0,0.0,0.0,0.9620853080568721,-11.0,1.2246467991473532e-16,-1.0,48.0,0.5833333333333334,high,9.529330889092575,10.038386270221814,26.01923076923077,8.949331720839782,0.4426367956090107,1.0733096085409253,1.480427046263345,2.98076923076923,36.0,0,21.16196275163361,0.0,21.16196275163361,-6.8380372483663905,6.8380372483663905,22.0
2026-01-28,afternoon,5,142,11.0,3.0,2026-01-29 05:00:00+03:00,3,1,0,5.0,4.0,3.0,3.5714285714285716,2.3704530408864106,6.0,0.0,0.0,0.0,1.09375,2.0,-0.7071067811865475,-0.7071067811865477,34.0,0.3235294117647059,medium,4.23006416131989,3.624165403205612,4.46978021978022,2.300238089495953,0.17717440952700472,0.9141135107985936,1.0969362129583125,0.5302197802197801,8.0,1,4.177370194844984,0.0,4.177370194844984,-6.822629805155016,6.822629805155016,8.0
2026-04-02,lunch,4,16,10.0,4.0,2026-04-03 04:00:00+03:00,4,4,0,13.0,6.0,9.0,9.285714285714286,2.927700218845598,13.0,0.0,0.0,0.0,1.2638888888888888,4.0,1.2246467991473532e-16,-1.0,38.0,0.2631578947368421,medium,0.9839449541284404,1.150939531486101,1.721763085399449,1.284091001690495,0.30067772753723165,4.776315789473684,4.776315789473684,11.278236914600551,3.0,1,3.177678416425202,0.0,3.177678416425202,-6.822321583574798,6.822321583574798,8.0
2026-04-08,dinner,6,16,9.0,3.0,2026-04-09 06:00:00+03:00,3,4,0,7.0,8.0,8.0,8.857142857142858,1.8644544714716016,12.0,0.0,0.0,0.0,0.7101449275362318,-1.0,-1.0,-1.8369701987210297e-16,50.0,0.18,medium,0.9839449541284404,1.150939531486101,1.5164835164835164,1.35948975489591,0.24700166286704747,2.7816593886462884,4.7685589519650655,5.483516483516484,4.0,1,2.1801944642519464,0.0,2.1801944642519464,-6.819805535748054,6.819805535748054,8.0
2026-02-13,lunch,4,30,40.0,4.0,2026-02-14 04:00:00+03:00,5,2,1,33.0,24.0,34.0,28.714285714285715,6.210590034081203,36.0,0.0,0.0,0.0,1.1105769230769231,-1.0,1.2246467991473532e-16,-1.0,126.0,0.31746031746031744,mega,13.703483043079743,8.347813742646773,27.502747252747252,6.67320559196118,0.33448548715889054,1.1577831325301204,1.2630361445783134,5.497252747252748,35.69999999999999,1,33.66652905218987,-0.47081168158647024,33.195717370603404,-6.804282629396596,6.804282629396596,35.0
2026-04-11,morning,3,16,9.0,2.0,2026-04-12 03:00:00+03:00,6,4,1,10.0,7.0,10.0,7.142857142857143,2.1157009420498114,10.0,0.0,0.0,0.0,1.2280701754385965,0.0,0.7071067811865476,-0.7071067811865475,54.0,0.16666666666666666,medium,0.9839449541284404,1.150939531486101,0.6942148760330579,0.8294607368174448,0.11431756948285873,5.902439024390244,5.902439024390244,9.305785123966942,2.0,1,2.2424053255719736,0.0,2.2424053255719736,-6.757594674428026,6.757594674428026,8.0
2026-02-15,lunch,4,142,18.0,4.0,2026-02-16 04:00:00+03:00,0,2,0,9.0,7.0,16.0,9.571428571428571,3.6903993847614474,16.0,0.0,0.0,0.0,0.8513513513513514,-7.0,1.2246467991473532e-16,-1.0,40.0,0.45,medium,4.23006416131989,3.624165403205612,9.288461538461538,4.106271337026147,0.360800260700566,0.874766355140187,1.5551401869158878,-0.2884615384615383,14.0,1,11.247551493416278,0.0,11.247551493416278,-6.752448506583722,6.752448506583722,8.0
2026-03-07,lunch,4,7,36.0,4.0,2026-03-08 04:00:00+03:00,6,3,1,38.0,30.0,19.0,28.428571428571427,6.704653678780198,38.0,0.0,0.0,0.0,1.2912621359223302,19.0,1.2246467991473532e-16,-1.0,121.0,0.2975206611570248,mega,12.872377020983832,6.9762070291099025,25.81267217630854,6.227115387092842,0.2507803114805857,1.4172403164491936,1.4172403164491936,12.187327823691462,33.0,1,29.8570999738057,-0.5988873913929195,29.258212582412778,-6.741787417587222,6.741787417587222,35.0
2026-02-14,lunch,4,14,26.0,4.0,2026-02-15 04:00:00+03:00,6,2,1,17.0,22.0,17.0,18.428571428571427,3.690399384761436,23.0,0.0,0.0,0.0,0.8750000000000001,0.0,1.2246467991473532e-16,-1.0,52.0,0.5,high,8.976897689768977,6.080682518563457,18.424242424242426,4.409515911174649,0.4121223874637316,0.8751950078003119,1.1840873634945397,-1.4242424242424256,24.0,1,19.261319993908383,0.0,19.261319993908383,-6.7386800060916165,6.7386800060916165,22.0
2026-04-09,late_evening,7,54,8.0,2.0,2026-04-10 07:00:00+03:00,4,4,0,2.0,3.0,3.0,2.142857142857143,0.6900655593423559,3.0,0.0,0.0,0.0,0.6363636363636364,-1.0,-0.7071067811865477,0.7071067811865474,50.0,0.16,medium,2.1353135313531353,2.313692209602312,1.0302197802197801,1.2777687836659837,0.09105979507192521,0.9851150202976996,1.4776725304465494,0.9697802197802199,2.0,1,1.2938908220980379,0.0,1.2938908220980379,-6.706109177901962,6.706109177901962,8.0
2026-03-22,afternoon,5,142,12.0,3.0,2026-03-23 05:00:00+03:00,0,3,0,7.0,3.0,5.0,4.428571428571429,1.397276262011548,7.0,0.0,0.0,0.0,1.2894736842105263,2.0,-0.7071067811865475,-0.7071067811865477,35.0,0.34285714285714286,medium,4.23006416131989,3.624165403205612,4.46978021978022,2.300238089495953,0.17717440952700472,1.279758915118031,1.279758915118031,2.53021978021978,8.0,1,5.295320602328847,0.0,5.295320602328847,-6.704679397671153,6.704679397671153,8.0
2026-04-09,afternoon,5,54,12.0,3.0,2026-04-10 05:00:00+03:00,4,4,0,9.0,10.0,6.0,6.571428571428571,2.5727509827123964,10.0,0.0,0.0,0.0,1.1886792452830188,3.0,-0.7071067811865475,-0.7071067811865477,50.0,0.24,medium,2.1353135313531353,2.313692209602312,3.2527472527472527,2.4487851897705966,0.29712413849118896,2.116279069767442,2.351421188630491,5.747252747252747,6.0,1,5.305585917571041,0.0,5.305585917571041,-6.694414082428959,6.694414082428959,8.0
2026-03-08,dinner,6,69,42.0,3.0,2026-03-09 06:00:00+03:00,0,3,0,27.0,30.0,40.0,37.42857142857143,8.303757038376098,49.0,0.0,0.0,0.0,0.7026022304832713,-13.0,-1.0,-1.8369701987210297e-16,210.0,0.2,mega,25.709899175068745,15.187584008448223,30.986263736263737,7.0934205573178035,0.20237672346557325,0.8441123421798505,1.531907583956025,-3.986263736263737,40.0,1,35.31618845576601,0.0,35.31618845576601,-6.68381154423399,6.68381154423399,35.0
2026-04-04,dinner,6,20,15.0,3.0,2026-04-05 06:00:00+03:00,6,4,1,9.0,4.0,8.0,5.714285714285714,2.751622897751175,9.0,0.0,0.0,0.0,1.3404255319148937,1.0,-1.0,-1.8369701987210297e-16,40.0,0.375,medium,5.7518037518037515,4.597145761347301,6.623626373626373,2.9817797545504368,0.20426100566691752,1.1805405405405407,1.1805405405405407,2.376373626373627,10.699999999999989,1,8.317282854606699,0.0,8.317282854606699,-6.682717145393301,6.682717145393301,8.0
2026-02-26,lunch,4,16,10.0,4.0,2026-02-27 04:00:00+03:00,4,2,0,7.0,6.0,12.0,11.285714285714286,4.956957592256421,20.0,0.0,0.0,0.0,0.5697674418604651,-5.0,1.2246467991473532e-16,-1.0,23.0,0.43478260869565216,medium,0.9839449541284404,1.150939531486101,1.721763085399449,1.284091001690495,0.30067772753723165,2.5718623481781377,7.348178137651822,5.278236914600551,3.0,1,3.341671725727509,0.0,3.341671725727509,-6.658328274272491,6.658328274272491,8.0
2026-03-22,afternoon,5,16,8.0,3.0,2026-03-23 05:00:00+03:00,0,3,0,5.0,5.0,7.0,4.571428571428571,1.3972762620115378,7.0,0.0,0.0,0.0,0.8974358974358975,-2.0,-0.7071067811865475,-0.7071067811865477,24.0,0.3333333333333333,medium,0.9839449541284404,1.150939531486101,1.1928374655647382,1.135199470644021,0.20261772968384537,2.280150753768844,3.192211055276382,3.8071625344352618,3.0,1,1.3450498936119997,0.0,1.3450498936119997,-6.654950106388,6.654950106388,8.0
2026-03-03,afternoon,5,16,8.0,3.0,2026-03-04 05:00:00+03:00,2,3,0,3.0,6.0,4.0,3.857142857142857,3.023715784073816,9.0,0.0,0.0,0.0,0.6176470588235293,-1.0,-0.7071067811865475,-0.7071067811865477,27.0,0.2962962962962963,medium,0.9839449541284404,1.150939531486101,1.1928374655647382,1.135199470644021,0.20261772968384537,1.3680904522613067,4.1042713567839195,1.8071625344352618,3.0,1,1.3697962320051176,0.0,1.3697962320051176,-6.630203767994883,6.630203767994883,8.0
2026-04-07,afternoon,5,54,10.0,3.0,2026-04-08 05:00:00+03:00,2,4,0,3.0,4.0,3.0,4.857142857142857,1.864454471471614,8.0,0.0,0.0,0.0,0.5121951219512195,0.0,-0.7071067811865475,-0.7071067811865477,25.0,0.4,medium,2.1353135313531353,2.313692209602312,3.2527472527472527,2.4487851897705966,0.29712413849118896,0.7054263565891473,1.8811369509043927,-0.25274725274725274,6.0,1,3.386699162487568,0.0,3.386699162487568,-6.613300837512432,6.613300837512432,8.0
2026-04-10,dinner,6,301,8.0,3.0,2026-04-11 06:00:00+03:00,5,4,1,3.0,1.0,3.0,1.7142857142857142,0.9511897312113421,3.0,0.0,0.0,0.0,1.1052631578947367,0.0,-1.0,-1.8369701987210297e-16,11.0,0.7272727272727273,medium,0.5520446096654275,1.0809494112288665,0.8066914498141264,1.4115038494910714,0.13881229262270153,1.6604938271604939,1.6604938271604939,2.193308550185874,3.0,1,1.3917534741517816,0.0,1.3917534741517816,-6.608246525848219,6.608246525848219,8.0
2026-03-04,lunch,4,37,18.0,4.0,2026-03-05 04:00:00+03:00,3,3,0,9.0,15.0,13.0,9.571428571428571,3.8234863173611022,15.0,0.0,0.0,0.0,0.8513513513513514,-4.0,1.2246467991473532e-16,-1.0,38.0,0.47368421052631576,medium,4.2158570119156735,4.037725090920908,10.324175824175825,3.792027032582001,0.4077077915187296,0.7947598253275109,1.3245997088791848,-1.3241758241758248,15.0,1,11.400408879206797,0.0,11.400408879206797,-6.599591120793203,6.599591120793203,8.0
2026-03-24,afternoon,5,16,8.0,3.0,2026-03-25 05:00:00+03:00,2,3,0,8.0,8.0,3.0,5.428571428571429,1.9023794624226802,8.0,0.0,0.0,0.0,1.2444444444444445,5.0,-0.7071067811865475,-0.7071067811865477,31.0,0.25806451612903225,medium,0.9839449541284404,1.150939531486101,1.1928374655647382,1.135199470644021,0.20261772968384537,3.648241206030151,3.648241206030151,6.807162534435262,3.0,1,1.411066102956636,0.0,1.411066102956636,-6.588933897043364,6.588933897043364,8.0
2026-03-16,opening,1,479,13.0,2.0,2026-03-17 01:00:00+03:00,1,3,0,3.0,3.0,12.0,9.142857142857142,5.145501965424801,16.0,0.0,0.0,0.0,0.29577464788732394,-9.0,0.7071067811865475,0.7071067811865476,18.0,0.7222222222222222,medium,4.030946702068614,7.26952048693661,4.4715430016863404,7.26952048693661,0.08346337542980571,0.548291405015988,2.924220826751936,-1.4715430016863404,12.0,1,6.432355025966569,0.0,6.432355025966569,-6.567644974033431,6.567644974033431,8.0
2026-04-01,dinner,6,54,12.0,3.0,2026-04-02 06:00:00+03:00,3,4,0,11.0,6.0,2.0,5.857142857142857,3.132015933791484,11.0,0.0,0.0,0.0,1.6041666666666667,9.0,-1.0,-1.8369701987210297e-16,21.0,0.5714285714285714,medium,2.1353135313531353,2.313692209602312,3.2115384615384617,2.4250253689062604,0.3076139596782138,2.6118721461187215,2.6118721461187215,7.788461538461538,6.0,1,5.460461824057848,0.0,5.460461824057848,-6.539538175942152,6.539538175942152,8.0
2026-03-22,opening,1,479,11.0,2.0,2026-03-23 01:00:00+03:00,0,3,0,1.0,7.0,3.0,7.857142857142857,4.598136268408881,13.0,0.0,0.0,0.0,0.11290322580645161,-2.0,0.7071067811865475,0.7071067811865476,23.0,0.4782608695652174,medium,4.030946702068614,7.26952048693661,4.4715430016863404,7.26952048693661,0.08346337542980571,0.182763801671996,2.375929421735948,-3.4715430016863404,12.0,0,4.463120786088795,0.0,4.463120786088795,-6.536879213911205,6.536879213911205,8.0
2026-02-27,lunch,4,35,39.0,4.0,2026-02-28 04:00:00+03:00,5,2,1,39.0,28.0,20.0,27.857142857142858,6.517376042257382,39.0,0.0,0.0,0.0,1.3514851485148514,19.0,1.2246467991473532e-16,-1.0,93.0,0.41935483870967744,mega,12.99404216315307,8.966106707239911,27.76098901098901,6.366710522390032,0.3561335102986236,1.3560034387238513,1.3560034387238513,11.239010989010989,37.0,1,33.032203414845426,-0.5654426260065768,32.46676078883885,-6.533239211161153,6.533239211161153,35.0
2026-01-24,lunch,4,6,30.0,4.0,2026-01-25 04:00:00+03:00,6,1,1,35.0,20.0,12.0,25.142857142857142,7.559289460184589,35.0,0.0,0.0,0.0,1.3387978142076502,23.0,1.2246467991473532e-16,-1.0,75.0,0.4,high,10.223521320495186,7.858411454975636,25.560439560439562,7.174655102463964,0.31008066999141487,1.3177492759619363,1.3177492759619363,9.439560439560438,34.0,0,23.480811764573474,0.0,23.480811764573474,-6.519188235426526,6.519188235426526,22.0
2026-03-30,lunch,4,35,36.0,4.0,2026-03-31 04:00:00+03:00,1,3,0,28.0,30.0,29.0,27.571428571428573,4.50396650583843,35.0,0.0,0.0,0.0,0.98,-1.0,1.2246467991473532e-16,-1.0,85.0,0.4235294117647059,mega,12.99404216315307,8.966106707239911,27.76098901098901,6.366710522390032,0.3561335102986236,0.973540930365842,1.2169261629573025,0.23901098901098905,37.0,0,29.792832898081667,-0.3050593781165467,29.48777351996512,-6.5122264800348795,6.5122264800348795,35.0
2026-04-07,opening,1,479,11.0,2.0,2026-04-08 01:00:00+03:00,2,4,0,0.0,9.0,10.0,7.142857142857143,3.5790395093549625,10.0,0.0,0.0,0.0,0.0,-10.0,0.7071067811865475,0.7071067811865476,25.0,0.44,medium,4.030946702068614,7.26952048693661,4.4715430016863404,7.26952048693661,0.08346337542980571,0.0,1.82763801671996,-4.4715430016863404,12.0,0,4.488155401421264,0.0,4.488155401421264,-6.511844598578736,6.511844598578736,8.0
2026-02-18,lunch,4,8,44.0,4.0,2026-02-19 04:00:00+03:00,3,2,0,30.0,39.0,56.0,37.714285714285715,9.860937847796007,56.0,0.0,0.0,0.0,0.7749077490774907,-26.0,1.2246467991473532e-16,-1.0,106.0,0.41509433962264153,mega,14.99803536345776,11.147682695162223,34.80494505494506,8.197821234921355,0.33131290749065806,0.8378730913834113,1.5640297705823676,-4.804945054945058,44.0,1,37.68235603772796,-0.19252382241456795,37.4898322153134,-6.510167784686601,6.510167784686601,35.0
2026-03-20,morning,3,16,9.0,2.0,2026-03-21 03:00:00+03:00,5,3,1,3.0,5.0,7.0,4.857142857142857,1.3451854182690954,7.0,0.0,0.0,0.0,0.5121951219512195,-4.0,0.7071067811865476,-0.7071067811865475,37.0,0.24324324324324326,medium,0.9839449541284404,1.150939531486101,0.6942148760330579,0.8294607368174448,0.11431756948285873,1.7707317073170732,4.131707317073171,2.3057851239669422,2.0,1,2.491810779446744,0.0,2.491810779446744,-6.508189220553255,6.508189220553255,8.0
2026-03-08,lunch,4,123,32.0,4.0,2026-03-09 04:00:00+03:00,0,3,0,14.0,20.0,32.0,25.857142857142858,7.358183005529111,36.0,0.0,0.0,0.0,0.5212765957446809,-18.0,1.2246467991473532e-16,-1.0,45.0,0.7111111111111111,high,9.529330889092575,10.038386270221814,26.01923076923077,8.949331720839782,0.4426367956090107,0.5181494661921708,1.3323843416370107,-12.01923076923077,36.0,0,25.493598374460614,0.0,25.493598374460614,-6.506401625539386,6.506401625539386,22.0
2026-02-08,lunch,4,16,8.0,4.0,2026-02-09 04:00:00+03:00,0,2,0,5.0,7.0,2.0,3.142857142857143,2.115700942049815,7.0,0.0,0.0,0.0,1.2068965517241381,3.0,1.2246467991473532e-16,-1.0,31.0,0.25806451612903225,medium,0.9839449541284404,1.150939531486101,1.721763085399449,1.284091001690495,0.30067772753723165,1.8370445344129556,2.5718623481781377,3.278236914600551,3.0,1,1.5256452965748541,0.0,1.5256452965748541,-6.474354703425146,6.474354703425146,8.0
2026-03-10,lunch,4,6,23.0,4.0,2026-03-11 04:00:00+03:00,2,3,0,29.0,22.0,28.0,25.142857142857142,3.9339789623472994,30.0,0.0,0.0,0.0,1.109289617486339,1.0,1.2246467991473532e-16,-1.0,80.0,0.2875,high,10.223521320495186,7.858411454975636,25.560439560439562,7.174655102463964,0.31008066999141487,1.0918494000827472,1.1294993793959454,3.439560439560438,34.0,0,29.46830195213772,0.0,29.46830195213772,6.468301952137718,6.468301952137718,22.0
2026-03-10,lunch,4,16,9.0,4.0,2026-03-11 04:00:00+03:00,2,3,0,9.0,15.0,8.0,9.285714285714286,3.3022358947782484,15.0,0.0,0.0,0.0,0.8749999999999999,1.0,1.2246467991473532e-16,-1.0,30.0,0.3,medium,0.9839449541284404,1.150939531486101,1.721763085399449,1.284091001690495,0.30067772753723165,3.3066801619433197,5.511133603238866,7.278236914600551,3.0,1,2.533091985836675,0.0,2.533091985836675,-6.466908014163325,6.466908014163325,8.0
2026-01-30,dinner,6,301,8.0,3.0,2026-01-31 06:00:00+03:00,5,1,1,5.0,1.0,2.0,1.8571428571428572,1.772810520855836,5.0,0.0,0.0,0.0,1.75,3.0,-1.0,-1.8369701987210297e-16,14.0,0.5714285714285714,medium,0.5520446096654275,1.0809494112288665,0.8066914498141264,1.4115038494910714,0.13881229262270153,2.7674897119341564,2.7674897119341564,4.193308550185874,3.0,1,1.5383795278209236,0.0,1.5383795278209236,-6.461620472179076,6.461620472179076,8.0
2026-02-23,lunch,4,99,38.0,4.0,2026-02-24 04:00:00+03:00,1,2,0,38.0,42.0,45.0,43.142857142857146,5.928141120356124,55.0,0.0,0.0,0.0,0.86084142394822,-7.0,1.2246467991473532e-16,-1.0,117.0,0.3247863247863248,mega,17.65933202357564,12.423628976413019,40.497252747252745,7.979484240247015,0.3282854062396855,0.9157232704402516,1.325388944058259,-2.4972527472527446,50.0,0,44.575180976374945,-0.11445904348637229,44.460721932888575,6.460721932888575,6.460721932888575,35.0
2026-03-23,afternoon,5,16,8.0,3.0,2026-03-24 05:00:00+03:00,1,3,0,8.0,5.0,3.0,4.714285714285714,1.7043362064926886,8.0,0.0,0.0,0.0,1.4,5.0,-0.7071067811865475,-0.7071067811865477,38.0,0.21052631578947367,medium,0.9839449541284404,1.150939531486101,1.1928374655647382,1.135199470644021,0.20261772968384537,3.648241206030151,3.648241206030151,6.807162534435262,3.0,1,1.555717624381936,0.0,1.555717624381936,-6.444282375618064,6.444282375618064,8.0
2026-04-05,lunch,4,6,35.0,4.0,2026-04-06 04:00:00+03:00,0,4,0,25.0,18.0,28.0,24.428571428571427,5.255382728122507,31.0,0.0,0.0,0.0,0.9831460674157304,-3.0,1.2246467991473532e-16,-1.0,89.0,0.39325842696629215,high,10.223521320495186,7.858411454975636,25.560439560439562,7.174655102463964,0.31008066999141487,0.9412494828299545,1.1671493587091435,-0.560439560439562,34.0,1,28.56260839093218,0.0,28.56260839093218,-6.43739160906782,6.43739160906782,22.0
2026-03-03,afternoon,5,54,11.0,3.0,2026-03-04 05:00:00+03:00,2,3,0,9.0,1.0,10.0,8.142857142857142,4.2594432902501564,14.0,0.0,0.0,0.0,0.984375,-1.0,-0.7071067811865475,-0.7071067811865477,22.0,0.5,medium,2.1353135313531353,2.313692209602312,3.2527472527472527,2.4487851897705966,0.29712413849118896,2.116279069767442,3.2919896640826876,5.747252747252747,6.0,1,4.5628213007923915,0.0,4.5628213007923915,-6.4371786992076085,6.4371786992076085,8.0
2026-03-30,lunch,4,6,22.0,4.0,2026-03-31 04:00:00+03:00,1,3,0,28.0,19.0,31.0,24.714285714285715,4.111540089159124,31.0,0.0,0.0,0.0,1.0888888888888888,-3.0,1.2246467991473532e-16,-1.0,76.0,0.2894736842105263,high,10.223521320495186,7.858411454975636,25.560439560439562,7.174655102463964,0.31008066999141487,1.0541994207695489,1.1671493587091435,2.439560439560438,34.0,0,28.418021537632864,0.0,28.418021537632864,6.418021537632864,6.418021537632864,22.0
2026-03-25,lunch,4,8,42.0,4.0,2026-03-26 04:00:00+03:00,3,3,0,39.0,28.0,30.0,30.571428571428573,4.035556254807314,39.0,0.0,0.0,0.0,1.2352941176470587,9.0,1.2246467991473532e-16,-1.0,112.0,0.375,mega,14.99803536345776,11.147682695162223,34.80494505494506,8.197821234921355,0.33131290749065806,1.0892350187984345,1.0892350187984345,4.195054945054942,44.0,0,36.102128726873254,-0.5114463401267255,35.59068238674653,-6.409317613253471,6.409317613253471,35.0
2026-02-20,lunch,4,99,55.0,4.0,2026-02-21 04:00:00+03:00,5,2,1,43.0,42.0,48.0,42.142857142857146,4.634241089562594,48.0,0.0,0.0,0.0,0.9966887417218543,-5.0,1.2246467991473532e-16,-1.0,126.0,0.4365079365079365,mega,17.65933202357564,12.423628976413019,40.497252747252745,7.979484240247015,0.3282854062396855,1.0362131744455478,1.156703078450844,2.5027472527472554,50.0,1,49.00103950782505,-0.4098197433336037,48.59121976449144,-6.408780235508559,6.408780235508559,35.0
2026-01-26,lunch,4,14,22.0,4.0,2026-01-27 04:00:00+03:00,1,1,0,14.0,22.0,20.0,19.285714285714285,3.638419332360572,25.0,0.0,0.0,0.0,0.6901408450704226,-6.0,1.2246467991473532e-16,-1.0,38.0,0.5789473684210527,high,8.976897689768977,6.080682518563457,18.424242424242426,4.409515911174649,0.4121223874637316,0.7207488299531981,1.2870514820592822,-4.424242424242426,24.0,0,15.608063738426535,0.0,15.608063738426535,-6.3919362615734645,6.3919362615734645,22.0
2026-04-10,dinner,6,135,7.0,3.0,2026-04-11 06:00:00+03:00,5,4,1,6.0,0.0,0.0,0.8571428571428571,2.2677868380553634,6.0,0.0,0.0,0.0,3.230769230769231,6.0,-1.0,-1.8369701987210297e-16,7.0,1.0,low,0.18659295093296477,0.8339361180545659,0.425414364640884,1.4872367318367268,0.1261454967052952,4.209302325581395,4.209302325581395,5.574585635359116,1.0,1,0.6096118382947514,0.0,0.6096118382947514,-6.390388161705249,6.390388161705249,1.0
2026-03-07,lunch,4,115,27.0,4.0,2026-03-08 04:00:00+03:00,6,3,1,15.0,32.0,19.0,22.571428571428573,6.133436852128454,32.0,0.0,0.0,0.0,0.6363636363636364,-4.0,1.2246467991473532e-16,-1.0,90.0,0.3,high,8.859724950884086,7.0585746120055335,21.186813186813186,5.342613320180643,0.3419472329595375,0.6760772659732541,1.4422981674096087,-6.186813186813186,28.0,0,20.610776817939215,0.0,20.610776817939215,-6.389223182060785,6.389223182060785,22.0
2026-02-20,dinner,6,301,8.0,3.0,2026-02-21 06:00:00+03:00,5,2,1,2.0,2.0,9.0,2.857142857142857,2.8535691936340255,9.0,0.0,0.0,0.0,0.5185185185185185,-7.0,-1.0,-1.8369701987210297e-16,11.0,0.7272727272727273,medium,0.5520446096654275,1.0809494112288665,0.8066914498141264,1.4115038494910714,0.13881229262270153,1.1069958847736625,4.981481481481481,1.1933085501858736,3.0,1,1.6117571244428945,0.0,1.6117571244428945,-6.388242875557106,6.388242875557106,8.0
2026-02-06,dinner,6,54,12.0,3.0,2026-02-07 06:00:00+03:00,5,2,1,9.0,10.0,11.0,8.714285714285714,2.0586634591635344,11.0,0.0,0.0,0.0,0.9264705882352942,-2.0,-1.0,-1.8369701987210297e-16,40.0,0.3,medium,2.1353135313531353,2.313692209602312,3.2115384615384617,2.4250253689062604,0.3076139596782138,2.136986301369863,2.6118721461187215,5.788461538461538,6.0,1,5.620898967244111,0.0,5.620898967244111,-6.379101032755889,6.379101032755889,8.0
2026-02-21,dinner,6,478,9.0,3.0,2026-02-22 06:00:00+03:00,6,2,1,4.0,7.0,1.0,2.2857142857142856,2.497617912751115,7.0,0.0,0.0,0.0,1.2173913043478262,3.0,-1.0,-1.8369701987210297e-16,10.0,0.9,medium,4.030946702068614,7.26952048693661,3.6808287930432915,7.26952048693661,0.14037689511362916,0.8545495203637552,1.4954616606365716,0.31917120695670853,13.0,0,2.629281025719003,0.0,2.629281025719003,-6.370718974280997,6.370718974280997,8.0
2026-03-09,opening,1,479,12.0,2.0,2026-03-10 01:00:00+03:00,1,3,0,4.0,4.0,13.0,5.714285714285714,3.4503277967117714,13.0,0.0,0.0,0.0,0.5957446808510638,-9.0,0.7071067811865475,0.7071067811865476,22.0,0.5454545454545454,medium,4.030946702068614,7.26952048693661,4.4715430016863404,7.26952048693661,0.08346337542980571,0.731055206687984,2.375929421735948,-0.47154300168634045,12.0,1,5.635908679347161,0.0,5.635908679347161,-6.364091320652839,6.364091320652839,8.0
2026-03-01,lunch,4,10,24.0,4.0,2026-03-02 04:00:00+03:00,0,3,0,14.0,11.0,11.0,15.142857142857142,4.413183712037188,24.0,0.0,0.0,0.0,0.8672566371681416,3.0,1.2246467991473532e-16,-1.0,60.0,0.4,high,6.580926180651078,5.576694893105304,15.826446280991735,5.457537267559647,0.3959618663932895,0.8320235756385069,1.4263261296660117,-1.8264462809917354,23.0,1,17.643232252224546,0.0,17.643232252224546,-6.356767747775454,6.356767747775454,22.0
2026-02-02,lunch,4,8,42.0,4.0,2026-02-03 04:00:00+03:00,1,2,0,43.0,34.0,30.0,31.428571428571427,7.480132415430985,43.0,0.0,0.0,0.0,1.3259911894273126,13.0,1.2246467991473532e-16,-1.0,94.0,0.44680851063829785,mega,14.99803536345776,11.147682695162223,34.80494505494506,8.197821234921355,0.33131290749065806,1.2009514309828895,1.2009514309828895,8.195054945054942,44.0,0,36.19968063217167,-0.5518039086068862,35.647876723564785,-6.352123276435215,6.352123276435215,35.0
2026-02-24,dinner,6,16,9.0,3.0,2026-02-25 06:00:00+03:00,2,2,0,4.0,11.0,6.0,6.428571428571429,3.101458950082625,11.0,0.0,0.0,0.0,0.5384615384615384,-2.0,-1.0,-1.8369701987210297e-16,30.0,0.3,medium,0.9839449541284404,1.150939531486101,1.5164835164835164,1.35948975489591,0.24700166286704747,1.5895196506550218,4.37117903930131,2.4835164835164836,4.0,1,2.648983777498769,0.0,2.648983777498769,-6.351016222501231,6.351016222501231,8.0
2026-03-14,morning,3,18,17.0,2.0,2026-03-15 03:00:00+03:00,6,3,1,9.0,7.0,7.0,7.428571428571429,2.507132682112031,12.0,0.0,0.0,0.0,1.0677966101694916,2.0,0.7071067811865476,-0.7071067811865475,50.0,0.34,medium,6.109124254928932,5.453053535091321,6.545454545454546,4.194181710535974,0.15181598308203162,1.1927710843373494,1.5903614457831325,2.454545454545454,12.0,1,10.656481810200466,0.0,10.656481810200466,-6.343518189799534,6.343518189799534,8.0
2026-03-05,late_evening,7,479,9.0,3.0,2026-03-06 07:00:00+03:00,4,3,0,3.0,5.0,3.0,2.857142857142857,1.4638501094227983,5.0,0.0,0.0,0.0,0.7777777777777778,0.0,-0.7071067811865477,0.7071067811865474,29.0,0.3103448275862069,medium,4.030946702068614,7.26952048693661,1.807094220110847,7.26952048693661,0.06142984282781884,1.0687208069138254,1.7812013448563757,1.192905779889153,6.0,1,2.685698717362332,0.0,2.685698717362332,-6.314301282637668,6.314301282637668,8.0
2026-01-27,lunch,4,10,22.0,4.0,2026-01-28 04:00:00+03:00,2,1,0,18.0,23.0,19.0,18.857142857142858,4.298393941484478,25.0,0.0,0.0,0.0,0.9064748201438849,-1.0,1.2246467991473532e-16,-1.0,38.0,0.5789473684210527,high,6.580926180651078,5.576694893105304,15.826446280991735,5.457537267559647,0.3959618663932895,1.0697445972495088,1.4857563850687623,2.1735537190082646,23.0,0,15.689190354656715,0.0,15.689190354656715,-6.310809645343285,6.310809645343285,22.0
2026-02-23,lunch,4,26,23.0,4.0,2026-02-24 04:00:00+03:00,1,2,0,11.0,12.0,23.0,14.142857142857142,4.59813626840888,23.0,0.0,0.0,0.0,0.7264150943396227,-12.0,1.2246467991473532e-16,-1.0,55.0,0.41818181818181815,high,6.941311325080238,5.5889179275364755,15.826446280991735,5.194574867535046,0.38014555485808005,0.6537328094302554,1.3668958742632613,-4.8264462809917354,22.0,1,16.70440437899043,0.0,16.70440437899043,-6.295595621009571,6.295595621009571,22.0
2026-04-08,lunch,4,126,33.0,4.0,2026-04-09 04:00:00+03:00,3,4,0,27.0,28.0,26.0,24.142857142857142,6.309478885734049,33.0,0.0,0.0,0.0,1.0738636363636365,1.0,1.2246467991473532e-16,-1.0,72.0,0.4583333333333333,high,8.943396226415095,8.296270027256874,23.39669421487603,7.377896665537009,0.36997738876250647,1.1067073170731707,1.3526422764227644,3.6033057851239683,33.0,1,26.714170891192378,0.0,26.714170891192378,-6.285829108807622,6.285829108807622,22.0
2026-02-21,dinner,6,38,15.0,3.0,2026-02-22 06:00:00+03:00,6,2,1,9.0,15.0,9.0,7.714285714285714,3.98807746975431,15.0,0.0,0.0,0.0,1.0327868852459015,0.0,-1.0,-1.8369701987210297e-16,20.0,0.75,medium,2.3802752293577982,3.6892704924960964,5.818681318681318,3.6499869681766577,0.41647984853532405,1.3199033037872683,2.199838839645447,3.1813186813186816,10.0,1,8.728152329605496,0.0,8.728152329605496,-6.271847670394504,6.271847670394504,8.0
2026-03-05,afternoon,5,69,38.0,3.0,2026-03-06 05:00:00+03:00,4,3,0,35.0,25.0,30.0,30.285714285714285,5.851332774513424,37.0,0.0,0.0,0.0,1.1187214611872147,5.0,-0.7071067811865475,-0.7071067811865477,196.0,0.19387755102040816,mega,25.709899175068745,15.187584008448223,27.587912087912088,6.784804528364688,0.17970958977163476,1.2242936767249664,1.2942533153949645,7.412087912087912,36.0,1,31.74933982011461,0.0,31.74933982011461,-6.25066017988539,6.25066017988539,35.0
2026-03-30,dinner,6,16,8.0,3.0,2026-03-31 06:00:00+03:00,1,3,0,2.0,4.0,6.0,5.285714285714286,2.6903708365381958,10.0,0.0,0.0,0.0,0.3181818181818182,-4.0,-1.0,-1.8369701987210297e-16,30.0,0.26666666666666666,medium,0.9839449541284404,1.150939531486101,1.5164835164835164,1.35948975489591,0.24700166286704747,0.7947598253275109,3.9737991266375547,0.4835164835164836,4.0,1,1.7556045573653958,0.0,1.7556045573653958,-6.244395442634604,6.244395442634604,8.0
2026-03-08,afternoon,5,69,35.0,3.0,2026-03-09 05:00:00+03:00,0,3,0,29.0,21.0,21.0,28.285714285714285,6.55017266220988,38.0,0.0,0.0,0.0,0.9902439024390244,8.0,-0.7071067811865475,-0.7071067811865477,210.0,0.16666666666666666,mega,25.709899175068745,15.187584008448223,27.587912087912088,6.784804528364688,0.17970958977163476,1.014414760714972,1.3292331347299635,1.4120879120879124,36.0,0,28.75874363295829,0.0,28.75874363295829,-6.241256367041711,6.241256367041711,35.0
2026-02-23,lunch,4,10,24.0,4.0,2026-02-24 04:00:00+03:00,1,2,0,11.0,11.0,27.0,17.857142857142858,8.76410427879106,30.0,0.0,0.0,0.0,0.5833333333333334,-16.0,1.2246467991473532e-16,-1.0,48.0,0.5,high,6.580926180651078,5.576694893105304,15.826446280991735,5.457537267559647,0.3959618663932895,0.6537328094302554,1.7829076620825148,-4.8264462809917354,23.0,1,17.768666036615667,0.0,17.768666036615667,-6.231333963384333,6.231333963384333,22.0
2026-03-06,lunch,4,16,9.0,4.0,2026-03-07 04:00:00+03:00,5,3,1,5.0,7.0,18.0,9.0,4.898979485566356,18.0,0.0,0.0,0.0,0.5,-13.0,1.2246467991473532e-16,-1.0,34.0,0.2647058823529412,medium,0.9839449541284404,1.150939531486101,1.721763085399449,1.284091001690495,0.30067772753723165,1.8370445344129556,6.613360323886639,3.278236914600551,3.0,1,2.7803762279988615,0.0,2.7803762279988615,-6.219623772001139,6.219623772001139,8.0
2026-03-11,dinner,6,142,11.0,3.0,2026-03-12 06:00:00+03:00,3,3,0,4.0,3.0,6.0,4.714285714285714,1.603567451474545,7.0,0.0,0.0,0.0,0.7,-2.0,-1.0,-1.8369701987210297e-16,38.0,0.2894736842105263,medium,4.23006416131989,3.624165403205612,4.071428571428571,2.0410004414615983,0.1673292966383502,0.7887323943661972,1.3802816901408452,-0.07142857142857117,7.0,1,4.782870738692735,0.0,4.782870738692735,-6.217129261307265,6.217129261307265,8.0
2026-02-22,lunch,4,30,35.0,4.0,2026-02-23 04:00:00+03:00,0,2,0,36.0,25.0,29.0,28.714285714285715,6.1836959205717275,36.0,0.0,0.0,0.0,1.2115384615384615,7.0,1.2246467991473532e-16,-1.0,82.0,0.4268292682926829,mega,13.703483043079743,8.347813742646773,27.502747252747252,6.67320559196118,0.33448548715889054,1.2630361445783134,1.2630361445783134,8.497252747252748,35.69999999999999,0,29.244195385215114,-0.4517802946576735,28.79241509055744,-6.207584909442559,6.207584909442559,35.0
2026-03-31,dinner,6,16,8.0,3.0,2026-04-01 06:00:00+03:00,2,4,0,8.0,2.0,5.0,5.571428571428571,2.8784916685156965,10.0,0.0,0.0,0.0,1.2173913043478262,3.0,-1.0,-1.8369701987210297e-16,28.0,0.2857142857142857,medium,0.9839449541284404,1.150939531486101,1.5164835164835164,1.35948975489591,0.24700166286704747,3.1790393013100435,3.9737991266375547,6.483516483516484,4.0,1,1.7994359510039906,0.0,1.7994359510039906,-6.200564048996009,6.200564048996009,8.0
2026-03-08,lunch,4,54,11.0,4.0,2026-03-09 04:00:00+03:00,0,3,0,15.0,5.0,1.0,5.857142857142857,4.775931721614512,15.0,0.0,0.0,0.0,2.1875,14.0,1.2246467991473532e-16,-1.0,31.0,0.3548387096774194,medium,2.1353135313531353,2.313692209602312,2.9917355371900825,2.2193120273223412,0.28604169726316175,3.75776397515528,3.75776397515528,12.008264462809917,6.0,1,4.806599285147447,0.0,4.806599285147447,-6.193400714852553,6.193400714852553,8.0
2026-02-26,opening,1,479,11.0,2.0,2026-02-27 01:00:00+03:00,4,2,0,3.0,7.0,7.0,4.714285714285714,2.5634797778466236,8.0,0.0,0.0,0.0,0.525,-4.0,0.7071067811865475,0.7071067811865476,25.0,0.44,medium,4.030946702068614,7.26952048693661,4.4715430016863404,7.26952048693661,0.08346337542980571,0.548291405015988,1.462110413375968,-1.4715430016863404,12.0,0,4.838757236048181,0.0,4.838757236048181,-6.161242763951819,6.161242763951819,8.0
2026-04-05,dinner,6,54,11.0,3.0,2026-04-06 06:00:00+03:00,0,4,0,12.0,14.0,6.0,9.714285714285714,3.3022358947782315,14.0,0.0,0.0,0.0,1.12,6.0,-1.0,-1.8369701987210297e-16,22.0,0.5,medium,2.1353135313531353,2.313692209602312,3.2115384615384617,2.4250253689062604,0.3076139596782138,2.8493150684931505,3.324200913242009,8.788461538461538,6.0,1,4.853875954554724,0.0,4.853875954554724,-6.146124045445276,6.146124045445276,8.0
2026-02-17,dinner,6,142,11.0,3.0,2026-02-18 06:00:00+03:00,2,2,0,4.0,3.0,5.0,5.142857142857143,1.4638501094227985,7.0,0.0,0.0,0.0,0.6511627906976744,-1.0,-1.0,-1.8369701987210297e-16,38.0,0.2894736842105263,medium,4.23006416131989,3.624165403205612,4.071428571428571,2.0410004414615983,0.1673292966383502,0.7887323943661972,1.3802816901408452,-0.07142857142857117,7.0,1,4.855120522559192,0.0,4.855120522559192,-6.144879477440808,6.144879477440808,8.0
2026-02-25,lunch,4,1,19.0,4.0,2026-02-26 04:00:00+03:00,3,2,0,17.0,13.0,9.0,11.142857142857142,4.52506248312556,17.0,0.0,0.0,0.0,1.4000000000000001,8.0,1.2246467991473532e-16,-1.0,36.0,0.5277777777777778,medium,4.8180943214629455,4.2007427440961616,11.460055096418733,4.104360569877324,0.41188275422050785,1.3643599380941853,1.3643599380941853,5.539944903581267,17.0,1,12.867219160725133,0.0,12.867219160725133,-6.132780839274867,6.132780839274867,8.0
2026-02-07,afternoon,5,54,16.0,3.0,2026-02-08 05:00:00+03:00,6,2,1,18.0,9.0,10.0,9.714285714285714,4.535573676110716,18.0,0.0,0.0,0.0,1.6800000000000002,8.0,-0.7071067811865475,-0.7071067811865477,41.0,0.3902439024390244,medium,2.1353135313531353,2.313692209602312,3.2527472527472527,2.4487851897705966,0.29712413849118896,4.232558139534884,4.232558139534884,14.747252747252748,6.0,1,9.86803842805893,0.0,9.86803842805893,-6.131961571941069,6.131961571941069,8.0
2026-04-01,dinner,6,16,8.0,3.0,2026-04-02 06:00:00+03:00,3,4,0,8.0,8.0,7.0,6.0,2.9999999999999987,10.0,0.0,0.0,0.0,1.1428571428571428,1.0,-1.0,-1.8369701987210297e-16,38.0,0.21052631578947367,medium,0.9839449541284404,1.150939531486101,1.5164835164835164,1.35948975489591,0.24700166286704747,3.1790393013100435,3.9737991266375547,6.483516483516484,4.0,1,1.8711013281471403,0.0,1.8711013281471403,-6.12889867185286,6.12889867185286,8.0
2026-02-08,lunch,4,6,33.0,4.0,2026-02-09 04:00:00+03:00,0,2,0,15.0,25.0,27.0,24.142857142857142,6.121780008803909,31.0,0.0,0.0,0.0,0.5965909090909091,-12.0,1.2246467991473532e-16,-1.0,109.0,0.30275229357798167,high,10.223521320495186,7.858411454975636,25.560439560439562,7.174655102463964,0.31008066999141487,0.5647496896979727,1.1671493587091435,-10.560439560439562,34.0,0,26.871745840046405,0.0,26.871745840046405,-6.128254159953595,6.128254159953595,22.0
2026-03-05,lunch,4,115,32.0,4.0,2026-03-06 04:00:00+03:00,4,3,0,25.0,28.0,22.0,22.0,3.6514837167010814,28.0,0.0,0.0,0.0,1.0869565217391304,3.0,1.2246467991473532e-16,-1.0,67.0,0.47761194029850745,high,8.859724950884086,7.0585746120055335,21.186813186813186,5.342613320180643,0.3419472329595375,1.1267954432887568,1.2620108964834076,3.813186813186814,28.0,1,25.877944090929887,0.0,25.877944090929887,-6.122055909070113,6.122055909070113,22.0
2026-01-26,lunch,4,51,8.0,4.0,2026-01-27 04:00:00+03:00,1,1,0,0.0,0.0,3.0,2.7142857142857144,3.450327796711771,8.0,0.0,0.0,0.0,0.0,-3.0,1.2246467991473532e-16,-1.0,11.0,0.7272727272727273,medium,1.2346189164370982,1.9411542453345536,3.366391184573003,3.016652663808964,0.30939109132217385,0.0,1.8321766561514197,-3.366391184573003,7.0,1,1.8787897132224292,0.0,1.8787897132224292,-6.121210286777571,6.121210286777571,8.0
2026-02-19,late_evening,7,479,8.0,3.0,2026-02-20 07:00:00+03:00,4,2,0,4.0,2.0,0.0,2.857142857142857,1.5735915849388864,4.0,0.0,0.0,0.0,1.037037037037037,4.0,-0.7071067811865477,0.7071067811865474,23.0,0.34782608695652173,medium,4.030946702068614,7.26952048693661,1.807094220110847,7.26952048693661,0.06142984282781884,1.4249610758851006,1.4249610758851006,2.192905779889153,6.0,1,1.8931396750445502,0.0,1.8931396750445502,-6.10686032495545,6.10686032495545,8.0
2026-03-03,lunch,4,26,24.0,4.0,2026-03-04 04:00:00+03:00,2,3,0,15.0,17.0,18.0,14.142857142857142,2.6095064302514763,18.0,0.0,0.0,0.0,0.9905660377358491,-3.0,1.2246467991473532e-16,-1.0,58.0,0.41379310344827586,high,6.941311325080238,5.5889179275364755,15.826446280991735,5.194574867535046,0.38014555485808005,0.8914538310412574,1.0697445972495088,-0.8264462809917354,22.0,1,17.89796428556758,0.0,17.89796428556758,-6.1020357144324215,6.1020357144324215,22.0
2026-03-24,morning,3,16,8.0,2.0,2026-03-25 03:00:00+03:00,2,3,0,4.0,5.0,5.0,5.285714285714286,1.8898223650461337,9.0,0.0,0.0,0.0,0.6363636363636364,-1.0,0.7071067811865476,-0.7071067811865475,31.0,0.25806451612903225,medium,0.9839449541284404,1.150939531486101,0.6942148760330579,0.8294607368174448,0.11431756948285873,2.360975609756098,5.31219512195122,3.3057851239669422,2.0,1,1.9061547123661042,0.0,1.9061547123661042,-6.093845287633895,6.093845287633895,8.0
2026-04-03,late_evening,7,479,8.0,3.0,2026-04-04 07:00:00+03:00,5,4,1,2.0,0.0,2.0,2.0,1.1547005383792475,3.0,0.0,0.0,0.0,0.6666666666666666,0.0,-0.7071067811865477,0.7071067811865474,27.0,0.2962962962962963,medium,4.030946702068614,7.26952048693661,1.807094220110847,7.26952048693661,0.06142984282781884,0.7124805379425503,1.0687208069138254,0.19290577988915292,6.0,1,1.9238772016958647,0.0,1.9238772016958647,-6.0761227983041355,6.0761227983041355,8.0
2026-03-02,lunch,4,2,29.0,4.0,2026-03-03 04:00:00+03:00,1,3,0,20.0,20.0,35.0,23.428571428571427,5.563486402641888,35.0,0.0,0.0,0.0,0.8187134502923977,-15.0,1.2246467991473532e-16,-1.0,75.0,0.38666666666666666,high,7.919532324621733,6.1652836583747,19.313186813186814,5.6393678951648205,0.3040886563507092,0.9845820935893967,1.7230186637814444,0.6868131868131861,26.0,1,22.939584519110902,0.0,22.939584519110902,-6.060415480889098,6.060415480889098,22.0
2026-02-17,lunch,4,16,9.0,4.0,2026-02-18 04:00:00+03:00,2,2,0,7.0,8.0,13.0,14.0,5.44671154612273,23.0,0.0,0.0,0.0,0.4666666666666667,-6.0,1.2246467991473532e-16,-1.0,32.0,0.28125,medium,0.9839449541284404,1.150939531486101,1.721763085399449,1.284091001690495,0.30067772753723165,2.5718623481781377,8.450404858299596,5.278236914600551,3.0,1,2.9406108810528933,0.0,2.9406108810528933,-6.059389118947107,6.059389118947107,8.0
2026-02-12,afternoon,5,16,8.0,3.0,2026-02-13 05:00:00+03:00,4,2,0,10.0,4.0,1.0,5.142857142857143,4.180453381654969,11.0,0.0,0.0,0.0,1.627906976744186,9.0,-0.7071067811865475,-0.7071067811865477,57.0,0.14035087719298245,medium,0.9839449541284404,1.150939531486101,1.1928374655647382,1.135199470644021,0.20261772968384537,4.560301507537688,5.016331658291457,8.807162534435262,3.0,1,1.9526091199487687,0.0,1.9526091199487687,-6.047390880051231,6.047390880051231,8.0
2026-03-26,lunch,4,16,9.0,4.0,2026-03-27 04:00:00+03:00,4,3,0,7.0,7.0,9.0,9.714285714285714,3.4016802570830436,15.0,0.0,0.0,0.0,0.6533333333333334,-2.0,1.2246467991473532e-16,-1.0,34.0,0.2647058823529412,medium,0.9839449541284404,1.150939531486101,1.721763085399449,1.284091001690495,0.30067772753723165,2.5718623481781377,5.511133603238866,5.278236914600551,3.0,1,2.959060909578295,0.0,2.959060909578295,-6.0409390904217055,6.0409390904217055,8.0
2026-01-25,lunch,4,123,25.0,4.0,2026-01-26 04:00:00+03:00,0,1,0,18.0,24.0,25.0,28.0,7.371114795832,40.0,0.0,0.0,0.0,0.6206896551724138,-7.0,1.2246467991473532e-16,-1.0,59.0,0.423728813559322,high,9.529330889092575,10.038386270221814,26.01923076923077,8.949331720839782,0.4426367956090107,0.6661921708185053,1.480427046263345,-8.01923076923077,36.0,0,18.984495400391662,0.0,18.984495400391662,-6.015504599608338,6.015504599608338,22.0
2026-03-12,afternoon,5,16,8.0,3.0,2026-03-13 05:00:00+03:00,4,3,0,10.0,7.0,7.0,6.285714285714286,2.4299715851758203,10.0,0.0,0.0,0.0,1.3725490196078431,3.0,-0.7071067811865475,-0.7071067811865477,30.0,0.26666666666666666,medium,0.9839449541284404,1.150939531486101,1.1928374655647382,1.135199470644021,0.20261772968384537,4.560301507537688,4.560301507537688,8.807162534435262,3.0,1,1.9856251582019941,0.0,1.9856251582019941,-6.014374841798006,6.014374841798006,8.0
2026-02-28,afternoon,5,1,11.0,3.0,2026-03-01 05:00:00+03:00,6,3,1,5.0,7.0,3.0,5.285714285714286,2.1380899352993947,9.0,0.0,0.0,0.0,0.7954545454545455,2.0,-0.7071067811865475,-0.7071067811865477,28.0,0.39285714285714285,medium,4.8180943214629455,4.2007427440961616,4.815934065934066,2.37332953137807,0.1742448188390449,0.8597071327350024,1.5474728389230044,0.1840659340659343,8.0,1,4.992437020553354,0.0,4.992437020553354,-6.007562979446646,6.007562979446646,8.0
2026-03-30,lunch,4,123,23.0,4.0,2026-03-31 04:00:00+03:00,1,3,0,24.0,18.0,30.0,24.428571428571427,6.294366339755571,31.0,0.0,0.0,0.0,0.9438202247191012,-6.0,1.2246467991473532e-16,-1.0,56.0,0.4107142857142857,high,9.529330889092575,10.038386270221814,26.01923076923077,8.949331720839782,0.4426367956090107,0.888256227758007,1.1473309608540925,-2.01923076923077,36.0,0,28.99306726572587,0.0,28.99306726572587,5.99306726572587,5.99306726572587,22.0
2026-03-14,lunch,4,8,43.0,4.0,2026-03-15 04:00:00+03:00,6,3,1,33.0,35.0,32.0,33.714285714285715,3.352326839390143,39.0,0.0,0.0,0.0,0.9506172839506173,1.0,1.2246467991473532e-16,-1.0,121.0,0.35537190082644626,mega,14.99803536345776,11.147682695162223,34.80494505494506,8.197821234921355,0.33131290749065806,0.9216604005217524,1.0892350187984345,-1.8049450549450583,44.0,0,37.210014906737484,-0.1877833123398727,37.02223159439761,-5.97776840560239,5.97776840560239,35.0
2026-02-04,lunch,4,10,25.0,4.0,2026-02-05 04:00:00+03:00,3,2,0,24.0,34.0,21.0,20.142857142857142,8.153293228885524,34.0,0.0,0.0,0.0,1.135135135135135,3.0,1.2246467991473532e-16,-1.0,57.0,0.43859649122807015,high,6.580926180651078,5.576694893105304,15.826446280991735,5.457537267559647,0.3959618663932895,1.4263261296660117,2.020628683693517,8.173553719008265,23.0,1,19.025193416341473,0.0,19.025193416341473,-5.974806583658527,5.974806583658527,22.0
2026-02-22,dinner,6,142,11.0,3.0,2026-02-23 06:00:00+03:00,0,2,0,7.0,2.0,3.0,5.857142857142857,3.5321651258386084,11.0,0.0,0.0,0.0,1.0208333333333335,4.0,-1.0,-1.8369701987210297e-16,20.0,0.55,medium,4.23006416131989,3.624165403205612,4.071428571428571,2.0410004414615983,0.1673292966383502,1.3802816901408452,2.1690140845070425,2.928571428571429,7.0,1,5.0259711085479495,0.0,5.0259711085479495,-5.9740288914520505,5.9740288914520505,8.0
2026-02-16,opening,1,479,10.0,2.0,2026-02-17 01:00:00+03:00,1,2,0,4.0,6.0,0.0,3.5,2.516611478423583,6.0,0.0,0.0,0.0,0.8888888888888888,0.0,0.7071067811865475,0.7071067811865476,18.0,0.5555555555555556,medium,4.030946702068614,7.26952048693661,4.4715430016863404,7.26952048693661,0.08346337542980571,0.731055206687984,1.096582810031976,-0.47154300168634045,12.0,0,4.03199126151558,0.0,4.03199126151558,-5.96800873848442,5.96800873848442,8.0
2026-02-25,lunch,4,6,32.0,4.0,2026-02-26 04:00:00+03:00,3,2,0,13.0,34.0,28.0,23.714285714285715,7.867957924694482,34.0,0.0,0.0,0.0,0.5260115606936416,-15.0,1.2246467991473532e-16,-1.0,95.0,0.3368421052631579,high,10.223521320495186,7.858411454975636,25.560439560439562,7.174655102463964,0.31008066999141487,0.4894497310715763,1.2800992966487381,-12.560439560439562,34.0,0,26.04507748933723,0.0,26.04507748933723,-5.954922510662769,5.954922510662769,22.0
2026-01-24,dinner,6,54,12.0,3.0,2026-01-25 06:00:00+03:00,6,1,1,9.0,3.0,11.0,5.0,3.6055512754639856,11.0,0.0,0.0,0.0,1.5,-2.0,-1.0,-1.8369701987210297e-16,27.0,0.4444444444444444,medium,2.1353135313531353,2.313692209602312,3.2115384615384617,2.4250253689062604,0.3076139596782138,2.136986301369863,2.6118721461187215,5.788461538461538,6.0,1,6.054328344399455,0.0,6.054328344399455,-5.945671655600545,5.945671655600545,8.0
2026-03-19,morning,3,127,10.0,2.0,2026-03-20 03:00:00+03:00,4,3,0,5.0,1.0,4.0,3.4285714285714284,1.7182493859684573,5.0,0.0,0.0,0.0,1.129032258064516,1.0,0.7071067811865476,-0.7071067811865475,16.0,0.625,medium,2.0341846758349704,2.214697362554381,3.553719008264463,1.7634271624565674,0.2560046656198232,1.0980036297640654,1.0980036297640654,1.446280991735537,6.0,1,4.0582156604494015,0.0,4.0582156604494015,-5.9417843395505985,5.9417843395505985,8.0
2026-02-13,dinner,6,125,8.0,3.0,2026-02-14 06:00:00+03:00,5,2,1,3.0,0.0,6.0,2.142857142857143,1.9518001458970662,6.0,0.0,0.0,0.0,0.9545454545454546,-3.0,-1.0,-1.8369701987210297e-16,22.0,0.36363636363636365,medium,0.9830706363105662,1.4319675227622701,1.3956043956043955,1.5347516799466558,0.27764357309036314,1.2522935779816513,2.5045871559633026,1.6043956043956045,4.0,1,2.067415033154714,0.0,2.067415033154714,-5.932584966845286,5.932584966845286,8.0
2026-03-06,lunch,4,69,73.0,4.0,2026-03-07 04:00:00+03:00,5,3,1,68.0,55.0,59.0,53.714285714285715,12.284329933079867,68.0,0.0,0.0,0.0,1.2428198433420365,9.0,1.2246467991473532e-16,-1.0,172.0,0.42441860465116277,mega,25.709899175068745,15.187584008448223,49.92032967032967,11.401837554339034,0.32250586815508425,1.3354194766657674,1.3354194766657674,18.07967032967033,65.0,1,66.41754253842001,0.650307325323655,67.06784986374366,-5.93215013625634,5.93215013625634,35.0
2026-02-16,lunch,4,10,27.0,4.0,2026-02-17 04:00:00+03:00,1,2,0,25.0,13.0,28.0,21.0,5.859465277082323,28.0,0.0,0.0,0.0,1.1363636363636365,-3.0,1.2246467991473532e-16,-1.0,63.0,0.42857142857142855,high,6.580926180651078,5.576694893105304,15.826446280991735,5.457537267559647,0.3959618663932895,1.4857563850687623,1.6640471512770139,9.173553719008265,23.0,1,21.080741491363053,0.0,21.080741491363053,-5.919258508636947,5.919258508636947,22.0
2026-03-19,lunch,4,16,9.0,4.0,2026-03-20 04:00:00+03:00,4,3,0,12.0,12.0,9.0,11.142857142857142,2.3401261667248754,15.0,0.0,0.0,0.0,0.9882352941176471,3.0,1.2246467991473532e-16,-1.0,30.0,0.3,medium,0.9839449541284404,1.150939531486101,1.721763085399449,1.284091001690495,0.30067772753723165,4.4089068825910935,5.511133603238866,10.278236914600551,3.0,1,3.0922792042237597,0.0,3.0922792042237597,-5.907720795776241,5.907720795776241,8.0
2026-03-16,dinner,6,16,8.0,3.0,2026-03-17 06:00:00+03:00,1,3,0,6.0,11.0,5.0,6.571428571428571,2.0701966780270613,11.0,0.0,0.0,0.0,0.7924528301886793,1.0,-1.0,-1.8369701987210297e-16,31.0,0.25806451612903225,medium,0.9839449541284404,1.150939531486101,1.5164835164835164,1.35948975489591,0.24700166286704747,2.3842794759825328,4.37117903930131,4.483516483516484,4.0,1,2.0927301493408357,0.0,2.0927301493408357,-5.907269850659164,5.907269850659164,8.0
2026-02-06,lunch,4,434,24.0,4.0,2026-02-07 04:00:00+03:00,5,2,1,18.0,14.0,13.0,15.857142857142858,2.544836041121414,20.0,0.0,0.0,0.0,1.0677966101694916,5.0,1.2246467991473532e-16,-1.0,62.0,0.3870967741935484,high,7.621359223300971,6.761882045397149,16.980392156862745,6.830783838121162,0.3594009148733045,1.0010905125408942,1.1123227917121046,1.0196078431372548,24.0,1,18.11014185082632,0.0,18.11014185082632,-5.88985814917368,5.88985814917368,22.0
2026-01-26,lunch,4,69,49.0,4.0,2026-01-27 04:00:00+03:00,1,1,0,40.0,64.0,42.0,46.57142857142857,11.058287131636346,64.0,0.0,0.0,0.0,0.8408408408408409,-2.0,1.2246467991473532e-16,-1.0,138.0,0.35507246376811596,mega,25.709899175068745,15.187584008448223,49.92032967032967,11.401837554339034,0.32250586815508425,0.7855408686269221,1.2568653898030753,-9.920329670329672,65.0,0,43.41465102887882,-0.30000000000000004,43.114651028878825,-5.885348971121175,5.885348971121175,35.0
2026-02-05,lunch,4,126,22.0,4.0,2026-02-06 04:00:00+03:00,4,2,0,29.0,26.0,22.0,23.714285714285715,3.0394235042348408,29.0,0.0,0.0,0.0,1.1734104046242775,7.0,1.2246467991473532e-16,-1.0,65.0,0.3384615384615385,high,8.943396226415095,8.296270027256874,23.39669421487603,7.377896665537009,0.36997738876250647,1.1886856368563685,1.1886856368563685,5.603305785123968,33.0,0,27.87862518538012,0.0,27.87862518538012,5.87862518538012,5.87862518538012,22.0
2026-02-06,dinner,6,38,15.0,3.0,2026-02-07 06:00:00+03:00,5,2,1,10.0,7.0,8.0,7.571428571428571,3.408672412985391,13.0,0.0,0.0,0.0,1.1666666666666667,2.0,-1.0,-1.8369701987210297e-16,26.0,0.5769230769230769,medium,2.3802752293577982,3.6892704924960964,5.818681318681318,3.6499869681766577,0.41647984853532405,1.4665592264302982,1.9065269943593877,4.181318681318682,10.0,1,9.131505699997469,0.0,9.131505699997469,-5.868494300002531,5.868494300002531,8.0
2026-03-07,afternoon,5,38,9.0,3.0,2026-03-08 05:00:00+03:00,6,3,1,6.0,5.0,1.0,1.7142857142857142,2.627691364061216,6.0,0.0,0.0,0.0,2.2105263157894735,5.0,-0.7071067811865475,-0.7071067811865477,22.0,0.4090909090909091,medium,2.3802752293577982,3.6892704924960964,1.2947658402203857,2.678675795911735,0.05547874701675055,2.614645858343337,2.614645858343337,4.705234159779614,5.0,1,3.1335204449969276,0.0,3.1335204449969276,-5.866479555003073,5.866479555003073,8.0
2026-02-15,lunch,4,10,25.0,4.0,2026-02-16 04:00:00+03:00,0,2,0,13.0,13.0,19.0,20.142857142857142,5.610364558225298,28.0,0.0,0.0,0.0,0.6148648648648649,-6.0,1.2246467991473532e-16,-1.0,55.0,0.45454545454545453,high,6.580926180651078,5.576694893105304,15.826446280991735,5.457537267559647,0.3959618663932895,0.7725933202357564,1.6640471512770139,-2.8264462809917354,23.0,1,19.14200826143674,0.0,19.14200826143674,-5.8579917385632605,5.8579917385632605,22.0
2026-02-16,dinner,6,16,8.0,3.0,2026-02-17 06:00:00+03:00,1,2,0,5.0,11.0,15.0,10.857142857142858,4.336994790119508,17.0,0.0,0.0,0.0,0.4216867469879518,-10.0,-1.0,-1.8369701987210297e-16,25.0,0.32,medium,0.9839449541284404,1.150939531486101,1.5164835164835164,1.35948975489591,0.24700166286704747,1.9868995633187774,6.755458515283843,3.4835164835164836,4.0,1,2.1480566531147174,0.0,2.1480566531147174,-5.851943346885283,5.851943346885283,8.0
2026-01-29,lunch,4,142,16.0,4.0,2026-01-30 04:00:00+03:00,4,1,0,10.0,11.0,13.0,9.571428571428571,2.225394561056761,13.0,0.0,0.0,0.0,0.9459459459459459,-3.0,1.2246467991473532e-16,-1.0,26.0,0.6153846153846154,medium,4.23006416131989,3.624165403205612,9.288461538461538,4.106271337026147,0.360800260700566,0.9719626168224299,1.263551401869159,0.7115384615384617,14.0,1,10.150632316753851,0.0,10.150632316753851,-5.8493676832461485,5.8493676832461485,8.0
2026-01-29,lunch,4,1,15.0,4.0,2026-01-30 04:00:00+03:00,4,1,0,9.0,11.0,17.0,12.714285714285714,2.8702082220799356,17.0,0.0,0.0,0.0,0.65625,-8.0,1.2246467991473532e-16,-1.0,30.0,0.5,medium,4.8180943214629455,4.2007427440961616,11.460055096418733,4.104360569877324,0.41188275422050785,0.722308202520451,1.3643599380941853,-2.460055096418733,17.0,0,9.152703636583833,0.0,9.152703636583833,-5.8472963634161665,5.8472963634161665,8.0
2026-03-28,dinner,6,18,16.0,3.0,2026-03-29 06:00:00+03:00,6,3,1,6.0,7.0,7.0,7.571428571428571,2.5727509827124004,13.0,0.0,0.0,0.0,0.7000000000000001,-1.0,-1.0,-1.8369701987210297e-16,59.0,0.2711864406779661,medium,6.109124254928932,5.453053535091321,7.587912087912088,4.223829426308926,0.1847327720874314,0.6986564299424185,1.5137555982085733,-1.5879120879120876,13.0,1,10.163790743925656,0.0,10.163790743925656,-5.836209256074344,5.836209256074344,8.0
2026-01-25,lunch,4,69,40.0,4.0,2026-01-26 04:00:00+03:00,0,1,0,64.0,60.0,36.0,46.0,11.547005383792502,64.0,0.0,0.0,0.0,1.3617021276595744,28.0,1.2246467991473532e-16,-1.0,132.0,0.30303030303030304,mega,25.709899175068745,15.187584008448223,49.92032967032967,11.401837554339034,0.32250586815508425,1.2568653898030753,1.2568653898030753,14.079670329670328,65.0,0,35.09398817612447,-0.9243237417119654,34.1696644344125,-5.830335565587497,5.830335565587497,35.0
2026-04-03,dinner,6,16,8.0,3.0,2026-04-04 06:00:00+03:00,5,4,1,8.0,8.0,3.0,5.857142857142857,2.7342623276105873,8.0,0.0,0.0,0.0,1.1666666666666667,5.0,-1.0,-1.8369701987210297e-16,43.0,0.18604651162790697,medium,0.9839449541284404,1.150939531486101,1.5164835164835164,1.35948975489591,0.24700166286704747,3.1790393013100435,3.1790393013100435,6.483516483516484,4.0,1,2.1864470711195167,0.0,2.1864470711195167,-5.813552928880483,5.813552928880483,8.0
2026-03-18,lunch,4,126,31.0,4.0,2026-03-19 04:00:00+03:00,3,3,0,23.0,22.0,22.0,18.428571428571427,4.353433237386403,23.0,0.0,0.0,0.0,1.1838235294117647,1.0,1.2246467991473532e-16,-1.0,67.0,0.4626865671641791,high,8.943396226415095,8.296270027256874,23.39669421487603,7.377896665537009,0.36997738876250647,0.9427506775067751,0.9427506775067751,-0.39669421487603174,33.0,0,25.188532746111537,0.0,25.188532746111537,-5.811467253888463,5.811467253888463,22.0
2026-02-02,afternoon,5,142,11.0,3.0,2026-02-03 05:00:00+03:00,1,2,0,5.0,2.0,4.0,4.571428571428571,3.1014589500826264,11.0,0.0,0.0,0.0,0.8974358974358975,1.0,-0.7071067811865475,-0.7071067811865477,40.0,0.275,medium,4.23006416131989,3.624165403205612,4.46978021978022,2.300238089495953,0.17717440952700472,0.9141135107985936,2.011049723756906,0.5302197802197801,8.0,1,5.1937080643250075,0.0,5.1937080643250075,-5.8062919356749925,5.8062919356749925,8.0
2026-02-18,dinner,6,135,6.0,3.0,2026-02-19 06:00:00+03:00,3,2,0,0.0,0.0,0.0,0.0,0.0,0.0,0.0,0.0,0.0,0.0,0.0,-1.0,-1.8369701987210297e-16,7.0,0.8571428571428571,low,0.18659295093296477,0.8339361180545659,0.425414364640884,1.4872367318367268,0.1261454967052952,0.0,0.0,-0.425414364640884,1.0,1,0.20477489125891532,0.0,0.20477489125891532,-5.795225108741085,5.795225108741085,1.0
2026-03-09,lunch,4,16,9.0,4.0,2026-03-10 04:00:00+03:00,1,3,0,15.0,12.0,8.0,9.142857142857142,3.3380918415851197,15.0,0.0,0.0,0.0,1.4788732394366197,7.0,1.2246467991473532e-16,-1.0,27.0,0.3333333333333333,medium,0.9839449541284404,1.150939531486101,1.721763085399449,1.284091001690495,0.30067772753723165,5.511133603238866,5.511133603238866,13.278236914600551,3.0,1,3.235108788790953,0.0,3.235108788790953,-5.764891211209047,5.764891211209047,8.0
2026-02-17,afternoon,5,69,37.0,3.0,2026-02-18 05:00:00+03:00,2,2,0,33.0,41.0,23.0,32.714285714285715,6.7011015441314985,41.0,0.0,0.0,0.0,0.9788135593220338,10.0,-0.7071067811865475,-0.7071067811865477,184.0,0.20108695652173914,mega,25.709899175068745,15.187584008448223,27.587912087912088,6.784804528364688,0.17970958977163476,1.1543340380549683,1.4341725927349607,5.412087912087912,36.0,1,31.23533568085742,0.0,31.23533568085742,-5.764664319142579,5.764664319142579,35.0
2026-04-09,morning,3,18,13.0,2.0,2026-04-10 03:00:00+03:00,4,4,0,4.0,5.0,6.0,7.857142857142857,5.639993245521115,19.0,0.0,0.0,0.0,0.45161290322580644,-2.0,0.7071067811865476,-0.7071067811865475,40.0,0.325,medium,6.109124254928932,5.453053535091321,6.545454545454546,4.194181710535974,0.15181598308203162,0.5301204819277108,2.5180722891566263,-2.545454545454546,12.0,1,7.254169848183193,0.0,7.254169848183193,-5.745830151816807,5.745830151816807,8.0
2026-03-06,morning,3,37,12.0,2.0,2026-03-07 03:00:00+03:00,5,3,1,2.0,6.0,5.0,5.428571428571429,2.2253945610567474,9.0,0.0,0.0,0.0,0.3111111111111111,-3.0,0.7071067811865476,-0.7071067811865475,29.0,0.41379310344827586,medium,4.2158570119156735,4.037725090920908,6.429752066115703,2.735564158327461,0.255486000056349,0.26918798665183535,1.2113459399332591,-4.429752066115703,10.0,1,6.265911433475832,0.0,6.265911433475832,-5.734088566524168,5.734088566524168,8.0
2026-02-17,lunch,4,35,36.0,4.0,2026-02-18 04:00:00+03:00,2,2,0,29.0,34.0,31.0,33.142857142857146,4.598136268408849,41.0,0.0,0.0,0.0,0.8493723849372384,-2.0,1.2246467991473532e-16,-1.0,95.0,0.37894736842105264,mega,12.99404216315307,8.966106707239911,27.76098901098901,6.366710522390032,0.3561335102986236,1.0083102493074791,1.4255420766071258,1.239010989010989,37.0,0,30.412023436224178,-0.14479442958523533,30.267229006638942,-5.732770993361058,5.732770993361058,35.0
2026-04-09,dinner,6,135,6.0,3.0,2026-04-10 06:00:00+03:00,4,4,0,0.0,0.0,0.0,0.0,0.0,0.0,0.0,0.0,0.0,0.0,0.0,-1.0,-1.8369701987210297e-16,6.0,1.0,low,0.18659295093296477,0.8339361180545659,0.425414364640884,1.4872367318367268,0.1261454967052952,0.0,0.0,-0.425414364640884,1.0,1,0.2794854150467895,0.0,0.2794854150467895,-5.720514584953211,5.720514584953211,1.0
2026-03-06,dinner,6,16,8.0,3.0,2026-03-07 06:00:00+03:00,5,3,1,4.0,7.0,4.0,5.714285714285714,1.2535663410560192,7.0,0.0,0.0,0.0,0.5957446808510638,0.0,-1.0,-1.8369701987210297e-16,34.0,0.23529411764705882,medium,0.9839449541284404,1.150939531486101,1.5164835164835164,1.35948975489591,0.24700166286704747,1.5895196506550218,2.7816593886462884,2.4835164835164836,4.0,1,2.2849931059994604,0.0,2.2849931059994604,-5.71500689400054,5.71500689400054,8.0
2026-01-30,lunch,4,47,10.0,4.0,2026-01-31 04:00:00+03:00,5,1,1,4.0,6.0,4.0,6.285714285714286,1.7043362064926988,8.0,0.0,0.0,0.0,0.5490196078431373,0.0,1.2246467991473532e-16,-1.0,15.0,0.6666666666666666,medium,2.1574023115024765,2.162834723516841,4.81267217630854,2.4000815524754775,0.44135599903644834,0.6881516587677725,1.376303317535545,-0.8126721763085403,8.0,1,4.286465550264353,0.0,4.286465550264353,-5.713534449735647,5.713534449735647,8.0
2026-04-09,dinner,6,54,12.0,3.0,2026-04-10 06:00:00+03:00,4,4,0,10.0,5.0,7.0,10.285714285714286,3.251373336211708,14.0,0.0,0.0,0.0,0.8860759493670886,3.0,-1.0,-1.8369701987210297e-16,50.0,0.24,medium,2.1353135313531353,2.313692209602312,3.2115384615384617,2.4250253689062604,0.3076139596782138,2.374429223744292,3.324200913242009,6.788461538461538,6.0,1,6.290025780601536,0.0,6.290025780601536,-5.709974219398464,5.709974219398464,8.0
2026-01-25,morning,3,18,8.0,2.0,2026-01-26 03:00:00+03:00,0,1,0,15.0,15.0,4.0,8.0,4.966554808583779,15.0,0.0,0.0,0.0,1.6666666666666667,11.0,0.7071067811865476,-0.7071067811865475,33.0,0.24242424242424243,medium,6.109124254928932,5.453053535091321,6.545454545454546,4.194181710535974,0.15181598308203162,1.9879518072289155,1.9879518072289155,8.454545454545453,12.0,0,2.3375130081655584,0.0,2.3375130081655584,-5.662486991834442,5.662486991834442,8.0
2026-02-14,lunch,4,30,40.0,4.0,2026-02-15 04:00:00+03:00,6,2,1,40.0,33.0,36.0,29.571428571428573,7.367883976130085,40.0,0.0,0.0,0.0,1.308411214953271,4.0,1.2246467991473532e-16,-1.0,100.0,0.4,mega,13.703483043079743,8.347813742646773,27.502747252747252,6.67320559196118,0.33448548715889054,1.4033734939759037,1.4033734939759037,12.497252747252748,35.69999999999999,1,34.8404479458632,-0.4988075628046463,34.341640383058554,-5.658359616941446,5.658359616941446,35.0
2026-04-02,dinner,6,16,8.0,3.0,2026-04-03 06:00:00+03:00,4,4,0,8.0,8.0,10.0,6.142857142857143,3.078342163598853,10.0,0.0,0.0,0.0,1.1199999999999999,-2.0,-1.0,-1.8369701987210297e-16,38.0,0.21052631578947367,medium,0.9839449541284404,1.150939531486101,1.5164835164835164,1.35948975489591,0.24700166286704747,3.1790393013100435,3.9737991266375547,6.483516483516484,4.0,1,2.3431619184075836,0.0,2.3431619184075836,-5.656838081592417,5.656838081592417,8.0
2026-04-11,dinner,6,54,12.0,3.0,2026-04-12 06:00:00+03:00,6,4,1,11.0,12.0,12.0,10.571428571428571,2.636736799982286,13.0,0.0,0.0,0.0,0.9506172839506173,-1.0,-1.0,-1.8369701987210297e-16,50.0,0.24,medium,2.1353135313531353,2.313692209602312,3.2115384615384617,2.4250253689062604,0.3076139596782138,2.6118721461187215,3.08675799086758,7.788461538461538,6.0,1,6.37287484074161,0.0,6.37287484074161,-5.62712515925839,5.62712515925839,8.0
2026-02-15,lunch,4,47,13.0,4.0,2026-02-16 04:00:00+03:00,0,2,0,2.0,10.0,6.0,6.857142857142857,2.5448360411214117,10.0,0.0,0.0,0.0,0.2545454545454546,-4.0,1.2246467991473532e-16,-1.0,22.0,0.5909090909090909,medium,2.1574023115024765,2.162834723516841,4.81267217630854,2.4000815524754775,0.44135599903644834,0.34407582938388626,1.7203791469194312,-2.8126721763085403,8.0,1,7.372910719593851,0.0,7.372910719593851,-5.627089280406149,5.627089280406149,8.0
2026-02-21,lunch,4,18,13.0,4.0,2026-02-22 04:00:00+03:00,6,2,1,16.0,7.0,16.0,12.428571428571429,3.154739442867077,16.0,0.0,0.0,0.0,1.1914893617021276,0.0,1.2246467991473532e-16,-1.0,43.0,0.3023255813953488,medium,6.109124254928932,5.453053535091321,11.975206611570249,6.953431693708665,0.27885867315263196,1.2331210191082802,1.2331210191082802,4.024793388429751,20.0,0,18.619595191198407,0.0,18.619595191198407,5.619595191198407,5.619595191198407,8.0
2026-01-31,dinner,6,69,40.0,3.0,2026-02-01 06:00:00+03:00,6,2,1,22.0,28.0,37.0,29.428571428571427,4.928053803045811,37.0,0.0,0.0,0.0,0.7230046948356808,-15.0,-1.0,-1.8369701987210297e-16,169.0,0.23668639053254437,mega,25.709899175068745,15.187584008448223,30.986263736263737,7.0934205573178035,0.20237672346557325,0.6877952417761745,1.1567465429872026,-8.986263736263737,40.0,1,34.382440886186416,0.0,34.382440886186416,-5.617559113813584,5.617559113813584,35.0
2026-02-26,lunch,4,126,35.0,4.0,2026-02-27 04:00:00+03:00,4,2,0,34.0,28.0,34.0,23.428571428571427,10.952277432222985,34.0,0.0,0.0,0.0,1.391812865497076,0.0,1.2246467991473532e-16,-1.0,78.0,0.44871794871794873,high,8.943396226415095,8.296270027256874,23.39669421487603,7.377896665537009,0.36997738876250647,1.3936314363143631,1.3936314363143631,10.603305785123968,33.0,1,29.399908165808675,0.0,29.399908165808675,-5.600091834191325,5.600091834191325,22.0
2026-02-01,lunch,4,1,8.0,4.0,2026-02-02 04:00:00+03:00,0,2,0,8.0,10.0,15.0,11.142857142857142,2.794552524023085,15.0,0.0,0.0,0.0,0.6588235294117647,-7.0,1.2246467991473532e-16,-1.0,22.0,0.36363636363636365,medium,4.8180943214629455,4.2007427440961616,11.460055096418733,4.104360569877324,0.41188275422050785,0.6420517355737342,1.2038470042007516,-3.460055096418733,17.0,0,13.591508345571617,0.0,13.591508345571617,5.591508345571617,5.591508345571617,8.0
2026-03-25,lunch,4,6,23.0,4.0,2026-03-26 04:00:00+03:00,3,3,0,21.0,31.0,29.0,23.714285714285715,5.1869800370507235,31.0,0.0,0.0,0.0,0.8497109826589595,-8.0,1.2246467991473532e-16,-1.0,78.0,0.2948717948717949,high,10.223521320495186,7.858411454975636,25.560439560439562,7.174655102463964,0.31008066999141487,0.7906495655771617,1.1671493587091435,-4.560439560439562,34.0,0,28.58019078884206,0.0,28.58019078884206,5.58019078884206,5.58019078884206,22.0
2026-01-28,lunch,4,6,30.0,4.0,2026-01-29 04:00:00+03:00,3,1,0,22.0,35.0,23.0,27.0,6.271629240742302,35.0,0.0,0.0,0.0,0.7857142857142857,-1.0,1.2246467991473532e-16,-1.0,80.0,0.375,high,10.223521320495186,7.858411454975636,25.560439560439562,7.174655102463964,0.31008066999141487,0.82829954489036,1.3177492759619363,-3.560439560439562,34.0,0,24.422896215241916,0.0,24.422896215241916,-5.5771037847580835,5.5771037847580835,22.0
2026-03-05,morning,3,142,12.0,2.0,2026-03-06 03:00:00+03:00,4,3,0,4.0,6.0,7.0,5.857142857142857,1.7728105208558382,9.0,0.0,0.0,0.0,0.5833333333333334,-3.0,0.7071067811865476,-0.7071067811865475,34.0,0.35294117647058826,medium,4.23006416131989,3.624165403205612,5.016528925619835,2.4119298492945234,0.19621894343951773,0.6648351648351648,1.4958791208791207,-1.016528925619835,8.0,1,6.425758915319895,0.0,6.425758915319895,-5.574241084680105,5.574241084680105,8.0
2026-03-20,afternoon,5,54,11.0,3.0,2026-03-21 05:00:00+03:00,5,3,1,4.0,5.0,7.0,6.428571428571429,1.6183471874253692,9.0,0.0,0.0,0.0,0.5384615384615384,-3.0,-0.7071067811865475,-0.7071067811865477,18.0,0.6111111111111112,medium,2.1353135313531353,2.313692209602312,3.2527472527472527,2.4487851897705966,0.29712413849118896,0.9405684754521964,2.116279069767442,0.7472527472527473,6.0,1,5.473910813963379,0.0,5.473910813963379,-5.526089186036621,5.526089186036621,8.0
2026-02-18,lunch,4,30,35.0,4.0,2026-02-19 04:00:00+03:00,3,2,0,31.0,18.0,24.0,30.714285714285715,8.035634920243002,40.0,0.0,0.0,0.0,0.9774774774774775,7.0,1.2246467991473532e-16,-1.0,77.0,0.45454545454545453,mega,13.703483043079743,8.347813742646773,27.502747252747252,6.67320559196118,0.33448548715889054,1.0876144578313254,1.4033734939759037,3.497252747252748,35.69999999999999,0,29.92393658214243,-0.44352195486851914,29.480414627273912,-5.5195853727260875,5.5195853727260875,35.0
2026-02-13,dinner,6,290,6.0,3.0,2026-02-14 06:00:00+03:00,5,2,1,0.0,0.0,0.0,0.0,0.0,0.0,0.0,0.0,0.0,0.0,0.0,-1.0,-1.8369701987210297e-16,9.0,0.6666666666666666,low,0.15548539857932123,0.428422817977247,0.23659305993690852,0.5314641839413475,0.17034700315457413,0.0,0.0,-0.23659305993690852,1.0,1,0.49061383962340493,0.0,0.49061383962340493,-5.509386160376595,5.509386160376595,1.0
2026-01-28,lunch,4,51,8.0,4.0,2026-01-29 04:00:00+03:00,3,1,0,1.0,8.0,7.0,3.4285714285714284,3.994043183589901,8.0,0.0,0.0,0.0,0.22580645161290322,-6.0,1.2246467991473532e-16,-1.0,11.0,0.7272727272727273,medium,1.2346189164370982,1.9411542453345536,3.366391184573003,3.016652663808964,0.30939109132217385,0.22902208201892746,1.8321766561514197,-2.366391184573003,7.0,1,2.4964533500026156,0.0,2.4964533500026156,-5.503546649997384,5.503546649997384,8.0
2026-03-01,lunch,4,1,19.0,4.0,2026-03-02 04:00:00+03:00,0,3,0,9.0,8.0,8.0,12.0,4.47213595499958,19.0,0.0,0.0,0.0,0.6923076923076923,1.0,1.2246467991473532e-16,-1.0,37.0,0.5135135135135135,medium,4.8180943214629455,4.2007427440961616,11.460055096418733,4.104360569877324,0.41188275422050785,0.722308202520451,1.5248728719876188,-2.460055096418733,17.0,1,13.49729834618277,0.0,13.49729834618277,-5.50270165381723,5.50270165381723,8.0
2026-04-05,dinner,6,478,8.0,3.0,2026-04-06 06:00:00+03:00,0,4,0,4.0,3.0,0.0,1.8571428571428572,1.7728105208558367,4.0,0.0,0.0,0.0,1.4,4.0,-1.0,-1.8369701987210297e-16,12.0,0.6666666666666666,medium,4.030946702068614,7.26952048693661,3.6808287930432915,7.26952048693661,0.14037689511362916,0.8545495203637552,0.8545495203637552,0.31917120695670853,13.0,0,2.5051406164782857,0.0,2.5051406164782857,-5.494859383521714,5.494859383521714,8.0
2026-03-15,lunch,4,16,8.0,4.0,2026-03-16 04:00:00+03:00,0,3,0,15.0,12.0,15.0,10.571428571428571,3.6449573777637334,15.0,0.0,0.0,0.0,1.2962962962962963,0.0,1.2246467991473532e-16,-1.0,28.0,0.2857142857142857,medium,0.9839449541284404,1.150939531486101,1.721763085399449,1.284091001690495,0.30067772753723165,5.511133603238866,5.511133603238866,13.278236914600551,3.0,1,2.506273433499277,0.0,2.506273433499277,-5.493726566500722,5.493726566500722,8.0
2026-02-04,dinner,6,54,10.0,3.0,2026-02-05 06:00:00+03:00,3,2,0,7.0,6.0,4.0,8.142857142857142,2.8535691936340144,11.0,0.0,0.0,0.0,0.765625,3.0,-1.0,-1.8369701987210297e-16,26.0,0.38461538461538464,medium,2.1353135313531353,2.313692209602312,3.2115384615384617,2.4250253689062604,0.3076139596782138,1.6621004566210045,2.6118721461187215,3.7884615384615383,6.0,1,4.513209078892151,0.0,4.513209078892151,-5.486790921107849,5.486790921107849,8.0
2026-01-31,lunch,4,18,26.0,4.0,2026-02-01 04:00:00+03:00,6,2,1,22.0,10.0,25.0,13.285714285714286,7.111359122659247,25.0,0.0,0.0,0.0,1.5399999999999998,-3.0,1.2246467991473532e-16,-1.0,53.0,0.49056603773584906,medium,6.109124254928932,5.453053535091321,11.975206611570249,6.953431693708665,0.27885867315263196,1.6955414012738852,1.9267515923566878,10.024793388429751,20.0,1,20.519701881354678,0.0,20.519701881354678,-5.480298118645322,5.480298118645322,8.0
2026-03-19,lunch,4,123,25.0,4.0,2026-03-20 04:00:00+03:00,4,3,0,29.0,27.0,27.0,25.857142857142858,5.899959644736908,32.0,0.0,0.0,0.0,1.0797872340425532,2.0,1.2246467991473532e-16,-1.0,45.0,0.5555555555555556,high,9.529330889092575,10.038386270221814,26.01923076923077,8.949331720839782,0.4426367956090107,1.0733096085409253,1.184341637010676,2.98076923076923,36.0,0,30.466125169110004,0.0,30.466125169110004,5.466125169110004,5.466125169110004,22.0
2026-04-10,lunch,4,69,53.0,4.0,2026-04-11 04:00:00+03:00,5,4,1,45.0,50.0,70.0,52.714285714285715,15.228419547174349,76.0,0.0,0.0,0.0,0.8377659574468085,-25.0,1.2246467991473532e-16,-1.0,198.0,0.2676767676767677,mega,25.709899175068745,15.187584008448223,49.92032967032967,11.401837554339034,0.32250586815508425,0.8837334772052873,1.4925276503911518,-4.9203296703296715,65.0,0,58.23554081578105,0.22893613497718068,58.46447695075823,5.4644769507582325,5.4644769507582325,35.0
2026-04-11,afternoon,5,16,8.0,3.0,2026-04-12 05:00:00+03:00,6,4,1,12.0,10.0,10.0,10.714285714285714,2.751622897751177,16.0,0.0,0.0,0.0,1.024390243902439,2.0,-0.7071067811865475,-0.7071067811865477,54.0,0.14814814814814814,medium,0.9839449541284404,1.150939531486101,1.1928374655647382,1.135199470644021,0.20261772968384537,5.472361809045227,7.296482412060302,10.807162534435262,3.0,1,2.5377278106175383,0.0,2.5377278106175383,-5.462272189382462,5.462272189382462,8.0
2026-02-10,late_evening,7,38,12.0,2.0,2026-02-11 07:00:00+03:00,2,2,0,7.0,7.0,3.0,5.714285714285714,1.6035674514745495,7.0,0.0,0.0,0.0,1.0425531914893618,4.0,-0.7071067811865477,0.7071067811865474,18.0,0.6666666666666666,medium,2.3802752293577982,3.6892704924960964,5.648351648351649,2.37815413927747,0.49001862516438244,1.052892561983471,1.052892561983471,1.3516483516483513,9.0,1,6.53828042754026,0.0,6.53828042754026,-5.46171957245974,5.46171957245974,8.0
2026-02-03,lunch,4,123,34.0,4.0,2026-02-04 04:00:00+03:00,2,2,0,26.0,25.0,29.0,25.142857142857142,6.768273325562729,35.0,0.0,0.0,0.0,0.994535519125683,-3.0,1.2246467991473532e-16,-1.0,64.0,0.53125,high,9.529330889092575,10.038386270221814,26.01923076923077,8.949331720839782,0.4426367956090107,0.9622775800711744,1.295373665480427,-0.01923076923077005,36.0,0,28.5404005104717,0.0,28.5404005104717,-5.459599489528301,5.459599489528301,22.0
2026-04-07,lunch,4,10,24.0,4.0,2026-04-08 04:00:00+03:00,2,4,0,16.0,17.0,20.0,15.571428571428571,4.3915503282683845,21.0,0.0,0.0,0.0,0.9655172413793105,-4.0,1.2246467991473532e-16,-1.0,43.0,0.5581395348837209,high,6.580926180651078,5.576694893105304,15.826446280991735,5.457537267559647,0.3959618663932895,0.9508840864440079,1.2480353634577603,0.17355371900826455,23.0,1,18.55844666268029,0.0,18.55844666268029,-5.441553337319711,5.441553337319711,22.0
2026-03-08,morning,3,18,12.0,2.0,2026-03-09 03:00:00+03:00,0,3,0,7.0,13.0,6.0,6.428571428571429,3.1014589500826197,13.0,0.0,0.0,0.0,0.9423076923076923,1.0,0.7071067811865476,-0.7071067811865475,46.0,0.2608695652173913,medium,6.109124254928932,5.453053535091321,6.545454545454546,4.194181710535974,0.15181598308203162,0.927710843373494,1.7228915662650601,0.45454545454545414,12.0,1,6.5676592986478,0.0,6.5676592986478,-5.4323407013522,5.4323407013522,8.0
2026-02-15,lunch,4,16,8.0,4.0,2026-02-16 04:00:00+03:00,0,2,0,15.0,17.0,8.0,14.571428571428571,4.755948656056708,23.0,0.0,0.0,0.0,0.963302752293578,7.0,1.2246467991473532e-16,-1.0,25.0,0.32,medium,0.9839449541284404,1.150939531486101,1.721763085399449,1.284091001690495,0.30067772753723165,5.511133603238866,8.450404858299596,13.278236914600551,3.0,1,2.577300513935682,0.0,2.577300513935682,-5.422699486064317,5.422699486064317,8.0
2026-01-28,afternoon,5,54,10.0,3.0,2026-01-29 05:00:00+03:00,3,1,0,10.0,2.0,1.0,6.0,4.434711565216686,13.0,0.0,0.0,0.0,1.4285714285714286,9.0,-0.7071067811865475,-0.7071067811865477,24.0,0.4166666666666667,medium,2.1353135313531353,2.313692209602312,3.2527472527472527,2.4487851897705966,0.29712413849118896,2.351421188630491,3.056847545219638,6.747252747252747,6.0,1,4.579032645112477,0.0,4.579032645112477,-5.420967354887523,5.420967354887523,8.0
2026-01-24,lunch,4,29,44.0,4.0,2026-01-25 04:00:00+03:00,6,1,1,36.0,33.0,36.0,33.42857142857143,4.15760920310153,39.0,0.0,0.0,0.0,1.0456431535269708,0.0,1.2246467991473532e-16,-1.0,125.0,0.352,mega,16.77201257861635,11.447047939359384,39.06611570247934,7.990742783350609,0.33541085213730065,0.8985148514851485,0.9733910891089109,-3.066115702479337,49.0,0,38.66804468966698,-0.08785333275955609,38.58019135690742,-5.41980864309258,5.41980864309258,35.0
2026-02-23,afternoon,5,69,37.0,3.0,2026-02-24 05:00:00+03:00,1,2,0,34.0,26.0,33.0,33.714285714285715,7.319250547113975,46.0,0.0,0.0,0.0,0.9794238683127572,1.0,-0.7071067811865475,-0.7071067811865477,150.0,0.24666666666666667,mega,25.709899175068745,15.187584008448223,27.587912087912088,6.784804528364688,0.17970958977163476,1.1893138573899673,1.6090716894099557,6.412087912087912,36.0,1,31.583406570357077,0.0,31.583406570357077,-5.416593429642923,5.416593429642923,35.0
2026-03-09,afternoon,5,142,11.0,3.0,2026-03-10 05:00:00+03:00,1,3,0,4.0,5.0,10.0,4.428571428571429,2.7602622373694192,10.0,0.0,0.0,0.0,0.7368421052631579,-6.0,-0.7071067811865475,-0.7071067811865477,33.0,0.3333333333333333,medium,4.23006416131989,3.624165403205612,4.46978021978022,2.300238089495953,0.17717440952700472,0.731290808638875,1.8282270215971872,-0.4697802197802199,8.0,1,5.589499967289287,0.0,5.589499967289287,-5.410500032710713,5.410500032710713,8.0
2026-02-15,afternoon,5,142,10.0,3.0,2026-02-16 05:00:00+03:00,0,2,0,2.0,4.0,3.0,3.4285714285714284,1.988059594776015,6.0,0.0,0.0,0.0,0.45161290322580644,-1.0,-0.7071067811865475,-0.7071067811865477,40.0,0.25,medium,4.23006416131989,3.624165403205612,4.46978021978022,2.300238089495953,0.17717440952700472,0.3656454043194375,1.0969362129583125,-2.46978021978022,8.0,1,4.5898971248580045,0.0,4.5898971248580045,-5.4101028751419955,5.4101028751419955,8.0
2026-03-08,afternoon,5,54,10.0,3.0,2026-03-09 05:00:00+03:00,0,3,0,10.0,6.0,1.0,6.857142857142857,3.532165125838604,11.0,0.0,0.0,0.0,1.2727272727272727,9.0,-0.7071067811865475,-0.7071067811865477,31.0,0.3225806451612903,medium,2.1353135313531353,2.313692209602312,3.2527472527472527,2.4487851897705966,0.29712413849118896,2.351421188630491,2.58656330749354,6.747252747252747,6.0,1,4.607175103462521,0.0,4.607175103462521,-5.392824896537479,5.392824896537479,8.0
2026-02-06,lunch,4,123,29.0,4.0,2026-02-07 04:00:00+03:00,5,2,1,31.0,25.0,18.0,24.857142857142858,6.6690471940293445,34.0,0.0,0.0,0.0,1.1988950276243093,13.0,1.2246467991473532e-16,-1.0,45.0,0.6444444444444445,high,9.529330889092575,10.038386270221814,26.01923076923077,8.949331720839782,0.4426367956090107,1.1473309608540925,1.2583629893238433,4.98076923076923,36.0,0,23.63072231871421,0.0,23.63072231871421,-5.369277681285791,5.369277681285791,22.0
2026-02-22,lunch,4,1,8.0,4.0,2026-02-23 04:00:00+03:00,0,2,0,8.0,6.0,16.0,12.428571428571429,5.255382728122438,20.0,0.0,0.0,0.0,0.5957446808510638,-8.0,1.2246467991473532e-16,-1.0,22.0,0.36363636363636365,medium,4.8180943214629455,4.2007427440961616,11.460055096418733,4.104360569877324,0.41188275422050785,0.6420517355737342,1.6051293389343355,-3.460055096418733,17.0,0,13.354759830738727,0.0,13.354759830738727,5.354759830738727,5.354759830738727,8.0
2026-04-12,lunch,4,16,8.0,4.0,2026-04-13 04:00:00+03:00,0,4,0,17.0,26.0,17.0,17.142857142857142,5.843188953205006,26.0,0.0,0.0,0.0,0.937007874015748,0.0,1.2246467991473532e-16,-1.0,36.0,0.2222222222222222,medium,0.9839449541284404,1.150939531486101,1.721763085399449,1.284091001690495,0.30067772753723165,6.245951417004049,9.552631578947368,15.278236914600551,3.0,1,2.646225159334317,0.0,2.646225159334317,-5.353774840665682,5.353774840665682,8.0
2026-03-26,opening,1,479,13.0,2.0,2026-03-27 01:00:00+03:00,4,3,0,11.0,9.0,13.0,8.857142857142858,3.933978962347218,13.0,0.0,0.0,0.0,1.115942028985507,-2.0,0.7071067811865475,0.7071067811865476,28.0,0.4642857142857143,medium,4.030946702068614,7.26952048693661,4.4715430016863404,7.26952048693661,0.08346337542980571,2.010401818391956,2.375929421735948,6.5284569983136596,12.0,1,7.647891685976716,0.0,7.647891685976716,-5.352108314023284,5.352108314023284,8.0
2026-02-04,lunch,4,142,17.0,4.0,2026-02-05 04:00:00+03:00,3,2,0,11.0,14.0,10.0,10.714285714285714,4.386125310350279,16.0,0.0,0.0,0.0,0.9390243902439025,1.0,1.2246467991473532e-16,-1.0,35.0,0.4857142857142857,medium,4.23006416131989,3.624165403205612,9.288461538461538,4.106271337026147,0.360800260700566,1.0691588785046728,1.5551401869158878,1.7115384615384617,14.0,1,11.648359313816512,0.0,11.648359313816512,-5.351640686183488,5.351640686183488,8.0
2026-03-03,lunch,4,16,8.0,4.0,2026-03-04 04:00:00+03:00,2,3,0,8.0,4.0,6.0,9.428571428571429,4.7559486560567095,18.0,0.0,0.0,0.0,0.7671232876712328,2.0,1.2246467991473532e-16,-1.0,27.0,0.2962962962962963,medium,0.9839449541284404,1.150939531486101,1.721763085399449,1.284091001690495,0.30067772753723165,2.9392712550607287,6.613360323886639,6.278236914600551,3.0,1,2.6501004804316404,0.0,2.6501004804316404,-5.34989951956836,5.34989951956836,8.0
2026-03-30,lunch,4,8,41.0,4.0,2026-03-31 04:00:00+03:00,1,3,0,34.0,24.0,28.0,32.714285714285715,6.626066850308871,42.0,0.0,0.0,0.0,1.0084745762711864,6.0,1.2246467991473532e-16,-1.0,111.0,0.36936936936936937,mega,14.99803536345776,11.147682695162223,34.80494505494506,8.197821234921355,0.33131290749065806,0.9495895035678661,1.1730223279367757,-0.8049450549450583,44.0,0,35.88558419720942,-0.22720040730912636,35.65838378990029,-5.341616210099708,5.341616210099708,35.0
2026-02-03,lunch,4,37,18.0,4.0,2026-02-04 04:00:00+03:00,2,2,0,17.0,15.0,19.0,12.714285714285714,4.715728494951229,19.0,0.0,0.0,0.0,1.2395833333333335,-2.0,1.2246467991473532e-16,-1.0,33.0,0.5454545454545454,medium,4.2158570119156735,4.037725090920908,10.324175824175825,3.792027032582001,0.4077077915187296,1.5012130033964095,1.677826297913634,6.675824175824175,15.0,1,12.658595723098133,0.0,12.658595723098133,-5.3414042769018675,5.3414042769018675,8.0
2026-02-11,lunch,4,99,45.0,4.0,2026-02-12 04:00:00+03:00,3,2,0,37.0,31.0,38.0,37.0,3.999999999999848,41.0,0.0,0.0,0.0,0.9736842105263158,-1.0,1.2246467991473532e-16,-1.0,116.0,0.3879310344827586,mega,17.65933202357564,12.423628976413019,40.497252747252745,7.979484240247015,0.3282854062396855,0.8916252896391924,0.9880172128434294,-3.4972527472527446,50.0,0,39.976400375034686,-0.2955799478620165,39.68082042717267,-5.319179572827331,5.319179572827331,35.0
2026-03-03,lunch,4,2,29.0,4.0,2026-03-04 04:00:00+03:00,2,3,0,29.0,20.0,25.0,22.571428571428573,3.5989416433697685,29.0,0.0,0.0,0.0,1.2303030303030302,4.0,1.2246467991473532e-16,-1.0,67.0,0.43283582089552236,high,7.919532324621733,6.1652836583747,19.313186813186814,5.6393678951648205,0.3040886563507092,1.4276440357046254,1.4276440357046254,9.686813186813186,26.0,1,23.681973088967535,0.0,23.681973088967535,-5.318026911032465,5.318026911032465,22.0
2026-02-05,lunch,4,25,22.0,4.0,2026-02-06 04:00:00+03:00,4,2,0,14.0,17.0,10.0,14.142857142857142,2.9113897843110137,18.0,0.0,0.0,0.0,0.9245283018867925,4.0,1.2246467991473532e-16,-1.0,52.0,0.4230769230769231,high,7.156736938588451,5.584595796433097,15.87087912087912,5.024165108521969,0.36929438528740477,0.8298322748737991,1.0669272105520273,-1.8708791208791204,21.69999999999999,1,16.686265402307505,0.0,16.686265402307505,-5.313734597692495,5.313734597692495,22.0
2026-01-29,lunch,4,99,43.0,4.0,2026-01-30 04:00:00+03:00,4,1,0,41.0,28.0,36.0,40.142857142857146,7.470577207252672,52.0,0.0,0.0,0.0,0.9965277777777777,5.0,1.2246467991473532e-16,-1.0,111.0,0.38738738738738737,mega,17.65933202357564,12.423628976413019,40.497252747252745,7.979484240247015,0.3282854062396855,0.9880172128434294,1.2530950016550813,0.5027472527472554,50.0,0,37.66692760423189,0.028781919421541718,37.69570952365343,-5.304290476346573,5.304290476346573,35.0
2026-04-06,dinner,6,16,8.0,3.0,2026-04-07 06:00:00+03:00,1,4,0,12.0,11.0,8.0,9.0,1.7320508075688692,12.0,0.0,0.0,0.0,1.2,4.0,-1.0,-1.8369701987210297e-16,53.0,0.1509433962264151,medium,0.9839449541284404,1.150939531486101,1.5164835164835164,1.35948975489591,0.24700166286704747,4.7685589519650655,4.7685589519650655,10.483516483516484,4.0,1,2.705013378471035,0.0,2.705013378471035,-5.294986621528965,5.294986621528965,8.0
2026-02-23,lunch,4,25,23.0,4.0,2026-02-24 04:00:00+03:00,1,2,0,13.0,9.0,21.0,16.142857142857142,4.561745697594717,21.0,0.0,0.0,0.0,0.7583333333333333,-8.0,1.2246467991473532e-16,-1.0,55.0,0.41818181818181815,high,7.156736938588451,5.584595796433097,15.87087912087912,5.024165108521969,0.36929438528740477,0.770558540954242,1.2447484123106987,-2.8708791208791204,21.69999999999999,1,17.70533000550188,0.0,17.70533000550188,-5.294669994498118,5.294669994498118,22.0
2026-04-08,dinner,6,54,10.0,3.0,2026-04-09 06:00:00+03:00,3,4,0,5.0,13.0,12.0,10.571428571428571,3.3094381626464675,14.0,0.0,0.0,0.0,0.4320987654320988,-7.0,-1.0,-1.8369701987210297e-16,25.0,0.4,medium,2.1353135313531353,2.313692209602312,3.2115384615384617,2.4250253689062604,0.3076139596782138,1.187214611872146,3.324200913242009,1.7884615384615383,6.0,1,4.711666557413375,0.0,4.711666557413375,-5.288333442586625,5.288333442586625,8.0
2026-02-16,lunch,4,123,36.0,4.0,2026-02-17 04:00:00+03:00,1,2,0,38.0,20.0,23.0,27.857142857142858,7.057586259446207,38.0,0.0,0.0,0.0,1.316831683168317,15.0,1.2246467991473532e-16,-1.0,59.0,0.6101694915254238,high,9.529330889092575,10.038386270221814,26.01923076923077,8.949331720839782,0.4426367956090107,1.406405693950178,1.406405693950178,11.98076923076923,36.0,1,30.715045936295365,0.0,30.715045936295365,-5.284954063704635,5.284954063704635,22.0
2026-03-05,lunch,4,37,8.0,4.0,2026-03-06 04:00:00+03:00,4,3,0,18.0,9.0,6.0,10.285714285714286,4.889249625940754,18.0,0.0,0.0,0.0,1.5949367088607593,12.0,1.2246467991473532e-16,-1.0,14.0,0.5714285714285714,medium,4.2158570119156735,4.037725090920908,10.324175824175825,3.792027032582001,0.4077077915187296,1.5895196506550218,1.5895196506550218,7.675824175824175,15.0,0,13.28056482180954,0.0,13.28056482180954,5.28056482180954,5.28056482180954,8.0
2026-04-10,lunch,4,29,35.0,4.0,2026-04-11 04:00:00+03:00,5,4,1,31.0,37.0,32.0,33.857142857142854,4.740906081772826,40.0,0.0,0.0,0.0,0.889344262295082,-1.0,1.2246467991473532e-16,-1.0,106.0,0.330188679245283,mega,16.77201257861635,11.447047939359384,39.06611570247934,7.990742783350609,0.33541085213730065,0.7737211221122112,0.9983498349834984,-8.066115702479337,49.0,0,40.30485984962122,-0.0673469844510007,40.23751286517022,5.237512865170217,5.237512865170217,35.0
2026-04-05,lunch,4,142,17.0,4.0,2026-04-06 04:00:00+03:00,0,4,0,8.0,5.0,8.0,11.0,4.163331998932278,16.0,0.0,0.0,0.0,0.6666666666666666,0.0,1.2246467991473532e-16,-1.0,33.0,0.5151515151515151,medium,4.23006416131989,3.624165403205612,9.288461538461538,4.106271337026147,0.360800260700566,0.7775700934579439,1.5551401869158878,-1.2884615384615383,14.0,1,11.782854249552289,0.0,11.782854249552289,-5.2171457504477114,5.2171457504477114,8.0
2026-01-28,opening,1,5,14.0,2.0,2026-01-29 01:00:00+03:00,3,1,0,10.0,13.0,11.0,8.714285714285714,4.270608298368671,13.0,0.0,0.0,0.0,1.0294117647058825,-1.0,0.7071067811865475,0.7071067811865476,25.0,0.56,medium,2.9972480220158237,3.8581158362573085,8.991735537190083,4.639779716685801,0.35198888511523774,1.0008271298593878,1.3010752688172043,1.008264462809917,15.0,0,8.796206861525391,0.0,8.796206861525391,-5.203793138474609,5.203793138474609,8.0
2026-03-12,lunch,4,16,9.0,4.0,2026-03-13 04:00:00+03:00,4,3,0,5.0,9.0,5.0,9.142857142857142,3.5790395093549616,15.0,0.0,0.0,0.0,0.49295774647887325,0.0,1.2246467991473532e-16,-1.0,30.0,0.3,medium,0.9839449541284404,1.150939531486101,1.721763085399449,1.284091001690495,0.30067772753723165,1.8370445344129556,5.511133603238866,3.278236914600551,3.0,1,3.799987806649241,0.0,3.799987806649241,-5.200012193350759,5.200012193350759,8.0
2026-03-14,lunch,4,18,13.0,4.0,2026-03-15 04:00:00+03:00,6,3,1,12.0,7.0,19.0,11.428571428571429,5.318431562567541,19.0,0.0,0.0,0.0,0.9655172413793103,-7.0,1.2246467991473532e-16,-1.0,50.0,0.26,medium,6.109124254928932,5.453053535091321,11.975206611570249,6.953431693708665,0.27885867315263196,0.9248407643312101,1.4643312101910828,0.024793388429751317,20.0,0,18.197184174715392,0.0,18.197184174715392,5.197184174715392,5.197184174715392,8.0
2026-02-11,lunch,4,14,23.0,4.0,2026-02-12 04:00:00+03:00,3,2,0,12.0,20.0,13.0,16.285714285714285,2.8702082220799525,20.0,0.0,0.0,0.0,0.6942148760330579,-1.0,1.2246467991473532e-16,-1.0,40.0,0.575,high,8.976897689768977,6.080682518563457,18.424242424242426,4.409515911174649,0.4121223874637316,0.6177847113884555,1.029641185647426,-6.424242424242426,24.0,0,17.8084794215049,0.0,17.8084794215049,-5.191520578495101,5.191520578495101,22.0
2026-03-02,lunch,4,6,24.0,4.0,2026-03-03 04:00:00+03:00,1,3,0,25.0,27.0,34.0,25.0,7.04745817062204,34.0,0.0,0.0,0.0,0.9615384615384616,-9.0,1.2246467991473532e-16,-1.0,88.0,0.2727272727272727,high,10.223521320495186,7.858411454975636,25.560439560439562,7.174655102463964,0.31008066999141487,0.9412494828299545,1.2800992966487381,-0.560439560439562,34.0,0,29.190858900727253,0.0,29.190858900727253,5.190858900727253,5.190858900727253,22.0
2026-02-24,lunch,4,99,36.0,4.0,2026-02-25 04:00:00+03:00,2,2,0,38.0,38.0,37.0,42.142857142857146,6.1489449346634775,55.0,0.0,0.0,0.0,0.8807947019867549,1.0,1.2246467991473532e-16,-1.0,136.0,0.2647058823529412,mega,17.65933202357564,12.423628976413019,40.497252747252745,7.979484240247015,0.3282854062396855,0.9157232704402516,1.325388944058259,-2.4972527472527446,50.0,0,41.43111116919994,-0.24164635367467194,41.18946481552526,5.1894648155252625,5.1894648155252625,35.0
2026-03-11,lunch,4,126,22.0,4.0,2026-03-12 04:00:00+03:00,3,3,0,21.0,27.0,28.0,20.857142857142858,7.289914755527457,28.0,0.0,0.0,0.0,0.9607843137254902,-7.0,1.2246467991473532e-16,-1.0,78.0,0.28205128205128205,high,8.943396226415095,8.296270027256874,23.39669421487603,7.377896665537009,0.36997738876250647,0.8607723577235773,1.1476964769647697,-2.3966942148760317,33.0,0,27.17913411196174,0.0,27.17913411196174,5.179134111961741,5.179134111961741,22.0
2026-02-26,dinner,6,69,42.0,3.0,2026-02-27 06:00:00+03:00,4,2,0,32.0,26.0,53.0,34.57142857142857,12.06727175541545,53.0,0.0,0.0,0.0,0.8995983935742973,-21.0,-1.0,-1.8369701987210297e-16,185.0,0.22702702702702704,mega,25.709899175068745,15.187584008448223,30.986263736263737,7.0934205573178035,0.20237672346557325,1.0004294425835265,1.656961264278966,1.0137362637362628,40.0,1,36.8315815534354,0.0,36.8315815534354,-5.168418446564601,5.168418446564601,35.0
2026-03-07,dinner,6,140,6.0,3.0,2026-03-08 06:00:00+03:00,6,3,1,1.0,2.0,0.0,0.7142857142857143,0.7559289460184545,2.0,0.0,0.0,0.0,0.5833333333333333,1.0,-1.0,-1.8369701987210297e-16,13.0,0.46153846153846156,low,0.26666666666666666,0.5867246021995556,0.46703296703296704,0.7760257507662547,0.25306776556776556,0.6816479400749064,1.3632958801498127,0.532967032967033,1.0,1,0.8446601703227029,0.0,0.8446601703227029,-5.155339829677297,5.155339829677297,1.0
2026-03-11,dinner,6,38,12.0,3.0,2026-03-12 06:00:00+03:00,3,3,0,5.0,6.0,5.0,7.571428571428571,3.9940431835899073,15.0,0.0,0.0,0.0,0.5833333333333334,0.0,-1.0,-1.8369701987210297e-16,16.0,0.75,medium,2.3802752293577982,3.6892704924960964,5.818681318681318,3.6499869681766577,0.41647984853532405,0.7332796132151491,2.199838839645447,-0.8186813186813184,10.0,1,6.846031978403376,0.0,6.846031978403376,-5.153968021596624,5.153968021596624,8.0
2026-03-04,afternoon,5,69,35.0,3.0,2026-03-05 05:00:00+03:00,3,3,0,25.0,29.0,22.0,28.428571428571427,6.160550377391675,37.0,0.0,0.0,0.0,0.8495145631067962,3.0,-0.7071067811865475,-0.7071067811865477,181.0,0.19337016574585636,mega,25.709899175068745,15.187584008448223,27.587912087912088,6.784804528364688,0.17970958977163476,0.874495483374976,1.2942533153949645,-2.5879120879120876,36.0,0,29.84668915875915,0.0,29.84668915875915,-5.153310841240849,5.153310841240849,35.0
2026-04-07,lunch,4,99,35.0,4.0,2026-04-08 04:00:00+03:00,2,4,0,34.0,40.0,29.0,33.142857142857146,5.6103645582251245,40.0,0.0,0.0,0.0,0.9958158995815899,5.0,1.2246467991473532e-16,-1.0,110.0,0.3181818181818182,mega,17.65933202357564,12.423628976413019,40.497252747252745,7.979484240247015,0.3282854062396855,0.8193313472360146,0.9639192320423702,-6.497252747252745,50.0,0,40.55320360472335,-0.41447156653151407,40.13873203819183,5.138732038191833,5.138732038191833,35.0
2026-02-28,lunch,4,14,23.0,4.0,2026-03-01 04:00:00+03:00,6,3,1,18.0,21.0,12.0,16.571428571428573,3.258688021128704,21.0,0.0,0.0,0.0,1.024390243902439,6.0,1.2246467991473532e-16,-1.0,52.0,0.4423076923076923,high,8.976897689768977,6.080682518563457,18.424242424242426,4.409515911174649,0.4121223874637316,0.9266770670826833,1.0811232449297972,-0.42424242424242564,24.0,0,17.879684668864908,0.0,17.879684668864908,-5.120315331135092,5.120315331135092,22.0
2026-03-06,dinner,6,20,11.0,3.0,2026-03-07 06:00:00+03:00,5,3,1,2.0,2.0,8.0,3.4285714285714284,2.149196970742255,8.0,0.0,0.0,0.0,0.45161290322580644,-6.0,-1.0,-1.8369701987210297e-16,32.0,0.34375,medium,5.7518037518037515,4.597145761347301,6.623626373626373,2.9817797545504368,0.20426100566691752,0.2623423423423424,1.0493693693693695,-4.623626373626373,10.699999999999989,1,5.904832592844822,0.0,5.904832592844822,-5.095167407155178,5.095167407155178,8.0
2026-03-04,lunch,4,51,10.0,4.0,2026-03-05 04:00:00+03:00,3,3,0,8.0,8.0,4.0,3.4285714285714284,3.4086724129853865,8.0,0.0,0.0,0.0,1.8064516129032258,4.0,1.2246467991473532e-16,-1.0,14.0,0.7142857142857143,medium,1.2346189164370982,1.9411542453345536,3.366391184573003,3.016652663808964,0.30939109132217385,1.8321766561514197,1.8321766561514197,4.633608815426998,7.0,1,4.908683532746063,0.0,4.908683532746063,-5.091316467253937,5.091316467253937,8.0
2026-02-18,lunch,4,37,17.0,4.0,2026-02-19 04:00:00+03:00,3,2,0,14.0,10.0,12.0,12.428571428571429,4.577377082170608,21.0,0.0,0.0,0.0,1.0425531914893618,2.0,1.2246467991473532e-16,-1.0,28.0,0.6071428571428571,medium,4.2158570119156735,4.037725090920908,10.324175824175825,3.792027032582001,0.4077077915187296,1.2362930616205725,1.8544395924308588,3.675824175824175,15.0,1,11.913084812077324,0.0,11.913084812077324,-5.086915187922676,5.086915187922676,8.0
2026-03-22,afternoon,5,1,11.0,3.0,2026-03-23 05:00:00+03:00,0,3,0,7.0,4.0,5.0,5.571428571428571,1.2724180205606996,7.0,0.0,0.0,0.0,1.065217391304348,2.0,-0.7071067811865475,-0.7071067811865477,28.0,0.39285714285714285,medium,4.8180943214629455,4.2007427440961616,4.815934065934066,2.37332953137807,0.1742448188390449,1.2035899858290033,1.2035899858290033,2.1840659340659343,8.0,1,5.927560304998773,0.0,5.927560304998773,-5.072439695001227,5.072439695001227,8.0
2026-02-18,lunch,4,142,17.0,4.0,2026-02-19 04:00:00+03:00,3,2,0,13.0,10.0,10.0,11.142857142857142,3.532165125838622,18.0,0.0,0.0,0.0,1.0705882352941176,3.0,1.2246467991473532e-16,-1.0,36.0,0.4722222222222222,medium,4.23006416131989,3.624165403205612,9.288461538461538,4.106271337026147,0.360800260700566,1.263551401869159,1.749532710280374,3.7115384615384617,14.0,1,11.928722001737203,0.0,11.928722001737203,-5.071277998262797,5.071277998262797,8.0
2026-01-26,lunch,4,37,15.0,4.0,2026-01-27 04:00:00+03:00,1,1,0,10.0,12.0,12.0,11.142857142857142,3.484660262185825,15.0,0.0,0.0,0.0,0.823529411764706,-2.0,1.2246467991473532e-16,-1.0,29.0,0.5172413793103449,medium,4.2158570119156735,4.037725090920908,10.324175824175825,3.792027032582001,0.4077077915187296,0.8830664725861231,1.3245997088791848,-0.3241758241758248,15.0,1,9.936307156216412,0.0,9.936307156216412,-5.063692843783588,5.063692843783588,8.0
2026-03-19,dinner,6,16,8.0,3.0,2026-03-20 06:00:00+03:00,4,3,0,12.0,7.0,6.0,7.857142857142857,2.6726124191242415,12.0,0.0,0.0,0.0,1.3548387096774193,6.0,-1.0,-1.8369701987210297e-16,30.0,0.26666666666666666,medium,0.9839449541284404,1.150939531486101,1.5164835164835164,1.35948975489591,0.24700166286704747,4.7685589519650655,4.7685589519650655,10.483516483516484,4.0,1,2.942129970331638,0.0,2.942129970331638,-5.057870029668361,5.057870029668361,8.0
2026-02-23,lunch,4,51,8.0,4.0,2026-02-24 04:00:00+03:00,1,2,0,0.0,0.0,5.0,2.5714285714285716,2.7602622373694174,7.0,0.0,0.0,0.0,0.0,-5.0,1.2246467991473532e-16,-1.0,15.0,0.5333333333333333,medium,1.2346189164370982,1.9411542453345536,3.366391184573003,3.016652663808964,0.30939109132217385,0.0,1.6031545741324922,-3.366391184573003,7.0,1,2.959931844702996,0.0,2.959931844702996,-5.0400681552970035,5.0400681552970035,8.0
2026-01-30,morning,3,37,12.0,2.0,2026-01-31 03:00:00+03:00,5,1,1,8.0,4.0,13.0,7.571428571428571,3.101458950082627,13.0,0.0,0.0,0.0,0.9333333333333333,-5.0,0.7071067811865476,-0.7071067811865475,25.0,0.48,medium,4.2158570119156735,4.037725090920908,6.429752066115703,2.735564158327461,0.255486000056349,1.0767519466073414,1.74972191323693,1.5702479338842972,10.0,1,6.969255628540854,0.0,6.969255628540854,-5.030744371459146,5.030744371459146,8.0
2026-01-29,lunch,4,20,10.0,4.0,2026-01-30 04:00:00+03:00,4,1,0,3.0,2.0,6.0,6.571428571428571,5.3184315625675085,17.0,0.0,0.0,0.0,0.39622641509433965,-3.0,1.2246467991473532e-16,-1.0,32.0,0.3125,medium,5.7518037518037515,4.597145761347301,11.222527472527473,4.769905450006113,0.33908490601013946,0.2454484153742414,1.390874353787368,-8.222527472527473,17.0,0,4.974428540248354,0.0,4.974428540248354,-5.025571459751646,5.025571459751646,8.0
2026-03-12,dinner,6,69,45.0,3.0,2026-03-13 06:00:00+03:00,4,3,0,41.0,30.0,47.0,36.42857142857143,7.502380574571915,47.0,0.0,0.0,0.0,1.0954198473282442,-6.0,-1.0,-1.8369701987210297e-16,175.0,0.2571428571428571,mega,25.709899175068745,15.187584008448223,30.986263736263737,7.0934205573178035,0.20237672346557325,1.2818002233101433,1.4693807437945545,10.013736263736263,40.0,1,39.97658529629652,0.0,39.97658529629652,-5.02341470370348,5.02341470370348,35.0
2026-02-10,lunch,4,127,11.0,4.0,2026-02-11 04:00:00+03:00,2,2,0,3.0,5.0,10.0,4.857142857142857,2.4784787961282086,10.0,0.0,0.0,0.0,0.5121951219512195,-7.0,1.2246467991473532e-16,-1.0,19.0,0.5789473684210527,medium,2.0341846758349704,2.214697362554381,5.173076923076923,2.386888054266103,0.35943689780549043,0.48598130841121495,1.6199376947040498,-2.1730769230769234,8.0,1,5.977381422192753,0.0,5.977381422192753,-5.022618577807247,5.022618577807247,8.0
2026-01-30,afternoon,5,54,10.0,3.0,2026-01-31 05:00:00+03:00,5,1,1,7.0,10.0,13.0,7.714285714285714,3.773340063934759,13.0,0.0,0.0,0.0,0.8032786885245901,-6.0,-0.7071067811865475,-0.7071067811865477,38.0,0.2631578947368421,medium,2.1353135313531353,2.313692209602312,3.2527472527472527,2.4487851897705966,0.29712413849118896,1.6459948320413438,3.056847545219638,3.7472527472527473,6.0,1,4.983269409374571,0.0,4.983269409374571,-5.016730590625429,5.016730590625429,8.0
2026-03-17,dinner,6,54,9.0,3.0,2026-03-18 06:00:00+03:00,2,3,0,7.0,12.0,4.0,6.714285714285714,2.6903708365381824,12.0,0.0,0.0,0.0,0.9074074074074074,3.0,-1.0,-1.8369701987210297e-16,20.0,0.45,medium,2.1353135313531353,2.313692209602312,3.2115384615384617,2.4250253689062604,0.3076139596782138,1.6621004566210045,2.8493150684931505,3.7884615384615383,6.0,1,3.9853292993407563,0.0,3.9853292993407563,-5.014670700659243,5.014670700659243,8.0
2026-04-01,lunch,4,137,8.0,4.0,2026-04-02 04:00:00+03:00,3,4,0,2.0,6.0,1.0,3.0,2.309401076758505,6.0,0.0,0.0,0.0,0.5,1.0,1.2246467991473532e-16,-1.0,12.0,0.6666666666666666,medium,1.05,1.5837561732595622,3.206611570247934,2.2332891608068497,0.47338910324447514,0.47544204322200395,1.4263261296660117,-1.2066115702479339,6.0,1,2.99367028315345,0.0,2.99367028315345,-5.00632971684655,5.00632971684655,8.0
2026-04-05,lunch,4,51,8.0,4.0,2026-04-06 04:00:00+03:00,0,4,0,0.0,0.0,5.0,2.4285714285714284,1.9023794624226844,5.0,0.0,0.0,0.0,0.0,-5.0,1.2246467991473532e-16,-1.0,13.0,0.6153846153846154,medium,1.2346189164370982,1.9411542453345536,3.366391184573003,3.016652663808964,0.30939109132217385,0.0,1.1451104100946374,-3.366391184573003,7.0,1,2.9977197540189655,0.0,2.9977197540189655,-5.0022802459810345,5.0022802459810345,8.0
2026-04-10,morning,3,516,10.0,2.0,2026-04-11 03:00:00+03:00,5,4,1,6.0,0.0,0.0,6.0,0.0,6.0,0.0,0.0,0.0,0.8571428571428571,0.0,0.7071067811865476,-0.7071067811865475,18.0,0.5555555555555556,medium,4.030946702068614,7.26952048693661,4.146521016385656,7.26952048693661,0.10387703329795495,1.1658361018826136,1.1658361018826136,1.8534789836143437,13.0,0,5.010695773457988,0.0,5.010695773457988,-4.989304226542012,4.989304226542012,8.0
2026-04-02,lunch,4,123,25.0,4.0,2026-04-03 04:00:00+03:00,4,4,0,30.0,24.0,23.0,22.428571428571427,4.79086432205937,30.0,0.0,0.0,0.0,1.2804878048780488,7.0,1.2246467991473532e-16,-1.0,48.0,0.5208333333333334,high,9.529330889092575,10.038386270221814,26.01923076923077,8.949331720839782,0.4426367956090107,1.1103202846975089,1.1103202846975089,3.98076923076923,36.0,0,29.988361703411055,0.0,29.988361703411055,4.988361703411055,4.988361703411055,22.0
2026-04-08,lunch,4,2,27.0,4.0,2026-04-09 04:00:00+03:00,3,4,0,23.0,23.0,30.0,19.857142857142858,5.956189257922407,30.0,0.0,0.0,0.0,1.1027397260273972,-7.0,1.2246467991473532e-16,-1.0,87.0,0.3103448275862069,high,7.919532324621733,6.1652836583747,19.313186813186814,5.6393678951648205,0.3040886563507092,1.1322694076278064,1.4768731403840951,3.686813186813186,26.0,1,22.021376749123043,0.0,22.021376749123043,-4.978623250876957,4.978623250876957,22.0
2026-02-16,lunch,4,54,10.0,4.0,2026-02-17 04:00:00+03:00,1,2,0,9.0,15.0,5.0,9.0,3.9581140290126373,15.0,0.0,0.0,0.0,0.9,4.0,1.2246467991473532e-16,-1.0,23.0,0.43478260869565216,medium,2.1353135313531353,2.313692209602312,2.9917355371900825,2.2193120273223412,0.28604169726316175,2.2546583850931676,3.75776397515528,6.008264462809917,6.0,1,5.030674255102049,0.0,5.030674255102049,-4.969325744897951,4.969325744897951,8.0
2026-03-08,lunch,4,18,18.0,4.0,2026-03-09 04:00:00+03:00,0,3,0,19.0,19.0,13.0,14.142857142857142,4.4131837120372355,19.0,0.0,0.0,0.0,1.2547169811320755,6.0,1.2246467991473532e-16,-1.0,46.0,0.391304347826087,medium,6.109124254928932,5.453053535091321,11.975206611570249,6.953431693708665,0.27885867315263196,1.4643312101910828,1.4643312101910828,7.024793388429751,20.0,0,13.034202266588375,0.0,13.034202266588375,-4.965797733411625,4.965797733411625,8.0
2026-03-27,dinner,6,345,5.0,2.0,2026-03-28 06:00:00+03:00,5,3,1,0.0,0.0,0.0,0.0,0.0,0.0,0.0,0.0,0.0,0.0,0.0,-1.0,-1.8369701987210297e-16,5.0,1.0,low,0.006198347107438017,0.078525777569344,0.0048543689320388345,0.06967330142916175,0.0024271844660194173,0.0,0.0,-0.0048543689320388345,0.0,1,0.03999179875610255,0.0,0.03999179875610255,-4.960008201243897,4.960008201243897,1.0
2026-01-24,lunch,4,37,12.0,4.0,2026-01-25 04:00:00+03:00,6,1,1,4.0,12.0,8.0,11.285714285714286,3.988077469754285,15.0,0.0,0.0,0.0,0.3255813953488372,-4.0,1.2246467991473532e-16,-1.0,22.0,0.5454545454545454,medium,4.2158570119156735,4.037725090920908,10.324175824175825,3.792027032582001,0.4077077915187296,0.35322658903444926,1.3245997088791848,-6.324175824175825,15.0,0,7.043175612417489,0.0,7.043175612417489,-4.956824387582511,4.956824387582511,8.0
2026-03-10,lunch,4,1,8.0,4.0,2026-03-11 04:00:00+03:00,2,3,0,11.0,6.0,15.0,11.142857142857142,4.670066788550653,18.0,0.0,0.0,0.0,0.9058823529411765,-4.0,1.2246467991473532e-16,-1.0,27.0,0.2962962962962963,medium,4.8180943214629455,4.2007427440961616,11.460055096418733,4.104360569877324,0.41188275422050785,0.8828211364138846,1.444616405040902,-0.4600550964187331,17.0,0,12.936950098513957,0.0,12.936950098513957,4.936950098513957,4.936950098513957,8.0
2026-04-04,lunch,4,18,23.0,4.0,2026-04-05 04:00:00+03:00,6,4,1,14.0,7.0,20.0,11.857142857142858,4.140393356054164,20.0,0.0,0.0,0.0,1.0888888888888888,-6.0,1.2246467991473532e-16,-1.0,63.0,0.36507936507936506,medium,6.109124254928932,5.453053535091321,11.975206611570249,6.953431693708665,0.27885867315263196,1.0789808917197452,1.5414012738853502,2.0247933884297513,20.0,1,18.07959737480406,0.0,18.07959737480406,-4.9204026251959405,4.9204026251959405,8.0
2026-02-16,lunch,4,26,23.0,4.0,2026-02-17 04:00:00+03:00,1,2,0,17.0,11.0,15.0,14.571428571428571,3.59894164336975,19.0,0.0,0.0,0.0,1.0917431192660552,2.0,1.2246467991473532e-16,-1.0,51.0,0.45098039215686275,high,6.941311325080238,5.5889179275364755,15.826446280991735,5.194574867535046,0.38014555485808005,1.0103143418467584,1.1291748526522594,1.1735537190082646,22.0,1,18.08024848283604,0.0,18.08024848283604,-4.919751517163959,4.919751517163959,22.0
2026-02-13,dinner,6,296,6.0,3.0,2026-02-14 06:00:00+03:00,5,2,1,3.0,0.0,2.0,1.0,1.2909944487358054,3.0,0.0,0.0,0.0,1.5,1.0,-1.0,-1.8369701987210297e-16,9.0,0.6666666666666666,low,0.33933933933933935,0.6683904316040283,0.572347266881029,0.8114546605408546,0.2756341550553769,1.9079754601226993,1.9079754601226993,2.427652733118971,2.0,1,1.0812178510824872,0.0,1.0812178510824872,-4.918782148917513,4.918782148917513,1.0
2026-02-17,lunch,4,137,8.0,4.0,2026-02-18 04:00:00+03:00,2,2,0,3.0,7.0,2.0,3.5714285714285716,2.819996622760559,7.0,0.0,0.0,0.0,0.65625,1.0,1.2246467991473532e-16,-1.0,10.0,0.8,medium,1.05,1.5837561732595622,3.206611570247934,2.2332891608068497,0.47338910324447514,0.7131630648330058,1.6640471512770139,-0.20661157024793386,6.0,1,3.1077073284472028,0.0,3.1077073284472028,-4.892292671552797,4.892292671552797,8.0
2026-01-28,dinner,6,38,11.0,3.0,2026-01-29 06:00:00+03:00,3,1,0,7.0,6.0,6.0,8.142857142857142,2.544836041121414,12.0,0.0,0.0,0.0,0.765625,1.0,-1.0,-1.8369701987210297e-16,16.0,0.6875,medium,2.3802752293577982,3.6892704924960964,5.818681318681318,3.6499869681766577,0.41647984853532405,1.0265914585012088,1.759871071716358,1.1813186813186816,10.0,1,6.115458951216966,0.0,6.115458951216966,-4.884541048783034,4.884541048783034,8.0
2026-02-13,lunch,4,47,10.0,4.0,2026-02-14 04:00:00+03:00,5,2,1,7.0,9.0,4.0,7.0,1.7320508075688852,9.0,0.0,0.0,0.0,0.875,3.0,1.2246467991473532e-16,-1.0,20.0,0.5,medium,2.1574023115024765,2.162834723516841,4.81267217630854,2.4000815524754775,0.44135599903644834,1.2042654028436017,1.548341232227488,2.1873278236914597,8.0,1,5.118327247601131,0.0,5.118327247601131,-4.881672752398869,4.881672752398869,8.0
2026-04-10,dinner,6,16,8.0,3.0,2026-04-11 06:00:00+03:00,5,4,1,13.0,9.0,8.0,9.714285714285714,2.288688541085309,13.0,0.0,0.0,0.0,1.2133333333333334,5.0,-1.0,-1.8369701987210297e-16,61.0,0.13114754098360656,medium,0.9839449541284404,1.150939531486101,1.5164835164835164,1.35948975489591,0.24700166286704747,5.165938864628821,5.165938864628821,11.483516483516484,4.0,1,3.118845403040811,0.0,3.118845403040811,-4.881154596959189,4.881154596959189,8.0
2026-03-01,lunch,4,8,40.0,4.0,2026-03-02 04:00:00+03:00,0,3,0,36.0,31.0,29.0,33.0,3.000000000000036,37.0,0.0,0.0,0.0,1.0588235294117647,7.0,1.2246467991473532e-16,-1.0,99.0,0.40404040404040403,mega,14.99803536345776,11.147682695162223,34.80494505494506,8.197821234921355,0.33131290749065806,1.0054477096600936,1.0333768127062073,1.1950549450549417,44.0,0,35.642363481898485,-0.523442060185078,35.11892142171341,-4.881078578286591,4.881078578286591,35.0
2026-02-28,lunch,4,18,22.0,4.0,2026-03-01 04:00:00+03:00,6,3,1,15.0,8.0,13.0,12.571428571428571,4.57737708217067,21.0,0.0,0.0,0.0,1.105263157894737,2.0,1.2246467991473532e-16,-1.0,50.0,0.44,medium,6.109124254928932,5.453053535091321,11.975206611570249,6.953431693708665,0.27885867315263196,1.1560509554140126,1.6184713375796178,3.0247933884297513,20.0,1,17.12254161372172,0.0,17.12254161372172,-4.877458386278281,4.877458386278281,8.0
2026-04-06,lunch,4,1,8.0,4.0,2026-04-07 04:00:00+03:00,1,4,0,13.0,11.0,9.0,11.142857142857142,2.6095064302514843,15.0,0.0,0.0,0.0,1.0705882352941176,4.0,1.2246467991473532e-16,-1.0,23.0,0.34782608695652173,medium,4.8180943214629455,4.2007427440961616,11.460055096418733,4.104360569877324,0.41188275422050785,1.0433340703073182,1.2038470042007516,1.539944903581267,17.0,0,12.873618492103324,0.0,12.873618492103324,4.873618492103324,4.873618492103324,8.0
2026-02-08,dinner,6,1,9.0,3.0,2026-02-09 06:00:00+03:00,0,2,0,7.0,5.0,3.0,3.5714285714285716,1.9023794624226813,7.0,0.0,0.0,0.0,1.53125,4.0,-1.0,-1.8369701987210297e-16,31.0,0.2903225806451613,medium,4.8180943214629455,4.2007427440961616,4.266483516483516,2.253342236909907,0.15640909422920832,1.3291601460615545,1.3291601460615545,2.7335164835164836,7.0,1,4.133311439862232,0.0,4.133311439862232,-4.866688560137768,4.866688560137768,8.0
2026-03-19,opening,1,479,13.0,2.0,2026-03-20 01:00:00+03:00,4,3,0,9.0,9.0,16.0,8.571428571428571,4.825527358301298,16.0,0.0,0.0,0.0,0.9402985074626866,-7.0,0.7071067811865475,0.7071067811865476,23.0,0.5652173913043478,medium,4.030946702068614,7.26952048693661,4.4715430016863404,7.26952048693661,0.08346337542980571,1.644874215047964,2.924220826751936,4.5284569983136596,12.0,1,8.147953667881303,0.0,8.147953667881303,-4.852046332118697,4.852046332118697,8.0
2026-03-02,lunch,4,16,8.0,4.0,2026-03-03 04:00:00+03:00,1,3,0,4.0,13.0,8.0,9.428571428571429,4.7559486560567095,18.0,0.0,0.0,0.0,0.3835616438356164,-4.0,1.2246467991473532e-16,-1.0,22.0,0.36363636363636365,medium,0.9839449541284404,1.150939531486101,1.721763085399449,1.284091001690495,0.30067772753723165,1.4696356275303644,6.613360323886639,2.278236914600551,3.0,1,3.1482600413756305,0.0,3.1482600413756305,-4.8517399586243695,4.8517399586243695,8.0
2026-02-26,lunch,4,29,35.0,4.0,2026-02-27 04:00:00+03:00,4,2,0,32.0,41.0,29.0,31.142857142857142,6.094494002200436,41.0,0.0,0.0,0.0,0.9955555555555556,3.0,1.2246467991473532e-16,-1.0,110.0,0.3181818181818182,mega,16.77201257861635,11.447047939359384,39.06611570247934,7.990742783350609,0.33541085213730065,0.7986798679867987,1.023308580858086,-7.066115702479337,49.0,0,40.2787515664548,-0.4338776737110162,39.844873892743784,4.844873892743784,4.844873892743784,35.0
2026-02-09,lunch,4,434,25.0,4.0,2026-02-10 04:00:00+03:00,1,2,0,23.0,20.0,14.0,18.285714285714285,4.191828786034641,24.0,0.0,0.0,0.0,1.1925925925925926,9.0,1.2246467991473532e-16,-1.0,50.0,0.5,high,7.621359223300971,6.761882045397149,16.980392156862745,6.830783838121162,0.3594009148733045,1.2791712104689203,1.3347873500545255,6.019607843137255,24.0,1,20.15746441240022,0.0,20.15746441240022,-4.84253558759978,4.84253558759978,22.0
2026-01-27,late_evening,7,38,9.0,2.0,2026-01-28 07:00:00+03:00,2,1,0,5.0,4.0,4.0,3.857142857142857,1.7728105208558176,7.0,0.0,0.0,0.0,1.0294117647058822,1.0,-0.7071067811865477,0.7071067811865474,17.0,0.5294117647058824,medium,2.3802752293577982,3.6892704924960964,5.648351648351649,2.37815413927747,0.49001862516438244,0.7520661157024793,1.052892561983471,-0.6483516483516487,9.0,1,4.1607366348654855,0.0,4.1607366348654855,-4.8392633651345145,4.8392633651345145,8.0
2026-03-17,lunch,4,69,44.0,4.0,2026-03-18 04:00:00+03:00,2,3,0,45.0,36.0,42.0,48.714285714285715,9.44659172601924,64.0,0.0,0.0,0.0,0.9051724137931034,3.0,1.2246467991473532e-16,-1.0,131.0,0.33587786259541985,mega,25.709899175068745,15.187584008448223,49.92032967032967,11.401837554339034,0.32250586815508425,0.8837334772052873,1.2568653898030753,-4.9203296703296715,65.0,0,48.889555186768796,-0.05418135942539465,48.8353738273434,4.835373827343403,4.835373827343403,35.0
2026-03-13,lunch,4,18,12.0,4.0,2026-03-14 04:00:00+03:00,5,3,1,7.0,5.0,19.0,12.428571428571429,6.051367417290734,19.0,0.0,0.0,0.0,0.5212765957446809,-12.0,1.2246467991473532e-16,-1.0,32.0,0.375,medium,6.109124254928932,5.453053535091321,11.975206611570249,6.953431693708665,0.27885867315263196,0.5394904458598726,1.4643312101910828,-4.975206611570249,20.0,0,16.830903518907554,0.0,16.830903518907554,4.830903518907554,4.830903518907554,8.0
2026-04-03,morning,3,69,37.0,2.0,2026-04-04 03:00:00+03:00,5,4,1,29.0,13.0,25.0,23.0,8.563488385776752,38.0,0.0,0.0,0.0,1.2083333333333333,4.0,0.7071067811865476,-0.7071067811865475,181.0,0.20441988950276244,mega,25.709899175068745,15.187584008448223,24.203856749311296,7.893439929724803,0.1552006687630663,1.1506175538310197,1.5077057601923707,4.796143250688704,35.80000000000001,1,32.17534070107118,0.0,32.17534070107118,-4.824659298928822,4.824659298928822,35.0
2026-02-18,lunch,4,1,9.0,4.0,2026-02-19 04:00:00+03:00,3,2,0,20.0,11.0,12.0,13.571428571428571,3.6903993847614487,20.0,0.0,0.0,0.0,1.3725490196078431,8.0,1.2246467991473532e-16,-1.0,26.0,0.34615384615384615,medium,4.8180943214629455,4.2007427440961616,11.460055096418733,4.104360569877324,0.41188275422050785,1.6051293389343355,1.6051293389343355,8.539944903581267,17.0,0,13.821685889904938,0.0,13.821685889904938,4.821685889904938,4.821685889904938,8.0
2026-03-31,lunch,4,142,16.0,4.0,2026-04-01 04:00:00+03:00,2,4,0,11.0,8.0,11.0,8.142857142857142,2.853569193634025,11.0,0.0,0.0,0.0,1.203125,0.0,1.2246467991473532e-16,-1.0,33.0,0.48484848484848486,medium,4.23006416131989,3.624165403205612,9.288461538461538,4.106271337026147,0.360800260700566,1.0691588785046728,1.0691588785046728,1.7115384615384617,14.0,1,11.20324915395312,0.0,11.20324915395312,-4.79675084604688,4.79675084604688,8.0
2026-02-15,lunch,4,4,37.0,4.0,2026-02-16 04:00:00+03:00,0,2,0,25.0,30.0,36.0,31.285714285714285,4.309458036856634,37.0,0.0,0.0,0.0,0.7743362831858407,-11.0,1.2246467991473532e-16,-1.0,80.0,0.4625,mega,12.723424723424724,8.703156453277504,27.208791208791208,6.88395184651641,0.37716923282176296,0.8862485391507596,1.3116478379431242,-2.208791208791208,36.0,1,32.24116436064742,-0.036554646584876956,32.20460971406254,-4.795390285937458,4.795390285937458,35.0
2026-03-03,lunch,4,123,27.0,4.0,2026-03-04 04:00:00+03:00,2,3,0,36.0,32.0,30.0,29.428571428571427,4.685336802448785,36.0,0.0,0.0,0.0,1.1830985915492958,6.0,1.2246467991473532e-16,-1.0,60.0,0.45,high,9.529330889092575,10.038386270221814,26.01923076923077,8.949331720839782,0.4426367956090107,1.3323843416370107,1.3323843416370107,9.98076923076923,36.0,0,31.794765902243217,0.0,31.794765902243217,4.794765902243217,4.794765902243217,22.0
2026-03-04,dinner,6,54,8.0,3.0,2026-03-05 06:00:00+03:00,3,3,0,1.0,0.0,1.0,5.0,4.5460605656619455,12.0,0.0,0.0,0.0,0.16666666666666666,0.0,-1.0,-1.8369701987210297e-16,20.0,0.4,medium,2.1353135313531353,2.313692209602312,3.2115384615384617,2.4250253689062604,0.3076139596782138,0.2374429223744292,2.8493150684931505,-2.2115384615384617,6.0,1,3.218194450381927,0.0,3.218194450381927,-4.781805549618073,4.781805549618073,8.0
2026-02-16,lunch,4,29,37.0,4.0,2026-02-17 04:00:00+03:00,1,2,0,31.0,45.0,25.0,35.142857142857146,8.275034167675127,46.0,0.0,0.0,0.0,0.8577075098814229,6.0,1.2246467991473532e-16,-1.0,128.0,0.2890625,mega,16.77201257861635,11.447047939359384,39.06611570247934,7.990742783350609,0.33541085213730065,0.7737211221122112,1.148102310231023,-8.066115702479337,49.0,0,41.90955762726577,-0.13365707892901632,41.77590054833675,4.77590054833675,4.77590054833675,35.0
2026-02-20,lunch,4,54,12.0,4.0,2026-02-21 04:00:00+03:00,5,2,1,15.0,12.0,10.0,11.142857142857142,3.0237157840738167,15.0,0.0,0.0,0.0,1.2352941176470589,5.0,1.2246467991473532e-16,-1.0,54.0,0.2222222222222222,medium,2.1353135313531353,2.313692209602312,2.9917355371900825,2.2193120273223412,0.28604169726316175,3.75776397515528,3.75776397515528,12.008264462809917,6.0,1,7.229791242900708,0.0,7.229791242900708,-4.770208757099292,4.770208757099292,8.0
2026-04-04,lunch,4,20,13.0,4.0,2026-04-05 04:00:00+03:00,6,4,1,3.0,5.0,6.0,4.714285714285714,1.976047040118717,8.0,0.0,0.0,0.0,0.525,-3.0,1.2246467991473532e-16,-1.0,40.0,0.325,medium,5.7518037518037515,4.597145761347301,11.222527472527473,4.769905450006113,0.33908490601013946,0.2454484153742414,0.6545291076646438,-8.222527472527473,17.0,0,8.240004882441127,0.0,8.240004882441127,-4.759995117558873,4.759995117558873,8.0
2026-04-09,lunch,4,2,26.0,4.0,2026-04-10 04:00:00+03:00,4,4,0,27.0,23.0,14.0,19.428571428571427,5.159365040297825,27.0,0.0,0.0,0.0,1.3216783216783217,13.0,1.2246467991473532e-16,-1.0,94.0,0.2765957446808511,high,7.919532324621733,6.1652836583747,19.313186813186814,5.6393678951648205,0.3040886563507092,1.3291858263456857,1.3291858263456857,7.686813186813186,26.0,1,21.24247376072916,0.0,21.24247376072916,-4.757526239270842,4.757526239270842,22.0
2026-03-11,afternoon,5,37,9.0,3.0,2026-03-12 05:00:00+03:00,3,3,0,4.0,6.0,7.0,3.142857142857143,2.544836041121397,7.0,0.0,0.0,0.0,0.9655172413793105,-3.0,-0.7071067811865475,-0.7071067811865477,31.0,0.2903225806451613,medium,4.2158570119156735,4.037725090920908,4.010989010989011,2.147428498670841,0.1586606250411593,0.7982456140350878,1.3969298245614035,-0.01098901098901095,7.0,1,4.246999319755072,0.0,4.246999319755072,-4.753000680244928,4.753000680244928,8.0
2026-02-17,afternoon,5,135,5.0,3.0,2026-02-18 05:00:00+03:00,2,2,0,0.0,0.0,0.0,0.14285714285714285,0.37796447300922714,1.0,0.0,0.0,0.0,0.0,0.0,-0.7071067811865475,-0.7071067811865477,5.0,1.0,low,0.18659295093296477,0.8339361180545659,0.1712707182320442,0.5402913327942227,0.07778319430903116,0.0,0.8537735849056602,-0.1712707182320442,1.0,1,0.2605414393301336,0.0,0.2605414393301336,-4.739458560669866,4.739458560669866,1.0
2026-02-04,lunch,4,123,25.0,4.0,2026-02-05 04:00:00+03:00,3,2,0,34.0,26.0,28.0,25.857142857142858,7.4705772072527274,35.0,0.0,0.0,0.0,1.2659574468085106,6.0,1.2246467991473532e-16,-1.0,53.0,0.4716981132075472,high,9.529330889092575,10.038386270221814,26.01923076923077,8.949331720839782,0.4426367956090107,1.2583629893238433,1.295373665480427,7.98076923076923,36.0,0,29.739179278628445,0.0,29.739179278628445,4.739179278628445,4.739179278628445,22.0
2026-02-03,opening,1,5,16.0,2.0,2026-02-04 01:00:00+03:00,2,2,0,10.0,14.0,10.0,10.857142857142858,2.853569193634032,14.0,0.0,0.0,0.0,0.8433734939759036,0.0,0.7071067811865475,0.7071067811865476,31.0,0.5161290322580645,medium,2.9972480220158237,3.8581158362573085,8.991735537190083,4.639779716685801,0.35198888511523774,1.0008271298593878,1.401157981803143,1.008264462809917,15.0,1,11.271504050749312,0.0,11.271504050749312,-4.7284959492506875,4.7284959492506875,8.0
2026-02-07,lunch,4,30,36.0,4.0,2026-02-08 04:00:00+03:00,6,2,1,34.0,34.0,28.0,27.428571428571427,6.241184258807069,34.0,0.0,0.0,0.0,1.1959798994974875,6.0,1.2246467991473532e-16,-1.0,90.0,0.4,mega,13.703483043079743,8.347813742646773,27.502747252747252,6.67320559196118,0.33448548715889054,1.192867469879518,1.192867469879518,6.497252747252748,35.69999999999999,1,31.136020730561945,0.13824053193262842,31.274261262494573,-4.725738737505427,4.725738737505427,35.0
2026-03-12,lunch,4,123,27.0,4.0,2026-03-13 04:00:00+03:00,4,3,0,37.0,27.0,24.0,26.285714285714285,7.7182529481372155,37.0,0.0,0.0,0.0,1.3560209424083771,13.0,1.2246467991473532e-16,-1.0,57.0,0.47368421052631576,high,9.529330889092575,10.038386270221814,26.01923076923077,8.949331720839782,0.4426367956090107,1.3693950177935943,1.3693950177935943,10.98076923076923,36.0,0,31.719943503733283,0.0,31.719943503733283,4.719943503733283,4.719943503733283,22.0
2026-02-10,lunch,4,6,23.0,4.0,2026-02-11 04:00:00+03:00,2,2,0,27.0,33.0,24.0,24.428571428571427,6.528326555791178,33.0,0.0,0.0,0.0,1.0617977528089888,3.0,1.2246467991473532e-16,-1.0,84.0,0.27380952380952384,high,10.223521320495186,7.858411454975636,25.560439560439562,7.174655102463964,0.31008066999141487,1.0165494414563507,1.2424493173355398,1.439560439560438,34.0,0,27.7167813869011,0.0,27.7167813869011,4.716781386901101,4.716781386901101,22.0
2026-03-16,dinner,6,69,42.0,3.0,2026-03-17 06:00:00+03:00,1,3,0,34.0,41.0,38.0,36.42857142857143,6.754187413675115,45.0,0.0,0.0,0.0,0.9083969465648855,-4.0,-1.0,-1.8369701987210297e-16,145.0,0.2896551724137931,mega,25.709899175068745,15.187584008448223,30.986263736263737,7.0934205573178035,0.20237672346557325,1.062956282744997,1.4068539036330843,3.013736263736263,40.0,1,37.284759340730325,0.0,37.284759340730325,-4.715240659269675,4.715240659269675,35.0
2026-03-02,afternoon,5,54,9.0,3.0,2026-03-03 05:00:00+03:00,1,3,0,1.0,11.0,6.0,7.714285714285714,4.309458036856666,14.0,0.0,0.0,0.0,0.11475409836065573,-5.0,-0.7071067811865475,-0.7071067811865477,13.0,0.6923076923076923,medium,2.1353135313531353,2.313692209602312,3.2527472527472527,2.4487851897705966,0.29712413849118896,0.2351421188630491,3.2919896640826876,-2.2527472527472527,6.0,1,4.289694144613141,0.0,4.289694144613141,-4.710305855386859,4.710305855386859,8.0
2026-02-18,afternoon,5,54,8.0,3.0,2026-02-19 05:00:00+03:00,3,2,0,5.0,4.0,3.0,7.142857142857143,5.520524474738828,15.0,0.0,0.0,0.0,0.6140350877192983,2.0,-0.7071067811865475,-0.7071067811865477,26.0,0.3076923076923077,medium,2.1353135313531353,2.313692209602312,3.2527472527472527,2.4487851897705966,0.29712413849118896,1.1757105943152455,3.5271317829457365,1.7472527472527473,6.0,1,3.3125799735028605,0.0,3.3125799735028605,-4.68742002649714,4.68742002649714,8.0
2026-02-02,lunch,4,69,54.0,4.0,2026-02-03 04:00:00+03:00,1,2,0,37.0,48.0,49.0,43.57142857142857,11.516034370348464,65.0,0.0,0.0,0.0,0.8301282051282052,-12.0,1.2246467991473532e-16,-1.0,148.0,0.36486486486486486,mega,25.709899175068745,15.187584008448223,49.92032967032967,11.401837554339034,0.32250586815508425,0.7266253034799028,1.2765039115187482,-12.920329670329672,65.0,0,49.466434295583745,-0.1510421775184179,49.315392118065326,-4.684607881934674,4.684607881934674,35.0
2026-02-15,lunch,4,99,35.0,4.0,2026-02-16 04:00:00+03:00,0,2,0,45.0,48.0,32.0,41.714285714285715,8.596787882968943,54.0,0.0,0.0,0.0,1.0535117056856187,13.0,1.2246467991473532e-16,-1.0,116.0,0.3017241379310345,mega,17.65933202357564,12.423628976413019,40.497252747252745,7.979484240247015,0.3282854062396855,1.0844091360476664,1.3012909632571996,4.502747252747255,50.0,0,40.078733071875554,-0.3993189629985652,39.67941410887699,4.6794141088769905,4.6794141088769905,35.0
2026-01-24,dinner,6,69,37.0,3.0,2026-01-25 06:00:00+03:00,6,1,1,29.0,42.0,27.0,27.714285714285715,7.016986193380691,42.0,0.0,0.0,0.0,1.0099502487562189,2.0,-1.0,-1.8369701987210297e-16,174.0,0.21264367816091953,mega,25.709899175068745,15.187584008448223,30.986263736263737,7.0934205573178035,0.20237672346557325,0.9066391823413209,1.3130636433908787,-1.9862637362637372,40.0,0,32.32249430241404,0.0,32.32249430241404,-4.677505697585957,4.677505697585957,35.0
2026-03-30,lunch,4,16,8.0,4.0,2026-03-31 04:00:00+03:00,1,3,0,6.0,10.0,13.0,9.285714285714286,2.87020822207993,13.0,0.0,0.0,0.0,0.5833333333333333,-7.0,1.2246467991473532e-16,-1.0,30.0,0.26666666666666666,medium,0.9839449541284404,1.150939531486101,1.721763085399449,1.284091001690495,0.30067772753723165,2.2044534412955468,4.776315789473684,4.278236914600551,3.0,1,3.3312870738703446,0.0,3.3312870738703446,-4.668712926129656,4.668712926129656,8.0
2026-02-01,lunch,4,54,10.0,4.0,2026-02-02 04:00:00+03:00,0,2,0,12.0,14.0,2.0,7.0,4.434711565216689,14.0,0.0,0.0,0.0,1.5,10.0,1.2246467991473532e-16,-1.0,26.0,0.38461538461538464,medium,2.1353135313531353,2.313692209602312,2.9917355371900825,2.2193120273223412,0.28604169726316175,3.006211180124224,3.5072463768115942,9.008264462809917,6.0,1,5.35104661883849,0.0,5.35104661883849,-4.64895338116151,4.64895338116151,8.0
2026-03-03,lunch,4,18,17.0,4.0,2026-03-04 04:00:00+03:00,2,3,0,7.0,13.0,13.0,12.285714285714286,5.282495802626088,22.0,0.0,0.0,0.0,0.5268817204301075,-6.0,1.2246467991473532e-16,-1.0,40.0,0.425,medium,6.109124254928932,5.453053535091321,11.975206611570249,6.953431693708665,0.27885867315263196,0.5394904458598726,1.6955414012738852,-4.975206611570249,20.0,0,12.35132716647373,0.0,12.35132716647373,-4.64867283352627,4.64867283352627,8.0
2026-02-02,lunch,4,29,36.0,4.0,2026-02-03 04:00:00+03:00,1,2,0,36.0,42.0,30.0,36.0,6.40312423743288,47.0,0.0,0.0,0.0,0.972972972972973,6.0,1.2246467991473532e-16,-1.0,93.0,0.3870967741935484,mega,16.77201257861635,11.447047939359384,39.06611570247934,7.990742783350609,0.33541085213730065,0.8985148514851485,1.1730610561056105,-3.066115702479337,49.0,0,41.21315861421254,-0.5726421524175236,40.640516461795016,4.640516461795016,4.640516461795016,35.0
2026-01-27,afternoon,5,135,5.0,3.0,2026-01-28 05:00:00+03:00,2,1,0,0.0,2.0,0.0,0.5714285714285714,0.9759000729485333,2.0,0.0,0.0,0.0,0.0,0.0,-0.7071067811865475,-0.7071067811865477,7.0,0.7142857142857143,low,0.18659295093296477,0.8339361180545659,0.1712707182320442,0.5402913327942227,0.07778319430903116,0.0,1.7075471698113205,-0.1712707182320442,1.0,1,0.36198644060047597,0.0,0.36198644060047597,-4.638013559399524,4.638013559399524,1.0
2026-04-07,dinner,6,1,9.0,3.0,2026-04-08 06:00:00+03:00,2,4,0,4.0,2.0,4.0,3.7142857142857144,1.2535663410560154,6.0,0.0,0.0,0.0,0.8484848484848485,0.0,-1.0,-1.8369701987210297e-16,37.0,0.24324324324324326,medium,4.8180943214629455,4.2007427440961616,4.266483516483516,2.253342236909907,0.15640909422920832,0.7595200834637454,1.1392801251956182,-0.2664835164835164,7.0,1,4.374706992798899,0.0,4.374706992798899,-4.625293007201101,4.625293007201101,8.0
2026-02-23,lunch,4,16,8.0,4.0,2026-02-24 04:00:00+03:00,1,2,0,20.0,15.0,7.0,11.571428571428571,4.685336802448779,20.0,0.0,0.0,0.0,1.590909090909091,13.0,1.2246467991473532e-16,-1.0,30.0,0.26666666666666666,medium,0.9839449541284404,1.150939531486101,1.721763085399449,1.284091001690495,0.30067772753723165,7.348178137651822,7.348178137651822,18.27823691460055,3.0,1,3.374868545260332,0.0,3.374868545260332,-4.625131454739668,4.625131454739668,8.0
2026-03-13,morning,3,18,9.0,2.0,2026-03-14 03:00:00+03:00,5,3,1,7.0,7.0,13.0,8.0,3.265986323710903,13.0,0.0,0.0,0.0,0.7777777777777778,-6.0,0.7071067811865476,-0.7071067811865475,32.0,0.28125,medium,6.109124254928932,5.453053535091321,6.545454545454546,4.194181710535974,0.15181598308203162,0.927710843373494,1.7228915662650601,0.45454545454545414,12.0,0,13.609829632595986,0.0,13.609829632595986,4.609829632595986,4.609829632595986,8.0
2026-01-30,afternoon,5,20,12.0,3.0,2026-01-31 05:00:00+03:00,5,1,1,7.0,6.0,7.0,5.857142857142857,1.5735915849389006,8.0,0.0,0.0,0.0,1.0208333333333335,0.0,-0.7071067811865475,-0.7071067811865477,38.0,0.3157894736842105,medium,5.7518037518037515,4.597145761347301,6.681318681318682,3.188751306610103,0.20587185494639654,0.9113018597997139,1.0414878397711016,0.31868131868131844,11.0,1,7.3910809740945735,0.0,7.3910809740945735,-4.6089190259054265,4.6089190259054265,8.0
2026-02-06,lunch,4,69,56.0,4.0,2026-02-07 04:00:00+03:00,5,2,1,46.0,49.0,65.0,49.142857142857146,8.668497975016027,65.0,0.0,0.0,0.0,0.9173789173789173,-19.0,1.2246467991473532e-16,-1.0,168.0,0.3333333333333333,mega,25.709899175068745,15.187584008448223,49.92032967032967,11.401837554339034,0.32250586815508425,0.9033719989209603,1.2765039115187482,-3.9203296703296715,65.0,0,60.53250373890292,0.06589181739123957,60.59839555629416,4.598395556294157,4.598395556294157,35.0
2026-02-02,lunch,4,1,16.0,4.0,2026-02-03 04:00:00+03:00,1,2,0,8.0,8.0,10.0,10.142857142857142,2.41029537806547,15.0,0.0,0.0,0.0,0.717948717948718,-2.0,1.2246467991473532e-16,-1.0,29.0,0.5517241379310345,medium,4.8180943214629455,4.2007427440961616,11.460055096418733,4.104360569877324,0.41188275422050785,0.6420517355737342,1.2038470042007516,-3.460055096418733,17.0,0,11.420692998127894,0.0,11.420692998127894,-4.579307001872106,4.579307001872106,8.0
2026-03-06,morning,3,18,13.0,2.0,2026-03-07 03:00:00+03:00,5,3,1,4.0,5.0,3.0,5.571428571428571,2.636736799982301,11.0,0.0,0.0,0.0,0.6086956521739131,1.0,0.7071067811865476,-0.7071067811865475,51.0,0.2549019607843137,medium,6.109124254928932,5.453053535091321,6.545454545454546,4.194181710535974,0.15181598308203162,0.5301204819277108,1.4578313253012047,-2.545454545454546,12.0,1,8.421291403195184,0.0,8.421291403195184,-4.578708596804816,4.578708596804816,8.0
2026-03-03,lunch,4,54,9.0,4.0,2026-03-04 04:00:00+03:00,2,3,0,4.0,1.0,10.0,5.285714285714286,3.7733400639347603,11.0,0.0,0.0,0.0,0.6363636363636364,-6.0,1.2246467991473532e-16,-1.0,22.0,0.4090909090909091,medium,2.1353135313531353,2.313692209602312,2.9917355371900825,2.2193120273223412,0.28604169726316175,1.0020703933747412,2.7556935817805384,1.0082644628099175,6.0,1,4.422122511877226,0.0,4.422122511877226,-4.577877488122774,4.577877488122774,8.0
2026-02-27,lunch,4,30,36.0,4.0,2026-02-28 04:00:00+03:00,5,2,1,29.0,27.0,25.0,28.714285714285715,5.122313465427064,36.0,0.0,0.0,0.0,0.9759615384615384,4.0,1.2246467991473532e-16,-1.0,88.0,0.4090909090909091,mega,13.703483043079743,8.347813742646773,27.502747252747252,6.67320559196118,0.33448548715889054,1.01744578313253,1.2630361445783134,1.4972527472527482,35.69999999999999,1,31.661837766754807,-0.23705007689006316,31.424787689864743,-4.575212310135257,4.575212310135257,35.0
2026-03-11,lunch,4,2,27.0,4.0,2026-03-12 04:00:00+03:00,3,3,0,24.0,21.0,28.0,19.714285714285715,5.6778600932125,28.0,0.0,0.0,0.0,1.1586206896551723,-4.0,1.2246467991473532e-16,-1.0,68.0,0.39705882352941174,high,7.919532324621733,6.1652836583747,19.313186813186814,5.6393678951648205,0.3040886563507092,1.181498512307276,1.3784149310251554,4.686813186813186,26.0,1,22.433458931635883,0.0,22.433458931635883,-4.566541068364117,4.566541068364117,22.0
2026-03-09,lunch,4,69,48.0,4.0,2026-03-10 04:00:00+03:00,1,3,0,72.0,46.0,53.0,61.714285714285715,10.419761445034586,73.0,0.0,0.0,0.0,1.1480637813211845,19.0,1.2246467991473532e-16,-1.0,160.0,0.3,mega,25.709899175068745,15.187584008448223,49.92032967032967,11.401837554339034,0.32250586815508425,1.4139735635284596,1.4336120852441328,22.07967032967033,65.0,0,51.920140947160554,0.6420721130387392,52.56221306019929,4.562213060199291,4.562213060199291,35.0
2026-04-08,lunch,4,137,9.0,4.0,2026-04-09 04:00:00+03:00,3,4,0,1.0,4.0,8.0,3.857142857142857,3.0237157840738185,8.0,0.0,0.0,0.0,0.20588235294117646,-7.0,1.2246467991473532e-16,-1.0,12.0,0.75,medium,1.05,1.5837561732595622,3.206611570247934,2.2332891608068497,0.47338910324447514,0.23772102161100198,1.9017681728880158,-2.206611570247934,6.0,1,4.438173863398011,0.0,4.438173863398011,-4.561826136601989,4.561826136601989,8.0
2026-03-11,lunch,4,69,46.0,4.0,2026-03-12 04:00:00+03:00,3,3,0,42.0,48.0,55.0,57.714285714285715,13.098527725337263,73.0,0.0,0.0,0.0,0.7153284671532847,-13.0,1.2246467991473532e-16,-1.0,161.0,0.2857142857142857,mega,25.709899175068745,15.187584008448223,49.92032967032967,11.401837554339034,0.32250586815508425,0.8248179120582682,1.4336120852441328,-7.9203296703296715,65.0,0,50.497180347759866,0.05953283599030728,50.556713183750176,4.556713183750176,4.556713183750176,35.0
2026-04-10,dinner,6,1,9.0,3.0,2026-04-11 06:00:00+03:00,5,4,1,2.0,4.0,6.0,4.285714285714286,2.4976179127511147,9.0,0.0,0.0,0.0,0.3783783783783784,-4.0,-1.0,-1.8369701987210297e-16,32.0,0.28125,medium,4.8180943214629455,4.2007427440961616,4.266483516483516,2.253342236909907,0.15640909422920832,0.3797600417318727,1.7089201877934272,-2.2664835164835164,7.0,1,4.461358721036711,0.0,4.461358721036711,-4.538641278963289,4.538641278963289,8.0
2026-01-27,lunch,4,6,22.0,4.0,2026-01-28 04:00:00+03:00,2,1,0,35.0,24.0,27.0,27.714285714285715,5.879747322073378,35.0,0.0,0.0,0.0,1.2189054726368158,8.0,1.2246467991473532e-16,-1.0,67.0,0.3283582089552239,high,10.223521320495186,7.858411454975636,25.560439560439562,7.174655102463964,0.31008066999141487,1.3177492759619363,1.3177492759619363,9.439560439560438,34.0,0,26.537402435385694,0.0,26.537402435385694,4.537402435385694,4.537402435385694,22.0
2026-02-25,lunch,4,18,8.0,4.0,2026-02-26 04:00:00+03:00,3,2,0,13.0,10.0,11.0,13.0,4.509249752822929,21.0,0.0,0.0,0.0,0.9285714285714286,2.0,1.2246467991473532e-16,-1.0,33.0,0.24242424242424243,medium,6.109124254928932,5.453053535091321,11.975206611570249,6.953431693708665,0.27885867315263196,1.0019108280254776,1.6184713375796178,1.0247933884297513,20.0,0,12.531982257405698,0.0,12.531982257405698,4.531982257405698,4.531982257405698,8.0
2026-02-24,lunch,4,54,10.0,4.0,2026-02-25 04:00:00+03:00,2,2,0,5.0,13.0,7.0,10.0,3.9157800414902417,15.0,0.0,0.0,0.0,0.45454545454545453,-2.0,1.2246467991473532e-16,-1.0,26.0,0.38461538461538464,medium,2.1353135313531353,2.313692209602312,2.9917355371900825,2.2193120273223412,0.28604169726316175,1.2525879917184266,3.75776397515528,2.0082644628099175,6.0,1,5.474302341668432,0.0,5.474302341668432,-4.525697658331568,4.525697658331568,8.0
2026-02-19,dinner,6,142,10.0,3.0,2026-02-20 06:00:00+03:00,4,2,0,4.0,11.0,7.0,5.857142857142857,2.7342623276105886,11.0,0.0,0.0,0.0,0.5833333333333334,-3.0,-1.0,-1.8369701987210297e-16,46.0,0.21739130434782608,medium,4.23006416131989,3.624165403205612,4.071428571428571,2.0410004414615983,0.1673292966383502,0.7887323943661972,2.1690140845070425,-0.07142857142857117,7.0,1,5.479376868703125,0.0,5.479376868703125,-4.520623131296875,4.520623131296875,8.0
2026-03-02,lunch,4,123,36.0,4.0,2026-03-03 04:00:00+03:00,1,3,0,32.0,22.0,26.0,28.0,3.7859388972002006,32.0,0.0,0.0,0.0,1.103448275862069,6.0,1.2246467991473532e-16,-1.0,72.0,0.5,high,9.529330889092575,10.038386270221814,26.01923076923077,8.949331720839782,0.4426367956090107,1.184341637010676,1.184341637010676,5.98076923076923,36.0,1,31.49369851458901,0.0,31.49369851458901,-4.50630148541099,4.50630148541099,22.0
2026-04-10,lunch,4,425,5.0,4.0,2026-04-11 04:00:00+03:00,5,4,1,2.0,3.0,1.0,1.0,1.1547005383792515,3.0,0.0,0.0,0.0,1.0,1.0,1.2246467991473532e-16,-1.0,9.0,0.5555555555555556,low,0.13596491228070176,0.42387496971731603,0.24561403508771928,0.6059438256138093,0.13157894736842105,1.6056338028169015,2.4084507042253525,1.7543859649122808,1.0,1,0.4959892374135217,0.0,0.4959892374135217,-4.5040107625864785,4.5040107625864785,1.0
2026-04-04,afternoon,5,140,5.0,3.0,2026-04-05 05:00:00+03:00,6,4,1,2.0,0.0,0.0,0.7142857142857143,1.2535663410560176,3.0,0.0,0.0,0.0,1.1666666666666665,2.0,-0.7071067811865475,-0.7071067811865477,8.0,0.625,low,0.26666666666666666,0.5867246021995556,0.30494505494505497,0.6410027846862126,0.14722440258154545,1.5326315789473683,2.2989473684210524,1.695054945054945,1.0,1,0.5072235482946421,0.0,0.5072235482946421,-4.492776451705358,4.492776451705358,1.0
2026-03-03,lunch,4,434,23.0,4.0,2026-03-04 04:00:00+03:00,2,3,0,12.0,15.0,17.0,17.0,4.509249752822894,25.0,0.0,0.0,0.0,0.6666666666666666,-5.0,1.2246467991473532e-16,-1.0,54.0,0.42592592592592593,high,7.621359223300971,6.761882045397149,16.980392156862745,6.830783838121162,0.3594009148733045,0.6673936750272628,1.390403489640131,-4.980392156862745,24.0,0,18.511779078757222,0.0,18.511779078757222,-4.488220921242778,4.488220921242778,22.0
2026-02-15,afternoon,5,1,10.0,3.0,2026-02-16 05:00:00+03:00,0,2,0,3.0,8.0,5.0,5.714285714285714,1.9760470401187058,8.0,0.0,0.0,0.0,0.44680851063829785,-2.0,-0.7071067811865475,-0.7071067811865477,36.0,0.2777777777777778,medium,4.8180943214629455,4.2007427440961616,4.815934065934066,2.37332953137807,0.1742448188390449,0.5158242796410014,1.3755314123760038,-1.8159340659340657,8.0,1,5.514273033181356,0.0,5.514273033181356,-4.485726966818644,4.485726966818644,8.0
2026-02-09,lunch,4,126,32.0,4.0,2026-02-10 04:00:00+03:00,1,2,0,25.0,9.0,21.0,21.428571428571427,6.553806600166109,29.0,0.0,0.0,0.0,1.1146496815286624,4.0,1.2246467991473532e-16,-1.0,67.0,0.47761194029850745,high,8.943396226415095,8.296270027256874,23.39669421487603,7.377896665537009,0.36997738876250647,1.024728997289973,1.1886856368563685,1.6033057851239683,33.0,0,27.518999751758532,0.0,27.518999751758532,-4.481000248241468,4.481000248241468,22.0
2026-02-13,afternoon,5,18,12.0,3.0,2026-02-14 05:00:00+03:00,5,2,1,4.0,4.0,5.0,5.571428571428571,1.9023794624226924,9.0,0.0,0.0,0.0,0.6086956521739131,-1.0,-0.7071067811865475,-0.7071067811865477,52.0,0.23076923076923078,medium,6.109124254928932,5.453053535091321,6.892857142857143,3.904091739459271,0.17091446361139118,0.5067873303167421,1.1402714932126696,-2.8928571428571432,12.0,1,7.520312556946934,0.0,7.520312556946934,-4.479687443053066,4.479687443053066,8.0
2026-03-02,afternoon,5,142,10.0,3.0,2026-03-03 05:00:00+03:00,1,3,0,6.0,4.0,7.0,4.428571428571429,2.2253945610567496,7.0,0.0,0.0,0.0,1.1052631578947367,-1.0,-0.7071067811865475,-0.7071067811865477,34.0,0.29411764705882354,medium,4.23006416131989,3.624165403205612,4.46978021978022,2.300238089495953,0.17717440952700472,1.0969362129583125,1.279758915118031,1.5302197802197801,8.0,1,5.522804480911927,0.0,5.522804480911927,-4.477195519088073,4.477195519088073,8.0
2026-02-26,lunch,4,142,17.0,4.0,2026-02-27 04:00:00+03:00,4,2,0,9.0,13.0,25.0,11.142857142857142,7.104659772022202,25.0,0.0,0.0,0.0,0.7411764705882353,-16.0,1.2246467991473532e-16,-1.0,41.0,0.4146341463414634,medium,4.23006416131989,3.624165403205612,9.288461538461538,4.106271337026147,0.360800260700566,0.874766355140187,2.4299065420560746,-0.2884615384615383,14.0,1,12.524938919786768,0.0,12.524938919786768,-4.475061080213232,4.475061080213232,8.0
2026-03-08,dinner,6,38,11.0,3.0,2026-03-09 06:00:00+03:00,0,3,0,7.0,4.0,7.0,7.571428571428571,3.5523298860111048,15.0,0.0,0.0,0.0,0.8166666666666667,0.0,-1.0,-1.8369701987210297e-16,16.0,0.6875,medium,2.3802752293577982,3.6892704924960964,5.818681318681318,3.6499869681766577,0.41647984853532405,1.0265914585012088,2.199838839645447,1.1813186813186816,10.0,1,6.53120316728852,0.0,6.53120316728852,-4.46879683271148,4.46879683271148,8.0
2026-04-06,lunch,4,29,40.0,4.0,2026-04-07 04:00:00+03:00,1,4,0,30.0,28.0,23.0,26.285714285714285,3.683941988064985,32.0,0.0,0.0,0.0,1.0994764397905759,7.0,1.2246467991473532e-16,-1.0,88.0,0.45454545454545453,mega,16.77201257861635,11.447047939359384,39.06611570247934,7.990742783350609,0.33541085213730065,0.7487623762376238,0.7986798679867987,-9.066115702479337,49.0,0,35.72214693919095,-0.17424838164832043,35.54789855754263,-4.452101442457369,4.452101442457369,35.0
2026-02-26,lunch,4,1,10.0,4.0,2026-02-27 04:00:00+03:00,4,2,0,19.0,17.0,17.0,12.571428571428571,5.255382728122439,19.0,0.0,0.0,0.0,1.4000000000000001,2.0,1.2246467991473532e-16,-1.0,29.0,0.3448275862068966,medium,4.8180943214629455,4.2007427440961616,11.460055096418733,4.104360569877324,0.41188275422050785,1.5248728719876188,1.5248728719876188,7.539944903581267,17.0,0,14.447179947968669,0.0,14.447179947968669,4.447179947968669,4.447179947968669,8.0
2026-02-01,lunch,4,99,38.0,4.0,2026-02-02 04:00:00+03:00,0,2,0,39.0,47.0,38.0,39.57142857142857,5.883795341363163,47.0,0.0,0.0,0.0,0.9612676056338029,1.0,1.2246467991473532e-16,-1.0,100.0,0.38,mega,17.65933202357564,12.423628976413019,40.497252747252745,7.979484240247015,0.3282854062396855,0.9398212512413109,1.132605097649785,-1.4972527472527446,50.0,0,42.654116176128625,-0.20853304255041422,42.44558313357821,4.445583133578211,4.445583133578211,35.0
2026-02-26,lunch,4,434,25.0,4.0,2026-02-27 04:00:00+03:00,4,2,0,15.0,17.0,20.0,17.571428571428573,3.1014589500826277,23.0,0.0,0.0,0.0,0.8076923076923076,-5.0,1.2246467991473532e-16,-1.0,68.0,0.36764705882352944,high,7.621359223300971,6.761882045397149,16.980392156862745,6.830783838121162,0.3594009148733045,0.8342420937840785,1.2791712104689203,-1.9803921568627452,24.0,1,20.55571446371726,0.0,20.55571446371726,-4.444285536282742,4.444285536282742,22.0
2026-03-07,afternoon,5,54,10.0,3.0,2026-03-08 05:00:00+03:00,6,3,1,6.0,4.0,11.0,7.0,3.6968455021364672,11.0,0.0,0.0,0.0,0.75,-5.0,-0.7071067811865475,-0.7071067811865477,40.0,0.25,medium,2.1353135313531353,2.313692209602312,3.2527472527472527,2.4487851897705966,0.29712413849118896,1.4108527131782946,2.58656330749354,2.7472527472527473,6.0,1,5.55847276744636,0.0,5.55847276744636,-4.44152723255364,4.44152723255364,8.0
2026-03-11,lunch,4,25,24.0,4.0,2026-03-12 04:00:00+03:00,3,3,0,19.0,21.0,18.0,17.571428571428573,3.866830866792737,23.0,0.0,0.0,0.0,1.023076923076923,1.0,1.2246467991473532e-16,-1.0,58.0,0.41379310344827586,high,7.156736938588451,5.584595796433097,15.87087912087912,5.024165108521969,0.36929438528740477,1.1262009444715844,1.3632958801498127,3.1291208791208796,21.69999999999999,1,19.56204600902485,0.0,19.56204600902485,-4.437953990975149,4.437953990975149,22.0
2026-02-04,lunch,4,298,8.0,4.0,2026-02-05 04:00:00+03:00,3,2,0,1.0,3.0,1.0,2.857142857142857,2.7342623276106006,8.0,0.0,0.0,0.0,0.25925925925925924,0.0,1.2246467991473532e-16,-1.0,10.0,0.8,medium,2.131849315068493,2.6510406366439367,4.6061643835616435,3.495558745316312,0.4708102062408331,0.17837507635919367,1.4270006108735493,-3.6061643835616435,9.0,0,3.5661760229592985,0.0,3.5661760229592985,-4.433823977040701,4.433823977040701,8.0
2026-01-24,lunch,4,115,23.0,4.0,2026-01-25 04:00:00+03:00,6,1,1,23.0,24.0,10.0,19.0,4.864839839775474,24.0,0.0,0.0,0.0,1.15,13.0,1.2246467991473532e-16,-1.0,64.0,0.359375,high,8.859724950884086,7.0585746120055335,21.186813186813186,5.342613320180643,0.3419472329595375,1.0366518078256564,1.0817236255572065,1.8131868131868139,28.0,0,18.575780049858672,0.0,18.575780049858672,-4.424219950141328,4.424219950141328,22.0
2026-02-05,lunch,4,1,10.0,4.0,2026-02-06 04:00:00+03:00,4,2,0,20.0,12.0,15.0,12.714285714285714,4.498677054212189,20.0,0.0,0.0,0.0,1.4583333333333335,5.0,1.2246467991473532e-16,-1.0,26.0,0.38461538461538464,medium,4.8180943214629455,4.2007427440961616,11.460055096418733,4.104360569877324,0.41188275422050785,1.6051293389343355,1.6051293389343355,8.539944903581267,17.0,0,14.414724744084157,0.0,14.414724744084157,4.4147247440841575,4.4147247440841575,8.0
2026-04-01,dinner,6,69,35.0,3.0,2026-04-02 06:00:00+03:00,3,4,0,25.0,16.0,28.0,26.142857142857142,5.336308693862375,31.0,0.0,0.0,0.0,0.9210526315789473,-3.0,-1.0,-1.8369701987210297e-16,139.0,0.2517985611510791,mega,25.709899175068745,15.187584008448223,30.986263736263737,7.0934205573178035,0.20237672346557325,0.7815855020183802,0.9691660225027914,-5.986263736263737,40.0,0,30.586315644108474,0.0,30.586315644108474,-4.413684355891526,4.413684355891526,35.0
2026-04-05,lunch,4,123,24.0,4.0,2026-04-06 04:00:00+03:00,0,4,0,19.0,21.0,24.0,23.714285714285715,3.4503277967118247,30.0,0.0,0.0,0.0,0.7687861271676301,-5.0,1.2246467991473532e-16,-1.0,57.0,0.42105263157894735,high,9.529330889092575,10.038386270221814,26.01923076923077,8.949331720839782,0.4426367956090107,0.703202846975089,1.1103202846975089,-7.01923076923077,36.0,0,28.413089691414264,0.0,28.413089691414264,4.413089691414264,4.413089691414264,22.0
2026-01-27,morning,3,37,10.0,2.0,2026-01-28 03:00:00+03:00,2,1,0,7.0,6.0,6.0,6.571428571428571,2.9920529661723836,13.0,0.0,0.0,0.0,0.9245283018867925,1.0,0.7071067811865476,-0.7071067811865475,41.0,0.24390243902439024,medium,4.2158570119156735,4.037725090920908,6.429752066115703,2.735564158327461,0.255486000056349,0.9421579532814237,1.74972191323693,0.5702479338842972,10.0,1,5.599092842455464,0.0,5.599092842455464,-4.400907157544536,4.400907157544536,8.0
2026-04-04,afternoon,5,54,8.0,3.0,2026-04-05 05:00:00+03:00,6,4,1,6.0,6.0,1.0,3.7142857142857144,1.7994708216848858,6.0,0.0,0.0,0.0,1.2727272727272727,5.0,-0.7071067811865475,-0.7071067811865477,31.0,0.25806451612903225,medium,2.1353135313531353,2.313692209602312,3.2527472527472527,2.4487851897705966,0.29712413849118896,1.4108527131782946,1.4108527131782946,2.7472527472527473,6.0,1,3.6022751809946647,0.0,3.6022751809946647,-4.397724819005335,4.397724819005335,8.0
2026-02-14,lunch,4,69,68.0,4.0,2026-02-15 04:00:00+03:00,6,2,1,78.0,62.0,55.0,48.714285714285715,16.780090243244473,78.0,0.0,0.0,0.0,1.5689655172413792,23.0,1.2246467991473532e-16,-1.0,182.0,0.37362637362637363,mega,25.709899175068745,15.187584008448223,49.92032967032967,11.401837554339034,0.32250586815508425,1.5318046938224978,1.5318046938224978,28.07967032967033,65.0,1,62.85474260708731,0.7683684210564642,63.623111028143775,-4.376888971856225,4.376888971856225,35.0
2026-04-10,deep_night,0,479,11.0,6.0,2026-04-11 00:00:00+03:00,5,4,1,3.0,3.0,8.0,3.857142857142857,2.9113897843110044,8.0,0.0,0.0,0.0,0.6176470588235293,-5.0,0.0,1.0,28.0,0.39285714285714285,medium,4.030946702068614,7.26952048693661,6.609714529186195,7.26952048693661,0.17721660116759588,0.3942329227323628,1.0512877939529677,-3.6097145291861947,20.0,0,6.623727351003863,0.0,6.623727351003863,-4.376272648996137,4.376272648996137,8.0
2026-02-13,lunch,4,29,39.0,4.0,2026-02-14 04:00:00+03:00,5,2,1,32.0,46.0,34.0,34.0,7.094598884597602,46.0,0.0,0.0,0.0,0.9142857142857143,-2.0,1.2246467991473532e-16,-1.0,128.0,0.3046875,mega,16.77201257861635,11.447047939359384,39.06611570247934,7.990742783350609,0.33541085213730065,0.7986798679867987,1.148102310231023,-7.066115702479337,49.0,0,43.504948214326724,-0.1388402364843677,43.366107977842354,4.366107977842354,4.366107977842354,35.0
2026-03-31,lunch,4,123,24.0,4.0,2026-04-01 04:00:00+03:00,2,4,0,23.0,24.0,31.0,23.428571428571427,5.798193478924967,31.0,0.0,0.0,0.0,0.9415204678362573,-8.0,1.2246467991473532e-16,-1.0,62.0,0.3870967741935484,high,9.529330889092575,10.038386270221814,26.01923076923077,8.949331720839782,0.4426367956090107,0.8512455516014235,1.1473309608540925,-3.01923076923077,36.0,0,28.359733796678924,0.0,28.359733796678924,4.359733796678924,4.359733796678924,22.0
2026-03-03,lunch,4,137,9.0,4.0,2026-03-04 04:00:00+03:00,2,3,0,6.0,5.0,5.0,4.142857142857143,1.6761634196950517,6.0,0.0,0.0,0.0,1.1666666666666665,1.0,1.2246467991473532e-16,-1.0,12.0,0.75,medium,1.05,1.5837561732595622,3.206611570247934,2.2332891608068497,0.47338910324447514,1.4263261296660117,1.4263261296660117,2.793388429752066,6.0,1,4.64782710759243,0.0,4.64782710759243,-4.35217289240757,4.35217289240757,8.0
2026-02-19,lunch,4,1,17.0,4.0,2026-02-20 04:00:00+03:00,4,2,0,9.0,20.0,15.0,13.142857142857142,4.059087394500212,20.0,0.0,0.0,0.0,0.6363636363636364,-6.0,1.2246467991473532e-16,-1.0,31.0,0.5483870967741935,medium,4.8180943214629455,4.2007427440961616,11.460055096418733,4.104360569877324,0.41188275422050785,0.722308202520451,1.6051293389343355,-2.460055096418733,17.0,1,12.649022060872994,0.0,12.649022060872994,-4.350977939127006,4.350977939127006,8.0
2026-02-03,lunch,4,6,24.0,4.0,2026-02-04 04:00:00+03:00,2,2,0,31.0,27.0,22.0,26.857142857142858,3.3380918415852,31.0,0.0,0.0,0.0,1.1128205128205129,9.0,1.2246467991473532e-16,-1.0,86.0,0.27906976744186046,high,10.223521320495186,7.858411454975636,25.560439560439562,7.174655102463964,0.31008066999141487,1.1671493587091435,1.1671493587091435,5.439560439560438,34.0,0,28.323871836312005,0.0,28.323871836312005,4.323871836312005,4.323871836312005,22.0
2026-01-27,lunch,4,69,35.0,4.0,2026-01-28 04:00:00+03:00,2,1,0,49.0,40.0,34.0,47.57142857142857,10.891237194141324,64.0,0.0,0.0,0.0,1.0088235294117647,15.0,1.2246467991473532e-16,-1.0,122.0,0.28688524590163933,mega,25.709899175068745,15.187584008448223,49.92032967032967,11.401837554339034,0.32250586815508425,0.9622875640679794,1.2568653898030753,-0.9203296703296715,65.0,0,39.755519037658416,-0.43166254175720903,39.32385649590121,4.323856495901211,4.323856495901211,35.0
2026-03-02,lunch,4,69,53.0,4.0,2026-03-03 04:00:00+03:00,1,3,0,33.0,43.0,38.0,45.857142857142854,11.824107738409836,64.0,0.0,0.0,0.0,0.7042682926829269,-5.0,1.2246467991473532e-16,-1.0,165.0,0.3212121212121212,mega,25.709899175068745,15.187584008448223,49.92032967032967,11.401837554339034,0.32250586815508425,0.6480712166172107,1.2568653898030753,-16.92032967032967,65.0,0,48.66083396732813,0.02134539094965663,48.682179358277786,-4.317820641722214,4.317820641722214,35.0
2026-02-09,opening,1,5,10.0,2.0,2026-02-10 01:00:00+03:00,1,2,0,0.0,2.0,10.0,6.857142857142857,6.121780008803865,16.0,0.0,0.0,0.0,0.0,-10.0,0.7071067811865475,0.7071067811865476,17.0,0.5882352941176471,medium,2.9972480220158237,3.8581158362573085,8.991735537190083,4.639779716685801,0.35198888511523774,0.0,1.6013234077750207,-8.991735537190083,15.0,0,5.682932722993141,0.0,5.682932722993141,-4.317067277006859,4.317067277006859,8.0
2026-03-15,lunch,4,2,25.0,4.0,2026-03-16 04:00:00+03:00,0,3,0,11.0,14.0,17.0,19.0,5.567764362829998,27.0,0.0,0.0,0.0,0.55,-6.0,1.2246467991473532e-16,-1.0,74.0,0.33783783783783783,high,7.919532324621733,6.1652836583747,19.313186813186814,5.6393678951648205,0.3040886563507092,0.5415201514741682,1.3291858263456857,-8.313186813186814,26.0,0,20.684889517698462,0.0,20.684889517698462,-4.315110482301538,4.315110482301538,22.0
2026-02-20,lunch,4,6,23.0,4.0,2026-02-21 04:00:00+03:00,5,2,1,31.0,28.0,29.0,28.285714285714285,1.7994708216849993,31.0,0.0,0.0,0.0,1.0585365853658537,2.0,1.2246467991473532e-16,-1.0,76.0,0.3026315789473684,high,10.223521320495186,7.858411454975636,25.560439560439562,7.174655102463964,0.31008066999141487,1.1671493587091435,1.1671493587091435,5.439560439560438,34.0,0,27.314871759026186,0.0,27.314871759026186,4.314871759026186,4.314871759026186,22.0
2026-02-06,late_evening,7,5,8.0,3.0,2026-02-07 07:00:00+03:00,5,2,1,4.0,0.0,6.0,3.142857142857143,1.8644544714716018,6.0,0.0,0.0,0.0,0.9655172413793105,-2.0,-0.7071067811865477,0.7071067811865474,26.0,0.3076923076923077,medium,2.9972480220158237,3.8581158362573085,4.0054945054945055,2.1780200596264057,0.18015737455333336,0.7991218441273326,1.198682766190999,-0.005494505494505475,7.0,1,3.692504521508757,0.0,3.692504521508757,-4.3074954784912425,4.3074954784912425,8.0
2026-04-09,lunch,4,100,5.0,4.0,2026-04-10 04:00:00+03:00,4,4,0,3.0,0.0,0.0,0.7142857142857143,1.1126972805283737,3.0,0.0,0.0,0.0,1.7499999999999998,3.0,1.2246467991473532e-16,-1.0,6.0,0.8333333333333334,low,0.2676290949472515,0.6096459702316419,0.35555555555555557,0.6891294594971006,0.1685846560846561,2.2131147540983607,2.2131147540983607,2.6444444444444444,1.0,1,0.7016008363309402,0.0,0.7016008363309402,-4.2983991636690595,4.2983991636690595,1.0
2026-01-25,afternoon,5,1,9.0,3.0,2026-01-26 05:00:00+03:00,0,1,0,4.0,12.0,6.0,6.571428571428571,2.5727509827123973,12.0,0.0,0.0,0.0,0.5283018867924528,-2.0,-0.7071067811865475,-0.7071067811865477,37.0,0.24324324324324326,medium,4.8180943214629455,4.2007427440961616,4.815934065934066,2.37332953137807,0.1742448188390449,0.6877657061880019,2.0632971185640057,-0.8159340659340657,8.0,1,4.704398992872663,0.0,4.704398992872663,-4.295601007127337,4.295601007127337,8.0
2026-03-25,opening,1,479,11.0,2.0,2026-03-26 01:00:00+03:00,3,3,0,9.0,10.0,9.0,8.571428571428571,3.8234863173611116,13.0,0.0,0.0,0.0,0.9402985074626866,0.0,0.7071067811865475,0.7071067811865476,20.0,0.55,medium,4.030946702068614,7.26952048693661,4.4715430016863404,7.26952048693661,0.08346337542980571,1.644874215047964,2.375929421735948,4.5284569983136596,12.0,0,6.705709995601109,0.0,6.705709995601109,-4.294290004398891,4.294290004398891,8.0
2026-03-04,lunch,4,2,28.0,4.0,2026-03-05 04:00:00+03:00,3,3,0,29.0,29.0,24.0,23.142857142857142,4.298393941484502,29.0,0.0,0.0,0.0,1.2011834319526626,5.0,1.2246467991473532e-16,-1.0,77.0,0.36363636363636365,high,7.919532324621733,6.1652836583747,19.313186813186814,5.6393678951648205,0.3040886563507092,1.4276440357046254,1.4276440357046254,9.686813186813186,26.0,1,23.70954356604533,0.0,23.70954356604533,-4.29045643395467,4.29045643395467,22.0
2026-02-01,dinner,6,69,38.0,3.0,2026-02-02 06:00:00+03:00,0,2,0,40.0,22.0,32.0,29.857142857142858,5.756983337031395,40.0,0.0,0.0,0.0,1.2962962962962963,8.0,-1.0,-1.8369701987210297e-16,155.0,0.24516129032258063,mega,25.709899175068745,15.187584008448223,30.986263736263737,7.0934205573178035,0.20237672346557325,1.2505368032294082,1.2505368032294082,9.013736263736263,40.0,0,33.72371462237752,0.0,33.72371462237752,-4.276285377622479,4.276285377622479,35.0
2026-03-12,late_evening,7,38,10.0,2.0,2026-03-13 07:00:00+03:00,4,3,0,4.0,2.0,2.0,3.857142857142857,1.4638501094227758,6.0,0.0,0.0,0.0,0.8235294117647058,2.0,-0.7071067811865477,0.7071067811865474,23.0,0.43478260869565216,medium,2.3802752293577982,3.6892704924960964,5.648351648351649,2.37815413927747,0.49001862516438244,0.6016528925619834,0.9024793388429752,-1.6483516483516487,9.0,1,5.733524768170421,0.0,5.733524768170421,-4.266475231829579,4.266475231829579,8.0
2026-02-25,afternoon,5,1,9.0,3.0,2026-02-26 05:00:00+03:00,3,2,0,5.0,5.0,4.0,3.2857142857142856,1.4960264830861993,5.0,0.0,0.0,0.0,1.1666666666666667,1.0,-0.7071067811865475,-0.7071067811865477,36.0,0.25,medium,4.8180943214629455,4.2007427440961616,4.815934065934066,2.37332953137807,0.1742448188390449,0.8597071327350024,0.8597071327350024,0.1840659340659343,8.0,1,4.744015848541418,0.0,4.744015848541418,-4.255984151458582,4.255984151458582,8.0
2026-03-22,lunch,4,138,8.0,4.0,2026-03-23 04:00:00+03:00,0,3,0,2.0,3.0,2.0,2.7142857142857144,1.603567451474539,6.0,0.0,0.0,0.0,0.5384615384615384,0.0,1.2246467991473532e-16,-1.0,11.0,0.7272727272727273,medium,1.1966987620357634,1.691942078178598,3.581267217630854,2.3247126698708938,0.48290781964214147,0.43656043295249547,1.3096812988574864,-1.5812672176308542,7.0,1,3.7539241265854852,0.0,3.7539241265854852,-4.246075873414515,4.246075873414515,8.0
2026-02-13,lunch,4,6,29.0,4.0,2026-02-14 04:00:00+03:00,5,2,1,27.0,29.0,25.0,25.571428571428573,5.62308168347644,33.0,0.0,0.0,0.0,1.0161290322580645,2.0,1.2246467991473532e-16,-1.0,91.0,0.31868131868131866,high,10.223521320495186,7.858411454975636,25.560439560439562,7.174655102463964,0.31008066999141487,1.0165494414563507,1.2424493173355398,1.439560439560438,34.0,0,24.75585560160801,0.0,24.75585560160801,-4.244144398391992,4.244144398391992,22.0
2026-03-24,lunch,4,8,39.0,4.0,2026-03-25 04:00:00+03:00,2,3,0,28.0,28.0,28.0,29.0,1.6329931618554807,31.0,0.0,0.0,0.0,0.9333333333333333,0.0,1.2246467991473532e-16,-1.0,104.0,0.375,mega,14.99803536345776,11.147682695162223,34.80494505494506,8.197821234921355,0.33131290749065806,0.7820148852911838,0.865802194429525,-6.804945054945058,44.0,0,34.863120260485694,-0.10486694632782725,34.75825331415787,-4.241746685842131,4.241746685842131,35.0
2026-01-31,afternoon,5,54,10.0,3.0,2026-02-01 05:00:00+03:00,6,2,1,10.0,7.0,8.0,7.285714285714286,3.1997023671109126,10.0,0.0,0.0,0.0,1.2068965517241381,2.0,-0.7071067811865475,-0.7071067811865477,32.0,0.3125,medium,2.1353135313531353,2.313692209602312,3.2527472527472527,2.4487851897705966,0.29712413849118896,2.351421188630491,2.351421188630491,6.747252747252747,6.0,1,5.761070487569618,0.0,5.761070487569618,-4.238929512430382,4.238929512430382,8.0
2026-03-26,lunch,4,1,8.0,4.0,2026-03-27 04:00:00+03:00,4,3,0,10.0,10.0,10.0,9.285714285714286,1.253566341056,10.0,0.0,0.0,0.0,0.9722222222222221,0.0,1.2246467991473532e-16,-1.0,27.0,0.2962962962962963,medium,4.8180943214629455,4.2007427440961616,11.460055096418733,4.104360569877324,0.41188275422050785,0.8025646694671678,0.8025646694671678,-1.460055096418733,17.0,0,12.228694184953097,0.0,12.228694184953097,4.228694184953097,4.228694184953097,8.0
2026-03-03,afternoon,5,1,11.0,3.0,2026-03-04 05:00:00+03:00,2,3,0,7.0,8.0,5.0,7.428571428571429,2.149196970742233,11.0,0.0,0.0,0.0,0.8305084745762712,2.0,-0.7071067811865475,-0.7071067811865477,37.0,0.2972972972972973,medium,4.8180943214629455,4.2007427440961616,4.815934065934066,2.37332953137807,0.1742448188390449,1.2035899858290033,1.8913556920170054,2.1840659340659343,8.0,1,6.777264349185431,0.0,6.777264349185431,-4.222735650814569,4.222735650814569,8.0
2026-02-13,afternoon,5,139,5.0,3.0,2026-02-14 05:00:00+03:00,5,2,1,2.0,4.0,1.0,1.1428571428571428,1.4638501094227996,4.0,0.0,0.0,0.0,0.9333333333333333,1.0,-0.7071067811865475,-0.7071067811865477,16.0,0.3125,low,0.28473177441540576,0.657489566091835,0.38292011019283745,0.8306525835717741,0.192444515998235,1.4462151394422311,2.8924302788844622,1.6170798898071626,1.0,1,0.7930730245244539,0.0,0.7930730245244539,-4.206926975475546,4.206926975475546,1.0
2026-04-09,afternoon,5,139,5.0,3.0,2026-04-10 05:00:00+03:00,4,4,0,0.0,0.0,2.0,1.0,1.290994448735805,3.0,0.0,0.0,0.0,0.0,-2.0,-0.7071067811865475,-0.7071067811865477,9.0,0.5555555555555556,low,0.28473177441540576,0.657489566091835,0.38292011019283745,0.8306525835717741,0.192444515998235,0.0,2.1693227091633465,-0.38292011019283745,1.0,1,0.8141778469284138,0.0,0.8141778469284138,-4.1858221530715864,4.1858221530715864,1.0
2026-02-11,lunch,4,123,34.0,4.0,2026-02-12 04:00:00+03:00,3,2,0,31.0,23.0,25.0,26.857142857142858,4.259443290250178,31.0,0.0,0.0,0.0,1.1128205128205129,6.0,1.2246467991473532e-16,-1.0,62.0,0.5483870967741935,high,9.529330889092575,10.038386270221814,26.01923076923077,8.949331720839782,0.4426367956090107,1.1473309608540925,1.1473309608540925,4.98076923076923,36.0,0,29.818256617204927,0.0,29.818256617204927,-4.181743382795073,4.181743382795073,22.0
2026-02-13,afternoon,5,20,13.0,3.0,2026-02-14 05:00:00+03:00,5,2,1,6.0,4.0,10.0,6.571428571428571,2.1491969707422456,10.0,0.0,0.0,0.0,0.7924528301886793,-4.0,-0.7071067811865475,-0.7071067811865477,38.0,0.34210526315789475,medium,5.7518037518037515,4.597145761347301,6.681318681318682,3.188751306610103,0.20587185494639654,0.7811158798283262,1.301859799713877,-0.6813186813186816,11.0,1,8.819989154073177,0.0,8.819989154073177,-4.180010845926823,4.180010845926823,8.0
2026-03-26,lunch,4,126,27.0,4.0,2026-03-27 04:00:00+03:00,4,3,0,17.0,25.0,14.0,16.142857142857142,5.145501965424759,25.0,0.0,0.0,0.0,0.9916666666666667,3.0,1.2246467991473532e-16,-1.0,62.0,0.43548387096774194,high,8.943396226415095,8.296270027256874,23.39669421487603,7.377896665537009,0.36997738876250647,0.6968157181571816,1.024728997289973,-6.396694214876032,33.0,0,22.821123748712782,0.0,22.821123748712782,-4.1788762512872175,4.1788762512872175,22.0
2026-03-07,lunch,4,6,22.0,4.0,2026-03-08 04:00:00+03:00,6,3,1,25.0,20.0,27.0,25.571428571428573,3.207134902949189,30.0,0.0,0.0,0.0,0.9408602150537634,-2.0,1.2246467991473532e-16,-1.0,84.0,0.2619047619047619,high,10.223521320495186,7.858411454975636,25.560439560439562,7.174655102463964,0.31008066999141487,0.9412494828299545,1.1294993793959454,-0.560439560439562,34.0,0,26.177151132364326,0.0,26.177151132364326,4.177151132364326,4.177151132364326,22.0
2026-03-08,lunch,4,37,9.0,4.0,2026-03-09 04:00:00+03:00,0,3,0,7.0,11.0,12.0,11.428571428571429,3.952094080237393,18.0,0.0,0.0,0.0,0.5632183908045977,-5.0,1.2246467991473532e-16,-1.0,21.0,0.42857142857142855,medium,4.2158570119156735,4.037725090920908,10.324175824175825,3.792027032582001,0.4077077915187296,0.6181465308102863,1.5895196506550218,-3.324175824175825,15.0,0,13.17638751382852,0.0,13.17638751382852,4.176387513828519,4.176387513828519,8.0
2026-03-19,lunch,4,69,55.0,4.0,2026-03-20 04:00:00+03:00,4,3,0,48.0,44.0,57.0,49.285714285714285,9.159954252329094,64.0,0.0,0.0,0.0,0.9545454545454546,-9.0,1.2246467991473532e-16,-1.0,132.0,0.4166666666666667,mega,25.709899175068745,15.187584008448223,49.92032967032967,11.401837554339034,0.32250586815508425,0.9426490423523064,1.2568653898030753,-1.9203296703296715,65.0,0,50.74130075797837,0.08242280468323804,50.82372356266161,-4.176276437338387,4.176276437338387,35.0
2026-03-05,lunch,4,298,8.0,4.0,2026-03-06 04:00:00+03:00,4,3,0,1.0,2.0,7.0,3.2857142857142856,2.563479777846634,7.0,0.0,0.0,0.0,0.23333333333333334,-6.0,1.2246467991473532e-16,-1.0,14.0,0.5714285714285714,medium,2.131849315068493,2.6510406366439367,4.6061643835616435,3.495558745316312,0.4708102062408331,0.17837507635919367,1.2486255345143555,-3.6061643835616435,9.0,0,3.824922006341385,0.0,3.824922006341385,-4.175077993658615,4.175077993658615,8.0
2026-03-09,lunch,4,126,27.0,4.0,2026-03-10 04:00:00+03:00,1,3,0,9.0,22.0,27.0,21.857142857142858,7.776643908280121,28.0,0.0,0.0,0.0,0.39375,-18.0,1.2246467991473532e-16,-1.0,59.0,0.4576271186440678,high,8.943396226415095,8.296270027256874,23.39669421487603,7.377896665537009,0.36997738876250647,0.36890243902439024,1.1476964769647697,-14.396694214876032,33.0,0,22.826945200068085,0.0,22.826945200068085,-4.173054799931915,4.173054799931915,22.0
2026-02-19,lunch,4,126,34.0,4.0,2026-02-20 04:00:00+03:00,4,2,0,41.0,25.0,28.0,26.571428571428573,8.847921466972586,41.0,0.0,0.0,0.0,1.4870466321243523,13.0,1.2246467991473532e-16,-1.0,75.0,0.4533333333333333,high,8.943396226415095,8.296270027256874,23.39669421487603,7.377896665537009,0.36997738876250647,1.6805555555555556,1.6805555555555556,17.60330578512397,33.0,1,29.829566279310818,0.0,29.829566279310818,-4.170433720689182,4.170433720689182,22.0
2026-03-10,lunch,4,37,8.0,4.0,2026-03-11 04:00:00+03:00,2,3,0,12.0,9.0,9.0,10.571428571428571,3.690399384761424,18.0,0.0,0.0,0.0,1.037037037037037,3.0,1.2246467991473532e-16,-1.0,27.0,0.2962962962962963,medium,4.2158570119156735,4.037725090920908,10.324175824175825,3.792027032582001,0.4077077915187296,1.0596797671033478,1.5895196506550218,1.6758241758241752,15.0,0,12.162737833887686,0.0,12.162737833887686,4.162737833887686,4.162737833887686,8.0
2026-02-03,lunch,4,10,24.0,4.0,2026-02-04 04:00:00+03:00,2,2,0,34.0,22.0,22.0,19.857142857142858,8.029706749078107,34.0,0.0,0.0,0.0,1.6301369863013697,12.0,1.2246467991473532e-16,-1.0,52.0,0.46153846153846156,high,6.580926180651078,5.576694893105304,15.826446280991735,5.457537267559647,0.3959618663932895,2.020628683693517,2.020628683693517,18.173553719008265,23.0,1,19.837288347103048,0.0,19.837288347103048,-4.162711652896952,4.162711652896952,22.0
2026-02-28,morning,3,18,11.0,2.0,2026-03-01 03:00:00+03:00,6,3,1,3.0,4.0,5.0,3.7142857142857144,1.3801311186846805,5.0,0.0,0.0,0.0,0.6363636363636364,-2.0,0.7071067811865476,-0.7071067811865475,50.0,0.22,medium,6.109124254928932,5.453053535091321,6.545454545454546,4.194181710535974,0.15181598308203162,0.39759036144578314,0.6626506024096385,-3.545454545454546,12.0,0,6.844159482586034,0.0,6.844159482586034,-4.155840517413966,4.155840517413966,8.0
2026-03-20,morning,3,127,9.0,2.0,2026-03-21 03:00:00+03:00,5,3,1,10.0,5.0,5.0,4.285714285714286,3.03942350423485,10.0,0.0,0.0,0.0,1.8918918918918919,5.0,0.7071067811865476,-0.7071067811865475,16.0,0.5625,medium,2.0341846758349704,2.214697362554381,3.553719008264463,1.7634271624565674,0.2560046656198232,2.196007259528131,2.196007259528131,6.446280991735537,6.0,1,4.854816547566891,0.0,4.854816547566891,-4.145183452433109,4.145183452433109,8.0
2026-03-09,lunch,4,18,9.0,4.0,2026-03-10 04:00:00+03:00,1,3,0,18.0,19.0,7.0,14.857142857142858,4.598136268408908,19.0,0.0,0.0,0.0,1.135135135135135,11.0,1.2246467991473532e-16,-1.0,32.0,0.28125,medium,6.109124254928932,5.453053535091321,11.975206611570249,6.953431693708665,0.27885867315263196,1.3872611464968152,1.4643312101910828,6.024793388429751,20.0,0,13.133708026060305,0.0,13.133708026060305,4.1337080260603045,4.1337080260603045,8.0
2026-01-30,afternoon,5,139,5.0,3.0,2026-01-31 05:00:00+03:00,5,1,1,1.0,1.0,4.0,1.5714285714285714,1.7182493859684491,4.0,0.0,0.0,0.0,0.38888888888888895,-3.0,-0.7071067811865475,-0.7071067811865477,10.0,0.5,low,0.28473177441540576,0.657489566091835,0.38292011019283745,0.8306525835717741,0.192444515998235,0.7231075697211156,2.8924302788844622,0.6170798898071626,1.0,1,0.8971593695306538,0.0,0.8971593695306538,-4.1028406304693466,4.1028406304693466,1.0
2026-01-31,lunch,4,54,12.0,4.0,2026-02-01 04:00:00+03:00,6,2,1,14.0,6.0,6.0,6.142857142857143,3.848314411469493,14.0,0.0,0.0,0.0,1.96,8.0,1.2246467991473532e-16,-1.0,32.0,0.375,medium,2.1353135313531353,2.313692209602312,2.9917355371900825,2.2193120273223412,0.28604169726316175,3.5072463768115942,3.5072463768115942,11.008264462809917,6.0,1,7.902329593660355,0.0,7.902329593660355,-4.097670406339645,4.097670406339645,8.0
2026-02-07,lunch,4,99,40.0,4.0,2026-02-08 04:00:00+03:00,6,2,1,41.0,40.0,39.0,37.714285714285715,4.423960733486171,41.0,0.0,0.0,0.0,1.059040590405904,2.0,1.2246467991473532e-16,-1.0,130.0,0.3076923076923077,mega,17.65933202357564,12.423628976413019,40.497252747252745,7.979484240247015,0.3282854062396855,0.9880172128434294,0.9880172128434294,0.5027472527472554,50.0,0,44.37119163723453,-0.28562727428310386,44.08556436295143,4.08556436295143,4.08556436295143,35.0
2026-03-17,afternoon,5,54,9.0,3.0,2026-03-18 05:00:00+03:00,2,3,0,7.0,6.0,5.0,8.571428571428571,3.8234863173611013,15.0,0.0,0.0,0.0,0.7313432835820896,2.0,-0.7071067811865475,-0.7071067811865477,20.0,0.45,medium,2.1353135313531353,2.313692209602312,3.2527472527472527,2.4487851897705966,0.29712413849118896,1.6459948320413438,3.5271317829457365,3.7472527472527473,6.0,1,4.920760728392062,0.0,4.920760728392062,-4.079239271607938,4.079239271607938,8.0
2026-04-10,dinner,6,54,11.0,3.0,2026-04-11 06:00:00+03:00,5,4,1,12.0,10.0,14.0,11.0,2.9439202887759266,14.0,0.0,0.0,0.0,1.0,-2.0,-1.0,-1.8369701987210297e-16,56.0,0.19642857142857142,medium,2.1353135313531353,2.313692209602312,3.2115384615384617,2.4250253689062604,0.3076139596782138,2.8493150684931505,3.324200913242009,8.788461538461538,6.0,1,6.933577400915878,0.0,6.933577400915878,-4.066422599084122,4.066422599084122,8.0
2026-01-24,deep_night,0,5,10.0,6.0,2026-01-25 00:00:00+03:00,6,1,1,4.0,8.0,11.0,6.0,3.8729833462074117,11.0,0.0,0.0,0.0,0.5714285714285714,-7.0,0.0,1.0,18.0,0.5555555555555556,medium,2.9972480220158237,3.8581158362573085,6.641873278236915,3.8434286050947764,0.26561273337851327,0.5234318673395818,1.43943763518385,-2.6418732782369148,11.0,0,5.946980344938428,0.0,5.946980344938428,-4.053019655061572,4.053019655061572,8.0
2026-04-05,lunch,4,35,37.0,4.0,2026-04-06 04:00:00+03:00,0,4,0,46.0,31.0,28.0,33.57142857142857,7.207800007795766,46.0,0.0,0.0,0.0,1.3305785123966942,18.0,1.2246467991473532e-16,-1.0,88.0,0.42045454545454547,mega,12.99404216315307,8.966106707239911,27.76098901098901,6.366710522390032,0.3561335102986236,1.5993886713153118,1.5993886713153118,18.23901098901099,37.0,1,32.98948042896777,-0.0413913449445584,32.94808908402321,-4.051910915976791,4.051910915976791,35.0
2026-03-16,lunch,4,69,45.0,4.0,2026-03-17 04:00:00+03:00,1,3,0,36.0,51.0,48.0,49.142857142857146,9.31716286267036,64.0,0.0,0.0,0.0,0.717948717948718,-12.0,1.2246467991473532e-16,-1.0,145.0,0.3103448275862069,mega,25.709899175068745,15.187584008448223,49.92032967032967,11.401837554339034,0.32250586815508425,0.7069867817642298,1.2568653898030753,-13.920329670329672,65.0,0,49.14616575628515,-0.09753552325224586,49.0486302330329,4.0486302330329025,4.0486302330329025,35.0
2026-03-22,lunch,4,35,35.0,4.0,2026-03-23 04:00:00+03:00,0,3,0,34.0,43.0,24.0,30.428571428571427,8.462803768199256,43.0,0.0,0.0,0.0,1.0818181818181818,10.0,1.2246467991473532e-16,-1.0,89.0,0.39325842696629215,mega,12.99404216315307,8.966106707239911,27.76098901098901,6.366710522390032,0.3561335102986236,1.1821568440156653,1.4950807144904001,6.239010989010989,37.0,0,31.714684663025217,-0.7575663183485215,30.957118344676694,-4.042881655323306,4.042881655323306,35.0
2026-02-09,lunch,4,8,41.0,4.0,2026-02-10 04:00:00+03:00,1,2,0,37.0,31.0,42.0,36.857142857142854,3.4364987719369666,42.0,0.0,0.0,0.0,0.9773584905660379,-5.0,1.2246467991473532e-16,-1.0,99.0,0.41414141414141414,mega,14.99803536345776,11.147682695162223,34.80494505494506,8.197821234921355,0.33131290749065806,1.0333768127062073,1.1730223279367757,2.1950549450549417,44.0,0,37.210003776348564,-0.24006291895843043,36.969940857390135,-4.030059142609865,4.030059142609865,35.0
2026-03-29,lunch,4,123,24.0,4.0,2026-03-30 04:00:00+03:00,0,3,0,18.0,15.0,35.0,26.0,7.438637868140482,35.0,0.0,0.0,0.0,0.6666666666666666,-17.0,1.2246467991473532e-16,-1.0,58.0,0.41379310344827586,high,9.529330889092575,10.038386270221814,26.01923076923077,8.949331720839782,0.4426367956090107,0.6661921708185053,1.295373665480427,-8.01923076923077,36.0,0,28.026069188014837,0.0,28.026069188014837,4.026069188014837,4.026069188014837,22.0
2026-04-06,late_evening,7,38,10.0,2.0,2026-04-07 07:00:00+03:00,1,4,0,5.0,7.0,5.0,4.714285714285714,2.6276913640612127,9.0,0.0,0.0,0.0,0.875,0.0,-0.7071067811865477,0.7071067811865474,19.0,0.5263157894736842,medium,2.3802752293577982,3.6892704924960964,5.648351648351649,2.37815413927747,0.49001862516438244,0.7520661157024793,1.3537190082644628,-0.6483516483516487,9.0,1,5.984801100128343,0.0,5.984801100128343,-4.015198899871657,4.015198899871657,8.0
2026-02-17,lunch,4,99,37.0,4.0,2026-02-18 04:00:00+03:00,2,2,0,45.0,35.0,37.0,44.142857142857146,6.440201120787354,54.0,0.0,0.0,0.0,0.9968354430379747,8.0,1.2246467991473532e-16,-1.0,129.0,0.2868217054263566,mega,17.65933202357564,12.423628976413019,40.497252747252745,7.979484240247015,0.3282854062396855,1.0844091360476664,1.3012909632571996,4.502747252747255,50.0,0,41.56433810359418,-0.5543476016493172,41.00999050194486,4.009990501944863,4.009990501944863,35.0
2026-02-22,afternoon,5,18,13.0,3.0,2026-02-23 05:00:00+03:00,0,2,0,10.0,10.0,8.0,8.428571428571429,1.3972762620115495,10.0,0.0,0.0,0.0,1.0606060606060606,2.0,-0.7071067811865475,-0.7071067811865477,47.0,0.2765957446808511,medium,6.109124254928932,5.453053535091321,6.892857142857143,3.904091739459271,0.17091446361139118,1.2669683257918551,1.2669683257918551,3.1071428571428568,12.0,1,8.995587336711834,0.0,8.995587336711834,-4.004412663288166,4.004412663288166,8.0
2026-04-03,morning,3,20,8.0,2.0,2026-04-04 03:00:00+03:00,5,4,1,1.0,3.0,3.0,2.5714285714285716,0.7867957924694594,3.0,0.0,0.0,0.0,0.27999999999999997,-2.0,0.7071067811865476,-0.7071067811865475,29.0,0.27586206896551724,medium,5.7518037518037515,4.597145761347301,5.928374655647383,3.4256659396332876,0.17468658518591648,0.14433399602385685,0.43300198807157053,-4.928374655647383,11.0,0,3.99656929523435,0.0,3.99656929523435,-4.00343070476565,4.00343070476565,8.0
2026-03-31,opening,1,479,10.0,2.0,2026-04-01 01:00:00+03:00,2,4,0,5.0,9.0,9.0,7.857142857142857,3.579039509354964,13.0,0.0,0.0,0.0,0.564516129032258,-4.0,0.7071067811865475,0.7071067811865476,24.0,0.4166666666666667,medium,4.030946702068614,7.26952048693661,4.4715430016863404,7.26952048693661,0.08346337542980571,0.91381900835998,2.375929421735948,0.5284569983136596,12.0,0,5.999810538380796,0.0,5.999810538380796,-4.000189461619204,4.000189461619204,8.0
2026-02-17,lunch,4,2,27.0,4.0,2026-02-18 04:00:00+03:00,2,2,0,34.0,23.0,18.0,22.0,5.830951894845309,34.0,0.0,0.0,0.0,1.4782608695652173,16.0,1.2246467991473532e-16,-1.0,89.0,0.30337078651685395,high,7.919532324621733,6.1652836583747,19.313186813186814,5.6393678951648205,0.3040886563507092,1.6737895591019745,1.6737895591019745,14.686813186813186,26.0,1,23.0023197443782,0.0,23.0023197443782,-3.9976802556217983,3.9976802556217983,22.0
2026-02-05,afternoon,5,54,9.0,3.0,2026-02-06 05:00:00+03:00,4,2,0,6.0,7.0,7.0,8.285714285714286,2.811540841738179,13.0,0.0,0.0,0.0,0.6461538461538461,-1.0,-0.7071067811865475,-0.7071067811865477,30.0,0.3,medium,2.1353135313531353,2.313692209602312,3.2527472527472527,2.4487851897705966,0.29712413849118896,1.4108527131782946,3.056847545219638,2.7472527472527473,6.0,1,5.005333544140546,0.0,5.005333544140546,-3.994666455859454,3.994666455859454,8.0
2026-01-26,opening,1,5,13.0,2.0,2026-01-27 01:00:00+03:00,1,1,0,12.0,1.0,13.0,8.571428571428571,4.237025012007963,13.0,0.0,0.0,0.0,1.2537313432835822,-1.0,0.7071067811865475,0.7071067811865476,20.0,0.65,medium,2.9972480220158237,3.8581158362573085,8.991735537190083,4.639779716685801,0.35198888511523774,1.2009925558312655,1.3010752688172043,3.008264462809917,15.0,0,9.007497625286247,0.0,9.007497625286247,-3.9925023747137534,3.9925023747137534,8.0
2026-02-05,dinner,6,54,9.0,3.0,2026-02-06 06:00:00+03:00,4,2,0,10.0,7.0,11.0,9.0,2.236067977499774,11.0,0.0,0.0,0.0,1.0,-1.0,-1.0,-1.8369701987210297e-16,30.0,0.3,medium,2.1353135313531353,2.313692209602312,3.2115384615384617,2.4250253689062604,0.3076139596782138,2.374429223744292,2.6118721461187215,6.788461538461538,6.0,1,5.019180059303171,0.0,5.019180059303171,-3.980819940696829,3.980819940696829,8.0
2026-03-04,lunch,4,1,18.0,4.0,2026-03-05 04:00:00+03:00,3,3,0,15.0,16.0,19.0,13.714285714285714,4.680252333449764,19.0,0.0,0.0,0.0,1.0194174757281553,-4.0,1.2246467991473532e-16,-1.0,35.0,0.5142857142857142,medium,4.8180943214629455,4.2007427440961616,11.460055096418733,4.104360569877324,0.41188275422050785,1.2038470042007516,1.5248728719876188,3.539944903581267,17.0,1,14.020557441984279,0.0,14.020557441984279,-3.9794425580157213,3.9794425580157213,8.0
2026-02-20,morning,3,20,9.0,2.0,2026-02-21 03:00:00+03:00,5,2,1,0.0,2.0,9.0,3.5714285714285716,3.3094381626464893,9.0,0.0,0.0,0.0,0.0,-9.0,0.7071067811865476,-0.7071067811865475,29.0,0.3103448275862069,medium,5.7518037518037515,4.597145761347301,5.928374655647383,3.4256659396332876,0.17468658518591648,0.0,1.2990059642147116,-5.928374655647383,11.0,0,5.030910021950829,0.0,5.030910021950829,-3.969089978049171,3.969089978049171,8.0
2026-02-02,lunch,4,37,17.0,4.0,2026-02-03 04:00:00+03:00,1,2,0,15.0,9.0,15.0,12.428571428571429,4.466808810815694,19.0,0.0,0.0,0.0,1.1170212765957446,0.0,1.2246467991473532e-16,-1.0,27.0,0.6296296296296297,medium,4.2158570119156735,4.037725090920908,10.324175824175825,3.792027032582001,0.4077077915187296,1.3245997088791848,1.677826297913634,4.675824175824175,15.0,1,13.034739676478477,0.0,13.034739676478477,-3.965260323521523,3.965260323521523,8.0
2026-03-28,dinner,6,38,13.0,3.0,2026-03-29 06:00:00+03:00,6,3,1,6.0,10.0,8.0,6.857142857142857,2.115700942049828,10.0,0.0,0.0,0.0,0.7636363636363637,-2.0,-1.0,-1.8369701987210297e-16,20.0,0.65,medium,2.3802752293577982,3.6892704924960964,5.818681318681318,3.6499869681766577,0.41647984853532405,0.879935535858179,1.4665592264302982,0.18131868131868156,10.0,1,9.039366998525002,0.0,9.039366998525002,-3.9606330014749975,3.9606330014749975,8.0
2026-03-26,lunch,4,18,9.0,4.0,2026-03-27 04:00:00+03:00,4,3,0,11.0,6.0,13.0,11.428571428571429,3.5050983275387044,16.0,0.0,0.0,0.0,0.8850574712643678,-2.0,1.2246467991473532e-16,-1.0,25.0,0.36,medium,6.109124254928932,5.453053535091321,11.975206611570249,6.953431693708665,0.27885867315263196,0.8477707006369426,1.2331210191082802,-0.9752066115702487,20.0,0,12.96058526812815,0.0,12.96058526812815,3.960585268128151,3.960585268128151,8.0
2026-03-01,dinner,6,69,40.0,3.0,2026-03-02 06:00:00+03:00,0,3,0,36.0,28.0,48.0,35.57142857142857,7.742892285985948,48.0,0.0,0.0,0.0,0.984375,-12.0,-1.0,-1.8369701987210297e-16,128.0,0.3125,mega,25.709899175068745,15.187584008448223,30.986263736263737,7.0934205573178035,0.20237672346557325,1.1254831229064675,1.5006441638752899,5.013736263736263,40.0,1,36.06197898026015,0.0,36.06197898026015,-3.9380210197398497,3.9380210197398497,35.0
2026-02-16,dinner,6,69,40.0,3.0,2026-02-17 06:00:00+03:00,1,2,0,46.0,39.0,21.0,34.57142857142857,8.38365757206925,46.0,0.0,0.0,0.0,1.2931726907630523,25.0,-1.0,-1.8369701987210297e-16,166.0,0.24096385542168675,mega,25.709899175068745,15.187584008448223,30.986263736263737,7.0934205573178035,0.20237672346557325,1.4381173237138194,1.4381173237138194,15.013736263736263,40.0,1,36.062261069988764,0.0,36.062261069988764,-3.9377389300112355,3.9377389300112355,35.0
2026-03-26,dinner,6,1,8.0,3.0,2026-03-27 06:00:00+03:00,4,3,0,4.0,2.0,7.0,2.857142857142857,2.340126166724877,7.0,0.0,0.0,0.0,1.037037037037037,-3.0,-1.0,-1.8369701987210297e-16,27.0,0.2962962962962963,medium,4.8180943214629455,4.2007427440961616,4.266483516483516,2.253342236909907,0.15640909422920832,0.7595200834637454,1.3291601460615545,-0.2664835164835164,7.0,1,4.0628780927427055,0.0,4.0628780927427055,-3.9371219072572945,3.9371219072572945,8.0
2026-02-03,lunch,4,127,10.0,4.0,2026-02-04 04:00:00+03:00,2,2,0,3.0,7.0,5.0,5.285714285714286,2.0586634591635513,9.0,0.0,0.0,0.0,0.4772727272727273,-2.0,1.2246467991473532e-16,-1.0,15.0,0.6666666666666666,medium,2.0341846758349704,2.214697362554381,5.173076923076923,2.386888054266103,0.35943689780549043,0.48598130841121495,1.4579439252336448,-2.1730769230769234,8.0,1,6.069904515032304,0.0,6.069904515032304,-3.930095484967696,3.930095484967696,8.0
2026-04-06,lunch,4,54,8.0,4.0,2026-04-07 04:00:00+03:00,1,4,0,5.0,9.0,1.0,5.428571428571429,3.3594217189442332,10.0,0.0,0.0,0.0,0.7777777777777778,4.0,1.2246467991473532e-16,-1.0,26.0,0.3076923076923077,medium,2.1353135313531353,2.313692209602312,2.9917355371900825,2.2193120273223412,0.28604169726316175,1.2525879917184266,2.505175983436853,2.0082644628099175,6.0,1,4.070448879568764,0.0,4.070448879568764,-3.9295511204312357,3.9295511204312357,8.0
2026-04-02,lunch,4,126,23.0,4.0,2026-04-03 04:00:00+03:00,4,4,0,26.0,24.0,27.0,21.142857142857142,5.610364558225276,27.0,0.0,0.0,0.0,1.1741935483870969,-1.0,1.2246467991473532e-16,-1.0,66.0,0.3484848484848485,high,8.943396226415095,8.296270027256874,23.39669421487603,7.377896665537009,0.36997738876250647,1.065718157181572,1.1067073170731707,2.6033057851239683,33.0,0,26.91243881301891,0.0,26.91243881301891,3.912438813018909,3.912438813018909,22.0
2026-02-18,lunch,4,123,29.0,4.0,2026-02-19 04:00:00+03:00,3,2,0,40.0,36.0,34.0,31.0,8.266397845091495,40.0,0.0,0.0,0.0,1.25,6.0,1.2246467991473532e-16,-1.0,54.0,0.5370370370370371,high,9.529330889092575,10.038386270221814,26.01923076923077,8.949331720839782,0.4426367956090107,1.480427046263345,1.480427046263345,13.98076923076923,36.0,0,32.89399980391841,0.0,32.89399980391841,3.893999803918412,3.893999803918412,22.0
2026-03-03,lunch,4,115,28.0,4.0,2026-03-04 04:00:00+03:00,2,3,0,22.0,17.0,21.0,21.0,2.516611478423557,25.0,0.0,0.0,0.0,1.0,1.0,1.2246467991473532e-16,-1.0,67.0,0.417910447761194,high,8.859724950884086,7.0585746120055335,21.186813186813186,5.342613320180643,0.3419472329595375,0.991579990094106,1.1267954432887568,0.8131868131868139,28.0,1,24.110632865573542,0.0,24.110632865573542,-3.8893671344264575,3.8893671344264575,22.0
2026-03-25,lunch,4,51,8.0,4.0,2026-03-26 04:00:00+03:00,3,3,0,3.0,4.0,3.0,2.7142857142857144,1.9760470401187071,5.0,0.0,0.0,0.0,0.8076923076923077,0.0,1.2246467991473532e-16,-1.0,14.0,0.5714285714285714,medium,1.2346189164370982,1.9411542453345536,3.366391184573003,3.016652663808964,0.30939109132217385,0.6870662460567823,1.1451104100946374,-0.3663911845730028,7.0,1,4.11608197266673,0.0,4.11608197266673,-3.8839180273332703,3.8839180273332703,8.0
2026-04-12,lunch,4,142,15.0,4.0,2026-04-13 04:00:00+03:00,0,4,0,3.0,6.0,17.0,10.428571428571429,4.685336802448787,17.0,0.0,0.0,0.0,0.2625,-14.0,1.2246467991473532e-16,-1.0,35.0,0.42857142857142855,medium,4.23006416131989,3.624165403205612,9.288461538461538,4.106271337026147,0.360800260700566,0.29158878504672897,1.652336448598131,-6.288461538461538,14.0,1,11.125253053143245,0.0,11.125253053143245,-3.874746946856755,3.874746946856755,8.0
2026-04-08,afternoon,5,54,9.0,3.0,2026-04-09 05:00:00+03:00,3,4,0,10.0,3.0,4.0,5.857142857142857,2.47847879612821,10.0,0.0,0.0,0.0,1.4583333333333335,6.0,-0.7071067811865475,-0.7071067811865477,25.0,0.36,medium,2.1353135313531353,2.313692209602312,3.2527472527472527,2.4487851897705966,0.29712413849118896,2.351421188630491,2.351421188630491,6.747252747252747,6.0,1,5.129513402606641,0.0,5.129513402606641,-3.8704865973933593,3.8704865973933593,8.0
2026-03-07,lunch,4,29,38.0,4.0,2026-03-08 04:00:00+03:00,6,3,1,33.0,31.0,38.0,31.714285714285715,4.191828786034628,38.0,0.0,0.0,0.0,1.0087336244541485,-5.0,1.2246467991473532e-16,-1.0,142.0,0.2676056338028169,mega,16.77201257861635,11.447047939359384,39.06611570247934,7.990742783350609,0.33541085213730065,0.8236386138613861,0.9484323432343235,-6.066115702479337,49.0,0,41.842036615130276,0.023835322941743176,41.86587193807202,3.8658719380720186,3.8658719380720186,35.0
2026-03-11,deep_night,0,479,8.0,6.0,2026-03-12 00:00:00+03:00,3,3,0,3.0,0.0,3.0,3.7142857142857144,2.4299715851758235,7.0,0.0,0.0,0.0,0.6363636363636364,0.0,0.0,1.0,28.0,0.2857142857142857,medium,4.030946702068614,7.26952048693661,6.609714529186195,7.26952048693661,0.17721660116759588,0.3942329227323628,0.9198768197088466,-3.6097145291861947,20.0,0,4.158059215603275,0.0,4.158059215603275,-3.8419407843967246,3.8419407843967246,8.0
2026-01-28,lunch,4,37,14.0,4.0,2026-01-29 04:00:00+03:00,3,1,0,19.0,15.0,15.0,12.428571428571429,4.720774754816634,19.0,0.0,0.0,0.0,1.4148936170212765,4.0,1.2246467991473532e-16,-1.0,28.0,0.5,medium,4.2158570119156735,4.037725090920908,10.324175824175825,3.792027032582001,0.4077077915187296,1.677826297913634,1.677826297913634,8.675824175824175,15.0,0,10.168548875858768,0.0,10.168548875858768,-3.831451124141232,3.831451124141232,8.0
2026-03-05,lunch,4,137,9.0,4.0,2026-03-06 04:00:00+03:00,4,3,0,7.0,9.0,4.0,5.0,2.6457513110645894,9.0,0.0,0.0,0.0,1.1666666666666667,3.0,1.2246467991473532e-16,-1.0,11.0,0.8181818181818182,medium,1.05,1.5837561732595622,3.206611570247934,2.2332891608068497,0.47338910324447514,1.6640471512770139,2.1394891944990175,3.793388429752066,6.0,1,5.189000611579092,0.0,5.189000611579092,-3.8109993884209077,3.8109993884209077,8.0
2026-02-24,lunch,4,1,17.0,4.0,2026-02-25 04:00:00+03:00,2,2,0,13.0,8.0,20.0,11.571428571428571,5.255382728122436,20.0,0.0,0.0,0.0,1.0340909090909092,-7.0,1.2246467991473532e-16,-1.0,34.0,0.5,medium,4.8180943214629455,4.2007427440961616,11.460055096418733,4.104360569877324,0.41188275422050785,1.0433340703073182,1.6051293389343355,1.539944903581267,17.0,1,13.197913379568584,0.0,13.197913379568584,-3.8020866204314157,3.8020866204314157,8.0
2026-02-10,lunch,4,8,40.0,4.0,2026-02-11 04:00:00+03:00,2,2,0,41.0,37.0,39.0,36.714285714285715,3.199702367110995,41.0,0.0,0.0,0.0,1.0871212121212122,2.0,1.2246467991473532e-16,-1.0,110.0,0.36363636363636365,mega,14.99803536345776,11.147682695162223,34.80494505494506,8.197821234921355,0.33131290749065806,1.145093224890662,1.145093224890662,6.195054945054942,44.0,0,37.248430401738766,-1.0499999999999998,36.19843040173877,-3.8015695982612314,3.8015695982612314,35.0
2026-03-10,afternoon,5,69,36.0,3.0,2026-03-11 05:00:00+03:00,2,3,0,38.0,35.0,25.0,31.571428571428573,6.679749068568918,38.0,0.0,0.0,0.0,1.1666666666666667,13.0,-0.7071067811865475,-0.7071067811865477,155.0,0.23225806451612904,mega,25.709899175068745,15.187584008448223,27.587912087912088,6.784804528364688,0.17970958977163476,1.3292331347299635,1.3292331347299635,10.412087912087912,36.0,1,32.20047233976811,0.0,32.20047233976811,-3.799527660231888,3.799527660231888,35.0
2026-02-15,lunch,4,126,31.0,4.0,2026-02-16 04:00:00+03:00,0,2,0,18.0,14.0,25.0,24.714285714285715,6.421689437998011,32.0,0.0,0.0,0.0,0.7,-7.0,1.2246467991473532e-16,-1.0,66.0,0.4696969696969697,high,8.943396226415095,8.296270027256874,23.39669421487603,7.377896665537009,0.36997738876250647,0.7378048780487805,1.3116531165311653,-5.396694214876032,33.0,0,27.226114255607342,0.0,27.226114255607342,-3.7738857443926577,3.7738857443926577,22.0
2026-04-06,lunch,4,98,4.0,4.0,2026-04-07 04:00:00+03:00,1,4,0,0.0,1.0,0.0,0.2857142857142857,0.48795003647426666,1.0,0.0,0.0,0.0,0.0,0.0,1.2246467991473532e-16,-1.0,4.0,1.0,low,0.05831408775981524,0.29740867857060826,0.15606936416184972,0.47418046566180544,0.10982658959537572,0.0,0.8649999999999999,-0.15606936416184972,1.0,1,0.22911439984501722,0.0,0.22911439984501722,-3.770885600154983,3.770885600154983,1.0
2026-03-11,dinner,6,69,41.0,3.0,2026-03-12 06:00:00+03:00,3,3,0,30.0,38.0,35.0,35.57142857142857,7.230886134196424,47.0,0.0,0.0,0.0,0.8203125,-5.0,-1.0,-1.8369701987210297e-16,161.0,0.2546583850931677,mega,25.709899175068745,15.187584008448223,30.986263736263737,7.0934205573178035,0.20237672346557325,0.9379026024220561,1.4693807437945545,-0.9862637362637372,40.0,1,37.23784834381774,0.0,37.23784834381774,-3.7621516561822617,3.7621516561822617,35.0
2026-02-24,afternoon,5,54,10.0,3.0,2026-02-25 05:00:00+03:00,2,2,0,6.0,8.0,5.0,11.571428571428571,6.528326555791116,22.0,0.0,0.0,0.0,0.4772727272727273,1.0,-0.7071067811865475,-0.7071067811865477,26.0,0.38461538461538464,medium,2.1353135313531353,2.313692209602312,3.2527472527472527,2.4487851897705966,0.29712413849118896,1.4108527131782946,5.17312661498708,2.7472527472527473,6.0,1,6.2445435807960505,0.0,6.2445435807960505,-3.7554564192039495,3.7554564192039495,8.0
2026-04-11,afternoon,5,54,14.0,3.0,2026-04-12 05:00:00+03:00,6,4,1,18.0,12.0,8.0,9.142857142857142,5.047394424471938,18.0,0.0,0.0,0.0,1.7746478873239437,10.0,-0.7071067811865475,-0.7071067811865477,50.0,0.28,medium,2.1353135313531353,2.313692209602312,3.2527472527472527,2.4487851897705966,0.29712413849118896,4.232558139534884,4.232558139534884,14.747252747252748,6.0,1,10.246268885008881,0.0,10.246268885008881,-3.753731114991119,3.753731114991119,8.0
2026-03-11,lunch,4,6,26.0,4.0,2026-03-12 04:00:00+03:00,3,3,0,23.0,29.0,30.0,24.428571428571427,3.7796447300923695,30.0,0.0,0.0,0.0,0.904494382022472,-7.0,1.2246467991473532e-16,-1.0,100.0,0.26,high,10.223521320495186,7.858411454975636,25.560439560439562,7.174655102463964,0.31008066999141487,0.8659495242035581,1.1294993793959454,-2.560439560439562,34.0,0,29.749103748562945,0.0,29.749103748562945,3.749103748562945,3.749103748562945,22.0
2026-03-27,lunch,4,20,14.0,4.0,2026-03-28 04:00:00+03:00,5,3,1,5.0,4.0,8.0,5.714285714285714,1.8898223650461414,8.0,0.0,0.0,0.0,0.7446808510638298,-3.0,1.2246467991473532e-16,-1.0,26.0,0.5384615384615384,medium,5.7518037518037515,4.597145761347301,11.222527472527473,4.769905450006113,0.33908490601013946,0.40908069229040234,0.6545291076646438,-6.222527472527473,17.0,0,10.251605969245222,0.0,10.251605969245222,-3.7483940307547776,3.7483940307547776,8.0
2026-02-04,lunch,4,137,8.0,4.0,2026-02-05 04:00:00+03:00,3,2,0,7.0,4.0,5.0,4.428571428571429,2.2990681342044397,7.0,0.0,0.0,0.0,1.2894736842105263,2.0,1.2246467991473532e-16,-1.0,9.0,0.8888888888888888,medium,1.05,1.5837561732595622,3.206611570247934,2.2332891608068497,0.47338910324447514,1.6640471512770139,1.6640471512770139,3.793388429752066,6.0,1,4.281356932156697,0.0,4.281356932156697,-3.7186430678433027,3.7186430678433027,8.0
2026-04-03,opening,1,479,9.0,2.0,2026-04-04 01:00:00+03:00,5,4,1,6.0,10.0,4.0,6.857142857142857,2.734262327610589,10.0,0.0,0.0,0.0,0.7636363636363637,2.0,0.7071067811865475,0.7071067811865476,27.0,0.3333333333333333,medium,4.030946702068614,7.26952048693661,4.4715430016863404,7.26952048693661,0.08346337542980571,1.096582810031976,1.82763801671996,1.5284569983136596,12.0,0,5.28275287905946,0.0,5.28275287905946,-3.7172471209405398,3.7172471209405398,8.0
2026-01-31,dinner,6,38,13.0,3.0,2026-02-01 06:00:00+03:00,6,2,1,8.0,11.0,9.0,8.285714285714286,2.1380899352994045,11.0,0.0,0.0,0.0,0.8615384615384615,-1.0,-1.0,-1.8369701987210297e-16,22.0,0.5909090909090909,medium,2.3802752293577982,3.6892704924960964,5.818681318681318,3.6499869681766577,0.41647984853532405,1.1732473811442385,1.613215149073328,2.1813186813186816,10.0,1,9.297764683368712,0.0,9.297764683368712,-3.7022353166312882,3.7022353166312882,8.0
2026-03-14,dinner,6,69,41.0,3.0,2026-03-15 06:00:00+03:00,6,3,1,26.0,45.0,27.0,35.57142857142857,7.764387566686384,45.0,0.0,0.0,0.0,0.7109375,-1.0,-1.0,-1.8369701987210297e-16,175.0,0.2342857142857143,mega,25.709899175068745,15.187584008448223,30.986263736263737,7.0934205573178035,0.20237672346557325,0.8128489220991153,1.4068539036330843,-4.986263736263737,40.0,1,37.30071712997227,0.0,37.30071712997227,-3.69928287002773,3.69928287002773,35.0
2026-04-10,morning,3,425,4.0,2.0,2026-04-11 03:00:00+03:00,5,4,1,0.0,0.0,0.0,0.0,0.0,0.0,0.0,0.0,0.0,0.0,0.0,0.7071067811865476,-0.7071067811865475,9.0,0.4444444444444444,low,0.13596491228070176,0.42387496971731603,0.17543859649122806,0.42773519084090944,0.12426900584795321,0.0,0.0,-0.17543859649122806,1.0,1,0.30245691493552923,0.0,0.30245691493552923,-3.6975430850644706,3.6975430850644706,1.0
2026-02-09,lunch,4,115,26.0,4.0,2026-02-10 04:00:00+03:00,1,2,0,13.0,20.0,21.0,21.571428571428573,6.214422549122926,33.0,0.0,0.0,0.0,0.5759493670886076,-8.0,1.2246467991473532e-16,-1.0,63.0,0.4126984126984127,high,8.859724950884086,7.0585746120055335,21.186813186813186,5.342613320180643,0.3419472329595375,0.5859336305101536,1.487369985141159,-8.186813186813186,28.0,0,22.309508750813833,0.0,22.309508750813833,-3.6904912491861666,3.6904912491861666,22.0
2026-03-06,lunch,4,30,37.0,4.0,2026-03-07 04:00:00+03:00,5,3,1,31.0,26.0,36.0,26.714285714285715,6.600865744084541,36.0,0.0,0.0,0.0,1.1185567010309279,-5.0,1.2246467991473532e-16,-1.0,96.0,0.3854166666666667,mega,13.703483043079743,8.347813742646773,27.502747252747252,6.67320559196118,0.33448548715889054,1.0876144578313254,1.2630361445783134,3.497252747252748,35.69999999999999,1,33.956653577845444,-0.6462125495971902,33.310441028248256,-3.689558971751744,3.689558971751744,35.0
2026-04-10,lunch,4,123,29.0,4.0,2026-04-11 04:00:00+03:00,5,4,1,32.0,43.0,21.0,27.571428571428573,8.059303999253352,43.0,0.0,0.0,0.0,1.1199999999999999,11.0,1.2246467991473532e-16,-1.0,41.0,0.7073170731707317,high,9.529330889092575,10.038386270221814,26.01923076923077,8.949331720839782,0.4426367956090107,1.184341637010676,1.5914590747330961,5.98076923076923,36.0,0,25.312969816663944,0.0,25.312969816663944,-3.6870301833360557,3.6870301833360557,22.0
2026-01-31,lunch,4,20,17.0,4.0,2026-02-01 04:00:00+03:00,6,2,1,11.0,10.0,10.0,6.285714285714286,3.903600291794131,11.0,0.0,0.0,0.0,1.5098039215686274,1.0,1.2246467991473532e-16,-1.0,37.0,0.4594594594594595,medium,5.7518037518037515,4.597145761347301,11.222527472527473,4.769905450006113,0.33908490601013946,0.8999775230388851,0.8999775230388851,-0.22252747252747263,17.0,1,13.315154595658358,0.0,13.315154595658358,-3.684845404341642,3.684845404341642,8.0
2026-03-09,lunch,4,47,10.0,4.0,2026-03-10 04:00:00+03:00,1,3,0,6.0,5.0,4.0,6.142857142857143,1.4638501094228127,8.0,0.0,0.0,0.0,0.84,2.0,1.2246467991473532e-16,-1.0,13.0,0.7692307692307693,medium,2.1574023115024765,2.162834723516841,4.81267217630854,2.4000815524754775,0.44135599903644834,1.0322274881516587,1.376303317535545,1.1873278236914597,8.0,1,6.318977726183927,0.0,6.318977726183927,-3.6810222738160734,3.6810222738160734,8.0
2026-03-24,dinner,6,18,13.0,3.0,2026-03-25 06:00:00+03:00,2,3,0,5.0,8.0,9.0,7.857142857142857,1.9518001458970693,10.0,0.0,0.0,0.0,0.564516129032258,-4.0,-1.0,-1.8369701987210297e-16,30.0,0.43333333333333335,medium,6.109124254928932,5.453053535091321,7.587912087912088,4.223829426308926,0.1847327720874314,0.5822136916186821,1.1644273832373642,-2.5879120879120876,13.0,1,9.324317306460456,0.0,9.324317306460456,-3.675682693539544,3.675682693539544,8.0
2026-02-13,afternoon,5,348,9.0,3.0,2026-02-14 05:00:00+03:00,5,2,1,1.0,6.0,5.0,4.285714285714286,2.0586634591635553,7.0,0.0,0.0,0.0,0.1891891891891892,-4.0,-0.7071067811865475,-0.7071067811865477,31.0,0.2903225806451613,medium,4.911890504704876,4.393909693992293,5.568376068376068,3.1277561119329365,0.22512610082968235,0.15224463240078076,1.0657124268054652,-4.568376068376068,10.0,0,5.328696272305002,0.0,5.328696272305002,-3.6713037276949976,3.6713037276949976,8.0
2026-04-04,lunch,4,54,9.0,4.0,2026-04-05 04:00:00+03:00,6,4,1,10.0,7.0,5.0,4.285714285714286,3.3022358947782386,10.0,0.0,0.0,0.0,1.8918918918918919,5.0,1.2246467991473532e-16,-1.0,31.0,0.2903225806451613,medium,2.1353135313531353,2.313692209602312,2.9917355371900825,2.2193120273223412,0.28604169726316175,2.505175983436853,2.505175983436853,7.008264462809917,6.0,1,5.331359847426253,0.0,5.331359847426253,-3.6686401525737473,3.6686401525737473,8.0
2026-01-24,lunch,4,47,8.0,4.0,2026-01-25 04:00:00+03:00,6,1,1,4.0,8.0,4.0,6.428571428571429,2.935821455580642,10.0,0.0,0.0,0.0,0.5384615384615384,0.0,1.2246467991473532e-16,-1.0,13.0,0.6153846153846154,medium,2.1574023115024765,2.162834723516841,4.81267217630854,2.4000815524754775,0.44135599903644834,0.6881516587677725,1.7203791469194312,-0.8126721763085403,8.0,1,4.332585542918174,0.0,4.332585542918174,-3.6674144570818257,3.6674144570818257,8.0
2026-02-28,lunch,4,99,42.0,4.0,2026-03-01 04:00:00+03:00,6,3,1,38.0,41.0,42.0,39.142857142857146,2.1930626551749537,42.0,0.0,0.0,0.0,0.9466192170818505,-4.0,1.2246467991473532e-16,-1.0,117.0,0.358974358974359,mega,17.65933202357564,12.423628976413019,40.497252747252745,7.979484240247015,0.3282854062396855,0.9157232704402516,1.0121151936444885,-2.4972527472527446,50.0,0,45.77858698261751,-0.12673315545926028,45.65185382715825,3.6518538271582486,3.6518538271582486,35.0
2026-03-29,afternoon,5,18,11.0,3.0,2026-03-30 05:00:00+03:00,0,3,0,6.0,9.0,3.0,5.714285714285714,2.1380899352993956,9.0,0.0,0.0,0.0,0.8936170212765957,3.0,-0.7071067811865475,-0.7071067811865477,40.0,0.275,medium,6.109124254928932,5.453053535091321,6.892857142857143,3.904091739459271,0.17091446361139118,0.7601809954751131,1.1402714932126696,-0.8928571428571432,12.0,0,7.348712837936661,0.0,7.348712837936661,-3.6512871620633387,3.6512871620633387,8.0
2026-01-30,dinner,6,54,11.0,3.0,2026-01-31 06:00:00+03:00,5,1,1,11.0,4.0,9.0,6.714285714285714,3.8606685826112885,12.0,0.0,0.0,0.0,1.4259259259259258,2.0,-1.0,-1.8369701987210297e-16,38.0,0.2894736842105263,medium,2.1353135313531353,2.313692209602312,3.2115384615384617,2.4250253689062604,0.3076139596782138,2.6118721461187215,2.8493150684931505,7.788461538461538,6.0,1,7.353087066484841,0.0,7.353087066484841,-3.646912933515159,3.646912933515159,8.0
2026-02-01,lunch,4,29,36.0,4.0,2026-02-02 04:00:00+03:00,0,2,0,42.0,47.0,35.0,35.857142857142854,6.414269805898216,47.0,0.0,0.0,0.0,1.1395348837209303,7.0,1.2246467991473532e-16,-1.0,111.0,0.32432432432432434,mega,16.77201257861635,11.447047939359384,39.06611570247934,7.990742783350609,0.33541085213730065,1.0482673267326734,1.1730610561056105,2.933884297520663,49.0,0,40.06679824188966,-0.4210404026982034,39.645757839191454,3.645757839191454,3.645757839191454,35.0
2026-03-07,afternoon,5,290,4.0,3.0,2026-03-08 05:00:00+03:00,6,3,1,0.0,0.0,0.0,0.14285714285714285,0.3779644730092273,1.0,0.0,0.0,0.0,0.0,0.0,-0.7071067811865475,-0.7071067811865477,5.0,0.8,low,0.15548539857932123,0.428422817977247,0.17034700315457413,0.42397031567652377,0.12523659305993692,0.0,0.8544474393530997,-0.17034700315457413,1.0,1,0.3692672703366174,0.0,0.3692672703366174,-3.6307327296633827,3.6307327296633827,1.0
2026-03-23,lunch,4,6,31.0,4.0,2026-03-24 04:00:00+03:00,1,3,0,27.0,19.0,18.0,21.428571428571427,4.6496287614226475,29.0,0.0,0.0,0.0,1.2038216560509556,9.0,1.2246467991473532e-16,-1.0,86.0,0.36046511627906974,high,10.223521320495186,7.858411454975636,25.560439560439562,7.174655102463964,0.31008066999141487,1.0165494414563507,1.0918494000827472,1.439560439560438,34.0,0,27.369890863178924,0.0,27.369890863178924,-3.6301091368210763,3.6301091368210763,22.0
2026-03-12,lunch,4,298,11.0,4.0,2026-03-13 04:00:00+03:00,4,3,0,5.0,4.0,8.0,4.428571428571429,1.7182493859684558,8.0,0.0,0.0,0.0,0.9210526315789473,-3.0,1.2246467991473532e-16,-1.0,16.0,0.6875,medium,2.131849315068493,2.6510406366439367,4.6061643835616435,3.495558745316312,0.4708102062408331,0.8918753817959683,1.4270006108735493,0.3938356164383565,9.0,1,7.3747136022267705,0.0,7.3747136022267705,-3.6252863977732295,3.6252863977732295,8.0
2026-01-29,dinner,6,38,11.0,3.0,2026-01-30 06:00:00+03:00,4,1,0,11.0,7.0,12.0,8.857142857142858,2.544836041121417,12.0,0.0,0.0,0.0,1.115942028985507,-1.0,-1.0,-1.8369701987210297e-16,20.0,0.55,medium,2.3802752293577982,3.6892704924960964,5.818681318681318,3.6499869681766577,0.41647984853532405,1.613215149073328,1.759871071716358,5.181318681318682,10.0,1,7.376495594017612,0.0,7.376495594017612,-3.6235044059823878,3.6235044059823878,8.0
2026-04-04,dinner,6,340,4.0,3.0,2026-04-05 06:00:00+03:00,6,4,1,0.0,0.0,0.0,0.14285714285714285,0.37796447300922725,1.0,0.0,0.0,0.0,0.0,0.0,-1.0,-1.8369701987210297e-16,5.0,0.8,low,0.11940298507462686,0.3573412847884237,0.19402985074626866,0.4326247555381888,0.142620232172471,0.0,0.8375,-0.19402985074626866,1.0,1,0.3787564274576805,0.0,0.3787564274576805,-3.6212435725423195,3.6212435725423195,1.0
2026-03-21,afternoon,5,348,8.0,3.0,2026-03-22 05:00:00+03:00,6,3,1,1.0,4.0,7.0,2.5714285714285716,2.2253945610567554,7.0,0.0,0.0,0.0,0.27999999999999997,-6.0,-0.7071067811865475,-0.7071067811865477,21.0,0.38095238095238093,medium,4.911890504704876,4.393909693992293,5.568376068376068,3.1277561119329365,0.22512610082968235,0.15224463240078076,1.0657124268054652,-4.568376068376068,10.0,0,4.399219793772735,0.0,4.399219793772735,-3.600780206227265,3.600780206227265,8.0
2026-02-26,lunch,4,18,8.0,4.0,2026-02-27 04:00:00+03:00,4,2,0,8.0,13.0,7.0,12.571428571428571,4.859943170351681,21.0,0.0,0.0,0.0,0.5894736842105264,1.0,1.2246467991473532e-16,-1.0,32.0,0.25,medium,6.109124254928932,5.453053535091321,11.975206611570249,6.953431693708665,0.27885867315263196,0.6165605095541401,1.6184713375796178,-3.9752066115702487,20.0,0,11.583645442013875,0.0,11.583645442013875,3.583645442013875,3.583645442013875,8.0
2026-04-05,opening,1,479,9.0,2.0,2026-04-06 01:00:00+03:00,0,4,0,6.0,9.0,9.0,7.857142857142857,2.1157009420498176,10.0,0.0,0.0,0.0,0.6774193548387096,-3.0,0.7071067811865475,0.7071067811865476,13.0,0.6923076923076923,medium,4.030946702068614,7.26952048693661,4.4715430016863404,7.26952048693661,0.08346337542980571,1.096582810031976,1.82763801671996,1.5284569983136596,12.0,0,5.4174666675424685,0.0,5.4174666675424685,-3.5825333324575315,3.5825333324575315,8.0
2026-03-07,lunch,4,101,23.0,4.0,2026-03-08 04:00:00+03:00,6,3,1,17.0,17.0,28.0,13.0,8.185352771872433,28.0,0.0,0.0,0.0,1.2142857142857142,-11.0,1.2246467991473532e-16,-1.0,63.0,0.36507936507936506,high,7.729605866177819,5.750763658040518,16.97252747252747,4.423118975685863,0.3662322135926719,0.9458881076123511,1.5579333537144606,0.02747252747252915,23.0,1,19.419631168441438,0.0,19.419631168441438,-3.5803688315585624,3.5803688315585624,22.0
2026-03-08,afternoon,5,139,4.0,3.0,2026-03-09 05:00:00+03:00,0,3,0,4.0,0.0,1.0,0.8571428571428571,1.4638501094227991,4.0,0.0,0.0,0.0,2.1538461538461537,3.0,-0.7071067811865475,-0.7071067811865477,7.0,0.5714285714285714,low,0.28473177441540576,0.657489566091835,0.38292011019283745,0.8306525835717741,0.192444515998235,2.8924302788844622,2.8924302788844622,3.6170798898071626,1.0,1,0.4199551946451932,0.0,0.4199551946451932,-3.580044805354807,3.580044805354807,1.0
2026-03-04,lunch,4,181,4.0,4.0,2026-03-05 04:00:00+03:00,3,3,0,0.0,0.0,1.0,0.14285714285714285,0.37796447300922725,1.0,0.0,0.0,0.0,0.0,-1.0,1.2246467991473532e-16,-1.0,4.0,1.0,low,0.12359550561797752,0.3850090003131758,0.2880886426592798,0.6056190156531187,0.1839796860572484,0.0,0.7763440860215054,-0.2880886426592798,1.0,1,0.4206488469368354,0.0,0.4206488469368354,-3.5793511530631648,3.5793511530631648,1.0
2026-04-01,lunch,4,142,15.0,4.0,2026-04-02 04:00:00+03:00,3,4,0,16.0,11.0,5.0,8.857142857142858,4.059087394500209,16.0,0.0,0.0,0.0,1.6231884057971013,11.0,1.2246467991473532e-16,-1.0,33.0,0.45454545454545453,medium,4.23006416131989,3.624165403205612,9.288461538461538,4.106271337026147,0.360800260700566,1.5551401869158878,1.5551401869158878,6.711538461538462,14.0,1,11.4208814301289,0.0,11.4208814301289,-3.5791185698711008,3.5791185698711008,8.0
2026-02-13,lunch,4,434,26.0,4.0,2026-02-14 04:00:00+03:00,5,2,1,19.0,19.0,24.0,20.857142857142858,3.236694374850769,25.0,0.0,0.0,0.0,0.869281045751634,-5.0,1.2246467991473532e-16,-1.0,62.0,0.41935483870967744,high,7.621359223300971,6.761882045397149,16.980392156862745,6.830783838121162,0.3594009148733045,1.0567066521264994,1.390403489640131,2.019607843137255,24.0,1,22.42097357448294,0.0,22.42097357448294,-3.5790264255170605,3.5790264255170605,22.0
2026-02-25,dinner,6,18,12.0,3.0,2026-02-26 06:00:00+03:00,3,2,0,7.0,8.0,5.0,6.571428571428571,2.070196678027062,9.0,0.0,0.0,0.0,0.9245283018867925,2.0,-1.0,-1.8369701987210297e-16,33.0,0.36363636363636365,medium,6.109124254928932,5.453053535091321,7.587912087912088,4.223829426308926,0.1847327720874314,0.8150991682661548,1.0479846449136276,-0.5879120879120876,13.0,0,8.427586310397711,0.0,8.427586310397711,-3.572413689602289,3.572413689602289,8.0
2026-03-02,lunch,4,51,8.0,4.0,2026-03-03 04:00:00+03:00,1,3,0,2.0,0.0,8.0,2.7142857142857144,2.751622897751175,8.0,0.0,0.0,0.0,0.5384615384615384,-6.0,1.2246467991473532e-16,-1.0,16.0,0.5,medium,1.2346189164370982,1.9411542453345536,3.366391184573003,3.016652663808964,0.30939109132217385,0.4580441640378549,1.8321766561514197,-1.3663911845730028,7.0,1,4.436312087608721,0.0,4.436312087608721,-3.563687912391279,3.563687912391279,8.0
2026-02-08,dinner,6,38,10.0,3.0,2026-02-09 06:00:00+03:00,0,2,0,8.0,15.0,3.0,7.857142857142857,3.976119189552024,15.0,0.0,0.0,0.0,0.9032258064516129,5.0,-1.0,-1.8369701987210297e-16,17.0,0.5882352941176471,medium,2.3802752293577982,3.6892704924960964,5.818681318681318,3.6499869681766577,0.41647984853532405,1.1732473811442385,2.199838839645447,2.1813186813186816,10.0,1,6.436394306977239,0.0,6.436394306977239,-3.563605693022761,3.563605693022761,8.0
2026-04-10,dinner,6,69,39.0,3.0,2026-04-11 06:00:00+03:00,5,4,1,40.0,37.0,27.0,33.285714285714285,6.524678426668135,40.0,0.0,0.0,0.0,1.1666666666666667,13.0,-1.0,-1.8369701987210297e-16,198.0,0.19696969696969696,mega,25.709899175068745,15.187584008448223,30.986263736263737,7.0934205573178035,0.20237672346557325,1.2505368032294082,1.2505368032294082,9.013736263736263,40.0,0,35.446268467087464,0.0,35.446268467087464,-3.5537315329125363,3.5537315329125363,35.0
2026-03-27,lunch,4,18,20.0,4.0,2026-03-28 04:00:00+03:00,5,3,1,9.0,11.0,15.0,10.857142857142858,3.532165125838658,16.0,0.0,0.0,0.0,0.7590361445783133,-6.0,1.2246467991473532e-16,-1.0,50.0,0.4,medium,6.109124254928932,5.453053535091321,11.975206611570249,6.953431693708665,0.27885867315263196,0.6936305732484076,1.2331210191082802,-2.9752066115702487,20.0,1,16.451375125941272,0.0,16.451375125941272,-3.548624874058728,3.548624874058728,8.0
2026-02-15,lunch,4,54,9.0,4.0,2026-02-16 04:00:00+03:00,0,2,0,15.0,10.0,1.0,7.857142857142857,4.9809159608975335,15.0,0.0,0.0,0.0,1.693548387096774,14.0,1.2246467991473532e-16,-1.0,39.0,0.23076923076923078,medium,2.1353135313531353,2.313692209602312,2.9917355371900825,2.2193120273223412,0.28604169726316175,3.75776397515528,3.75776397515528,12.008264462809917,6.0,1,5.4564980392778315,0.0,5.4564980392778315,-3.5435019607221685,3.5435019607221685,8.0
2026-03-04,afternoon,5,146,4.0,3.0,2026-03-05 05:00:00+03:00,3,3,0,0.0,0.0,1.0,0.14285714285714285,0.37796447300922725,1.0,0.0,0.0,0.0,0.0,-1.0,-0.7071067811865475,-0.7071067811865477,4.0,1.0,low,0.3294279807029635,0.8281818162964744,0.39669421487603307,0.908638762497119,0.1560409287682015,0.0,0.7159763313609467,-0.39669421487603307,1.0,1,0.45826818615820847,0.0,0.45826818615820847,-3.5417318138417917,3.5417318138417917,1.0
2026-03-27,afternoon,5,69,35.0,3.0,2026-03-28 05:00:00+03:00,5,3,1,27.0,24.0,38.0,26.285714285714285,5.468524655221148,38.0,0.0,0.0,0.0,0.9895287958115183,-11.0,-0.7071067811865475,-0.7071067811865477,156.0,0.22435897435897437,mega,25.709899175068745,15.187584008448223,27.587912087912088,6.784804528364688,0.17970958977163476,0.9444551220449741,1.3292331347299635,-0.5879120879120876,36.0,0,31.459594468898587,0.0,31.459594468898587,-3.5404055311014133,3.5404055311014133,35.0
2026-02-21,lunch,4,6,22.0,4.0,2026-02-22 04:00:00+03:00,6,2,1,23.0,31.0,26.0,27.428571428571427,2.636736799982407,31.0,0.0,0.0,0.0,0.8090452261306533,-3.0,1.2246467991473532e-16,-1.0,71.0,0.30985915492957744,high,10.223521320495186,7.858411454975636,25.560439560439562,7.174655102463964,0.31008066999141487,0.8659495242035581,1.1671493587091435,-2.560439560439562,34.0,0,25.52689248902466,0.0,25.52689248902466,3.526892489024661,3.526892489024661,22.0
2026-03-13,lunch,4,20,11.0,4.0,2026-03-14 04:00:00+03:00,5,3,1,1.0,5.0,7.0,6.0,3.316624790355402,11.0,0.0,0.0,0.0,0.14285714285714285,-6.0,1.2246467991473532e-16,-1.0,28.0,0.39285714285714285,medium,5.7518037518037515,4.597145761347301,11.222527472527473,4.769905450006113,0.33908490601013946,0.08181613845808047,0.8999775230388851,-10.222527472527473,17.0,0,7.483095396592618,0.0,7.483095396592618,-3.516904603407382,3.516904603407382,8.0
2026-02-16,lunch,4,99,45.0,4.0,2026-02-17 04:00:00+03:00,1,2,0,35.0,45.0,31.0,42.142857142857146,8.09173593712686,54.0,0.0,0.0,0.0,0.8112582781456953,4.0,1.2246467991473532e-16,-1.0,124.0,0.3629032258064516,mega,17.65933202357564,12.423628976413019,40.497252747252745,7.979484240247015,0.3282854062396855,0.8434293280370738,1.3012909632571996,-5.497252747252745,50.0,0,41.78564297267265,-0.29772670733140155,41.48791626534125,-3.512083734658752,3.512083734658752,35.0
2026-04-04,dinner,6,54,12.0,3.0,2026-04-05 06:00:00+03:00,6,4,1,14.0,7.0,7.0,9.0,3.2659863237108873,14.0,0.0,0.0,0.0,1.4,7.0,-1.0,-1.8369701987210297e-16,31.0,0.3870967741935484,medium,2.1353135313531353,2.313692209602312,3.2115384615384617,2.4250253689062604,0.3076139596782138,3.324200913242009,3.324200913242009,10.788461538461538,6.0,1,8.4901388271027,0.0,8.4901388271027,-3.509861172897301,3.509861172897301,8.0
2026-04-02,dinner,6,38,10.0,3.0,2026-04-03 06:00:00+03:00,4,4,0,3.0,5.0,10.0,7.142857142857143,3.62530786869987,13.0,0.0,0.0,0.0,0.368421052631579,-7.0,-1.0,-1.8369701987210297e-16,14.0,0.7142857142857143,medium,2.3802752293577982,3.6892704924960964,5.818681318681318,3.6499869681766577,0.41647984853532405,0.4399677679290895,1.9065269943593877,-2.8186813186813184,10.0,1,6.49504159642725,0.0,6.49504159642725,-3.5049584035727497,3.5049584035727497,8.0
2026-03-13,dinner,6,38,12.0,3.0,2026-03-14 06:00:00+03:00,5,3,1,11.0,12.0,4.0,8.0,3.2659863237109112,12.0,0.0,0.0,0.0,1.2222222222222223,7.0,-1.0,-1.8369701987210297e-16,19.0,0.631578947368421,medium,2.3802752293577982,3.6892704924960964,5.818681318681318,3.6499869681766577,0.41647984853532405,1.613215149073328,1.759871071716358,5.181318681318682,10.0,1,8.496916056530788,0.0,8.496916056530788,-3.5030839434692123,3.5030839434692123,8.0
2026-02-01,lunch,4,298,8.0,4.0,2026-02-02 04:00:00+03:00,0,2,0,1.0,1.0,6.0,2.857142857142857,2.1157009420498305,6.0,0.0,0.0,0.0,0.25925925925925924,-5.0,1.2246467991473532e-16,-1.0,11.0,0.7272727272727273,medium,2.131849315068493,2.6510406366439367,4.6061643835616435,3.495558745316312,0.4708102062408331,0.17837507635919367,1.070250458155162,-3.6061643835616435,9.0,0,4.5014906531701,0.0,4.5014906531701,-3.4985093468299002,3.4985093468299002,8.0
2026-02-28,dinner,6,38,13.0,3.0,2026-03-01 06:00:00+03:00,6,3,1,9.0,10.0,15.0,8.857142857142858,3.023715784073826,15.0,0.0,0.0,0.0,0.9130434782608695,-6.0,-1.0,-1.8369701987210297e-16,21.0,0.6190476190476191,medium,2.3802752293577982,3.6892704924960964,5.818681318681318,3.6499869681766577,0.41647984853532405,1.3199033037872683,2.199838839645447,3.1813186813186816,10.0,1,9.503992858733149,0.0,9.503992858733149,-3.496007141266851,3.496007141266851,8.0
2026-02-03,lunch,4,2,25.0,4.0,2026-02-04 04:00:00+03:00,2,2,0,23.0,21.0,17.0,19.714285714285715,3.817254061682094,26.0,0.0,0.0,0.0,1.110344827586207,6.0,1.2246467991473532e-16,-1.0,72.0,0.3472222222222222,high,7.919532324621733,6.1652836583747,19.313186813186814,5.6393678951648205,0.3040886563507092,1.1322694076278064,1.2799567216662158,3.686813186813186,26.0,0,21.504555428991615,0.0,21.504555428991615,-3.4954445710083846,3.4954445710083846,22.0
2026-03-07,lunch,4,140,4.0,3.0,2026-03-08 04:00:00+03:00,6,3,1,1.0,1.0,0.0,0.5714285714285714,0.5345224838248488,1.0,0.0,0.0,0.0,0.6363636363636364,1.0,1.2246467991473532e-16,-1.0,13.0,0.3076923076923077,low,0.26666666666666666,0.5867246021995556,0.19834710743801653,0.45126895443720416,0.11855131400585946,0.8344827586206897,0.8344827586206897,0.8016528925619835,1.0,1,0.5057280174088736,0.0,0.5057280174088736,-3.494271982591126,3.494271982591126,1.0
2026-02-05,dinner,6,135,4.0,3.0,2026-02-06 06:00:00+03:00,4,2,0,1.0,0.0,0.0,0.14285714285714285,0.37796447300922725,1.0,0.0,0.0,0.0,0.875,1.0,-1.0,-1.8369701987210297e-16,5.0,0.8,low,0.18659295093296477,0.8339361180545659,0.425414364640884,1.4872367318367268,0.1261454967052952,0.7015503875968991,0.7015503875968991,0.574585635359116,1.0,1,0.5101566915266234,0.0,0.5101566915266234,-3.4898433084733766,3.4898433084733766,1.0
2026-02-13,morning,3,20,9.0,2.0,2026-02-14 03:00:00+03:00,5,2,1,1.0,3.0,4.0,2.857142857142857,2.11570094204982,7.0,0.0,0.0,0.0,0.25925925925925924,-3.0,0.7071067811865476,-0.7071067811865475,38.0,0.23684210526315788,medium,5.7518037518037515,4.597145761347301,5.928374655647383,3.4256659396332876,0.17468658518591648,0.14433399602385685,1.010337972166998,-4.928374655647383,11.0,0,5.512737836923728,0.0,5.512737836923728,-3.487262163076272,3.487262163076272,8.0
2026-04-08,lunch,4,69,50.0,4.0,2026-04-09 04:00:00+03:00,3,4,0,33.0,52.0,49.0,52.714285714285715,15.184578643196803,76.0,0.0,0.0,0.0,0.6143617021276596,-16.0,1.2246467991473532e-16,-1.0,167.0,0.2994011976047904,mega,25.709899175068745,15.187584008448223,49.92032967032967,11.401837554339034,0.32250586815508425,0.6480712166172107,1.4925276503911518,-16.92032967032967,65.0,0,46.48656041971923,0.027799481138800444,46.51435990085803,-3.4856400991419676,3.4856400991419676,35.0
2026-02-10,lunch,4,130,4.0,4.0,2026-02-11 04:00:00+03:00,2,2,0,2.0,4.0,1.0,1.8571428571428572,1.0690449676496978,4.0,0.0,0.0,0.0,0.7,1.0,1.2246467991473532e-16,-1.0,6.0,0.6666666666666666,low,0.2508250825082508,0.5792332445185113,0.349862258953168,0.694428285684288,0.16730289912108093,1.4816326530612245,2.963265306122449,1.6501377410468319,1.0,1,0.519101839986539,0.0,0.519101839986539,-3.480898160013461,3.480898160013461,1.0
2026-04-06,lunch,4,6,25.0,4.0,2026-04-07 04:00:00+03:00,1,4,0,35.0,25.0,22.0,25.428571428571427,6.5538066001661655,35.0,0.0,0.0,0.0,1.3243243243243243,13.0,1.2246467991473532e-16,-1.0,95.0,0.2631578947368421,high,10.223521320495186,7.858411454975636,25.560439560439562,7.174655102463964,0.31008066999141487,1.3177492759619363,1.3177492759619363,9.439560439560438,34.0,0,28.47994306234142,0.0,28.47994306234142,3.4799430623414196,3.4799430623414196,22.0
2026-04-06,lunch,4,51,9.0,4.0,2026-04-07 04:00:00+03:00,1,4,0,8.0,0.0,3.0,2.857142857142857,2.734262327610589,8.0,0.0,0.0,0.0,2.074074074074074,5.0,1.2246467991473532e-16,-1.0,14.0,0.6428571428571429,medium,1.2346189164370982,1.9411542453345536,3.366391184573003,3.016652663808964,0.30939109132217385,1.8321766561514197,1.8321766561514197,4.633608815426998,7.0,1,5.53079134079271,0.0,5.53079134079271,-3.4692086592072897,3.4692086592072897,8.0
2026-04-06,dinner,6,142,8.0,3.0,2026-04-07 06:00:00+03:00,1,4,0,3.0,3.0,5.0,4.142857142857143,0.8997354108424331,5.0,0.0,0.0,0.0,0.5833333333333333,-2.0,-1.0,-1.8369701987210297e-16,32.0,0.25,medium,4.23006416131989,3.624165403205612,4.071428571428571,2.0410004414615983,0.1673292966383502,0.5915492957746479,0.9859154929577465,-1.0714285714285712,7.0,1,4.5360128106185895,0.0,4.5360128106185895,-3.4639871893814105,3.4639871893814105,8.0
2026-02-23,lunch,4,18,10.0,4.0,2026-02-24 04:00:00+03:00,1,2,0,21.0,13.0,11.0,13.142857142857142,4.413183712037239,21.0,0.0,0.0,0.0,1.4848484848484849,10.0,1.2246467991473532e-16,-1.0,26.0,0.38461538461538464,medium,6.109124254928932,5.453053535091321,11.975206611570249,6.953431693708665,0.27885867315263196,1.6184713375796178,1.6184713375796178,9.024793388429751,20.0,0,13.460488820619446,0.0,13.460488820619446,3.460488820619446,3.460488820619446,8.0
2026-02-22,dinner,6,139,4.0,3.0,2026-02-23 06:00:00+03:00,0,2,0,0.0,1.0,1.0,1.1428571428571428,1.0690449676496971,3.0,0.0,0.0,0.0,0.0,-1.0,-1.0,-1.8369701987210297e-16,8.0,0.5,low,0.28473177441540576,0.657489566091835,0.37637362637362637,0.6750916949999366,0.20111064530707387,0.0,2.179640718562874,-0.37637362637362637,1.0,1,0.544422538708728,0.0,0.544422538708728,-3.4555774612912717,3.4555774612912717,1.0
2026-03-31,lunch,4,37,8.0,4.0,2026-04-01 04:00:00+03:00,2,4,0,11.0,7.0,7.0,7.571428571428571,2.9358214555806477,12.0,0.0,0.0,0.0,1.2833333333333334,4.0,1.2246467991473532e-16,-1.0,22.0,0.36363636363636365,medium,4.2158570119156735,4.037725090920908,10.324175824175825,3.792027032582001,0.4077077915187296,0.9713731198447355,1.0596797671033478,0.6758241758241752,15.0,0,11.453395352831206,0.0,11.453395352831206,3.4533953528312065,3.4533953528312065,8.0
2026-02-13,lunch,4,348,11.0,4.0,2026-02-14 04:00:00+03:00,5,2,1,3.0,8.0,6.0,5.428571428571429,1.8126539343499346,8.0,0.0,0.0,0.0,0.4666666666666667,-3.0,1.2246467991473532e-16,-1.0,31.0,0.3548387096774194,medium,4.911890504704876,4.393909693992293,9.008547008547009,5.353584858870583,0.3608259100988591,0.2997438087105038,0.7993168232280102,-6.0085470085470085,17.0,0,7.547611631332323,0.0,7.547611631332323,-3.452388368667677,3.452388368667677,8.0
2026-02-03,afternoon,5,139,4.0,3.0,2026-02-04 05:00:00+03:00,2,2,0,1.0,3.0,0.0,1.5714285714285714,1.8126539343499313,5.0,0.0,0.0,0.0,0.38888888888888895,1.0,-0.7071067811865475,-0.7071067811865477,6.0,0.6666666666666666,low,0.28473177441540576,0.657489566091835,0.38292011019283745,0.8306525835717741,0.192444515998235,0.7231075697211156,3.6155378486055776,0.6170798898071626,1.0,1,0.5493058746334544,0.0,0.5493058746334544,-3.4506941253665455,3.4506941253665455,1.0
2026-02-08,lunch,4,130,4.0,4.0,2026-02-09 04:00:00+03:00,0,2,0,2.0,2.0,1.0,1.5714285714285714,0.7867957924694434,3.0,0.0,0.0,0.0,0.7777777777777779,1.0,1.2246467991473532e-16,-1.0,8.0,0.5,low,0.2508250825082508,0.5792332445185113,0.349862258953168,0.694428285684288,0.16730289912108093,1.4816326530612245,2.2224489795918365,1.6501377410468319,1.0,1,0.5583555946621905,0.0,0.5583555946621905,-3.4416444053378097,3.4416444053378097,1.0
2026-02-25,lunch,4,115,25.0,4.0,2026-02-26 04:00:00+03:00,3,2,0,21.0,20.0,21.0,17.0,6.5574385243020075,26.0,0.0,0.0,0.0,1.1666666666666667,0.0,1.2246467991473532e-16,-1.0,62.0,0.4032258064516129,high,8.859724950884086,7.0585746120055335,21.186813186813186,5.342613320180643,0.3419472329595375,0.9465081723625558,1.1718672610203071,-0.18681318681318615,28.0,0,21.558622146177267,0.0,21.558622146177267,-3.4413778538227326,3.4413778538227326,22.0
2026-04-09,opening,1,479,10.0,2.0,2026-04-10 01:00:00+03:00,4,4,0,9.0,11.0,6.0,7.142857142857143,3.6253078686998634,11.0,0.0,0.0,0.0,1.105263157894737,3.0,0.7071067811865475,0.7071067811865476,23.0,0.43478260869565216,medium,4.030946702068614,7.26952048693661,4.4715430016863404,7.26952048693661,0.08346337542980571,1.644874215047964,2.010401818391956,4.5284569983136596,12.0,0,6.559885079241012,0.0,6.559885079241012,-3.4401149207589876,3.4401149207589876,8.0
2026-03-03,dinner,6,1,8.0,3.0,2026-03-04 06:00:00+03:00,2,3,0,4.0,4.0,8.0,4.142857142857143,1.7728105208558347,8.0,0.0,0.0,0.0,0.7777777777777777,-4.0,-1.0,-1.8369701987210297e-16,37.0,0.21621621621621623,medium,4.8180943214629455,4.2007427440961616,4.266483516483516,2.253342236909907,0.15640909422920832,0.7595200834637454,1.5190401669274909,-0.2664835164835164,7.0,1,4.564509213482814,0.0,4.564509213482814,-3.435490786517186,3.435490786517186,8.0
2026-02-01,lunch,4,138,8.0,4.0,2026-02-02 04:00:00+03:00,0,2,0,2.0,2.0,3.0,4.571428571428571,2.149196970742241,7.0,0.0,0.0,0.0,0.358974358974359,-1.0,1.2246467991473532e-16,-1.0,16.0,0.5,medium,1.1966987620357634,1.691942078178598,3.581267217630854,2.3247126698708938,0.48290781964214147,0.43656043295249547,1.5279615153337343,-1.5812672176308542,7.0,1,4.576968646496545,0.0,4.576968646496545,-3.423031353503455,3.423031353503455,8.0
2026-04-04,dinner,6,124,4.0,3.0,2026-04-05 06:00:00+03:00,6,4,1,0.0,1.0,0.0,0.2857142857142857,0.48795003647426666,1.0,0.0,0.0,0.0,0.0,0.0,-1.0,-1.8369701987210297e-16,6.0,0.6666666666666666,low,0.21550302363936227,0.5921761691970474,0.3791208791208791,0.7779348919362,0.17861721611721612,0.0,0.7250996015936255,-0.3791208791208791,1.0,1,0.5818509899036226,0.0,0.5818509899036226,-3.4181490100963776,3.4181490100963776,1.0
2026-04-12,lunch,4,18,8.0,4.0,2026-04-13 04:00:00+03:00,0,4,0,9.0,18.0,10.0,9.857142857142858,3.804758924845415,18.0,0.0,0.0,0.0,0.8289473684210525,-1.0,1.2246467991473532e-16,-1.0,33.0,0.24242424242424243,medium,6.109124254928932,5.453053535091321,11.975206611570249,6.953431693708665,0.27885867315263196,0.6936305732484076,1.3872611464968152,-2.9752066115702487,20.0,0,11.416627362427002,0.0,11.416627362427002,3.4166273624270023,3.4166273624270023,8.0
2026-01-31,morning,3,18,10.0,2.0,2026-02-01 03:00:00+03:00,6,2,1,18.0,6.0,15.0,9.714285714285714,4.785891965429426,18.0,0.0,0.0,0.0,1.6800000000000002,3.0,0.7071067811865476,-0.7071067811865475,53.0,0.18867924528301888,medium,6.109124254928932,5.453053535091321,6.545454545454546,4.194181710535974,0.15181598308203162,2.3855421686746987,2.3855421686746987,11.454545454545453,12.0,0,13.405805862872743,0.0,13.405805862872743,3.405805862872743,3.405805862872743,8.0
2026-03-02,lunch,4,37,15.0,4.0,2026-03-03 04:00:00+03:00,1,3,0,12.0,7.0,7.0,7.857142857142857,3.2877840272018872,13.0,0.0,0.0,0.0,1.3548387096774193,5.0,1.2246467991473532e-16,-1.0,29.0,0.5172413793103449,medium,4.2158570119156735,4.037725090920908,10.324175824175825,3.792027032582001,0.4077077915187296,1.0596797671033478,1.1479864143619603,1.6758241758241752,15.0,1,11.608140160119358,0.0,11.608140160119358,-3.3918598398806417,3.3918598398806417,8.0
2026-02-11,afternoon,5,139,4.0,3.0,2026-02-12 05:00:00+03:00,3,2,0,0.0,0.0,2.0,0.7142857142857143,0.7559289460184542,2.0,0.0,0.0,0.0,0.0,-2.0,-0.7071067811865475,-0.7071067811865477,5.0,0.8,low,0.28473177441540576,0.657489566091835,0.38292011019283745,0.8306525835717741,0.192444515998235,0.0,1.4462151394422311,-0.38292011019283745,1.0,1,0.6159251611575136,0.0,0.6159251611575136,-3.384074838842486,3.384074838842486,1.0
2026-01-30,morning,3,1,9.0,2.0,2026-01-31 03:00:00+03:00,5,1,1,5.0,4.0,6.0,4.428571428571429,1.5118578920369097,6.0,0.0,0.0,0.0,0.9210526315789473,-1.0,0.7071067811865476,-0.7071067811865475,29.0,0.3103448275862069,medium,4.8180943214629455,4.2007427440961616,4.787878787878788,2.33438545077304,0.17658628900278237,0.8638743455497382,1.0366492146596857,0.21212121212121193,8.0,1,5.616126808978202,0.0,5.616126808978202,-3.383873191021798,3.383873191021798,8.0
2026-04-03,lunch,4,1,8.0,4.0,2026-04-04 04:00:00+03:00,5,4,1,15.0,9.0,12.0,10.857142857142858,3.0237157840738216,15.0,0.0,0.0,0.0,1.2650602409638554,3.0,1.2246467991473532e-16,-1.0,26.0,0.3076923076923077,medium,4.8180943214629455,4.2007427440961616,11.460055096418733,4.104360569877324,0.41188275422050785,1.2038470042007516,1.2038470042007516,3.539944903581267,17.0,0,11.38263256802675,0.0,11.38263256802675,3.38263256802675,3.38263256802675,8.0
2026-02-04,lunch,4,69,49.0,4.0,2026-02-05 04:00:00+03:00,3,2,0,45.0,54.0,31.0,45.714285714285715,11.3389341902768,65.0,0.0,0.0,0.0,0.963302752293578,14.0,1.2246467991473532e-16,-1.0,137.0,0.35766423357664234,mega,25.709899175068745,15.187584008448223,49.92032967032967,11.401837554339034,0.32250586815508425,0.8837334772052873,1.2765039115187482,-4.9203296703296715,65.0,0,45.919815600685745,-0.30000000000000004,45.61981560068575,-3.3801843993142526,3.3801843993142526,35.0
2026-02-08,lunch,4,142,16.0,4.0,2026-02-09 04:00:00+03:00,0,2,0,5.0,9.0,14.0,12.285714285714286,4.231401884099646,17.0,0.0,0.0,0.0,0.3763440860215054,-9.0,1.2246467991473532e-16,-1.0,37.0,0.43243243243243246,medium,4.23006416131989,3.624165403205612,9.288461538461538,4.106271337026147,0.360800260700566,0.48598130841121495,1.652336448598131,-4.288461538461538,14.0,1,12.624166362577688,0.0,12.624166362577688,-3.3758336374223123,3.3758336374223123,8.0
2026-03-29,lunch,4,142,8.0,4.0,2026-03-30 04:00:00+03:00,0,3,0,6.0,5.0,12.0,8.714285714285714,3.1997023671109246,12.0,0.0,0.0,0.0,0.6176470588235294,-6.0,1.2246467991473532e-16,-1.0,25.0,0.32,medium,4.23006416131989,3.624165403205612,9.288461538461538,4.106271337026147,0.360800260700566,0.5831775700934579,1.1663551401869159,-3.2884615384615383,14.0,0,11.369523590471177,0.0,11.369523590471177,3.369523590471177,3.369523590471177,8.0
2026-03-03,lunch,4,99,38.0,4.0,2026-03-04 04:00:00+03:00,2,3,0,29.0,39.0,36.0,38.0,4.472135954999466,42.0,0.0,0.0,0.0,0.7435897435897436,-7.0,1.2246467991473532e-16,-1.0,105.0,0.3619047619047619,mega,17.65933202357564,12.423628976413019,40.497252747252745,7.979484240247015,0.3282854062396855,0.6988414432307184,1.0121151936444885,-11.497252747252745,50.0,0,41.522371912501036,-0.15879728094220424,41.36357463155883,3.3635746315588335,3.3635746315588335,35.0
2026-03-14,dinner,6,54,8.0,3.0,2026-03-15 06:00:00+03:00,6,3,1,6.0,5.0,13.0,6.428571428571429,3.207134902949081,13.0,0.0,0.0,0.0,0.8076923076923077,-7.0,-1.0,-1.8369701987210297e-16,21.0,0.38095238095238093,medium,2.1353135313531353,2.313692209602312,3.2115384615384617,2.4250253689062604,0.3076139596782138,1.4246575342465753,3.08675799086758,2.7884615384615383,6.0,1,4.638589821849297,0.0,4.638589821849297,-3.3614101781507033,3.3614101781507033,8.0
2026-03-15,dinner,6,20,8.0,3.0,2026-03-16 06:00:00+03:00,0,3,0,1.0,6.0,4.0,3.2857142857142856,2.2886885410853326,6.0,0.0,0.0,0.0,0.23333333333333334,-3.0,-1.0,-1.8369701987210297e-16,19.0,0.42105263157894735,medium,5.7518037518037515,4.597145761347301,6.623626373626373,2.9817797545504368,0.20426100566691752,0.1311711711711712,0.7870270270270271,-5.623626373626373,10.699999999999989,0,4.653741246247866,0.0,4.653741246247866,-3.346258753752134,3.346258753752134,8.0
2026-03-06,morning,3,1,9.0,2.0,2026-03-07 03:00:00+03:00,5,3,1,5.0,6.0,5.0,3.7142857142857144,1.7994708216848756,6.0,0.0,0.0,0.0,1.0606060606060606,0.0,0.7071067811865476,-0.7071067811865475,27.0,0.3333333333333333,medium,4.8180943214629455,4.2007427440961616,4.787878787878788,2.33438545077304,0.17658628900278237,0.8638743455497382,1.0366492146596857,0.21212121212121193,8.0,1,5.65631795007098,0.0,5.65631795007098,-3.3436820499290203,3.3436820499290203,8.0
2026-02-27,lunch,4,20,10.0,4.0,2026-02-28 04:00:00+03:00,5,2,1,11.0,10.0,10.0,8.857142857142858,3.891382420536061,15.0,0.0,0.0,0.0,1.115942028985507,1.0,1.2246467991473532e-16,-1.0,27.0,0.37037037037037035,medium,5.7518037518037515,4.597145761347301,11.222527472527473,4.769905450006113,0.33908490601013946,0.8999775230388851,1.227242076871207,-0.22252747252747263,17.0,0,13.343208421522231,0.0,13.343208421522231,3.343208421522231,3.343208421522231,8.0
2026-03-04,lunch,4,123,28.0,4.0,2026-03-05 04:00:00+03:00,3,3,0,27.0,36.0,29.0,29.0,4.760952285695241,36.0,0.0,0.0,0.0,0.9,-2.0,1.2246467991473532e-16,-1.0,59.0,0.4745762711864407,high,9.529330889092575,10.038386270221814,26.01923076923077,8.949331720839782,0.4426367956090107,0.999288256227758,1.3323843416370107,0.98076923076923,36.0,0,31.342037104813144,0.0,31.342037104813144,3.3420371048131443,3.3420371048131443,22.0
2026-03-07,afternoon,5,139,4.0,3.0,2026-03-08 05:00:00+03:00,6,3,1,0.0,1.0,0.0,0.2857142857142857,0.4879500364742645,1.0,0.0,0.0,0.0,0.0,0.0,-0.7071067811865475,-0.7071067811865477,9.0,0.4444444444444444,low,0.28473177441540576,0.657489566091835,0.38292011019283745,0.8306525835717741,0.192444515998235,0.0,0.7231075697211156,-0.38292011019283745,1.0,1,0.6607947573286065,0.0,0.6607947573286065,-3.3392052426713934,3.3392052426713934,1.0
2026-02-05,lunch,4,18,15.0,4.0,2026-02-06 04:00:00+03:00,4,2,0,9.0,12.0,10.0,13.714285714285714,7.49920630720982,26.0,0.0,0.0,0.0,0.6116504854368933,-1.0,1.2246467991473532e-16,-1.0,33.0,0.45454545454545453,medium,6.109124254928932,5.453053535091321,11.975206611570249,6.953431693708665,0.27885867315263196,0.6936305732484076,2.003821656050955,-2.9752066115702487,20.0,0,11.678522049002241,0.0,11.678522049002241,-3.3214779509977586,3.3214779509977586,8.0
2026-02-05,dinner,6,69,39.0,3.0,2026-02-06 06:00:00+03:00,4,2,0,32.0,22.0,28.0,30.285714285714285,7.064330251677215,40.0,0.0,0.0,0.0,1.0228310502283104,4.0,-1.0,-1.8369701987210297e-16,137.0,0.2846715328467153,mega,25.709899175068745,15.187584008448223,30.986263736263737,7.0934205573178035,0.20237672346557325,1.0004294425835265,1.2505368032294082,1.0137362637362628,40.0,0,35.683214655382855,0.0,35.683214655382855,-3.316785344617145,3.316785344617145,35.0
2026-02-07,lunch,4,47,9.0,4.0,2026-02-08 04:00:00+03:00,6,2,1,4.0,6.0,7.0,7.714285714285714,3.3022358947782546,14.0,0.0,0.0,0.0,0.4590163934426229,-3.0,1.2246467991473532e-16,-1.0,12.0,0.75,medium,2.1574023115024765,2.162834723516841,4.81267217630854,2.4000815524754775,0.44135599903644834,0.6881516587677725,2.4085308056872035,-0.8126721763085403,8.0,1,5.683867607574156,0.0,5.683867607574156,-3.3161323924258443,3.3161323924258443,8.0
2026-02-08,lunch,4,18,9.0,4.0,2026-02-09 04:00:00+03:00,0,2,0,17.0,17.0,12.0,12.428571428571429,4.391550328268436,17.0,0.0,0.0,0.0,1.2659574468085106,5.0,1.2246467991473532e-16,-1.0,26.0,0.34615384615384615,medium,6.109124254928932,5.453053535091321,11.975206611570249,6.953431693708665,0.27885867315263196,1.3101910828025476,1.3101910828025476,5.024793388429751,20.0,0,12.306313698968065,0.0,12.306313698968065,3.306313698968065,3.306313698968065,8.0
2026-04-07,lunch,4,29,39.0,4.0,2026-04-08 04:00:00+03:00,2,4,0,40.0,30.0,23.0,28.714285714285715,6.019808571549017,40.0,0.0,0.0,0.0,1.346153846153846,17.0,1.2246467991473532e-16,-1.0,94.0,0.4148936170212766,mega,16.77201257861635,11.447047939359384,39.06611570247934,7.990742783350609,0.33541085213730065,0.9983498349834984,0.9983498349834984,0.9338842975206632,49.0,0,35.918034169787,-0.21796080532170692,35.70007336446529,-3.2999266355347103,3.2999266355347103,35.0
2026-02-08,lunch,4,37,11.0,4.0,2026-02-09 04:00:00+03:00,0,2,0,12.0,12.0,15.0,15.0,2.3094010767584154,18.0,0.0,0.0,0.0,0.75,-3.0,1.2246467991473532e-16,-1.0,22.0,0.5,medium,4.2158570119156735,4.037725090920908,10.324175824175825,3.792027032582001,0.4077077915187296,1.0596797671033478,1.5895196506550218,1.6758241758241752,15.0,0,14.299292638448733,0.0,14.299292638448733,3.2992926384487333,3.2992926384487333,8.0
2026-01-28,dinner,6,130,4.0,3.0,2026-01-29 06:00:00+03:00,3,1,0,1.0,1.0,1.0,1.2857142857142858,0.9511897312113418,3.0,0.0,0.0,0.0,0.4375,0.0,-1.0,-1.8369701987210297e-16,4.0,1.0,low,0.2508250825082508,0.5792332445185113,0.4175824175824176,0.6973532657202288,0.2142987964416536,0.7054263565891472,2.1162790697674416,0.5824175824175823,1.0,1,0.7069669002640747,0.0,0.7069669002640747,-3.293033099735925,3.293033099735925,1.0
2026-02-17,lunch,4,29,42.0,4.0,2026-02-18 04:00:00+03:00,2,2,0,37.0,31.0,28.0,36.857142857142854,6.96248450455661,46.0,0.0,0.0,0.0,0.9773584905660379,9.0,1.2246467991473532e-16,-1.0,114.0,0.3684210526315789,mega,16.77201257861635,11.447047939359384,39.06611570247934,7.990742783350609,0.33541085213730065,0.923473597359736,1.148102310231023,-2.066115702479337,49.0,0,39.27387475163694,-0.565105180308168,38.70876957132877,-3.291230428671227,3.291230428671227,35.0
2026-02-04,lunch,4,8,35.0,4.0,2026-02-05 04:00:00+03:00,3,2,0,39.0,42.0,34.0,36.142857142857146,5.273473599964665,43.0,0.0,0.0,0.0,1.0499999999999998,5.0,1.2246467991473532e-16,-1.0,111.0,0.3153153153153153,mega,14.99803536345776,11.147682695162223,34.80494505494506,8.197821234921355,0.33131290749065806,1.0892350187984345,1.2009514309828895,4.195054945054942,44.0,0,38.80837020419844,-0.5219076392640367,38.2864625649344,3.2864625649344035,3.2864625649344035,35.0
2026-02-04,lunch,4,18,9.0,4.0,2026-02-05 04:00:00+03:00,3,2,0,12.0,5.0,10.0,13.857142857142858,7.403345447128895,26.0,0.0,0.0,0.0,0.8076923076923077,2.0,1.2246467991473532e-16,-1.0,32.0,0.28125,medium,6.109124254928932,5.453053535091321,11.975206611570249,6.953431693708665,0.27885867315263196,0.9248407643312101,2.003821656050955,0.024793388429751317,20.0,0,12.28227986557854,0.0,12.28227986557854,3.2822798655785395,3.2822798655785395,8.0
2026-02-07,afternoon,5,131,4.0,3.0,2026-02-08 05:00:00+03:00,6,2,1,0.0,0.0,1.0,0.42857142857142855,0.7867957924694432,2.0,0.0,0.0,0.0,0.0,-1.0,-0.7071067811865475,-0.7071067811865477,4.0,1.0,low,0.15359926639156352,0.44800487677495243,0.29395604395604397,0.6288445464717665,0.15797357404500262,0.0,1.5456475583864118,-0.29395604395604397,1.0,1,0.7223830397353336,0.0,0.7223830397353336,-3.2776169602646665,3.2776169602646665,1.0
2026-04-01,opening,1,479,10.0,2.0,2026-04-02 01:00:00+03:00,3,4,0,10.0,5.0,11.0,8.0,3.651483716701109,13.0,0.0,0.0,0.0,1.1111111111111112,-1.0,0.7071067811865475,0.7071067811865476,18.0,0.5555555555555556,medium,4.030946702068614,7.26952048693661,4.4715430016863404,7.26952048693661,0.08346337542980571,1.82763801671996,2.375929421735948,5.5284569983136596,12.0,0,6.728480127787946,0.0,6.728480127787946,-3.271519872212054,3.271519872212054,8.0
2026-01-27,deep_night,0,5,8.0,6.0,2026-01-28 00:00:00+03:00,2,1,0,0.0,8.0,10.0,6.428571428571429,3.6449573777637285,10.0,0.0,0.0,0.0,0.0,-10.0,0.0,1.0,23.0,0.34782608695652173,medium,2.9972480220158237,3.8581158362573085,6.641873278236915,3.8434286050947764,0.26561273337851327,0.0,1.3085796683489546,-6.641873278236915,11.0,0,4.73384790249216,0.0,4.73384790249216,-3.26615209750784,3.26615209750784,8.0
2026-01-25,lunch,4,1,15.0,4.0,2026-01-26 04:00:00+03:00,0,1,0,13.0,14.0,14.0,13.714285714285714,2.058663459163564,17.0,0.0,0.0,0.0,0.883495145631068,-1.0,1.2246467991473532e-16,-1.0,37.0,0.40540540540540543,medium,4.8180943214629455,4.2007427440961616,11.460055096418733,4.104360569877324,0.41188275422050785,1.0433340703073182,1.3643599380941853,1.539944903581267,17.0,0,11.735115753505086,0.0,11.735115753505086,-3.2648842464949137,3.2648842464949137,8.0
2026-03-18,lunch,4,37,8.0,4.0,2026-03-19 04:00:00+03:00,3,3,0,12.0,4.0,10.0,7.285714285714286,2.927700218845612,12.0,0.0,0.0,0.0,1.4482758620689657,2.0,1.2246467991473532e-16,-1.0,24.0,0.3333333333333333,medium,4.2158570119156735,4.037725090920908,10.324175824175825,3.792027032582001,0.4077077915187296,1.0596797671033478,1.0596797671033478,1.6758241758241752,15.0,0,11.264605714153014,0.0,11.264605714153014,3.2646057141530136,3.2646057141530136,8.0
2026-03-08,afternoon,5,20,8.0,3.0,2026-03-09 05:00:00+03:00,0,3,0,3.0,5.0,2.0,2.4285714285714284,1.5118578920369479,5.0,0.0,0.0,0.0,0.875,1.0,-0.7071067811865475,-0.7071067811865477,27.0,0.2962962962962963,medium,5.7518037518037515,4.597145761347301,6.681318681318682,3.188751306610103,0.20587185494639654,0.3905579399141631,0.6509298998569385,-3.6813186813186816,11.0,0,4.74373793311498,0.0,4.74373793311498,-3.2562620668850197,3.2562620668850197,8.0
2026-01-29,lunch,4,146,4.0,4.0,2026-01-30 04:00:00+03:00,4,1,0,0.0,0.0,4.0,1.0,1.7320508075688772,4.0,0.0,0.0,0.0,0.0,-4.0,1.2246467991473532e-16,-1.0,4.0,1.0,low,0.3294279807029635,0.8281818162964744,0.8126721763085399,1.1409767406137137,0.39406222794652546,0.0,2.2066869300911858,-0.8126721763085399,2.0,1,0.7464208806551843,0.0,0.7464208806551843,-3.2535791193448156,3.2535791193448156,1.0
2026-01-30,afternoon,5,130,4.0,3.0,2026-01-31 05:00:00+03:00,5,1,1,1.0,0.0,2.0,0.42857142857142855,0.7867957924694434,2.0,0.0,0.0,0.0,0.7,-1.0,-0.7071067811865475,-0.7071067811865477,5.0,0.8,low,0.2508250825082508,0.5792332445185113,0.3269230769230769,0.6682408834874293,0.1565410779696494,0.7536231884057971,1.5072463768115942,0.6730769230769231,1.0,1,0.7549981809679466,0.0,0.7549981809679466,-3.2450018190320535,3.2450018190320535,1.0
2026-02-27,morning,3,142,9.0,2.0,2026-02-28 03:00:00+03:00,5,2,1,7.0,8.0,7.0,5.285714285714286,2.497617912751119,8.0,0.0,0.0,0.0,1.1136363636363638,0.0,0.7071067811865476,-0.7071067811865475,17.0,0.5294117647058824,medium,4.23006416131989,3.624165403205612,5.016528925619835,2.4119298492945234,0.19621894343951773,1.1634615384615383,1.3296703296703296,1.983471074380165,8.0,1,5.756018718977914,0.0,5.756018718977914,-3.2439812810220863,3.2439812810220863,8.0
2026-03-11,morning,3,142,9.0,2.0,2026-03-12 03:00:00+03:00,3,3,0,2.0,4.0,4.0,5.428571428571429,3.359421718944245,12.0,0.0,0.0,0.0,0.3111111111111111,-2.0,0.7071067811865476,-0.7071067811865475,38.0,0.23684210526315788,medium,4.23006416131989,3.624165403205612,5.016528925619835,2.4119298492945234,0.19621894343951773,0.3324175824175824,1.9945054945054943,-3.016528925619835,8.0,1,5.75616425988529,0.0,5.75616425988529,-3.2438357401147098,3.2438357401147098,8.0
2026-04-07,lunch,4,18,8.0,4.0,2026-04-08 04:00:00+03:00,2,4,0,6.0,10.0,10.0,11.571428571428571,5.68205194324327,23.0,0.0,0.0,0.0,0.4772727272727273,-4.0,1.2246467991473532e-16,-1.0,35.0,0.22857142857142856,medium,6.109124254928932,5.453053535091321,11.975206611570249,6.953431693708665,0.27885867315263196,0.46242038216560505,1.7726114649681528,-5.975206611570249,20.0,0,11.243164694056013,0.0,11.243164694056013,3.243164694056013,3.243164694056013,8.0
2026-02-17,lunch,4,6,27.0,4.0,2026-02-18 04:00:00+03:00,2,2,0,30.0,27.0,23.0,27.285714285714285,2.3603873774084385,30.0,0.0,0.0,0.0,1.0606060606060606,7.0,1.2246467991473532e-16,-1.0,88.0,0.3068181818181818,high,10.223521320495186,7.858411454975636,25.560439560439562,7.174655102463964,0.31008066999141487,1.1294993793959454,1.1294993793959454,4.439560439560438,34.0,0,30.239997477008544,0.0,30.239997477008544,3.2399974770085436,3.2399974770085436,22.0
2026-03-27,morning,3,1,9.0,2.0,2026-03-28 03:00:00+03:00,5,3,1,5.0,5.0,4.0,4.0,1.0000000000000007,5.0,0.0,0.0,0.0,1.0,1.0,0.7071067811865476,-0.7071067811865475,28.0,0.32142857142857145,medium,4.8180943214629455,4.2007427440961616,4.787878787878788,2.33438545077304,0.17658628900278237,0.8638743455497382,0.8638743455497382,0.21212121212121193,8.0,1,5.764667731791883,0.0,5.764667731791883,-3.2353322682081167,3.2353322682081167,8.0
2026-03-05,lunch,4,139,4.0,3.0,2026-03-06 04:00:00+03:00,4,3,0,1.0,1.0,0.0,0.7142857142857143,0.7559289460184541,2.0,0.0,0.0,0.0,0.5833333333333333,1.0,1.2246467991473532e-16,-1.0,5.0,0.8,low,0.28473177441540576,0.657489566091835,0.29476584022038566,0.6636997738202962,0.1551353261064005,0.772340425531915,1.54468085106383,0.7052341597796143,1.0,1,0.7682185985604638,0.0,0.7682185985604638,-3.231781401439536,3.231781401439536,1.0
2026-03-16,dinner,6,142,8.0,3.0,2026-03-17 06:00:00+03:00,1,3,0,3.0,5.0,3.0,5.0,2.768874620972691,11.0,0.0,0.0,0.0,0.5,0.0,-1.0,-1.8369701987210297e-16,27.0,0.2962962962962963,medium,4.23006416131989,3.624165403205612,4.071428571428571,2.0410004414615983,0.1673292966383502,0.5915492957746479,2.1690140845070425,-1.0714285714285712,7.0,1,4.7683816827423335,0.0,4.7683816827423335,-3.2316183172576665,3.2316183172576665,8.0
2026-03-10,lunch,4,18,10.0,4.0,2026-03-11 04:00:00+03:00,2,3,0,9.0,18.0,17.0,15.142857142857142,4.059087394500237,19.0,0.0,0.0,0.0,0.5575221238938053,-8.0,1.2246467991473532e-16,-1.0,32.0,0.3125,medium,6.109124254928932,5.453053535091321,11.975206611570249,6.953431693708665,0.27885867315263196,0.6936305732484076,1.4643312101910828,-2.9752066115702487,20.0,0,13.226480678283068,0.0,13.226480678283068,3.2264806782830675,3.2264806782830675,8.0
2026-02-09,lunch,4,37,10.0,4.0,2026-02-10 04:00:00+03:00,1,2,0,11.0,12.0,17.0,14.428571428571429,2.7602622373693504,18.0,0.0,0.0,0.0,0.7129629629629629,-6.0,1.2246467991473532e-16,-1.0,26.0,0.38461538461538464,medium,4.2158570119156735,4.037725090920908,10.324175824175825,3.792027032582001,0.4077077915187296,0.9713731198447355,1.5895196506550218,0.6758241758241752,15.0,0,13.222052025404123,0.0,13.222052025404123,3.222052025404123,3.222052025404123,8.0
2026-01-29,opening,1,5,13.0,2.0,2026-01-30 01:00:00+03:00,4,1,0,14.0,10.0,9.0,9.142857142857142,4.670066788550664,14.0,0.0,0.0,0.0,1.3802816901408452,5.0,0.7071067811865475,0.7071067811865476,24.0,0.5416666666666666,medium,2.9972480220158237,3.8581158362573085,8.991735537190083,4.639779716685801,0.35198888511523774,1.401157981803143,1.401157981803143,5.008264462809917,15.0,0,9.783337244419654,0.0,9.783337244419654,-3.216662755580346,3.216662755580346,8.0
2026-02-01,lunch,4,142,14.0,4.0,2026-02-02 04:00:00+03:00,0,2,0,5.0,5.0,8.0,9.142857142857142,3.8047589248453746,16.0,0.0,0.0,0.0,0.49295774647887325,-3.0,1.2246467991473532e-16,-1.0,37.0,0.3783783783783784,medium,4.23006416131989,3.624165403205612,9.288461538461538,4.106271337026147,0.360800260700566,0.48598130841121495,1.5551401869158878,-4.288461538461538,14.0,1,10.794522356631274,0.0,10.794522356631274,-3.2054776433687255,3.2054776433687255,8.0
2026-03-01,morning,3,37,9.0,2.0,2026-03-02 03:00:00+03:00,0,3,0,5.0,5.0,4.0,3.7142857142857144,1.7994708216848725,5.0,0.0,0.0,0.0,1.0606060606060606,1.0,0.7071067811865476,-0.7071067811865475,29.0,0.3103448275862069,medium,4.2158570119156735,4.037725090920908,6.429752066115703,2.735564158327461,0.255486000056349,0.6729699666295884,0.6729699666295884,-1.4297520661157028,10.0,0,5.79491685187171,0.0,5.79491685187171,-3.20508314812829,3.20508314812829,8.0
2026-01-24,morning,3,20,8.0,2.0,2026-01-25 03:00:00+03:00,6,1,1,9.0,1.0,4.0,3.5714285714285716,2.5727509827124035,9.0,0.0,0.0,0.0,1.96875,5.0,0.7071067811865476,-0.7071067811865475,32.0,0.25,medium,5.7518037518037515,4.597145761347301,5.928374655647383,3.4256659396332876,0.17468658518591648,1.2990059642147116,1.2990059642147116,3.0716253443526167,11.0,0,4.7949437626710445,0.0,4.7949437626710445,-3.2050562373289555,3.2050562373289555,8.0
2026-01-24,afternoon,5,139,4.0,3.0,2026-01-25 05:00:00+03:00,6,1,1,4.0,1.0,1.0,1.1428571428571428,1.4638501094227996,4.0,0.0,0.0,0.0,1.8666666666666667,3.0,-0.7071067811865475,-0.7071067811865477,6.0,0.6666666666666666,low,0.28473177441540576,0.657489566091835,0.38292011019283745,0.8306525835717741,0.192444515998235,2.8924302788844622,2.8924302788844622,3.6170798898071626,1.0,1,0.8149655000666814,0.0,0.8149655000666814,-3.1850344999333187,3.1850344999333187,1.0
2026-04-01,lunch,4,1,9.0,4.0,2026-04-02 04:00:00+03:00,3,4,0,13.0,9.0,10.0,10.0,2.51661147842358,13.0,0.0,0.0,0.0,1.1818181818181819,3.0,1.2246467991473532e-16,-1.0,24.0,0.375,medium,4.8180943214629455,4.2007427440961616,11.460055096418733,4.104360569877324,0.41188275422050785,1.0433340703073182,1.0433340703073182,1.539944903581267,17.0,0,12.181372148172485,0.0,12.181372148172485,3.1813721481724855,3.1813721481724855,8.0
2026-02-28,afternoon,5,54,11.0,3.0,2026-03-01 05:00:00+03:00,6,3,1,14.0,5.0,22.0,10.285714285714286,5.964178784328021,22.0,0.0,0.0,0.0,1.240506329113924,-8.0,-0.7071067811865475,-0.7071067811865477,24.0,0.4583333333333333,medium,2.1353135313531353,2.313692209602312,3.2527472527472527,2.4487851897705966,0.29712413849118896,3.2919896640826876,5.17312661498708,10.747252747252748,6.0,1,7.83507230142242,0.0,7.83507230142242,-3.1649276985775803,3.1649276985775803,8.0
2026-02-20,afternoon,5,122,4.0,3.0,2026-02-21 05:00:00+03:00,5,2,1,0.0,0.0,1.0,0.2857142857142857,0.48795003647426693,1.0,0.0,0.0,0.0,0.0,-1.0,-0.7071067811865475,-0.7071067811865477,7.0,0.5714285714285714,low,0.2953795379537954,0.5918085059504988,0.38186813186813184,0.6678783678510125,0.18343799058084773,0.0,0.7236580516898609,-0.38186813186813184,1.0,1,0.8379079923748426,0.0,0.8379079923748426,-3.1620920076251573,3.1620920076251573,1.0
2026-02-15,dinner,6,18,12.0,3.0,2026-02-16 06:00:00+03:00,0,2,0,9.0,11.0,4.0,7.714285714285714,2.2886885410853193,11.0,0.0,0.0,0.0,1.0327868852459015,5.0,-1.0,-1.8369701987210297e-16,45.0,0.26666666666666666,medium,6.109124254928932,5.453053535091321,7.587912087912088,4.223829426308926,0.1847327720874314,1.0479846449136276,1.2808701215611005,1.4120879120879124,13.0,0,8.84182844334252,0.0,8.84182844334252,-3.1581715566574804,3.1581715566574804,8.0
2026-03-31,lunch,4,69,42.0,4.0,2026-04-01 04:00:00+03:00,2,4,0,32.0,30.0,36.0,39.857142857142854,10.040394604273427,52.0,0.0,0.0,0.0,0.7832167832167832,-4.0,1.2246467991473532e-16,-1.0,115.0,0.3652173913043478,mega,25.709899175068745,15.187584008448223,49.92032967032967,11.401837554339034,0.32250586815508425,0.6284326949015376,1.0212031292149986,-17.92032967032967,65.0,0,45.15108652727115,0.005967129818945139,45.157053657090096,3.1570536570900956,3.1570536570900956,35.0
2026-02-03,dinner,6,142,8.0,3.0,2026-02-04 06:00:00+03:00,2,2,0,6.0,5.0,4.0,4.142857142857143,1.676163419695051,6.0,0.0,0.0,0.0,1.1666666666666665,2.0,-1.0,-1.8369701987210297e-16,24.0,0.3333333333333333,medium,4.23006416131989,3.624165403205612,4.071428571428571,2.0410004414615983,0.1673292966383502,1.1830985915492958,1.1830985915492958,1.9285714285714288,7.0,1,4.849213408371122,0.0,4.849213408371122,-3.1507865916288784,3.1507865916288784,8.0
2026-03-25,lunch,4,127,8.0,4.0,2026-03-26 04:00:00+03:00,3,3,0,4.0,2.0,5.0,3.2857142857142856,1.603567451474535,5.0,0.0,0.0,0.0,0.9333333333333333,-1.0,1.2246467991473532e-16,-1.0,15.0,0.5333333333333333,medium,2.0341846758349704,2.214697362554381,5.173076923076923,2.386888054266103,0.35943689780549043,0.6479750778816199,0.8099688473520249,-1.1730769230769234,8.0,1,4.8509700902934325,0.0,4.8509700902934325,-3.1490299097065675,3.1490299097065675,8.0
2026-03-01,opening,1,479,8.0,2.0,2026-03-02 01:00:00+03:00,0,3,0,4.0,6.0,4.0,6.142857142857143,2.794552524023088,11.0,0.0,0.0,0.0,0.5599999999999999,0.0,0.7071067811865475,0.7071067811865476,21.0,0.38095238095238093,medium,4.030946702068614,7.26952048693661,4.4715430016863404,7.26952048693661,0.08346337542980571,0.731055206687984,2.010401818391956,-0.47154300168634045,12.0,0,4.856907244787061,0.0,4.856907244787061,-3.1430927552129386,3.1430927552129386,8.0
2026-02-25,lunch,4,142,9.0,4.0,2026-02-26 04:00:00+03:00,3,2,0,13.0,14.0,17.0,12.285714285714286,7.34198623703164,25.0,0.0,0.0,0.0,0.9784946236559139,-4.0,1.2246467991473532e-16,-1.0,25.0,0.36,medium,4.23006416131989,3.624165403205612,9.288461538461538,4.106271337026147,0.360800260700566,1.263551401869159,2.4299065420560746,3.7115384615384617,14.0,0,12.126054453002016,0.0,12.126054453002016,3.1260544530020162,3.1260544530020162,8.0
2026-01-29,afternoon,5,135,4.0,3.0,2026-01-30 05:00:00+03:00,4,1,0,1.0,5.0,0.0,1.4285714285714286,1.8126539343499317,5.0,0.0,0.0,0.0,0.4117647058823529,1.0,-0.7071067811865475,-0.7071067811865477,4.0,1.0,low,0.18659295093296477,0.8339361180545659,0.1712707182320442,0.5402913327942227,0.07778319430903116,0.8537735849056602,4.268867924528301,0.8287292817679558,1.0,1,0.8759314665749532,0.0,0.8759314665749532,-3.1240685334250466,3.1240685334250466,1.0
2026-04-12,lunch,4,123,33.0,4.0,2026-04-13 04:00:00+03:00,0,4,0,17.0,29.0,24.0,28.428571428571427,7.976154939508615,43.0,0.0,0.0,0.0,0.5776699029126214,-7.0,1.2246467991473532e-16,-1.0,55.0,0.6,high,9.529330889092575,10.038386270221814,26.01923076923077,8.949331720839782,0.4426367956090107,0.6291814946619216,1.5914590747330961,-9.01923076923077,36.0,0,29.877056737228468,0.0,29.877056737228468,-3.122943262771532,3.122943262771532,22.0
2026-01-31,lunch,4,1,8.0,4.0,2026-02-01 04:00:00+03:00,6,2,1,10.0,15.0,13.0,11.857142857142858,2.478478796128211,15.0,0.0,0.0,0.0,0.7777777777777778,-3.0,1.2246467991473532e-16,-1.0,21.0,0.38095238095238093,medium,4.8180943214629455,4.2007427440961616,11.460055096418733,4.104360569877324,0.41188275422050785,0.8025646694671678,1.2038470042007516,-1.460055096418733,17.0,0,11.117295580902663,0.0,11.117295580902663,3.1172955809026632,3.1172955809026632,8.0
2026-03-16,lunch,4,126,22.0,4.0,2026-03-17 04:00:00+03:00,1,3,0,20.0,15.0,27.0,18.857142857142858,5.1455019654247725,27.0,0.0,0.0,0.0,1.0071942446043165,-7.0,1.2246467991473532e-16,-1.0,54.0,0.4074074074074074,high,8.943396226415095,8.296270027256874,23.39669421487603,7.377896665537009,0.36997738876250647,0.8197831978319784,1.1067073170731707,-3.3966942148760317,33.0,0,25.090354321451922,0.0,25.090354321451922,3.0903543214519225,3.0903543214519225,22.0
2026-03-10,lunch,4,123,27.0,4.0,2026-03-11 04:00:00+03:00,2,3,0,30.0,32.0,27.0,25.0,6.244997998398424,32.0,0.0,0.0,0.0,1.1538461538461537,3.0,1.2246467991473532e-16,-1.0,57.0,0.47368421052631576,high,9.529330889092575,10.038386270221814,26.01923076923077,8.949331720839782,0.4426367956090107,1.1103202846975089,1.184341637010676,3.98076923076923,36.0,0,30.08580134005044,0.0,30.08580134005044,3.085801340050441,3.085801340050441,22.0
2026-03-30,lunch,4,1,9.0,4.0,2026-03-31 04:00:00+03:00,1,3,0,12.0,6.0,10.0,9.714285714285714,2.1380899352993885,12.0,0.0,0.0,0.0,1.12,2.0,1.2246467991473532e-16,-1.0,21.0,0.42857142857142855,medium,4.8180943214629455,4.2007427440961616,11.460055096418733,4.104360569877324,0.41188275422050785,0.9630776033606013,0.9630776033606013,0.5399449035812669,17.0,0,12.07486242419565,0.0,12.07486242419565,3.0748624241956506,3.0748624241956506,8.0
2026-02-08,dinner,6,142,8.0,3.0,2026-02-09 06:00:00+03:00,0,2,0,6.0,4.0,5.0,5.142857142857143,1.8644544714716085,8.0,0.0,0.0,0.0,0.9767441860465116,1.0,-1.0,-1.8369701987210297e-16,37.0,0.21621621621621623,medium,4.23006416131989,3.624165403205612,4.071428571428571,2.0410004414615983,0.1673292966383502,1.1830985915492958,1.5774647887323945,1.9285714285714288,7.0,1,4.9265513566138575,0.0,4.9265513566138575,-3.0734486433861425,3.0734486433861425,8.0
2026-02-01,lunch,4,115,26.0,4.0,2026-02-02 04:00:00+03:00,0,2,0,19.0,16.0,22.0,18.571428571428573,3.690399384761447,24.0,0.0,0.0,0.0,0.9708029197080291,-3.0,1.2246467991473532e-16,-1.0,50.0,0.52,high,8.859724950884086,7.0585746120055335,21.186813186813186,5.342613320180643,0.3419472329595375,0.8563645368994552,1.0817236255572065,-2.186813186813186,28.0,0,22.9266414985997,0.0,22.9266414985997,-3.0733585014002998,3.0733585014002998,22.0
2026-01-29,lunch,4,127,9.0,4.0,2026-01-30 04:00:00+03:00,4,1,0,5.0,5.0,10.0,5.857142857142857,2.4102953780654808,10.0,0.0,0.0,0.0,0.7291666666666667,-5.0,1.2246467991473532e-16,-1.0,14.0,0.6428571428571429,medium,2.0341846758349704,2.214697362554381,5.173076923076923,2.386888054266103,0.35943689780549043,0.8099688473520249,1.6199376947040498,-0.17307692307692335,8.0,1,5.933986911594226,0.0,5.933986911594226,-3.066013088405774,3.066013088405774,8.0
2026-03-26,lunch,4,6,25.0,4.0,2026-03-27 04:00:00+03:00,4,3,0,23.0,21.0,21.0,22.857142857142858,4.634241089562713,31.0,0.0,0.0,0.0,0.9640718562874251,2.0,1.2246467991473532e-16,-1.0,89.0,0.2808988764044944,high,10.223521320495186,7.858411454975636,25.560439560439562,7.174655102463964,0.31008066999141487,0.8659495242035581,1.1671493587091435,-2.560439560439562,34.0,0,28.058072037767808,0.0,28.058072037767808,3.0580720377678077,3.0580720377678077,22.0
2026-03-12,lunch,4,99,44.0,4.0,2026-03-13 04:00:00+03:00,4,3,0,31.0,23.0,28.0,36.0,12.027745701779086,54.0,0.0,0.0,0.0,0.8378378378378378,3.0,1.2246467991473532e-16,-1.0,122.0,0.36065573770491804,mega,17.65933202357564,12.423628976413019,40.497252747252745,7.979484240247015,0.3282854062396855,0.7470374048328369,1.3012909632571996,-9.497252747252745,50.0,0,41.076569547750886,-0.13299406726054327,40.943575480490345,-3.0564245195096547,3.0564245195096547,35.0
2026-01-29,dinner,6,20,8.0,3.0,2026-01-30 06:00:00+03:00,4,1,0,2.0,3.0,2.0,4.142857142857143,2.672612419124252,9.0,0.0,0.0,0.0,0.38888888888888884,0.0,-1.0,-1.8369701987210297e-16,32.0,0.25,medium,5.7518037518037515,4.597145761347301,6.623626373626373,2.9817797545504368,0.20426100566691752,0.2623423423423424,1.1805405405405407,-4.623626373626373,10.699999999999989,0,4.94778890408148,0.0,4.94778890408148,-3.05221109591852,3.05221109591852,8.0
2026-01-28,morning,3,142,8.0,2.0,2026-01-29 03:00:00+03:00,3,1,0,5.0,5.0,4.0,4.428571428571429,0.9759000729485519,6.0,0.0,0.0,0.0,0.9210526315789473,1.0,0.7071067811865476,-0.7071067811865475,34.0,0.23529411764705882,medium,4.23006416131989,3.624165403205612,5.016528925619835,2.4119298492945234,0.19621894343951773,0.831043956043956,0.9972527472527472,-0.0165289256198351,8.0,1,4.959477546981961,0.0,4.959477546981961,-3.0405224530180393,3.0405224530180393,8.0
2026-02-12,lunch,4,25,23.0,4.0,2026-02-13 04:00:00+03:00,4,2,0,25.0,16.0,22.0,17.0,5.944184833375677,25.0,0.0,0.0,0.0,1.3888888888888888,3.0,1.2246467991473532e-16,-1.0,53.0,0.4339622641509434,high,7.156736938588451,5.584595796433097,15.87087912087912,5.024165108521969,0.36929438528740477,1.481843347988927,1.481843347988927,9.12912087912088,21.69999999999999,1,19.96022171269402,0.0,19.96022171269402,-3.0397782873059818,3.0397782873059818,22.0
2026-01-24,lunch,4,14,22.0,4.0,2026-01-25 04:00:00+03:00,6,1,1,19.0,19.0,19.0,19.571428571428573,2.6992062325272923,25.0,0.0,0.0,0.0,0.923611111111111,0.0,1.2246467991473532e-16,-1.0,52.0,0.4230769230769231,high,8.976897689768977,6.080682518563457,18.424242424242426,4.409515911174649,0.4121223874637316,0.9781591263650545,1.2870514820592822,0.5757575757575744,24.0,0,18.96281537899856,0.0,18.96281537899856,-3.0371846210014404,3.0371846210014404,22.0
2026-02-12,lunch,4,123,29.0,4.0,2026-02-13 04:00:00+03:00,4,2,0,34.0,31.0,31.0,28.142857142857142,4.913538149119961,34.0,0.0,0.0,0.0,1.1666666666666667,3.0,1.2246467991473532e-16,-1.0,54.0,0.5370370370370371,high,9.529330889092575,10.038386270221814,26.01923076923077,8.949331720839782,0.4426367956090107,1.2583629893238433,1.2583629893238433,7.98076923076923,36.0,0,32.03663525206911,0.0,32.03663525206911,3.036635252069111,3.036635252069111,22.0
2026-02-08,lunch,4,434,23.0,4.0,2026-02-09 04:00:00+03:00,0,2,0,20.0,24.0,17.0,17.428571428571427,3.644957377763744,24.0,0.0,0.0,0.0,1.0852713178294575,3.0,1.2246467991473532e-16,-1.0,64.0,0.359375,high,7.621359223300971,6.761882045397149,16.980392156862745,6.830783838121162,0.3594009148733045,1.1123227917121046,1.3347873500545255,3.019607843137255,24.0,0,19.966133372983442,0.0,19.966133372983442,-3.0338666270165575,3.0338666270165575,22.0
2026-02-23,lunch,4,123,26.0,4.0,2026-02-24 04:00:00+03:00,1,2,0,21.0,26.0,36.0,28.857142857142858,7.151423434733623,40.0,0.0,0.0,0.0,0.7033492822966507,-15.0,1.2246467991473532e-16,-1.0,73.0,0.3561643835616438,high,9.529330889092575,10.038386270221814,26.01923076923077,8.949331720839782,0.4426367956090107,0.7772241992882563,1.480427046263345,-5.01923076923077,36.0,0,29.033481785096058,0.0,29.033481785096058,3.0334817850960576,3.0334817850960576,22.0
2026-03-01,lunch,4,29,35.0,4.0,2026-03-02 04:00:00+03:00,0,3,0,38.0,37.0,24.0,34.57142857142857,5.442338432976013,41.0,0.0,0.0,0.0,1.0682730923694779,14.0,1.2246467991473532e-16,-1.0,111.0,0.3153153153153153,mega,16.77201257861635,11.447047939359384,39.06611570247934,7.990742783350609,0.33541085213730065,0.9484323432343235,1.023308580858086,-1.0661157024793368,49.0,0,38.26456066236965,-0.2330768078143752,38.03148385455527,3.031483854555269,3.031483854555269,35.0
2026-03-24,lunch,4,2,24.0,4.0,2026-03-25 04:00:00+03:00,2,3,0,18.0,17.0,20.0,17.428571428571427,2.507132682111951,21.0,0.0,0.0,0.0,0.9767441860465117,-2.0,1.2246467991473532e-16,-1.0,81.0,0.2962962962962963,high,7.919532324621733,6.1652836583747,19.313186813186814,5.6393678951648205,0.3040886563507092,0.8861238842304571,1.0338111982688667,-1.3131868131868139,26.0,0,20.969217649769117,0.0,20.969217649769117,-3.030782350230883,3.030782350230883,22.0
2026-01-30,lunch,4,126,22.0,4.0,2026-01-31 04:00:00+03:00,5,1,1,22.0,22.0,16.0,20.142857142857142,4.810702354423621,29.0,0.0,0.0,0.0,1.0405405405405406,6.0,1.2246467991473532e-16,-1.0,51.0,0.43137254901960786,high,8.943396226415095,8.296270027256874,23.39669421487603,7.377896665537009,0.36997738876250647,0.9017615176151762,1.1886856368563685,-1.3966942148760317,33.0,0,18.969576361606563,0.0,18.969576361606563,-3.0304236383934366,3.0304236383934366,22.0
2026-02-17,lunch,4,126,25.0,4.0,2026-02-18 04:00:00+03:00,2,2,0,29.0,31.0,29.0,25.142857142857142,6.466028441750299,31.0,0.0,0.0,0.0,1.109289617486339,0.0,1.2246467991473532e-16,-1.0,56.0,0.44642857142857145,high,8.943396226415095,8.296270027256874,23.39669421487603,7.377896665537009,0.36997738876250647,1.1886856368563685,1.2706639566395665,5.603305785123968,33.0,0,28.024377288975103,0.0,28.024377288975103,3.024377288975103,3.024377288975103,22.0
2026-02-16,lunch,4,1,11.0,4.0,2026-02-17 04:00:00+03:00,1,2,0,16.0,9.0,14.0,12.857142857142858,2.340126166724887,16.0,0.0,0.0,0.0,1.1546391752577319,2.0,1.2246467991473532e-16,-1.0,23.0,0.4782608695652174,medium,4.8180943214629455,4.2007427440961616,11.460055096418733,4.104360569877324,0.41188275422050785,1.2841034711474684,1.2841034711474684,4.539944903581267,17.0,0,14.01469793413128,0.0,14.01469793413128,3.0146979341312807,3.0146979341312807,8.0
2026-03-18,lunch,4,69,48.0,4.0,2026-03-19 04:00:00+03:00,3,3,0,44.0,45.0,46.0,49.0,9.237604307034008,64.0,0.0,0.0,0.0,0.88,-2.0,1.2246467991473532e-16,-1.0,144.0,0.3333333333333333,mega,25.709899175068745,15.187584008448223,49.92032967032967,11.401837554339034,0.32250586815508425,0.8640949554896142,1.2568653898030753,-5.9203296703296715,65.0,0,50.99771369019902,0.00723477768609302,51.004948467885114,3.0049484678851144,3.0049484678851144,35.0
2026-04-09,lunch,4,69,45.0,4.0,2026-04-10 04:00:00+03:00,4,4,0,50.0,33.0,46.0,52.857142857142854,15.148471555777183,76.0,0.0,0.0,0.0,0.9283819628647215,4.0,1.2246467991473532e-16,-1.0,153.0,0.29411764705882354,mega,25.709899175068745,15.187584008448223,49.92032967032967,11.401837554339034,0.32250586815508425,0.9819260857836525,1.4925276503911518,0.0796703296703285,65.0,0,47.83398378637139,0.16748517635648275,48.00146896272788,3.001468962727877,3.001468962727877,35.0
2026-04-08,dinner,6,142,8.0,3.0,2026-04-09 06:00:00+03:00,3,4,0,6.0,8.0,5.0,4.857142857142857,1.7728105208558351,8.0,0.0,0.0,0.0,1.024390243902439,1.0,-1.0,-1.8369701987210297e-16,39.0,0.20512820512820512,medium,4.23006416131989,3.624165403205612,4.071428571428571,2.0410004414615983,0.1673292966383502,1.1830985915492958,1.5774647887323945,1.9285714285714288,7.0,1,5.003531736317762,0.0,5.003531736317762,-2.996468263682238,2.996468263682238,8.0
2026-02-21,lunch,4,434,23.0,4.0,2026-02-22 04:00:00+03:00,6,2,1,14.0,20.0,22.0,18.428571428571427,2.439750182371344,22.0,0.0,0.0,0.0,0.7205882352941178,-8.0,1.2246467991473532e-16,-1.0,60.0,0.38333333333333336,high,7.621359223300971,6.761882045397149,16.980392156862745,6.830783838121162,0.3594009148733045,0.7786259541984732,1.2235550708833152,-2.980392156862745,24.0,0,20.004116862738265,0.0,20.004116862738265,-2.9958831372617354,2.9958831372617354,22.0
2026-04-03,lunch,4,18,14.0,4.0,2026-04-04 04:00:00+03:00,5,4,1,7.0,11.0,20.0,12.714285714285714,5.154748157905377,20.0,0.0,0.0,0.0,0.5104166666666667,-13.0,1.2246467991473532e-16,-1.0,50.0,0.28,medium,6.109124254928932,5.453053535091321,11.975206611570249,6.953431693708665,0.27885867315263196,0.5394904458598726,1.5414012738853502,-4.975206611570249,20.0,0,16.993473758587506,0.0,16.993473758587506,2.9934737585875055,2.9934737585875055,8.0
2026-03-13,dinner,6,122,4.0,3.0,2026-03-14 06:00:00+03:00,5,3,1,1.0,0.0,3.0,0.5714285714285714,1.1338934190276817,3.0,0.0,0.0,0.0,0.6363636363636364,-2.0,-1.0,-1.8369701987210297e-16,6.0,0.6666666666666666,low,0.2953795379537954,0.5918085059504988,0.6593406593406593,0.7816036382130546,0.3642464678178964,0.6026490066225166,1.8079470198675498,0.34065934065934067,2.0,1,1.0103598746943663,0.0,1.0103598746943663,-2.989640125305634,2.989640125305634,1.0
2026-02-05,lunch,4,37,16.0,4.0,2026-02-06 04:00:00+03:00,4,2,0,15.0,18.0,8.0,12.714285714285714,4.5721725585066935,18.0,0.0,0.0,0.0,1.09375,7.0,1.2246467991473532e-16,-1.0,28.0,0.5714285714285714,medium,4.2158570119156735,4.037725090920908,10.324175824175825,3.792027032582001,0.4077077915187296,1.3245997088791848,1.5895196506550218,4.675824175824175,15.0,1,13.016880300248438,0.0,13.016880300248438,-2.983119699751562,2.983119699751562,8.0
2026-04-11,morning,3,100,3.0,1.0,2026-04-12 03:00:00+03:00,6,4,1,0.0,0.0,0.0,0.0,0.0,0.0,0.0,0.0,0.0,0.0,0.0,0.7071067811865476,-0.7071067811865475,3.0,1.0,low,0.2676290949472515,0.6096459702316419,0.002777777777777778,0.05270462766947299,0.0006944444444444445,0.0,0.0,-0.002777777777777778,0.0,1,0.029586253190888506,0.0,0.029586253190888506,-2.9704137468091116,2.9704137468091116,1.0
2026-02-13,dinner,6,439,3.0,3.0,2026-02-14 06:00:00+03:00,5,2,1,0.0,0.0,0.0,0.0,0.0,0.0,0.0,0.0,0.0,0.0,0.0,-1.0,-1.8369701987210297e-16,3.0,1.0,low,0.02127659574468085,0.14586499149789453,0.0,0.0,0.0,0.0,0.0,0.0,0.0,1,0.03106148615522515,0.0,0.03106148615522515,-2.968938513844775,2.968938513844775,1.0
2026-02-28,lunch,4,6,27.0,4.0,2026-03-01 04:00:00+03:00,6,3,1,23.0,21.0,22.0,22.857142857142858,7.861903319777259,34.0,0.0,0.0,0.0,0.9640718562874251,1.0,1.2246467991473532e-16,-1.0,69.0,0.391304347826087,high,10.223521320495186,7.858411454975636,25.560439560439562,7.174655102463964,0.31008066999141487,0.8659495242035581,1.2800992966487381,-2.560439560439562,34.0,0,24.041139162138,0.0,24.041139162138,-2.9588608378620016,2.9588608378620016,22.0
2026-02-28,dinner,6,130,4.0,3.0,2026-03-01 06:00:00+03:00,6,3,1,2.0,1.0,2.0,1.4285714285714286,0.9759000729485328,3.0,0.0,0.0,0.0,0.8235294117647058,0.0,-1.0,-1.8369701987210297e-16,6.0,0.6666666666666666,low,0.2508250825082508,0.5792332445185113,0.4175824175824176,0.6973532657202288,0.2142987964416536,1.4108527131782944,2.1162790697674416,1.5824175824175823,1.0,1,1.0427102974392415,0.0,1.0427102974392415,-2.9572897025607583,2.9572897025607583,1.0
2026-02-23,opening,1,479,8.0,2.0,2026-02-24 01:00:00+03:00,1,2,0,4.0,2.0,10.0,5.428571428571429,2.9358214555806392,10.0,0.0,0.0,0.0,0.6222222222222222,-6.0,0.7071067811865475,0.7071067811865476,15.0,0.5333333333333333,medium,4.030946702068614,7.26952048693661,4.4715430016863404,7.26952048693661,0.08346337542980571,0.731055206687984,1.82763801671996,-0.47154300168634045,12.0,0,5.04495643907232,0.0,5.04495643907232,-2.95504356092768,2.95504356092768,8.0
2026-02-27,deep_night,0,479,8.0,6.0,2026-02-28 00:00:00+03:00,5,2,1,4.0,2.0,1.0,2.857142857142857,1.8644544714716087,5.0,0.0,0.0,0.0,1.037037037037037,3.0,0.0,1.0,18.0,0.4444444444444444,medium,4.030946702068614,7.26952048693661,6.609714529186195,7.26952048693661,0.17721660116759588,0.5256438969764838,0.6570548712206047,-2.6097145291861947,20.0,0,5.046549111943092,0.0,5.046549111943092,-2.953450888056908,2.953450888056908,8.0
2026-02-05,lunch,4,142,16.0,4.0,2026-02-06 04:00:00+03:00,4,2,0,17.0,11.0,16.0,11.714285714285714,4.956957592256432,17.0,0.0,0.0,0.0,1.3370786516853934,1.0,1.2246467991473532e-16,-1.0,29.0,0.5517241379310345,medium,4.23006416131989,3.624165403205612,9.288461538461538,4.106271337026147,0.360800260700566,1.652336448598131,1.652336448598131,7.711538461538462,14.0,1,13.054237961600197,0.0,13.054237961600197,-2.9457620383998027,2.9457620383998027,8.0
2026-03-23,opening,1,479,10.0,2.0,2026-03-24 01:00:00+03:00,1,3,0,11.0,1.0,13.0,9.0,4.163331998932268,13.0,0.0,0.0,0.0,1.1,-2.0,0.7071067811865475,0.7071067811865476,17.0,0.5882352941176471,medium,4.030946702068614,7.26952048693661,4.4715430016863404,7.26952048693661,0.08346337542980571,2.010401818391956,2.375929421735948,6.5284569983136596,12.0,0,7.067961403400491,0.0,7.067961403400491,-2.932038596599509,2.932038596599509,8.0
2026-02-06,lunch,4,20,9.0,4.0,2026-02-07 04:00:00+03:00,5,2,1,7.0,6.0,11.0,7.285714285714286,5.186980037050643,17.0,0.0,0.0,0.0,0.8448275862068967,-4.0,1.2246467991473532e-16,-1.0,27.0,0.3333333333333333,medium,5.7518037518037515,4.597145761347301,11.222527472527473,4.769905450006113,0.33908490601013946,0.5727129692065632,1.390874353787368,-4.222527472527473,17.0,0,11.927817645923584,0.0,11.927817645923584,2.927817645923584,2.927817645923584,8.0
2026-03-01,lunch,4,20,8.0,4.0,2026-03-02 04:00:00+03:00,0,3,0,14.0,10.0,6.0,8.714285714285714,3.638419332360578,14.0,0.0,0.0,0.0,1.4411764705882355,8.0,1.2246467991473532e-16,-1.0,15.0,0.5333333333333333,medium,5.7518037518037515,4.597145761347301,11.222527472527473,4.769905450006113,0.33908490601013946,1.1454259384131265,1.1454259384131265,2.7774725274725274,17.0,0,10.924881926698653,0.0,10.924881926698653,2.924881926698653,2.924881926698653,8.0
2026-03-19,lunch,4,47,10.0,4.0,2026-03-20 04:00:00+03:00,4,3,0,6.0,6.0,8.0,6.285714285714286,0.7559289460184803,8.0,0.0,0.0,0.0,0.8235294117647058,-2.0,1.2246467991473532e-16,-1.0,17.0,0.5882352941176471,medium,2.1574023115024765,2.162834723516841,4.81267217630854,2.4000815524754775,0.44135599903644834,1.0322274881516587,1.376303317535545,1.1873278236914597,8.0,1,7.077708727391459,0.0,7.077708727391459,-2.9222912726085406,2.9222912726085406,8.0
2026-03-26,lunch,4,127,9.0,4.0,2026-03-27 04:00:00+03:00,4,3,0,8.0,4.0,2.0,3.7142857142857144,2.360387377408323,8.0,0.0,0.0,0.0,1.696969696969697,6.0,1.2246467991473532e-16,-1.0,14.0,0.6428571428571429,medium,2.0341846758349704,2.214697362554381,5.173076923076923,2.386888054266103,0.35943689780549043,1.2959501557632398,1.2959501557632398,2.8269230769230766,8.0,1,6.081812981748588,0.0,6.081812981748588,-2.9181870182514116,2.9181870182514116,8.0
2026-03-08,dinner,6,54,8.0,3.0,2026-03-09 06:00:00+03:00,0,3,0,13.0,7.0,5.0,5.571428571428571,4.391550328268392,13.0,0.0,0.0,0.0,1.9782608695652175,8.0,-1.0,-1.8369701987210297e-16,31.0,0.25806451612903225,medium,2.1353135313531353,2.313692209602312,3.2115384615384617,2.4250253689062604,0.3076139596782138,3.08675799086758,3.08675799086758,9.788461538461538,6.0,1,5.084171313547348,0.0,5.084171313547348,-2.9158286864526524,2.9158286864526524,8.0
2026-04-02,lunch,4,1,15.0,4.0,2026-04-03 04:00:00+03:00,4,4,0,9.0,13.0,8.0,9.857142857142858,2.544836041121403,13.0,0.0,0.0,0.0,0.8289473684210525,1.0,1.2246467991473532e-16,-1.0,35.0,0.42857142857142855,medium,4.8180943214629455,4.2007427440961616,11.460055096418733,4.104360569877324,0.41188275422050785,0.722308202520451,1.0433340703073182,-2.460055096418733,17.0,0,12.086042731190812,0.0,12.086042731190812,-2.913957268809188,2.913957268809188,8.0
2026-02-26,late_evening,7,347,3.0,2.0,2026-02-27 07:00:00+03:00,4,2,0,0.0,0.0,0.0,0.0,0.0,0.0,0.0,0.0,0.0,0.0,0.0,-0.7071067811865477,0.7071067811865474,3.0,1.0,low,0.033582089552238806,0.18704386970210407,0.014925373134328358,0.12155706233281995,0.012437810945273632,0.0,0.0,-0.014925373134328358,0.0,1,0.08743463933804005,0.0,0.08743463933804005,-2.91256536066196,2.91256536066196,1.0
2026-02-14,morning,3,37,9.0,2.0,2026-02-15 03:00:00+03:00,6,2,1,5.0,3.0,7.0,4.428571428571429,1.7182493859684491,7.0,0.0,0.0,0.0,0.9210526315789473,-2.0,0.7071067811865476,-0.7071067811865475,25.0,0.36,medium,4.2158570119156735,4.037725090920908,6.429752066115703,2.735564158327461,0.255486000056349,0.6729699666295884,0.9421579532814237,-1.4297520661157028,10.0,0,6.088422139550814,0.0,6.088422139550814,-2.911577860449186,2.911577860449186,8.0
2026-04-02,morning,3,146,3.0,1.0,2026-04-03 03:00:00+03:00,4,4,0,0.0,0.0,0.0,0.0,0.0,0.0,0.0,0.0,0.0,0.0,0.0,0.7071067811865476,-0.7071067811865475,5.0,0.6,low,0.3294279807029635,0.8281818162964744,0.03038674033149171,0.18731035363043005,0.013351749539594842,0.0,0.0,-0.03038674033149171,0.0,1,0.09062800916681242,0.0,0.09062800916681242,-2.9093719908331876,2.9093719908331876,1.0
2026-03-29,lunch,4,99,37.0,4.0,2026-03-30 04:00:00+03:00,0,3,0,32.0,35.0,33.0,33.142857142857146,1.3451854182684033,35.0,0.0,0.0,0.0,0.9372384937238493,-1.0,1.2246467991473532e-16,-1.0,92.0,0.40217391304347827,mega,17.65933202357564,12.423628976413019,40.497252747252745,7.979484240247015,0.3282854062396855,0.7711353856338962,0.8434293280370738,-8.497252747252745,50.0,0,39.97388572113763,-0.07048499092822819,39.9034007302094,2.9034007302093983,2.9034007302093983,35.0
2026-01-30,lunch,4,14,22.0,4.0,2026-01-31 04:00:00+03:00,5,1,1,20.0,15.0,19.0,18.0,3.605551275463989,22.0,0.0,0.0,0.0,1.0526315789473684,1.0,1.2246467991473532e-16,-1.0,49.0,0.4489795918367347,high,8.976897689768977,6.080682518563457,18.424242424242426,4.409515911174649,0.4121223874637316,1.029641185647426,1.1326053042121684,1.5757575757575744,24.0,0,19.099513880515982,0.0,19.099513880515982,-2.900486119484018,2.900486119484018,22.0
2026-02-14,morning,3,18,9.0,2.0,2026-02-15 03:00:00+03:00,6,2,1,7.0,5.0,12.0,6.285714285714286,2.927700218845593,12.0,0.0,0.0,0.0,0.9607843137254902,-5.0,0.7071067811865476,-0.7071067811865475,42.0,0.21428571428571427,medium,6.109124254928932,5.453053535091321,6.545454545454546,4.194181710535974,0.15181598308203162,0.927710843373494,1.5903614457831325,0.45454545454545414,12.0,0,11.899749951223848,0.0,11.899749951223848,2.899749951223848,2.899749951223848,8.0
2026-02-24,dinner,6,1,8.0,3.0,2026-02-25 06:00:00+03:00,2,2,0,5.0,7.0,4.0,5.0,1.5275252316519468,7.0,0.0,0.0,0.0,0.8333333333333334,1.0,-1.0,-1.8369701987210297e-16,34.0,0.23529411764705882,medium,4.8180943214629455,4.2007427440961616,4.266483516483516,2.253342236909907,0.15640909422920832,0.9494001043296818,1.3291601460615545,0.7335164835164836,7.0,1,5.110368457345496,0.0,5.110368457345496,-2.889631542654504,2.889631542654504,8.0
2026-03-07,afternoon,5,179,3.0,3.0,2026-03-08 05:00:00+03:00,6,3,1,0.0,0.0,0.0,0.0,0.0,0.0,0.0,0.0,0.0,0.0,0.0,-0.7071067811865475,-0.7071067811865477,3.0,1.0,low,0.04798331015299027,0.26861995774252256,0.04735376044568245,0.24899230470049724,0.03022284122562674,0.0,0.0,-0.04735376044568245,0.0,1,0.11485067056753798,0.0,0.11485067056753798,-2.885149329432462,2.885149329432462,1.0
2026-03-23,afternoon,5,98,3.0,3.0,2026-03-24 05:00:00+03:00,1,3,0,0.0,0.0,0.0,0.0,0.0,0.0,0.0,0.0,0.0,0.0,0.0,-0.7071067811865475,-0.7071067811865477,3.0,1.0,low,0.05831408775981524,0.29740867857060826,0.08357348703170028,0.350789237630272,0.055835734870317004,0.0,0.0,-0.08357348703170028,0.0,1,0.11599745684967071,0.0,0.11599745684967071,-2.8840025431503293,2.8840025431503293,1.0
2026-04-06,lunch,4,123,26.0,4.0,2026-04-07 04:00:00+03:00,1,4,0,24.0,19.0,23.0,23.714285714285715,3.4503277967118247,30.0,0.0,0.0,0.0,0.9710982658959537,1.0,1.2246467991473532e-16,-1.0,61.0,0.4262295081967213,high,9.529330889092575,10.038386270221814,26.01923076923077,8.949331720839782,0.4426367956090107,0.888256227758007,1.1103202846975089,-2.01923076923077,36.0,0,28.88374951218311,0.0,28.88374951218311,2.8837495121831083,2.8837495121831083,22.0
2026-02-14,lunch,4,29,45.0,4.0,2026-02-15 04:00:00+03:00,6,2,1,39.0,32.0,40.0,34.714285714285715,7.34198623703165,46.0,0.0,0.0,0.0,1.0919999999999999,-1.0,1.2246467991473532e-16,-1.0,97.0,0.4639175257731959,mega,16.77201257861635,11.447047939359384,39.06611570247934,7.990742783350609,0.33541085213730065,0.9733910891089109,1.148102310231023,-0.06611570247933685,49.0,0,42.51935275436347,-0.40267885004366505,42.1166739043198,-2.8833260956801965,2.8833260956801965,35.0
2026-02-11,dinner,6,38,10.0,3.0,2026-02-12 06:00:00+03:00,3,2,0,6.0,4.0,7.0,8.571428571428571,3.552329886011104,15.0,0.0,0.0,0.0,0.6268656716417911,-1.0,-1.0,-1.8369701987210297e-16,16.0,0.625,medium,2.3802752293577982,3.6892704924960964,5.818681318681318,3.6499869681766577,0.41647984853532405,0.879935535858179,2.199838839645447,0.18131868131868156,10.0,1,7.135937503738934,0.0,7.135937503738934,-2.8640624962610657,2.8640624962610657,8.0
2026-04-07,lunch,4,138,8.0,4.0,2026-04-08 04:00:00+03:00,2,4,0,4.0,6.0,7.0,4.571428571428571,1.6183471874253754,7.0,0.0,0.0,0.0,0.717948717948718,-3.0,1.2246467991473532e-16,-1.0,11.0,0.7272727272727273,medium,1.1966987620357634,1.691942078178598,3.581267217630854,2.3247126698708938,0.48290781964214147,0.8731208659049909,1.5279615153337343,0.4187327823691458,7.0,1,5.137899619235547,0.0,5.137899619235547,-2.8621003807644527,2.8621003807644527,8.0
2026-03-05,morning,3,41,3.0,2.0,2026-03-06 03:00:00+03:00,4,3,0,0.0,0.0,0.0,0.0,0.0,0.0,0.0,0.0,0.0,0.0,0.0,0.7071067811865476,-0.7071067811865475,3.0,1.0,low,0.045242537313432835,0.2561529104331575,0.06722689075630252,0.30161808307676263,0.04608510070694945,0.0,0.0,-0.06722689075630252,0.0,1,0.14746807527973507,0.0,0.14746807527973507,-2.8525319247202647,2.8525319247202647,1.0
2026-04-04,dinner,6,69,36.0,3.0,2026-04-05 06:00:00+03:00,6,4,1,27.0,28.0,31.0,27.428571428571427,5.968169536721304,35.0,0.0,0.0,0.0,0.949748743718593,-4.0,-1.0,-1.8369701987210297e-16,197.0,0.18274111675126903,mega,25.709899175068745,15.187584008448223,30.986263736263737,7.0934205573178035,0.20237672346557325,0.8441123421798505,1.094219702825732,-3.986263736263737,40.0,0,33.14792358114492,0.0,33.14792358114492,-2.852076418855077,2.852076418855077,35.0
2026-02-10,lunch,4,10,24.0,4.0,2026-02-11 04:00:00+03:00,2,2,0,28.0,19.0,24.0,19.285714285714285,7.387247699341657,28.0,0.0,0.0,0.0,1.3802816901408452,4.0,1.2246467991473532e-16,-1.0,41.0,0.5853658536585366,high,6.580926180651078,5.576694893105304,15.826446280991735,5.457537267559647,0.3959618663932895,1.6640471512770139,1.6640471512770139,12.173553719008265,23.0,1,21.15134269936298,0.0,21.15134269936298,-2.8486573006370186,2.8486573006370186,22.0
2026-04-09,afternoon,5,41,3.0,3.0,2026-04-10 05:00:00+03:00,4,4,0,0.0,0.0,0.0,0.0,0.0,0.0,0.0,0.0,0.0,0.0,0.0,-0.7071067811865475,-0.7071067811865477,9.0,0.3333333333333333,low,0.045242537313432835,0.2561529104331575,0.058823529411764705,0.25836948698397455,0.04335067360277444,0.0,0.0,-0.058823529411764705,0.0,1,0.15606230294522408,0.0,0.15606230294522408,-2.843937697054776,2.843937697054776,1.0
2026-01-24,lunch,4,142,10.0,4.0,2026-01-25 04:00:00+03:00,6,1,1,6.0,13.0,6.0,8.714285714285714,2.5634797778466316,13.0,0.0,0.0,0.0,0.6176470588235294,0.0,1.2246467991473532e-16,-1.0,19.0,0.5263157894736842,medium,4.23006416131989,3.624165403205612,9.288461538461538,4.106271337026147,0.360800260700566,0.5831775700934579,1.263551401869159,-3.2884615384615383,14.0,0,7.158864383950574,0.0,7.158864383950574,-2.841135616049426,2.841135616049426,8.0
2026-04-02,lunch,4,37,9.0,4.0,2026-04-03 04:00:00+03:00,4,4,0,10.0,8.0,12.0,8.428571428571429,2.7602622373694174,12.0,0.0,0.0,0.0,1.0606060606060606,-2.0,1.2246467991473532e-16,-1.0,22.0,0.4090909090909091,medium,4.2158570119156735,4.037725090920908,10.324175824175825,3.792027032582001,0.4077077915187296,0.8830664725861231,1.0596797671033478,-0.3241758241758248,15.0,0,11.839823374115142,0.0,11.839823374115142,2.8398233741151415,2.8398233741151415,8.0
2026-04-10,lunch,4,20,15.0,4.0,2026-04-11 04:00:00+03:00,5,4,1,12.0,6.0,3.0,8.142857142857142,3.7161167647860283,13.0,0.0,0.0,0.0,1.3125,9.0,1.2246467991473532e-16,-1.0,36.0,0.4166666666666667,medium,5.7518037518037515,4.597145761347301,11.222527472527473,4.769905450006113,0.33908490601013946,0.9817936614969656,1.063609799955046,0.7774725274725274,17.0,0,12.16437781986468,0.0,12.16437781986468,-2.8356221801353207,2.8356221801353207,8.0
2026-02-07,lunch,4,18,17.0,4.0,2026-02-08 04:00:00+03:00,6,2,1,17.0,15.0,26.0,13.714285714285714,6.676183683170264,26.0,0.0,0.0,0.0,1.1553398058252429,-9.0,1.2246467991473532e-16,-1.0,49.0,0.3469387755102041,medium,6.109124254928932,5.453053535091321,11.975206611570249,6.953431693708665,0.27885867315263196,1.3101910828025476,2.003821656050955,5.024793388429751,20.0,0,19.82029932507955,0.0,19.82029932507955,2.8202993250795494,2.8202993250795494,8.0
2026-03-13,morning,3,69,35.0,2.0,2026-03-14 03:00:00+03:00,5,3,1,15.0,22.0,22.0,24.571428571428573,11.716898663286047,42.0,0.0,0.0,0.0,0.5865921787709497,-7.0,0.7071067811865476,-0.7071067811865475,182.0,0.19230769230769232,mega,25.709899175068745,15.187584008448223,24.203856749311296,7.893439929724803,0.1552006687630663,0.5951470106022516,1.6664116296863045,-9.203856749311296,35.80000000000001,0,32.18118123863848,0.0,32.18118123863848,-2.81881876136152,2.81881876136152,35.0
2026-04-09,lunch,4,41,3.0,4.0,2026-04-10 04:00:00+03:00,4,4,0,0.0,0.0,0.0,0.0,0.0,0.0,0.0,0.0,0.0,0.0,0.0,1.2246467991473532e-16,-1.0,9.0,0.3333333333333333,low,0.045242537313432835,0.2561529104331575,0.09523809523809523,0.42651548953624097,0.057156195811658,0.0,0.0,-0.09523809523809523,0.0,1,0.18670401858821542,0.0,0.18670401858821542,-2.8132959814117844,2.8132959814117844,1.0
2026-02-28,lunch,4,123,22.0,4.0,2026-03-01 04:00:00+03:00,6,3,1,25.0,32.0,26.0,27.0,3.6514837167011347,32.0,0.0,0.0,0.0,0.8928571428571429,-1.0,1.2246467991473532e-16,-1.0,42.0,0.5238095238095238,high,9.529330889092575,10.038386270221814,26.01923076923077,8.949331720839782,0.4426367956090107,0.9252669039145908,1.184341637010676,-1.01923076923077,36.0,0,24.813058915519385,0.0,24.813058915519385,2.8130589155193846,2.8130589155193846,22.0
2026-02-01,lunch,4,10,22.0,4.0,2026-02-02 04:00:00+03:00,0,2,0,10.0,11.0,23.0,17.714285714285715,5.21901286050295,23.0,0.0,0.0,0.0,0.5343511450381679,-13.0,1.2246467991473532e-16,-1.0,48.0,0.4583333333333333,high,6.580926180651078,5.576694893105304,15.826446280991735,5.457537267559647,0.3959618663932895,0.5943025540275049,1.3668958742632613,-5.8264462809917354,23.0,0,19.21824024066092,0.0,19.21824024066092,-2.7817597593390815,2.7817597593390815,22.0
2026-04-08,lunch,4,434,23.0,4.0,2026-04-09 04:00:00+03:00,3,4,0,14.0,20.0,18.0,17.428571428571427,3.5523298860111074,21.0,0.0,0.0,0.0,0.7596899224806202,-4.0,1.2246467991473532e-16,-1.0,72.0,0.3194444444444444,high,7.621359223300971,6.761882045397149,16.980392156862745,6.830783838121162,0.3594009148733045,0.7786259541984732,1.16793893129771,-2.980392156862745,24.0,0,20.220952090530666,0.0,20.220952090530666,-2.779047909469334,2.779047909469334,22.0
2026-03-29,lunch,4,126,22.0,4.0,2026-03-30 04:00:00+03:00,0,3,0,12.0,15.0,18.0,18.285714285714285,5.648430038936624,27.0,0.0,0.0,0.0,0.6222222222222222,-6.0,1.2246467991473532e-16,-1.0,57.0,0.38596491228070173,high,8.943396226415095,8.296270027256874,23.39669421487603,7.377896665537009,0.36997738876250647,0.491869918699187,1.1067073170731707,-11.396694214876032,33.0,0,24.775319408284034,0.0,24.775319408284034,2.775319408284034,2.775319408284034,22.0
2026-03-23,lunch,4,18,9.0,4.0,2026-03-24 04:00:00+03:00,1,3,0,10.0,16.0,6.0,10.285714285714286,4.423960733486333,16.0,0.0,0.0,0.0,0.8860759493670886,4.0,1.2246467991473532e-16,-1.0,28.0,0.32142857142857145,medium,6.109124254928932,5.453053535091321,11.975206611570249,6.953431693708665,0.27885867315263196,0.7707006369426751,1.2331210191082802,-1.9752066115702487,20.0,0,11.773405112122566,0.0,11.773405112122566,2.773405112122566,2.773405112122566,8.0
2026-02-02,lunch,4,142,14.0,4.0,2026-02-03 04:00:00+03:00,1,2,0,14.0,5.0,9.0,10.0,4.163331998932274,16.0,0.0,0.0,0.0,1.2727272727272727,5.0,1.2246467991473532e-16,-1.0,40.0,0.35,medium,4.23006416131989,3.624165403205612,9.288461538461538,4.106271337026147,0.360800260700566,1.360747663551402,1.5551401869158878,4.711538461538462,14.0,1,11.227939660658269,0.0,11.227939660658269,-2.7720603393417313,2.7720603393417313,8.0
2026-02-28,dinner,6,54,8.0,3.0,2026-03-01 06:00:00+03:00,6,3,1,8.0,12.0,4.0,6.142857142857143,3.436498771936888,12.0,0.0,0.0,0.0,1.1199999999999999,4.0,-1.0,-1.8369701987210297e-16,24.0,0.3333333333333333,medium,2.1353135313531353,2.313692209602312,3.2115384615384617,2.4250253689062604,0.3076139596782138,1.8995433789954337,2.8493150684931505,4.788461538461538,6.0,1,5.231502406389564,0.0,5.231502406389564,-2.7684975936104363,2.7684975936104363,8.0
2026-01-29,lunch,4,37,8.0,4.0,2026-01-30 04:00:00+03:00,4,1,0,14.0,19.0,12.0,12.285714285714286,4.644505202002506,19.0,0.0,0.0,0.0,1.053763440860215,2.0,1.2246467991473532e-16,-1.0,23.0,0.34782608695652173,medium,4.2158570119156735,4.037725090920908,10.324175824175825,3.792027032582001,0.4077077915187296,1.2362930616205725,1.677826297913634,3.675824175824175,15.0,0,10.758152694393731,0.0,10.758152694393731,2.758152694393731,2.758152694393731,8.0
2026-02-28,afternoon,5,69,35.0,3.0,2026-03-01 05:00:00+03:00,6,3,1,37.0,30.0,26.0,28.857142857142858,7.967194642795557,37.0,0.0,0.0,0.0,1.2392344497607655,11.0,-0.7071067811865475,-0.7071067811865477,152.0,0.23026315789473684,mega,25.709899175068745,15.187584008448223,27.587912087912088,6.784804528364688,0.17970958977163476,1.2942533153949645,1.2942533153949645,9.412087912087912,36.0,0,32.245132760708266,0.0,32.245132760708266,-2.754867239291734,2.754867239291734,35.0
2026-01-29,morning,3,37,8.0,2.0,2026-01-30 03:00:00+03:00,4,1,0,4.0,10.0,4.0,7.0,3.366501646120694,13.0,0.0,0.0,0.0,0.5,0.0,0.7071067811865476,-0.7071067811865475,23.0,0.34782608695652173,medium,4.2158570119156735,4.037725090920908,6.429752066115703,2.735564158327461,0.255486000056349,0.5383759733036707,1.74972191323693,-2.429752066115703,10.0,0,5.2531942867417625,0.0,5.2531942867417625,-2.7468057132582375,2.7468057132582375,8.0
2026-02-18,dinner,6,139,3.0,3.0,2026-02-19 06:00:00+03:00,3,2,0,1.0,0.0,1.0,1.8571428571428572,2.734262327610589,8.0,0.0,0.0,0.0,0.35,0.0,-1.0,-1.8369701987210297e-16,7.0,0.42857142857142855,low,0.28473177441540576,0.657489566091835,0.37637362637362637,0.6750916949999366,0.20111064530707387,0.7265469061876247,5.812375249500998,0.6236263736263736,1.0,1,0.25583552955618827,0.0,0.25583552955618827,-2.7441644704438115,2.7441644704438115,1.0
2026-04-10,dinner,6,60,3.0,3.0,2026-04-11 06:00:00+03:00,5,4,1,1.0,1.0,0.0,0.2857142857142857,0.4879500364742666,1.0,0.0,0.0,0.0,0.7777777777777779,1.0,-1.0,-1.8369701987210297e-16,6.0,0.5,low,0.16850068775790922,0.42602641651671147,0.09065934065934066,0.28751927355802215,0.06616300366300366,0.9168765743073048,0.9168765743073048,0.9093406593406593,0.0,1,0.262369740652202,0.0,0.262369740652202,-2.737630259347798,2.737630259347798,1.0
2026-04-09,dinner,6,69,40.0,3.0,2026-04-10 06:00:00+03:00,4,4,0,37.0,29.0,28.0,31.571428571428573,6.023762469230876,40.0,0.0,0.0,0.0,1.1359649122807018,9.0,-1.0,-1.8369701987210297e-16,153.0,0.26143790849673204,mega,25.709899175068745,15.187584008448223,30.986263736263737,7.0934205573178035,0.20237672346557325,1.1567465429872026,1.2505368032294082,6.013736263736263,40.0,1,37.26330920694877,0.0,37.26330920694877,-2.736690793051231,2.736690793051231,35.0
2026-02-20,dinner,6,18,8.0,3.0,2026-02-21 06:00:00+03:00,5,2,1,9.0,5.0,11.0,8.285714285714286,2.6903708365382,12.0,0.0,0.0,0.0,0.9692307692307691,-2.0,-1.0,-1.8369701987210297e-16,48.0,0.16666666666666666,medium,6.109124254928932,5.453053535091321,7.587912087912088,4.223829426308926,0.1847327720874314,1.0479846449136276,1.397312859884837,1.4120879120879124,13.0,0,10.734391501441282,0.0,10.734391501441282,2.734391501441282,2.734391501441282,8.0
2026-03-14,afternoon,5,340,3.0,3.0,2026-03-15 05:00:00+03:00,6,3,1,0.0,0.0,0.0,0.0,0.0,0.0,0.0,0.0,0.0,0.0,0.0,-0.7071067811865475,-0.7071067811865477,3.0,1.0,low,0.11940298507462686,0.3573412847884237,0.15422885572139303,0.3887087950679584,0.10613598673300165,0.0,0.0,-0.15422885572139303,1.0,1,0.26574067961764286,0.0,0.26574067961764286,-2.7342593203823573,2.7342593203823573,1.0
2026-03-05,lunch,4,25,23.0,4.0,2026-03-06 04:00:00+03:00,4,3,0,18.0,21.0,20.0,18.285714285714285,2.811540841738214,21.0,0.0,0.0,0.0,0.9333333333333333,-2.0,1.2246467991473532e-16,-1.0,52.0,0.4423076923076923,high,7.156736938588451,5.584595796433097,15.87087912087912,5.024165108521969,0.36929438528740477,1.0669272105520273,1.2447484123106987,2.1291208791208796,21.69999999999999,1,20.26908485585091,0.0,20.26908485585091,-2.7309151441490904,2.7309151441490904,22.0
2026-02-27,dinner,6,18,8.0,3.0,2026-02-28 06:00:00+03:00,5,2,1,11.0,12.0,8.0,7.857142857142857,3.0237157840738202,12.0,0.0,0.0,0.0,1.2419354838709677,3.0,-1.0,-1.8369701987210297e-16,36.0,0.2222222222222222,medium,6.109124254928932,5.453053535091321,7.587912087912088,4.223829426308926,0.1847327720874314,1.2808701215611005,1.397312859884837,3.4120879120879124,13.0,0,10.729362019698401,0.0,10.729362019698401,2.729362019698401,2.729362019698401,8.0
2026-04-06,lunch,4,47,8.0,4.0,2026-04-07 04:00:00+03:00,1,4,0,3.0,3.0,4.0,4.571428571428571,2.225394561056748,8.0,0.0,0.0,0.0,0.5384615384615384,-1.0,1.2246467991473532e-16,-1.0,13.0,0.6153846153846154,medium,2.1574023115024765,2.162834723516841,4.81267217630854,2.4000815524754775,0.44135599903644834,0.5161137440758293,1.376303317535545,-1.8126721763085403,8.0,1,5.27147718086654,0.0,5.27147718086654,-2.7285228191334596,2.7285228191334596,8.0
2026-01-24,lunch,4,1,13.0,4.0,2026-01-25 04:00:00+03:00,6,1,1,14.0,17.0,9.0,13.142857142857142,2.734262327610596,17.0,0.0,0.0,0.0,0.98989898989899,5.0,1.2246467991473532e-16,-1.0,26.0,0.5,medium,4.8180943214629455,4.2007427440961616,11.460055096418733,4.104360569877324,0.41188275422050785,1.123590537254035,1.3643599380941853,2.539944903581267,17.0,0,10.286475635683463,0.0,10.286475635683463,-2.7135243643165374,2.7135243643165374,8.0
2026-03-17,dinner,6,20,9.0,3.0,2026-03-18 06:00:00+03:00,2,3,0,4.0,8.0,3.0,4.428571428571429,2.370453040886416,8.0,0.0,0.0,0.0,0.7368421052631579,1.0,-1.0,-1.8369701987210297e-16,19.0,0.47368421052631576,medium,5.7518037518037515,4.597145761347301,6.623626373626373,2.9817797545504368,0.20426100566691752,0.5246846846846848,1.0493693693693695,-2.623626373626373,10.699999999999989,0,6.28672471256205,0.0,6.28672471256205,-2.71327528743795,2.71327528743795,8.0
2026-02-12,lunch,4,115,23.0,4.0,2026-02-13 04:00:00+03:00,4,2,0,25.0,26.0,25.0,21.857142857142858,5.0142653642240544,26.0,0.0,0.0,0.0,1.09375,0.0,1.2246467991473532e-16,-1.0,81.0,0.2839506172839506,high,8.859724950884086,7.0585746120055335,21.186813186813186,5.342613320180643,0.3419472329595375,1.1267954432887568,1.1718672610203071,3.813186813186814,28.0,0,25.712407616874767,0.0,25.712407616874767,2.712407616874767,2.712407616874767,22.0
2026-02-05,lunch,4,69,46.0,4.0,2026-02-06 04:00:00+03:00,4,2,0,49.0,45.0,40.0,48.285714285714285,9.304376850247863,65.0,0.0,0.0,0.0,0.9942028985507246,9.0,1.2246467991473532e-16,-1.0,137.0,0.3357664233576642,mega,25.709899175068745,15.187584008448223,49.92032967032967,11.401837554339034,0.32250586815508425,0.9622875640679794,1.2765039115187482,-0.9203296703296715,65.0,0,48.54385116495101,0.16717864108901656,48.711029806040024,2.711029806040024,2.711029806040024,35.0
2026-02-21,lunch,4,348,10.0,4.0,2026-02-22 04:00:00+03:00,6,2,1,3.0,8.0,7.0,5.571428571428571,1.9880595947760122,8.0,0.0,0.0,0.0,0.4565217391304348,-4.0,1.2246467991473532e-16,-1.0,23.0,0.43478260869565216,medium,4.911890504704876,4.393909693992293,9.008547008547009,5.353584858870583,0.3608259100988591,0.2997438087105038,0.7993168232280102,-6.0085470085470085,17.0,0,7.292941506874603,0.0,7.292941506874603,-2.7070584931253974,2.7070584931253974,8.0
2026-02-06,lunch,4,18,17.0,4.0,2026-02-07 04:00:00+03:00,5,2,1,15.0,9.0,22.0,14.428571428571429,7.322502824789344,26.0,0.0,0.0,0.0,0.9722222222222222,-7.0,1.2246467991473532e-16,-1.0,47.0,0.3617021276595745,medium,6.109124254928932,5.453053535091321,11.975206611570249,6.953431693708665,0.27885867315263196,1.1560509554140126,2.003821656050955,3.0247933884297513,20.0,0,19.703820054139737,0.0,19.703820054139737,2.7038200541397366,2.7038200541397366,8.0
2026-03-07,afternoon,5,60,3.0,3.0,2026-03-08 05:00:00+03:00,6,3,1,0.0,0.0,0.0,0.14285714285714285,0.37796447300922725,1.0,0.0,0.0,0.0,0.0,0.0,-0.7071067811865475,-0.7071067811865477,4.0,0.75,low,0.16850068775790922,0.42602641651671147,0.14835164835164835,0.38565536145756746,0.1021062271062271,0.0,0.8708133971291867,-0.14835164835164835,1.0,1,0.3010108832923359,0.0,0.3010108832923359,-2.698989116707664,2.698989116707664,1.0
2026-02-19,lunch,4,298,10.0,4.0,2026-02-20 04:00:00+03:00,4,2,0,7.0,5.0,9.0,4.142857142857143,3.287784027201884,9.0,0.0,0.0,0.0,1.361111111111111,-2.0,1.2246467991473532e-16,-1.0,16.0,0.625,medium,2.131849315068493,2.6510406366439367,4.6061643835616435,3.495558745316312,0.4708102062408331,1.2486255345143555,1.605375687232743,2.3938356164383565,9.0,1,7.305847000915678,0.0,7.305847000915678,-2.694152999084322,2.694152999084322,8.0
2026-03-06,lunch,4,23,3.0,4.0,2026-03-07 04:00:00+03:00,5,3,1,0.0,0.0,1.0,0.2857142857142857,0.48795003647426666,1.0,0.0,0.0,0.0,0.0,-1.0,1.2246467991473532e-16,-1.0,3.0,1.0,low,0.0889908256880734,0.31098577504326935,0.11294765840220386,0.3500952751361814,0.07483930211202938,0.0,0.8985148514851485,-0.11294765840220386,0.8000000000000114,1,0.30821932233257304,0.0,0.30821932233257304,-2.691780677667427,2.691780677667427,1.0
2026-04-10,morning,3,41,3.0,2.0,2026-04-11 03:00:00+03:00,5,4,1,1.0,0.0,0.0,0.14285714285714285,0.37796447300922725,1.0,0.0,0.0,0.0,0.875,1.0,0.7071067811865476,-0.7071067811865475,11.0,0.2727272727272727,low,0.045242537313432835,0.2561529104331575,0.06722689075630252,0.30161808307676263,0.04608510070694945,0.937007874015748,0.937007874015748,0.9327731092436975,0.0,1,0.30999387418975866,0.0,0.30999387418975866,-2.6900061258102412,2.6900061258102412,1.0
2026-04-12,lunch,4,29,37.0,4.0,2026-04-13 04:00:00+03:00,0,4,0,31.0,35.0,30.0,34.714285714285715,4.111540089159056,40.0,0.0,0.0,0.0,0.868,1.0,1.2246467991473532e-16,-1.0,111.0,0.3333333333333333,mega,16.77201257861635,11.447047939359384,39.06611570247934,7.990742783350609,0.33541085213730065,0.7737211221122112,0.9983498349834984,-8.066115702479337,49.0,0,39.80519649193058,-0.12822441772232504,39.67697207420826,2.6769720742082583,2.6769720742082583,35.0
2026-03-03,lunch,4,37,9.0,4.0,2026-03-04 04:00:00+03:00,2,3,0,15.0,12.0,5.0,9.0,4.203173404306161,15.0,0.0,0.0,0.0,1.5,10.0,1.2246467991473532e-16,-1.0,25.0,0.36,medium,4.2158570119156735,4.037725090920908,10.324175824175825,3.792027032582001,0.4077077915187296,1.3245997088791848,1.3245997088791848,4.675824175824175,15.0,0,11.674079401438226,0.0,11.674079401438226,2.6740794014382256,2.6740794014382256,8.0
2026-03-30,lunch,4,126,22.0,4.0,2026-03-31 04:00:00+03:00,1,3,0,22.0,12.0,14.0,18.857142857142858,5.81459575632937,27.0,0.0,0.0,0.0,1.1079136690647482,8.0,1.2246467991473532e-16,-1.0,65.0,0.3384615384615385,high,8.943396226415095,8.296270027256874,23.39669421487603,7.377896665537009,0.36997738876250647,0.9017615176151762,1.1067073170731707,-1.3966942148760317,33.0,0,24.670441004431446,0.0,24.670441004431446,2.6704410044314457,2.6704410044314457,22.0
2026-02-03,dinner,6,18,11.0,3.0,2026-02-04 06:00:00+03:00,2,2,0,5.0,6.0,5.0,6.285714285714286,1.1126972805283668,8.0,0.0,0.0,0.0,0.6862745098039216,0.0,-1.0,-1.8369701987210297e-16,35.0,0.3142857142857143,medium,6.109124254928932,5.453053535091321,7.587912087912088,4.223829426308926,0.1847327720874314,0.5822136916186821,0.9315419065898912,-2.5879120879120876,13.0,0,8.330967228802642,0.0,8.330967228802642,-2.669032771197358,2.669032771197358,8.0
2026-04-10,afternoon,5,41,3.0,3.0,2026-04-11 05:00:00+03:00,5,4,1,3.0,0.0,0.0,0.42857142857142855,1.1338934190276817,3.0,0.0,0.0,0.0,2.1,3.0,-0.7071067811865475,-0.7071067811865477,11.0,0.2727272727272727,low,0.045242537313432835,0.2561529104331575,0.058823529411764705,0.25836948698397455,0.04335067360277444,2.8333333333333335,2.8333333333333335,2.9411764705882355,0.0,1,0.331237350009345,0.0,0.331237350009345,-2.668762649990655,2.668762649990655,1.0
2026-02-01,morning,3,142,8.0,2.0,2026-02-02 03:00:00+03:00,0,2,0,2.0,3.0,6.0,4.714285714285714,1.9760470401187151,8.0,0.0,0.0,0.0,0.35,-4.0,0.7071067811865476,-0.7071067811865475,37.0,0.21621621621621623,medium,4.23006416131989,3.624165403205612,5.016528925619835,2.4119298492945234,0.19621894343951773,0.3324175824175824,1.3296703296703296,-3.016528925619835,8.0,1,5.334824855869387,0.0,5.334824855869387,-2.665175144130613,2.665175144130613,8.0
2026-03-31,late_evening,7,38,9.0,2.0,2026-04-01 07:00:00+03:00,2,4,0,5.0,6.0,8.0,5.428571428571429,1.9880595947760111,8.0,0.0,0.0,0.0,0.7777777777777778,-3.0,-0.7071067811865477,0.7071067811865474,14.0,0.6428571428571429,medium,2.3802752293577982,3.6892704924960964,5.648351648351649,2.37815413927747,0.49001862516438244,0.7520661157024793,1.2033057851239668,-0.6483516483516487,9.0,1,6.335134360039013,0.0,6.335134360039013,-2.664865639960987,2.664865639960987,8.0
2026-03-05,morning,3,425,3.0,2.0,2026-03-06 03:00:00+03:00,4,3,0,0.0,0.0,0.0,0.14285714285714285,0.37796447300922725,1.0,0.0,0.0,0.0,0.0,0.0,0.7071067811865476,-0.7071067811865475,5.0,0.6,low,0.13596491228070176,0.42387496971731603,0.17543859649122806,0.42773519084090944,0.12426900584795321,0.0,0.8507462686567163,-0.17543859649122806,1.0,1,0.33581767287443604,0.0,0.33581767287443604,-2.664182327125564,2.664182327125564,1.0
2026-02-22,lunch,4,99,38.0,4.0,2026-02-23 04:00:00+03:00,0,2,0,42.0,55.0,35.0,42.714285714285715,6.447590912226714,55.0,0.0,0.0,0.0,0.9607843137254902,7.0,1.2246467991473532e-16,-1.0,108.0,0.35185185185185186,mega,17.65933202357564,12.423628976413019,40.497252747252745,7.979484240247015,0.3282854062396855,1.0121151936444885,1.325388944058259,1.5027472527472554,50.0,0,40.73012191659397,-0.07204487408028118,40.65807704251369,2.658077042513689,2.658077042513689,35.0
2026-02-15,lunch,4,8,39.0,4.0,2026-02-16 04:00:00+03:00,0,2,0,34.0,25.0,37.0,39.142857142857146,9.335033858688341,56.0,0.0,0.0,0.0,0.8469750889679715,-3.0,1.2246467991473532e-16,-1.0,107.0,0.3644859813084112,mega,14.99803536345776,11.147682695162223,34.80494505494506,8.197821234921355,0.33131290749065806,0.9495895035678661,1.5640297705823676,-0.8049450549450583,44.0,0,36.416951405045666,-0.05829440605178149,36.35865699899389,-2.6413430010061134,2.6413430010061134,35.0
2026-03-10,opening,1,479,9.0,2.0,2026-03-11 01:00:00+03:00,2,3,0,12.0,4.0,5.0,5.571428571428571,3.1014589500826255,12.0,0.0,0.0,0.0,1.8260869565217392,7.0,0.7071067811865475,0.7071067811865476,19.0,0.47368421052631576,medium,4.030946702068614,7.26952048693661,4.4715430016863404,7.26952048693661,0.08346337542980571,2.193165620063952,2.193165620063952,7.5284569983136596,12.0,0,6.362314699246507,0.0,6.362314699246507,-2.6376853007534926,2.6376853007534926,8.0
2026-04-08,afternoon,5,142,8.0,3.0,2026-04-09 05:00:00+03:00,3,4,0,4.0,7.0,4.0,5.428571428571429,2.1491969707422403,8.0,0.0,0.0,0.0,0.6222222222222222,0.0,-0.7071067811865475,-0.7071067811865477,39.0,0.20512820512820512,medium,4.23006416131989,3.624165403205612,4.46978021978022,2.300238089495953,0.17717440952700472,0.731290808638875,1.46258161727775,-0.4697802197802199,8.0,1,5.3630694920561135,0.0,5.3630694920561135,-2.6369305079438865,2.6369305079438865,8.0
2026-02-24,lunch,4,29,41.0,4.0,2026-02-25 04:00:00+03:00,2,2,0,35.0,24.0,42.0,31.142857142857142,6.3620901028035135,42.0,0.0,0.0,0.0,1.088888888888889,-7.0,1.2246467991473532e-16,-1.0,110.0,0.37272727272727274,mega,16.77201257861635,11.447047939359384,39.06611570247934,7.990742783350609,0.33541085213730065,0.8735561056105611,1.0482673267326734,-4.066115702479337,49.0,0,38.75617990205301,-0.39237175219224174,38.36380814986077,-2.6361918501392267,2.6361918501392267,35.0
2026-02-13,lunch,4,2,23.0,4.0,2026-02-14 04:00:00+03:00,5,2,1,18.0,17.0,19.0,18.714285714285715,1.3801311186846232,21.0,0.0,0.0,0.0,0.9130434782608695,-1.0,1.2246467991473532e-16,-1.0,67.0,0.34328358208955223,high,7.919532324621733,6.1652836583747,19.313186813186814,5.6393678951648205,0.3040886563507092,0.8861238842304571,1.0338111982688667,-1.3131868131868139,26.0,0,20.37486262387273,0.0,20.37486262387273,-2.6251373761272703,2.6251373761272703,22.0
2026-04-08,afternoon,5,18,11.0,3.0,2026-04-09 05:00:00+03:00,3,4,0,7.0,7.0,10.0,7.142857142857143,1.5735915849388884,10.0,0.0,0.0,0.0,0.8596491228070176,-3.0,-0.7071067811865475,-0.7071067811865477,39.0,0.28205128205128205,medium,6.109124254928932,5.453053535091321,6.892857142857143,3.904091739459271,0.17091446361139118,0.8868778280542986,1.2669683257918551,0.10714285714285676,12.0,0,8.376433948984388,0.0,8.376433948984388,-2.6235660510156116,2.6235660510156116,8.0
2026-04-08,lunch,4,425,3.0,4.0,2026-04-09 04:00:00+03:00,3,4,0,1.0,0.0,0.0,0.2857142857142857,0.4879500364742666,1.0,0.0,0.0,0.0,0.7777777777777779,1.0,1.2246467991473532e-16,-1.0,4.0,0.75,low,0.13596491228070176,0.42387496971731603,0.24561403508771928,0.6059438256138093,0.13157894736842105,0.8028169014084507,0.8028169014084507,0.7543859649122807,1.0,1,0.37675950730581587,0.0,0.37675950730581587,-2.623240492694184,2.623240492694184,1.0
2026-03-03,lunch,4,51,8.0,4.0,2026-03-04 04:00:00+03:00,2,3,0,8.0,2.0,3.0,2.7142857142857144,2.751622897751175,8.0,0.0,0.0,0.0,2.1538461538461537,5.0,1.2246467991473532e-16,-1.0,11.0,0.7272727272727273,medium,1.2346189164370982,1.9411542453345536,3.366391184573003,3.016652663808964,0.30939109132217385,1.8321766561514197,1.8321766561514197,4.633608815426998,7.0,1,5.379197643300914,0.0,5.379197643300914,-2.6208023566990857,2.6208023566990857,8.0
2026-02-13,afternoon,5,1,8.0,3.0,2026-02-14 05:00:00+03:00,5,2,1,5.0,4.0,7.0,6.0,1.4142135623730911,8.0,0.0,0.0,0.0,0.7142857142857143,-2.0,-0.7071067811865475,-0.7071067811865477,29.0,0.27586206896551724,medium,4.8180943214629455,4.2007427440961616,4.815934065934066,2.37332953137807,0.1742448188390449,0.8597071327350024,1.3755314123760038,0.1840659340659343,8.0,1,5.381715191474939,0.0,5.381715191474939,-2.618284808525061,2.618284808525061,8.0
2026-04-05,lunch,4,18,10.0,4.0,2026-04-06 04:00:00+03:00,0,4,0,23.0,14.0,11.0,12.285714285714286,5.154748157905378,23.0,0.0,0.0,0.0,1.7311827956989245,12.0,1.2246467991473532e-16,-1.0,29.0,0.3448275862068966,medium,6.109124254928932,5.453053535091321,11.975206611570249,6.953431693708665,0.27885867315263196,1.7726114649681528,1.7726114649681528,11.024793388429751,20.0,0,12.617881156298054,0.0,12.617881156298054,2.617881156298054,2.617881156298054,8.0
2026-02-21,late_evening,7,130,3.0,2.0,2026-02-22 07:00:00+03:00,6,2,1,1.0,0.0,2.0,0.5714285714285714,0.7867957924694432,2.0,0.0,0.0,0.0,0.6363636363636364,-1.0,-0.7071067811865477,0.7071067811865474,9.0,0.3333333333333333,low,0.2508250825082508,0.5792332445185113,0.0989010989010989,0.3080175679203208,0.04986263736263736,0.9099999999999999,1.8199999999999998,0.9010989010989011,0.0,1,0.3853680520699235,0.0,0.3853680520699235,-2.6146319479300764,2.6146319479300764,1.0
2026-04-08,lunch,4,51,8.0,4.0,2026-04-09 04:00:00+03:00,3,4,0,4.0,9.0,4.0,4.0,3.5118845842842457,9.0,0.0,0.0,0.0,0.8,0.0,1.2246467991473532e-16,-1.0,9.0,0.8888888888888888,medium,1.2346189164370982,1.9411542453345536,3.366391184573003,3.016652663808964,0.30939109132217385,0.9160883280757098,2.061198738170347,0.6336088154269972,7.0,1,5.398850169078542,0.0,5.398850169078542,-2.6011498309214582,2.6011498309214582,8.0
2026-02-01,lunch,4,37,15.0,4.0,2026-02-02 04:00:00+03:00,0,2,0,9.0,7.0,10.0,11.714285714285714,4.386125310350247,19.0,0.0,0.0,0.0,0.7078651685393259,-1.0,1.2246467991473532e-16,-1.0,26.0,0.5769230769230769,medium,4.2158570119156735,4.037725090920908,10.324175824175825,3.792027032582001,0.4077077915187296,0.7947598253275109,1.677826297913634,-1.3241758241758248,15.0,1,12.400047706116428,0.0,12.400047706116428,-2.5999522938835717,2.5999522938835717,8.0
2026-04-10,afternoon,5,290,3.0,3.0,2026-04-11 05:00:00+03:00,5,4,1,2.0,0.0,0.0,0.5714285714285714,0.9759000729485333,2.0,0.0,0.0,0.0,1.2727272727272727,2.0,-0.7071067811865475,-0.7071067811865477,4.0,0.75,low,0.15548539857932123,0.428422817977247,0.17034700315457413,0.42397031567652377,0.12523659305993692,1.7088948787061995,1.7088948787061995,1.8296529968454258,1.0,1,0.4002931516388543,0.0,0.4002931516388543,-2.5997068483611456,2.5997068483611456,1.0
2026-01-26,morning,3,18,8.0,2.0,2026-01-27 03:00:00+03:00,1,1,0,8.0,15.0,8.0,8.571428571428571,4.649628761422531,15.0,0.0,0.0,0.0,0.835820895522388,0.0,0.7071067811865476,-0.7071067811865475,31.0,0.25806451612903225,medium,6.109124254928932,5.453053535091321,6.545454545454546,4.194181710535974,0.15181598308203162,1.0602409638554215,1.9879518072289155,1.4545454545454541,12.0,0,5.400780696976348,0.0,5.400780696976348,-2.599219303023652,2.599219303023652,8.0
2026-04-05,afternoon,5,142,8.0,3.0,2026-04-06 05:00:00+03:00,0,4,0,6.0,2.0,5.0,5.428571428571429,1.902379462422684,7.0,0.0,0.0,0.0,0.9333333333333333,1.0,-0.7071067811865475,-0.7071067811865477,33.0,0.24242424242424243,medium,4.23006416131989,3.624165403205612,4.46978021978022,2.300238089495953,0.17717440952700472,1.0969362129583125,1.279758915118031,1.5302197802197801,8.0,1,5.406370693329824,0.0,5.406370693329824,-2.5936293066701763,2.5936293066701763,8.0
2026-03-08,lunch,4,100,3.0,4.0,2026-03-09 04:00:00+03:00,0,3,0,2.0,1.0,0.0,0.7142857142857143,0.7559289460184545,2.0,0.0,0.0,0.0,1.1666666666666665,2.0,1.2246467991473532e-16,-1.0,3.0,1.0,low,0.2676290949472515,0.6096459702316419,0.35555555555555557,0.6891294594971006,0.1685846560846561,1.4754098360655736,1.4754098360655736,1.6444444444444444,1.0,1,0.41405660252222765,0.0,0.41405660252222765,-2.5859433974777724,2.5859433974777724,1.0
2026-02-17,lunch,4,37,14.0,4.0,2026-02-18 04:00:00+03:00,2,2,0,10.0,14.0,13.0,12.285714285714286,4.535573676110701,21.0,0.0,0.0,0.0,0.7526881720430108,-3.0,1.2246467991473532e-16,-1.0,26.0,0.5384615384615384,medium,4.2158570119156735,4.037725090920908,10.324175824175825,3.792027032582001,0.4077077915187296,0.8830664725861231,1.8544395924308588,-0.3241758241758248,15.0,0,11.41535509731847,0.0,11.41535509731847,-2.5846449026815304,2.5846449026815304,8.0
2026-04-08,dinner,6,131,3.0,3.0,2026-04-09 06:00:00+03:00,3,4,0,0.0,1.0,0.0,0.7142857142857143,1.1126972805283737,3.0,0.0,0.0,0.0,0.0,0.0,-1.0,-1.8369701987210297e-16,3.0,1.0,low,0.15359926639156352,0.44800487677495243,0.3021978021978022,0.586247913782121,0.180690737833595,0.0,2.3037974683544302,-0.3021978021978022,1.0,1,0.4174721043950005,0.0,0.4174721043950005,-2.5825278956049997,2.5825278956049997,1.0
2026-01-25,lunch,4,127,8.0,4.0,2026-01-26 04:00:00+03:00,0,1,0,4.0,6.0,8.0,5.428571428571429,2.760262237369417,10.0,0.0,0.0,0.0,0.6222222222222222,-4.0,1.2246467991473532e-16,-1.0,14.0,0.5714285714285714,medium,2.0341846758349704,2.214697362554381,5.173076923076923,2.386888054266103,0.35943689780549043,0.6479750778816199,1.6199376947040498,-1.1730769230769234,8.0,1,5.420068757537918,0.0,5.420068757537918,-2.5799312424620817,2.5799312424620817,8.0
2026-02-11,lunch,4,10,23.0,4.0,2026-02-12 04:00:00+03:00,3,2,0,24.0,28.0,25.0,19.285714285714285,7.387247699341657,28.0,0.0,0.0,0.0,1.1830985915492958,-1.0,1.2246467991473532e-16,-1.0,52.0,0.4423076923076923,high,6.580926180651078,5.576694893105304,15.826446280991735,5.457537267559647,0.3959618663932895,1.4263261296660117,1.6640471512770139,8.173553719008265,23.0,1,20.421567516404306,0.0,20.421567516404306,-2.5784324835956944,2.5784324835956944,22.0
2026-03-20,lunch,4,1,8.0,4.0,2026-03-21 04:00:00+03:00,5,3,1,10.0,10.0,9.0,8.857142857142858,1.7728105208558211,10.0,0.0,0.0,0.0,1.0144927536231882,1.0,1.2246467991473532e-16,-1.0,17.0,0.47058823529411764,medium,4.8180943214629455,4.2007427440961616,11.460055096418733,4.104360569877324,0.41188275422050785,0.8025646694671678,0.8025646694671678,-1.460055096418733,17.0,0,10.574992777974654,0.0,10.574992777974654,2.5749927779746535,2.5749927779746535,8.0
2026-03-05,afternoon,5,18,11.0,3.0,2026-03-06 05:00:00+03:00,4,3,0,8.0,6.0,6.0,6.285714285714286,2.2146697055682854,9.0,0.0,0.0,0.0,1.0980392156862746,2.0,-0.7071067811865475,-0.7071067811865477,37.0,0.2972972972972973,medium,6.109124254928932,5.453053535091321,6.892857142857143,3.904091739459271,0.17091446361139118,1.0135746606334841,1.1402714932126696,1.1071428571428568,12.0,0,8.42520899910861,0.0,8.42520899910861,-2.5747910008913895,2.5747910008913895,8.0
2026-02-25,lunch,4,37,13.0,4.0,2026-02-26 04:00:00+03:00,3,2,0,5.0,7.0,17.0,8.571428571428571,4.314979445958883,17.0,0.0,0.0,0.0,0.5223880597014926,-12.0,1.2246467991473532e-16,-1.0,24.0,0.5416666666666666,medium,4.2158570119156735,4.037725090920908,10.324175824175825,3.792027032582001,0.4077077915187296,0.44153323629306157,1.5012130033964095,-5.324175824175825,15.0,0,10.425773008809902,0.0,10.425773008809902,-2.5742269911900983,2.5742269911900983,8.0
2026-04-08,lunch,4,100,3.0,4.0,2026-04-09 04:00:00+03:00,3,4,0,0.0,0.0,0.0,0.2857142857142857,0.4879500364742666,1.0,0.0,0.0,0.0,0.0,0.0,1.2246467991473532e-16,-1.0,3.0,1.0,low,0.2676290949472515,0.6096459702316419,0.35555555555555557,0.6891294594971006,0.1685846560846561,0.0,0.7377049180327868,-0.35555555555555557,1.0,1,0.4326937645664787,0.0,0.4326937645664787,-2.5673062354335214,2.5673062354335214,1.0
2026-03-14,lunch,4,123,23.0,4.0,2026-03-15 04:00:00+03:00,6,3,1,14.0,27.0,14.0,25.857142857142858,8.783100656536813,37.0,0.0,0.0,0.0,0.5212765957446809,0.0,1.2246467991473532e-16,-1.0,36.0,0.6388888888888888,high,9.529330889092575,10.038386270221814,26.01923076923077,8.949331720839782,0.4426367956090107,0.5181494661921708,1.3693950177935943,-12.01923076923077,36.0,0,20.43812533627374,0.0,20.43812533627374,-2.561874663726261,2.561874663726261,22.0
2026-03-30,afternoon,5,140,3.0,3.0,2026-03-31 05:00:00+03:00,1,3,0,0.0,0.0,1.0,0.2857142857142857,0.4879500364742667,1.0,0.0,0.0,0.0,0.0,-1.0,-0.7071067811865475,-0.7071067811865477,6.0,0.5,low,0.26666666666666666,0.5867246021995556,0.30494505494505497,0.6410027846862126,0.14722440258154545,0.0,0.7663157894736842,-0.30494505494505497,1.0,1,0.4418476919096267,0.0,0.4418476919096267,-2.5581523080903734,2.5581523080903734,1.0
2026-02-19,lunch,4,127,9.0,4.0,2026-02-20 04:00:00+03:00,4,2,0,8.0,3.0,4.0,5.0,1.9148542155126747,8.0,0.0,0.0,0.0,1.3333333333333333,4.0,1.2246467991473532e-16,-1.0,18.0,0.5,medium,2.0341846758349704,2.214697362554381,5.173076923076923,2.386888054266103,0.35943689780549043,1.2959501557632398,1.2959501557632398,2.8269230769230766,8.0,1,6.45565512509302,0.0,6.45565512509302,-2.5443448749069804,2.5443448749069804,8.0
2026-03-20,lunch,4,131,3.0,4.0,2026-03-21 04:00:00+03:00,5,3,1,1.0,0.0,0.0,0.2857142857142857,0.48795003647426677,1.0,0.0,0.0,0.0,0.7777777777777779,1.0,1.2246467991473532e-16,-1.0,5.0,0.6,low,0.15359926639156352,0.44800487677495243,0.22038567493112948,0.5105763886373953,0.13859372950282042,0.8194130925507901,0.8194130925507901,0.7796143250688705,1.0,1,0.4559648787057082,0.0,0.4559648787057082,-2.544035121294292,2.544035121294292,1.0
2026-04-10,lunch,4,41,3.0,4.0,2026-04-11 04:00:00+03:00,5,4,1,3.0,0.0,0.0,0.42857142857142855,1.1338934190276817,3.0,0.0,0.0,0.0,2.1,3.0,1.2246467991473532e-16,-1.0,11.0,0.2727272727272727,low,0.045242537313432835,0.2561529104331575,0.09523809523809523,0.42651548953624097,0.057156195811658,2.7391304347826084,2.7391304347826084,2.9047619047619047,0.0,1,0.4619887693918562,0.0,0.4619887693918562,-2.5380112306081437,2.5380112306081437,1.0
2026-02-04,lunch,4,99,38.0,4.0,2026-02-05 04:00:00+03:00,3,2,0,28.0,40.0,41.0,39.42857142857143,5.855400437691133,47.0,0.0,0.0,0.0,0.6925795053003533,-13.0,1.2246467991473532e-16,-1.0,116.0,0.3275862068965517,mega,17.65933202357564,12.423628976413019,40.497252747252745,7.979484240247015,0.3282854062396855,0.6747434624296591,1.132605097649785,-12.497252747252745,50.0,0,40.634645988391064,-0.09877538328248103,40.535870605108585,2.5358706051085846,2.5358706051085846,35.0
2026-02-23,lunch,4,8,35.0,4.0,2026-02-24 04:00:00+03:00,1,2,0,29.0,30.0,39.0,34.142857142857146,5.5205244747388615,44.0,0.0,0.0,0.0,0.8252032520325202,-10.0,1.2246467991473532e-16,-1.0,114.0,0.30701754385964913,mega,14.99803536345776,11.147682695162223,34.80494505494506,8.197821234921355,0.33131290749065806,0.8099439883372975,1.2288805340290032,-5.804945054945058,44.0,0,37.61617150098156,-0.0853879645489625,37.530783536432594,2.530783536432594,2.530783536432594,35.0
2026-02-24,dinner,6,139,3.0,3.0,2026-02-25 06:00:00+03:00,2,2,0,1.0,4.0,1.0,1.7142857142857142,1.3801311186847083,4.0,0.0,0.0,0.0,0.3684210526315789,0.0,-1.0,-1.8369701987210297e-16,4.0,0.75,low,0.28473177441540576,0.657489566091835,0.37637362637362637,0.6750916949999366,0.20111064530707387,0.7265469061876247,2.906187624750499,0.6236263736263736,1.0,1,0.4713023127402824,0.0,0.4713023127402824,-2.5286976872597178,2.5286976872597178,1.0
2026-03-15,lunch,4,1,9.0,4.0,2026-03-16 04:00:00+03:00,0,3,0,5.0,9.0,6.0,8.0,2.1602468994692687,11.0,0.0,0.0,0.0,0.5555555555555556,-1.0,1.2246467991473532e-16,-1.0,22.0,0.4090909090909091,medium,4.8180943214629455,4.2007427440961616,11.460055096418733,4.104360569877324,0.41188275422050785,0.4012823347335839,0.8828211364138846,-6.460055096418733,17.0,0,11.520722944299594,0.0,11.520722944299594,2.520722944299594,2.520722944299594,8.0
2026-02-07,lunch,4,20,10.0,4.0,2026-02-08 04:00:00+03:00,6,2,1,9.0,7.0,17.0,7.0,4.999999999999998,17.0,0.0,0.0,0.0,1.125,-8.0,1.2246467991473532e-16,-1.0,29.0,0.3448275862068966,medium,5.7518037518037515,4.597145761347301,11.222527472527473,4.769905450006113,0.33908490601013946,0.7363452461227242,1.390874353787368,-2.2225274725274726,17.0,0,12.519352523915869,0.0,12.519352523915869,2.5193525239158685,2.5193525239158685,8.0
2026-02-02,lunch,4,123,26.0,4.0,2026-02-03 04:00:00+03:00,1,2,0,25.0,15.0,36.0,26.571428571428573,7.934253648099554,36.0,0.0,0.0,0.0,0.9067357512953368,-11.0,1.2246467991473532e-16,-1.0,53.0,0.49056603773584906,high,9.529330889092575,10.038386270221814,26.01923076923077,8.949331720839782,0.4426367956090107,0.9252669039145908,1.3323843416370107,-1.01923076923077,36.0,0,28.518036312401538,0.0,28.518036312401538,2.518036312401538,2.518036312401538,22.0
2026-02-14,lunch,4,1,9.0,4.0,2026-02-15 04:00:00+03:00,6,2,1,12.0,15.0,9.0,12.285714285714286,1.8898223650461408,15.0,0.0,0.0,0.0,0.9032258064516129,3.0,1.2246467991473532e-16,-1.0,17.0,0.5294117647058824,medium,4.8180943214629455,4.2007427440961616,11.460055096418733,4.104360569877324,0.41188275422050785,0.9630776033606013,1.2038470042007516,0.5399449035812669,17.0,0,11.517935568938068,0.0,11.517935568938068,2.517935568938068,2.517935568938068,8.0
2026-02-21,lunch,4,30,36.0,4.0,2026-02-22 04:00:00+03:00,6,2,1,25.0,27.0,40.0,29.285714285714285,7.087883692477989,40.0,0.0,0.0,0.0,0.8254716981132075,-15.0,1.2246467991473532e-16,-1.0,96.0,0.375,mega,13.703483043079743,8.347813742646773,27.502747252747252,6.67320559196118,0.33448548715889054,0.8771084337349397,1.4033734939759037,-2.502747252747252,35.69999999999999,1,33.61849114844268,-0.13448192643930876,33.48400922200337,-2.5159907779966275,2.5159907779966275,35.0
2026-03-17,dinner,6,142,8.0,3.0,2026-03-18 06:00:00+03:00,2,3,0,8.0,3.0,4.0,5.714285714285714,2.811540841738192,11.0,0.0,0.0,0.0,1.1914893617021276,4.0,-1.0,-1.8369701987210297e-16,31.0,0.25806451612903225,medium,4.23006416131989,3.624165403205612,4.071428571428571,2.0410004414615983,0.1673292966383502,1.5774647887323945,2.1690140845070425,3.928571428571429,7.0,1,5.484690299511878,0.0,5.484690299511878,-2.515309700488122,2.515309700488122,8.0
2026-02-04,lunch,4,126,29.0,4.0,2026-02-05 04:00:00+03:00,3,2,0,26.0,21.0,22.0,22.714285714285715,1.9760470401186896,26.0,0.0,0.0,0.0,1.0963855421686746,4.0,1.2246467991473532e-16,-1.0,67.0,0.43283582089552236,high,8.943396226415095,8.296270027256874,23.39669421487603,7.377896665537009,0.36997738876250647,1.065718157181572,1.065718157181572,2.6033057851239683,33.0,0,26.48494393364446,0.0,26.48494393364446,-2.515056066355541,2.515056066355541,22.0
2026-04-12,lunch,4,2,24.0,4.0,2026-04-13 04:00:00+03:00,0,4,0,15.0,20.0,17.0,21.571428571428573,4.466808810815715,27.0,0.0,0.0,0.0,0.6645569620253164,-2.0,1.2246467991473532e-16,-1.0,75.0,0.32,high,7.919532324621733,6.1652836583747,19.313186813186814,5.6393678951648205,0.3040886563507092,0.7384365701920476,1.3291858263456857,-4.313186813186814,26.0,0,21.486298629813167,0.0,21.486298629813167,-2.5137013701868334,2.5137013701868334,22.0
2026-02-01,afternoon,5,135,3.0,3.0,2026-02-02 05:00:00+03:00,0,2,0,0.0,0.0,2.0,1.7142857142857142,2.0586634591635518,5.0,0.0,0.0,0.0,0.0,-2.0,-0.7071067811865475,-0.7071067811865477,3.0,1.0,low,0.18659295093296477,0.8339361180545659,0.1712707182320442,0.5402913327942227,0.07778319430903116,0.0,4.268867924528301,-0.1712707182320442,1.0,1,0.4953894392245232,0.0,0.4953894392245232,-2.5046105607754767,2.5046105607754767,1.0
2026-02-06,lunch,4,54,8.0,4.0,2026-02-07 04:00:00+03:00,5,2,1,7.0,7.0,14.0,10.0,3.4156502553198647,14.0,0.0,0.0,0.0,0.6363636363636364,-7.0,1.2246467991473532e-16,-1.0,40.0,0.2,medium,2.1353135313531353,2.313692209602312,2.9917355371900825,2.2193120273223412,0.28604169726316175,1.7536231884057971,3.5072463768115942,4.008264462809917,6.0,1,5.496576552710614,0.0,5.496576552710614,-2.5034234472893857,2.5034234472893857,8.0
2026-02-04,lunch,4,37,15.0,4.0,2026-02-05 04:00:00+03:00,3,2,0,18.0,17.0,14.0,12.571428571428571,4.5039665058383855,18.0,0.0,0.0,0.0,1.3263157894736843,4.0,1.2246467991473532e-16,-1.0,33.0,0.45454545454545453,medium,4.2158570119156735,4.037725090920908,10.324175824175825,3.792027032582001,0.4077077915187296,1.5895196506550218,1.5895196506550218,7.675824175824175,15.0,1,12.498177605769362,0.0,12.498177605769362,-2.501822394230638,2.501822394230638,8.0
2026-03-08,dinner,6,296,3.0,3.0,2026-03-09 06:00:00+03:00,0,3,0,0.0,0.0,0.0,0.5714285714285714,0.7867957924694431,2.0,0.0,0.0,0.0,0.0,0.0,-1.0,-1.8369701987210297e-16,4.0,0.75,low,0.33933933933933935,0.6683904316040283,0.572347266881029,0.8114546605408546,0.2756341550553769,0.0,1.2719836400817996,-0.572347266881029,2.0,1,0.49843433563694806,0.0,0.49843433563694806,-2.501565664363052,2.501565664363052,1.0
2026-03-17,lunch,4,37,12.0,4.0,2026-03-18 04:00:00+03:00,2,3,0,4.0,7.0,8.0,6.714285714285714,2.13808993529942,10.0,0.0,0.0,0.0,0.5185185185185185,-4.0,1.2246467991473532e-16,-1.0,25.0,0.48,medium,4.2158570119156735,4.037725090920908,10.324175824175825,3.792027032582001,0.4077077915187296,0.35322658903444926,0.8830664725861231,-6.324175824175825,15.0,0,9.500385635161214,0.0,9.500385635161214,-2.499614364838786,2.499614364838786,8.0
2026-03-16,lunch,4,99,38.0,4.0,2026-03-17 04:00:00+03:00,1,3,0,41.0,40.0,27.0,34.714285714285715,7.846746368491014,44.0,0.0,0.0,0.0,1.148,14.0,1.2246467991473532e-16,-1.0,94.0,0.40425531914893614,mega,17.65933202357564,12.423628976413019,40.497252747252745,7.979484240247015,0.3282854062396855,0.9880172128434294,1.0603111552466071,0.5027472527472554,50.0,0,40.83624106472435,-0.3434983360185728,40.49274272870578,2.492742728705778,2.492742728705778,35.0
2026-02-19,lunch,4,123,29.0,4.0,2026-02-20 04:00:00+03:00,4,2,0,29.0,40.0,29.0,30.285714285714285,8.179533110438634,40.0,0.0,0.0,0.0,0.9269406392694064,0.0,1.2246467991473532e-16,-1.0,55.0,0.5272727272727272,high,9.529330889092575,10.038386270221814,26.01923076923077,8.949331720839782,0.4426367956090107,1.0733096085409253,1.480427046263345,2.98076923076923,36.0,0,31.489535836737502,0.0,31.489535836737502,2.4895358367375024,2.4895358367375024,22.0
2026-01-26,afternoon,5,122,3.0,3.0,2026-01-27 05:00:00+03:00,1,1,0,0.0,0.0,0.0,0.2857142857142857,0.48795003647426666,1.0,0.0,0.0,0.0,0.0,0.0,-0.7071067811865475,-0.7071067811865477,4.0,0.75,low,0.2953795379537954,0.5918085059504988,0.38186813186813184,0.6678783678510125,0.18343799058084773,0.0,0.7236580516898609,-0.38186813186813184,1.0,1,0.5147241729388252,0.0,0.5147241729388252,-2.485275827061175,2.485275827061175,1.0
2026-04-09,afternoon,5,140,3.0,3.0,2026-04-10 05:00:00+03:00,4,4,0,0.0,0.0,0.0,1.0,1.9148542155126764,5.0,0.0,0.0,0.0,0.0,0.0,-0.7071067811865475,-0.7071067811865477,4.0,0.75,low,0.26666666666666666,0.5867246021995556,0.30494505494505497,0.6410027846862126,0.14722440258154545,0.0,3.831578947368421,-0.30494505494505497,1.0,1,0.5248092717015296,0.0,0.5248092717015296,-2.4751907282984704,2.4751907282984704,1.0
2026-02-17,lunch,4,296,3.0,4.0,2026-02-18 04:00:00+03:00,2,2,0,0.0,0.0,1.0,1.0,1.1547005383792515,3.0,0.0,0.0,0.0,0.0,-1.0,1.2246467991473532e-16,-1.0,6.0,0.5,low,0.33933933933933935,0.6683904316040283,0.4096774193548387,0.6706297280724652,0.20700716845878134,0.0,2.128146453089245,-0.4096774193548387,1.0,1,0.5285056610032718,0.0,0.5285056610032718,-2.4714943389967283,2.4714943389967283,1.0
2026-01-24,lunch,4,20,10.0,4.0,2026-01-25 04:00:00+03:00,6,1,1,17.0,6.0,10.0,7.571428571428571,4.859943170351644,17.0,0.0,0.0,0.0,1.9833333333333334,7.0,1.2246467991473532e-16,-1.0,32.0,0.3125,medium,5.7518037518037515,4.597145761347301,11.222527472527473,4.769905450006113,0.33908490601013946,1.390874353787368,1.390874353787368,5.777472527472527,17.0,0,12.471309494478392,0.0,12.471309494478392,2.471309494478392,2.471309494478392,8.0
2026-02-23,lunch,4,142,14.0,4.0,2026-02-24 04:00:00+03:00,1,2,0,4.0,7.0,10.0,11.714285714285714,7.341986237031639,25.0,0.0,0.0,0.0,0.3146067415730337,-6.0,1.2246467991473532e-16,-1.0,34.0,0.4117647058823529,medium,4.23006416131989,3.624165403205612,9.288461538461538,4.106271337026147,0.360800260700566,0.38878504672897196,2.4299065420560746,-5.288461538461538,14.0,1,11.529471339217592,0.0,11.529471339217592,-2.470528660782408,2.470528660782408,8.0
2026-03-06,morning,3,20,8.0,2.0,2026-03-07 03:00:00+03:00,5,3,1,4.0,2.0,3.0,1.8571428571428572,1.21498579258792,4.0,0.0,0.0,0.0,1.4,1.0,0.7071067811865476,-0.7071067811865475,32.0,0.25,medium,5.7518037518037515,4.597145761347301,5.928374655647383,3.4256659396332876,0.17468658518591648,0.5773359840954274,0.5773359840954274,-1.9283746556473833,11.0,0,5.529719553333491,0.0,5.529719553333491,-2.470280446666509,2.470280446666509,8.0
2026-04-06,dinner,6,38,9.0,3.0,2026-04-07 06:00:00+03:00,1,4,0,6.0,6.0,4.0,6.0,2.3804761428476278,10.0,0.0,0.0,0.0,0.8571428571428571,2.0,-1.0,-1.8369701987210297e-16,19.0,0.47368421052631576,medium,2.3802752293577982,3.6892704924960964,5.818681318681318,3.6499869681766577,0.41647984853532405,0.879935535858179,1.4665592264302982,0.18131868131868156,10.0,0,6.530952629068492,0.0,6.530952629068492,-2.4690473709315084,2.4690473709315084,8.0
2026-04-07,afternoon,5,130,3.0,3.0,2026-04-08 05:00:00+03:00,2,4,0,0.0,1.0,0.0,1.0,0.8164965809277263,2.0,0.0,0.0,0.0,0.0,0.0,-0.7071067811865475,-0.7071067811865477,6.0,0.5,low,0.2508250825082508,0.5792332445185113,0.3269230769230769,0.6682408834874293,0.1565410779696494,0.0,1.5072463768115942,-0.3269230769230769,1.0,1,0.5373416769680049,0.0,0.5373416769680049,-2.462658323031995,2.462658323031995,1.0
2026-02-14,afternoon,5,121,3.0,3.0,2026-02-15 05:00:00+03:00,6,2,1,0.0,1.0,0.0,0.42857142857142855,0.7867957924694432,2.0,0.0,0.0,0.0,0.0,0.0,-0.7071067811865475,-0.7071067811865477,4.0,0.75,low,0.2002200220022002,0.4993776600188691,0.2774725274725275,0.5221677498877112,0.1797684458398744,0.0,1.5655913978494624,-0.2774725274725275,1.0,1,0.5433056197363415,0.0,0.5433056197363415,-2.4566943802636585,2.4566943802636585,1.0
2026-04-09,lunch,4,6,25.0,4.0,2026-04-10 04:00:00+03:00,4,4,0,28.0,29.0,18.0,25.428571428571427,6.078847008469746,35.0,0.0,0.0,0.0,1.0594594594594595,10.0,1.2246467991473532e-16,-1.0,98.0,0.25510204081632654,high,10.223521320495186,7.858411454975636,25.560439560439562,7.174655102463964,0.31008066999141487,1.0541994207695489,1.3177492759619363,2.439560439560438,34.0,0,27.451125417285137,0.0,27.451125417285137,2.4511254172851373,2.4511254172851373,22.0
2026-03-29,opening,1,479,9.0,2.0,2026-03-30 01:00:00+03:00,0,3,0,4.0,4.0,11.0,8.857142857142858,3.5321651258386115,13.0,0.0,0.0,0.0,0.40579710144927533,-7.0,0.7071067811865475,0.7071067811865476,23.0,0.391304347826087,medium,4.030946702068614,7.26952048693661,4.4715430016863404,7.26952048693661,0.08346337542980571,0.731055206687984,2.375929421735948,-0.47154300168634045,12.0,0,6.552825697946575,0.0,6.552825697946575,-2.4471743020534253,2.4471743020534253,8.0
2026-01-25,deep_night,0,5,8.0,6.0,2026-01-26 00:00:00+03:00,0,1,0,10.0,4.0,4.0,5.857142857142857,3.670993118515811,10.0,0.0,0.0,0.0,1.4583333333333335,6.0,0.0,1.0,28.0,0.2857142857142857,medium,2.9972480220158237,3.8581158362573085,6.641873278236915,3.8434286050947764,0.26561273337851327,1.3085796683489546,1.3085796683489546,3.3581267217630852,11.0,0,5.5554951997824595,0.0,5.5554951997824595,-2.4445048002175405,2.4445048002175405,8.0
