location_id,segment_datetime,segment,time_segment,segment_start_hour,orders_count,prediction,error,abs_error,peak_threshold
443,2026-04-06 11:00:00+03:00,low,lunch,11,44.0,2.071299353041271,-41.92870064695873,41.92870064695873,1.0
69,2026-02-19 11:00:00+03:00,mega,lunch,11,71.0,46.80958282411024,-24.190417175889763,24.190417175889763,49.0
69,2026-02-20 11:00:00+03:00,mega,lunch,11,73.0,52.45211167800265,-20.54788832199735,20.54788832199735,49.0
69,2026-02-20 18:00:00+03:00,mega,dinner,18,53.0,32.53910556446706,-20.460894435532943,20.460894435532943,49.0
443,2026-04-09 11:00:00+03:00,low,lunch,11,27.0,7.326972017876976,-19.673027982123024,19.673027982123024,1.0
69,2026-03-09 11:00:00+03:00,mega,lunch,11,72.0,52.875423493781334,-19.124576506218666,19.124576506218666,49.0
7,2026-02-25 00:00:00+03:00,high,deep_night,0,30.0,11.222276930698655,-18.777723069301345,18.777723069301345,30.0
8,2026-02-12 11:00:00+03:00,high,lunch,11,56.0,37.24105321512622,-18.75894678487378,18.75894678487378,30.0
16,2026-04-11 11:00:00+03:00,medium,lunch,11,26.0,7.434662055661264,-18.565337944338737,18.565337944338737,14.0
2,2026-02-24 11:00:00+03:00,high,lunch,11,35.0,16.649301215938877,-18.350698784061123,18.350698784061123,30.0
69,2026-02-13 11:00:00+03:00,mega,lunch,11,62.0,43.93587845738113,-18.06412154261887,18.06412154261887,49.0
69,2026-03-06 11:00:00+03:00,mega,lunch,11,68.0,50.22044827319945,-17.77955172680055,17.77955172680055,49.0
69,2026-04-05 11:00:00+03:00,mega,lunch,11,76.0,58.57166684719693,-17.42833315280307,17.42833315280307,49.0
8,2026-02-24 15:00:00+03:00,high,afternoon,15,36.0,18.831756937402613,-17.168243062597387,17.168243062597387,30.0
35,2026-03-19 15:00:00+03:00,high,afternoon,15,33.0,16.326092553290692,-16.673907446709308,16.673907446709308,30.0
69,2026-02-17 11:00:00+03:00,mega,lunch,11,60.0,43.529576656750045,-16.470423343249955,16.470423343249955,49.0
69,2026-03-29 11:00:00+03:00,mega,lunch,11,50.0,66.1168168826284,16.1168168826284,16.1168168826284,49.0
54,2026-02-22 15:00:00+03:00,medium,afternoon,15,22.0,6.4886525986295265,-15.511347401370474,15.511347401370474,14.0
16,2026-02-13 11:00:00+03:00,medium,lunch,11,23.0,7.629609145157792,-15.370390854842208,15.370390854842208,14.0
10,2026-02-03 11:00:00+03:00,medium,lunch,11,34.0,18.867138576017332,-15.132861423982668,15.132861423982668,14.0
54,2026-02-15 18:00:00+03:00,medium,dinner,18,22.0,7.123466279115044,-14.876533720884957,14.876533720884957,14.0
69,2026-03-04 18:00:00+03:00,mega,dinner,18,49.0,34.14648123113705,-14.853518768862948,14.853518768862948,49.0
29,2026-01-25 15:00:00+03:00,high,afternoon,15,31.0,16.297367612891733,-14.702632387108267,14.702632387108267,30.0
128,2026-01-27 11:00:00+03:00,high,lunch,11,35.0,20.375028048699804,-14.624971951300196,14.624971951300196,30.0
69,2026-03-04 11:00:00+03:00,mega,lunch,11,65.0,50.57412539700751,-14.425874602992486,14.425874602992486,49.0
69,2026-03-07 11:00:00+03:00,mega,lunch,11,73.0,58.76005349583021,-14.239946504169787,14.239946504169787,49.0
14,2026-03-08 09:00:00+03:00,medium,morning,9,22.0,7.875750793808365,-14.124249206191635,14.124249206191635,14.0
16,2026-02-28 11:00:00+03:00,medium,lunch,11,18.0,4.017869590746013,-13.982130409253987,13.982130409253987,14.0
69,2026-03-05 11:00:00+03:00,mega,lunch,11,55.0,41.02591423630107,-13.97408576369893,13.97408576369893,49.0
16,2026-02-23 11:00:00+03:00,medium,lunch,11,20.0,6.168412619582556,-13.831587380417444,13.831587380417444,14.0
126,2026-02-19 11:00:00+03:00,high,lunch,11,41.0,27.227738168816195,-13.772261831183805,13.772261831183805,30.0
16,2026-04-09 11:00:00+03:00,medium,lunch,11,18.0,4.271550724998455,-13.728449275001545,13.728449275001545,14.0
123,2026-04-09 11:00:00+03:00,medium,lunch,11,43.0,29.276291342313026,-13.723708657686974,13.723708657686974,14.0
69,2026-02-27 11:00:00+03:00,mega,lunch,11,64.0,50.32855312208082,-13.67144687791918,13.67144687791918,49.0
29,2026-02-23 15:00:00+03:00,high,afternoon,15,32.0,18.422190498116755,-13.577809501883245,13.577809501883245,30.0
2,2026-02-17 11:00:00+03:00,high,lunch,11,34.0,20.72570739570888,-13.27429260429112,13.27429260429112,30.0
434,2026-03-08 09:00:00+03:00,medium,morning,9,23.0,9.76515037117764,-13.23484962882236,13.23484962882236,14.0
128,2026-03-11 18:00:00+03:00,high,dinner,18,30.0,16.915674537920175,-13.084325462079825,13.084325462079825,30.0
99,2026-03-07 11:00:00+03:00,mega,lunch,11,54.0,40.996759468918334,-13.003240531081666,13.003240531081666,49.0
443,2026-04-07 11:00:00+03:00,low,lunch,11,2.0,14.983530687110253,12.983530687110253,12.983530687110253,1.0
54,2026-04-11 11:00:00+03:00,medium,lunch,11,20.0,7.120584664095302,-12.879415335904698,12.879415335904698,14.0
7,2026-03-07 11:00:00+03:00,high,lunch,11,38.0,25.154909258227356,-12.845090741772644,12.845090741772644,30.0
35,2026-04-05 11:00:00+03:00,high,lunch,11,46.0,33.160350309025716,-12.839649690974284,12.839649690974284,30.0
16,2026-02-12 18:00:00+03:00,medium,dinner,18,17.0,4.216132286334222,-12.783867713665778,12.783867713665778,14.0
99,2026-02-13 11:00:00+03:00,mega,lunch,11,54.0,41.26759465840941,-12.732405341590592,12.732405341590592,49.0
8,2026-01-27 11:00:00+03:00,high,lunch,11,30.0,42.6364345455328,12.6364345455328,12.6364345455328,30.0
516,2026-04-12 11:00:00+03:00,low,lunch,11,2.0,14.623765057536785,12.623765057536785,12.623765057536785,1.0
54,2026-02-14 18:00:00+03:00,medium,dinner,18,19.0,6.415491644139383,-12.584508355860617,12.584508355860617,14.0
6,2026-01-27 11:00:00+03:00,high,lunch,11,35.0,22.484029740884058,-12.515970259115942,12.515970259115942,30.0
4,2026-03-06 11:00:00+03:00,high,lunch,11,42.0,29.577029763169524,-12.422970236830476,12.422970236830476,30.0
9,2026-02-08 11:00:00+03:00,medium,lunch,11,25.0,12.585154998799231,-12.414845001200769,12.414845001200769,14.0
16,2026-02-10 18:00:00+03:00,medium,dinner,18,15.0,2.592203450050297,-12.407796549949703,12.407796549949703,14.0
16,2026-04-07 15:00:00+03:00,medium,afternoon,15,16.0,3.7142148552105785,-12.285785144789422,12.285785144789422,14.0
142,2026-02-20 11:00:00+03:00,medium,lunch,11,25.0,12.783369088674924,-12.216630911325076,12.216630911325076,14.0
11,2026-03-22 00:00:00+03:00,medium,deep_night,0,14.0,26.171758404162897,12.171758404162897,12.171758404162897,14.0
54,2026-02-07 15:00:00+03:00,medium,afternoon,15,18.0,5.904188765373547,-12.095811234626453,12.095811234626453,14.0
21,2026-03-08 11:00:00+03:00,high,lunch,11,35.0,22.925371416595283,-12.074628583404717,12.074628583404717,30.0
123,2026-01-27 11:00:00+03:00,medium,lunch,11,36.0,23.98436611737116,-12.01563388262884,12.01563388262884,14.0
29,2026-02-17 18:00:00+03:00,high,dinner,18,31.0,18.985886538116937,-12.014113461883063,12.014113461883063,30.0
47,2026-02-19 11:00:00+03:00,medium,lunch,11,19.0,7.093444098078406,-11.906555901921594,11.906555901921594,14.0
516,2026-04-11 11:00:00+03:00,low,lunch,11,3.0,14.841102071812832,11.841102071812832,11.841102071812832,1.0
99,2026-04-11 11:00:00+03:00,mega,lunch,11,56.0,44.17821158042524,-11.821788419574759,11.821788419574759,49.0
16,2026-04-04 11:00:00+03:00,medium,lunch,11,17.0,5.1880713060387,-11.811928693961299,11.811928693961299,14.0
29,2026-03-03 11:00:00+03:00,high,lunch,11,31.0,42.70736504016269,11.707365040162692,11.707365040162692,30.0
33,2026-03-23 11:00:00+03:00,high,lunch,11,34.0,22.40675018936421,-11.59324981063579,11.59324981063579,30.0
99,2026-01-25 11:00:00+03:00,mega,lunch,11,52.0,40.48667007235025,-11.51332992764975,11.51332992764975,49.0
16,2026-04-07 11:00:00+03:00,medium,lunch,11,18.0,6.532855002018345,-11.467144997981656,11.467144997981656,14.0
69,2026-03-15 11:00:00+03:00,mega,lunch,11,51.0,62.40177424339971,11.401774243399707,11.401774243399707,49.0
69,2026-01-25 11:00:00+03:00,mega,lunch,11,64.0,52.64177685199658,-11.358223148003418,11.358223148003418,49.0
54,2026-03-08 11:00:00+03:00,medium,lunch,11,15.0,3.771225914186461,-11.228774085813539,11.228774085813539,14.0
11,2026-02-22 00:00:00+03:00,medium,deep_night,0,17.0,28.173235977911048,11.173235977911048,11.173235977911048,14.0
36,2026-04-11 11:00:00+03:00,medium,lunch,11,14.0,2.9025912562051097,-11.09740874379489,11.09740874379489,14.0
30,2026-02-14 09:00:00+03:00,high,morning,9,30.0,18.95806152781399,-11.041938472186011,11.041938472186011,30.0
16,2026-04-06 11:00:00+03:00,medium,lunch,11,17.0,6.151798472833756,-10.848201527166244,10.848201527166244,14.0
16,2026-04-10 11:00:00+03:00,medium,lunch,11,18.0,7.203333443706504,-10.796666556293495,10.796666556293495,14.0
434,2026-04-09 18:00:00+03:00,medium,dinner,18,23.0,12.204348597424818,-10.795651402575182,10.795651402575182,14.0
35,2026-04-10 11:00:00+03:00,high,lunch,11,41.0,30.208229135642082,-10.791770864357918,10.791770864357918,30.0
123,2026-03-14 11:00:00+03:00,medium,lunch,11,14.0,24.791716954909614,10.791716954909614,10.791716954909614,14.0
16,2026-04-05 11:00:00+03:00,medium,lunch,11,18.0,7.22918531975621,-10.77081468024379,10.77081468024379,14.0
29,2026-02-16 11:00:00+03:00,high,lunch,11,31.0,41.7566304885429,10.756630488542903,10.756630488542903,30.0
54,2026-01-31 11:00:00+03:00,medium,lunch,11,14.0,3.2586125901801397,-10.741387409819861,10.741387409819861,14.0
54,2026-02-21 18:00:00+03:00,medium,dinner,18,19.0,8.293907448361619,-10.706092551638381,10.706092551638381,14.0
8,2026-03-07 09:00:00+03:00,high,morning,9,31.0,20.307807362724105,-10.692192637275895,10.692192637275895,30.0
11,2026-04-08 00:00:00+03:00,medium,deep_night,0,14.0,24.68833649465695,10.688336494656951,10.688336494656951,14.0
2,2026-02-19 11:00:00+03:00,high,lunch,11,32.0,21.323024492429276,-10.676975507570724,10.676975507570724,30.0
115,2026-02-04 11:00:00+03:00,medium,lunch,11,33.0,22.33406162705702,-10.665938372942978,10.665938372942978,14.0
99,2026-02-21 11:00:00+03:00,mega,lunch,11,55.0,44.42577413434096,-10.574225865659038,10.574225865659038,49.0
35,2026-03-20 11:00:00+03:00,high,lunch,11,39.0,28.45493152508787,-10.545068474912132,10.545068474912132,30.0
9,2026-01-30 18:00:00+03:00,medium,dinner,18,20.0,9.471115399772515,-10.528884600227485,10.528884600227485,14.0
35,2026-02-13 11:00:00+03:00,high,lunch,11,41.0,30.475250890808258,-10.524749109191742,10.524749109191742,30.0
443,2026-03-03 11:00:00+03:00,low,lunch,11,20.0,9.491605684538936,-10.508394315461064,10.508394315461064,1.0
29,2026-02-19 11:00:00+03:00,high,lunch,11,31.0,41.44773489215899,10.44773489215899,10.44773489215899,30.0
7,2026-03-18 11:00:00+03:00,high,lunch,11,36.0,25.554177296674865,-10.445822703325135,10.445822703325135,30.0
12,2026-03-02 11:00:00+03:00,medium,lunch,11,14.0,24.44067174338636,10.44067174338636,10.44067174338636,14.0
7,2026-02-16 11:00:00+03:00,high,lunch,11,37.0,26.567002415916765,-10.432997584083235,10.432997584083235,30.0
10,2026-02-19 11:00:00+03:00,medium,lunch,11,30.0,19.58743719103904,-10.41256280896096,10.41256280896096,14.0
54,2026-04-11 15:00:00+03:00,medium,afternoon,15,18.0,7.611549150589219,-10.38845084941078,10.38845084941078,14.0
54,2026-02-21 15:00:00+03:00,medium,afternoon,15,18.0,7.628909525319113,-10.371090474680887,10.371090474680887,14.0
12,2026-03-19 11:00:00+03:00,medium,lunch,11,14.0,24.323422729013767,10.323422729013767,10.323422729013767,14.0
8,2026-04-08 11:00:00+03:00,high,lunch,11,46.0,35.680945440291914,-10.319054559708086,10.319054559708086,30.0
54,2026-02-09 18:00:00+03:00,medium,dinner,18,16.0,5.682668316689076,-10.317331683310924,10.317331683310924,14.0
29,2026-02-04 11:00:00+03:00,high,lunch,11,30.0,40.26223114200402,10.262231142004019,10.262231142004019,30.0
54,2026-02-16 15:00:00+03:00,medium,afternoon,15,15.0,4.740575031426295,-10.259424968573704,10.259424968573704,14.0
115,2026-01-26 15:00:00+03:00,medium,afternoon,15,20.0,9.772679946882057,-10.227320053117943,10.227320053117943,14.0
10,2026-02-10 11:00:00+03:00,medium,lunch,11,28.0,17.79775239237231,-10.20224760762769,10.20224760762769,14.0
16,2026-04-12 18:00:00+03:00,medium,dinner,18,15.0,4.812757647346653,-10.187242352653346,10.187242352653346,14.0
54,2026-04-04 18:00:00+03:00,medium,dinner,18,14.0,3.8374176276630423,-10.162582372336958,10.162582372336958,14.0
54,2026-04-10 11:00:00+03:00,medium,lunch,11,15.0,4.926139547903897,-10.073860452096103,10.073860452096103,14.0
2,2026-04-02 11:00:00+03:00,high,lunch,11,30.0,19.933000499220476,-10.066999500779524,10.066999500779524,30.0
16,2026-03-09 11:00:00+03:00,medium,lunch,11,15.0,4.975770025941538,-10.024229974058462,10.024229974058462,14.0
54,2026-02-15 11:00:00+03:00,medium,lunch,11,15.0,4.9955679301451905,-10.00443206985481,10.00443206985481,14.0
101,2026-03-01 11:00:00+03:00,medium,lunch,11,28.0,18.00069831166973,-9.99930168833027,9.99930168833027,14.0
69,2026-01-27 11:00:00+03:00,mega,lunch,11,49.0,39.02124551568336,-9.978754484316639,9.978754484316639,49.0
29,2026-03-06 11:00:00+03:00,high,lunch,11,31.0,40.964935254001084,9.964935254001084,9.964935254001084,30.0
16,2026-03-21 11:00:00+03:00,medium,lunch,11,15.0,5.058202859611996,-9.941797140388005,9.941797140388005,14.0
29,2026-01-31 11:00:00+03:00,high,lunch,11,47.0,37.07696554323945,-9.923034456760547,9.923034456760547,30.0
1,2026-04-06 15:00:00+03:00,medium,afternoon,15,15.0,5.079000776826693,-9.920999223173308,9.920999223173308,14.0
16,2026-02-15 11:00:00+03:00,medium,lunch,11,15.0,5.079562292809278,-9.920437707190722,9.920437707190722,14.0
69,2026-02-14 11:00:00+03:00,mega,lunch,11,78.0,68.09009501145148,-9.909904988548519,9.909904988548519,49.0
16,2026-02-22 11:00:00+03:00,medium,lunch,11,15.0,5.181108570470461,-9.81889142952954,9.81889142952954,14.0
35,2026-04-01 11:00:00+03:00,high,lunch,11,38.0,28.189815723463227,-9.810184276536773,9.810184276536773,30.0
7,2026-03-08 11:00:00+03:00,high,lunch,11,36.0,26.248671995964212,-9.751328004035788,9.751328004035788,30.0
115,2026-03-26 11:00:00+03:00,medium,lunch,11,14.0,23.719556836056086,9.719556836056086,9.719556836056086,14.0
11,2026-04-05 00:00:00+03:00,medium,deep_night,0,16.0,25.714896334277807,9.714896334277807,9.714896334277807,14.0
12,2026-03-08 11:00:00+03:00,medium,lunch,11,35.0,25.31032027860871,-9.68967972139129,9.68967972139129,14.0
54,2026-02-14 15:00:00+03:00,medium,afternoon,15,15.0,5.366443824900661,-9.63355617509934,9.63355617509934,14.0
69,2026-02-15 11:00:00+03:00,mega,lunch,11,68.0,58.43074831172696,-9.569251688273042,9.569251688273042,49.0
123,2026-03-08 11:00:00+03:00,medium,lunch,11,14.0,23.56746670942385,9.56746670942385,9.56746670942385,14.0
16,2026-04-12 11:00:00+03:00,medium,lunch,11,17.0,7.468684164493857,-9.531315835506142,9.531315835506142,14.0
16,2026-03-15 11:00:00+03:00,medium,lunch,11,15.0,5.477395454181395,-9.522604545818606,9.522604545818606,14.0
33,2026-02-12 11:00:00+03:00,high,lunch,11,32.0,22.477567653728187,-9.522432346271813,9.522432346271813,30.0
434,2026-04-10 09:00:00+03:00,medium,morning,9,16.0,6.48554960675798,-9.51445039324202,9.51445039324202,14.0
54,2026-02-04 11:00:00+03:00,medium,lunch,11,14.0,4.491626492647677,-9.508373507352323,9.508373507352323,14.0
69,2026-03-28 11:00:00+03:00,mega,lunch,11,52.0,61.49179862624498,9.491798626244979,9.491798626244979,49.0
434,2026-01-27 09:00:00+03:00,medium,morning,9,14.0,4.5145731261594335,-9.485426873840566,9.485426873840566,14.0
33,2026-03-04 11:00:00+03:00,high,lunch,11,32.0,22.53967788383586,-9.46032211616414,9.46032211616414,30.0
443,2026-03-05 11:00:00+03:00,low,lunch,11,1.0,10.44305229301905,9.44305229301905,9.44305229301905,1.0
4,2026-03-23 11:00:00+03:00,high,lunch,11,35.0,25.558158042949,-9.441841957051,9.441841957051,30.0
123,2026-02-16 11:00:00+03:00,medium,lunch,11,38.0,28.588241443035347,-9.411758556964653,9.411758556964653,14.0
11,2026-03-12 00:00:00+03:00,medium,deep_night,0,14.0,23.40509091290002,9.405090912900022,9.405090912900022,14.0
434,2026-03-07 09:00:00+03:00,medium,morning,9,18.0,8.628593239162413,-9.371406760837587,9.371406760837587,14.0
11,2026-02-23 00:00:00+03:00,medium,deep_night,0,31.0,21.631802504782808,-9.368197495217192,9.368197495217192,14.0
12,2026-03-10 11:00:00+03:00,medium,lunch,11,15.0,24.360883267493644,9.360883267493644,9.360883267493644,14.0
20,2026-03-08 09:00:00+03:00,medium,morning,9,16.0,6.642862904094375,-9.357137095905625,9.357137095905625,14.0
115,2026-03-12 11:00:00+03:00,medium,lunch,11,14.0,23.34596649880144,9.345966498801442,9.345966498801442,14.0
35,2026-03-08 09:00:00+03:00,high,morning,9,33.0,23.67844854460262,-9.32155145539738,9.32155145539738,30.0
54,2026-02-08 18:00:00+03:00,medium,dinner,18,16.0,6.689929760361745,-9.310070239638254,9.310070239638254,14.0
8,2026-03-03 11:00:00+03:00,high,lunch,11,30.0,39.30063894777383,9.300638947773827,9.300638947773827,30.0
123,2026-03-28 11:00:00+03:00,medium,lunch,11,15.0,24.277260155569994,9.277260155569994,9.277260155569994,14.0
35,2026-02-27 11:00:00+03:00,high,lunch,11,39.0,29.766969781956554,-9.233030218043446,9.233030218043446,30.0
69,2026-03-13 11:00:00+03:00,mega,lunch,11,57.0,47.778590598347414,-9.221409401652586,9.221409401652586,49.0
35,2026-02-28 11:00:00+03:00,high,lunch,11,39.0,29.786825406727665,-9.213174593272335,9.213174593272335,30.0
11,2026-03-04 00:00:00+03:00,medium,deep_night,0,15.0,24.21202929812247,9.21202929812247,9.21202929812247,14.0
16,2026-02-12 11:00:00+03:00,medium,lunch,11,15.0,5.835158569103799,-9.164841430896201,9.164841430896201,14.0
8,2026-03-05 11:00:00+03:00,high,lunch,11,30.0,39.162603321777055,9.162603321777055,9.162603321777055,30.0
123,2026-03-23 11:00:00+03:00,medium,lunch,11,35.0,25.84691563314794,-9.15308436685206,9.15308436685206,14.0
7,2026-02-19 11:00:00+03:00,high,lunch,11,39.0,29.853618243106276,-9.146381756893724,9.146381756893724,30.0
54,2026-03-13 15:00:00+03:00,medium,afternoon,15,15.0,5.891328709632542,-9.108671290367457,9.108671290367457,14.0
29,2026-03-27 11:00:00+03:00,high,lunch,11,30.0,39.08118848580208,9.08118848580208,9.08118848580208,30.0
12,2026-03-14 11:00:00+03:00,medium,lunch,11,15.0,24.051946152767318,9.051946152767318,9.051946152767318,14.0
29,2026-03-12 11:00:00+03:00,high,lunch,11,33.0,42.03150671245255,9.031506712452547,9.031506712452547,30.0
29,2026-03-08 09:00:00+03:00,high,morning,9,32.0,23.00907201368635,-8.99092798631365,8.99092798631365,30.0
434,2026-02-23 15:00:00+03:00,medium,afternoon,15,21.0,12.036408214852326,-8.963591785147674,8.963591785147674,14.0
8,2026-02-18 11:00:00+03:00,high,lunch,11,30.0,38.94956533835748,8.94956533835748,8.94956533835748,30.0
54,2026-02-08 15:00:00+03:00,medium,afternoon,15,16.0,7.090154015076829,-8.909845984923171,8.909845984923171,14.0
29,2026-04-10 11:00:00+03:00,high,lunch,11,31.0,39.89683241324065,8.896832413240652,8.896832413240652,30.0
11,2026-02-08 00:00:00+03:00,medium,deep_night,0,17.0,25.88801051336135,8.888010513361351,8.888010513361351,14.0
123,2026-04-13 11:00:00+03:00,medium,lunch,11,33.0,24.170243635771595,-8.829756364228405,8.829756364228405,14.0
4,2026-02-09 11:00:00+03:00,high,lunch,11,36.0,27.18028948807555,-8.819710511924448,8.819710511924448,30.0
29,2026-02-26 11:00:00+03:00,high,lunch,11,32.0,40.78023325943056,8.78023325943056,8.78023325943056,30.0
12,2026-02-27 11:00:00+03:00,medium,lunch,11,15.0,23.738973439720922,8.738973439720922,8.738973439720922,14.0
29,2026-02-07 11:00:00+03:00,high,lunch,11,34.0,42.727490286446255,8.727490286446255,8.727490286446255,30.0
6,2026-04-11 11:00:00+03:00,high,lunch,11,31.0,22.305160345181317,-8.694839654818683,8.694839654818683,30.0
54,2026-04-12 11:00:00+03:00,medium,lunch,11,17.0,8.326114633955477,-8.673885366044523,8.673885366044523,14.0
54,2026-02-20 15:00:00+03:00,medium,afternoon,15,14.0,5.326340515011266,-8.673659484988734,8.673659484988734,14.0
11,2026-02-02 00:00:00+03:00,medium,deep_night,0,15.0,23.668976372068858,8.668976372068858,8.668976372068858,14.0
37,2026-02-13 11:00:00+03:00,medium,lunch,11,21.0,12.337715215847409,-8.662284784152591,8.662284784152591,14.0
29,2026-02-13 11:00:00+03:00,high,lunch,11,32.0,40.65151448292833,8.651514482928327,8.651514482928327,30.0
14,2026-02-23 09:00:00+03:00,medium,morning,9,15.0,6.364898196105806,-8.635101803894194,8.635101803894194,14.0
115,2026-03-08 09:00:00+03:00,medium,morning,9,22.0,13.391552416140037,-8.608447583859963,8.608447583859963,14.0
123,2026-02-18 11:00:00+03:00,medium,lunch,11,40.0,31.408398524371588,-8.591601475628412,8.591601475628412,14.0
30,2026-02-19 11:00:00+03:00,high,lunch,11,35.0,26.4308386321936,-8.569161367806402,8.569161367806402,30.0
481,2026-04-11 15:00:00+03:00,low,afternoon,15,1.0,9.55915513479805,8.55915513479805,8.55915513479805,1.0
4,2026-04-09 11:00:00+03:00,high,lunch,11,38.0,29.45411753590927,-8.545882464090731,8.545882464090731,30.0
18,2026-01-29 15:00:00+03:00,medium,afternoon,15,14.0,5.457057037255502,-8.542942962744497,8.542942962744497,14.0
12,2026-03-23 11:00:00+03:00,medium,lunch,11,14.0,22.521231929883296,8.521231929883296,8.521231929883296,14.0
8,2026-01-26 11:00:00+03:00,high,lunch,11,44.0,35.50190805480846,-8.49809194519154,8.49809194519154,30.0
101,2026-01-28 15:00:00+03:00,medium,afternoon,15,16.0,7.529611331730765,-8.470388668269235,8.470388668269235,14.0
115,2026-03-09 11:00:00+03:00,medium,lunch,11,15.0,23.46805492862447,8.468054928624468,8.468054928624468,14.0
54,2026-02-20 18:00:00+03:00,medium,dinner,18,14.0,5.53335880798074,-8.46664119201926,8.46664119201926,14.0
128,2026-02-01 11:00:00+03:00,high,lunch,11,33.0,24.566367580482698,-8.433632419517302,8.433632419517302,30.0
69,2026-02-08 11:00:00+03:00,mega,lunch,11,55.0,63.42375600297082,8.42375600297082,8.42375600297082,49.0
126,2026-02-24 11:00:00+03:00,high,lunch,11,31.0,22.59041105537739,-8.409588944622609,8.409588944622609,30.0
29,2026-03-07 11:00:00+03:00,high,lunch,11,33.0,41.39626006820913,8.39626006820913,8.39626006820913,30.0
115,2026-02-16 11:00:00+03:00,medium,lunch,11,30.0,21.623620382759565,-8.376379617240435,8.376379617240435,14.0
115,2026-02-18 09:00:00+03:00,medium,morning,9,19.0,10.625259997567959,-8.374740002432041,8.374740002432041,14.0
11,2026-01-26 06:00:00+03:00,medium,opening,6,22.0,13.644223203802534,-8.355776796197466,8.355776796197466,14.0
29,2026-03-26 11:00:00+03:00,high,lunch,11,30.0,38.351686980991346,8.351686980991346,8.351686980991346,30.0
10,2026-03-06 11:00:00+03:00,medium,lunch,11,27.0,18.65094895344135,-8.34905104655865,8.34905104655865,14.0
35,2026-03-21 11:00:00+03:00,high,lunch,11,43.0,34.6536976046406,-8.346302395359402,8.346302395359402,30.0
69,2026-04-11 11:00:00+03:00,mega,lunch,11,53.0,61.34522702078615,8.345227020786147,8.345227020786147,49.0
33,2026-02-15 11:00:00+03:00,high,lunch,11,32.0,23.684511156475548,-8.315488843524452,8.315488843524452,30.0
9,2026-02-14 18:00:00+03:00,medium,dinner,18,21.0,12.705479611822453,-8.294520388177547,8.294520388177547,14.0
8,2026-03-16 11:00:00+03:00,high,lunch,11,32.0,40.288858319525986,8.288858319525986,8.288858319525986,30.0
128,2026-02-28 11:00:00+03:00,high,lunch,11,32.0,23.736186971544758,-8.263813028455242,8.263813028455242,30.0
18,2026-04-05 09:00:00+03:00,medium,morning,9,19.0,10.739645471244282,-8.260354528755718,8.260354528755718,14.0
12,2026-02-03 11:00:00+03:00,medium,lunch,11,16.0,24.256283255099238,8.256283255099238,8.256283255099238,14.0
69,2026-04-04 11:00:00+03:00,mega,lunch,11,70.0,61.74952985625983,-8.250470143740174,8.250470143740174,49.0
10,2026-01-27 15:00:00+03:00,medium,afternoon,15,15.0,6.769396194229682,-8.230603805770318,8.230603805770318,14.0
14,2026-04-10 11:00:00+03:00,medium,lunch,11,26.0,17.77817048637825,-8.22182951362175,8.22182951362175,14.0
17,2026-02-14 15:00:00+03:00,medium,afternoon,15,17.0,8.808232955213533,-8.191767044786467,8.191767044786467,14.0
38,2026-02-22 18:00:00+03:00,medium,dinner,18,15.0,6.856298089812921,-8.14370191018708,8.14370191018708,14.0
29,2026-04-06 11:00:00+03:00,high,lunch,11,30.0,38.13424122361011,8.134241223610111,8.134241223610111,30.0
8,2026-03-19 11:00:00+03:00,high,lunch,11,30.0,38.1170721171755,8.117072117175503,8.117072117175503,30.0
11,2026-02-16 00:00:00+03:00,medium,deep_night,0,15.0,23.104556908644096,8.104556908644096,8.104556908644096,14.0
126,2026-02-27 11:00:00+03:00,high,lunch,11,35.0,26.90371024851225,-8.096289751487749,8.096289751487749,30.0
123,2026-03-12 11:00:00+03:00,medium,lunch,11,37.0,28.940457232106127,-8.059542767893873,8.059542767893873,14.0
18,2026-01-31 09:00:00+03:00,medium,morning,9,18.0,9.943486317561032,-8.056513682438968,8.056513682438968,14.0
128,2026-02-06 11:00:00+03:00,high,lunch,11,33.0,24.963894751864707,-8.036105248135293,8.036105248135293,30.0
11,2026-03-02 00:00:00+03:00,medium,deep_night,0,19.0,27.034424791269505,8.034424791269505,8.034424791269505,14.0
29,2026-03-16 11:00:00+03:00,high,lunch,11,33.0,41.00431743116174,8.004317431161738,8.004317431161738,30.0
11,2026-03-05 00:00:00+03:00,medium,deep_night,0,27.0,19.011036704383415,-7.9889632956165855,7.9889632956165855,14.0
128,2026-02-17 11:00:00+03:00,high,lunch,11,32.0,24.01158797867811,-7.9884120213218885,7.9884120213218885,30.0
123,2026-01-26 15:00:00+03:00,medium,afternoon,15,20.0,12.042535659508196,-7.9574643404918035,7.9574643404918035,14.0
12,2026-02-09 11:00:00+03:00,medium,lunch,11,16.0,23.95308175381767,7.953081753817671,7.953081753817671,14.0
12,2026-02-28 18:00:00+03:00,medium,dinner,18,20.0,12.078483891095024,-7.921516108904976,7.921516108904976,14.0
25,2026-03-07 09:00:00+03:00,medium,morning,9,15.0,7.078660229645807,-7.921339770354193,7.921339770354193,14.0
69,2026-02-16 11:00:00+03:00,mega,lunch,11,57.0,49.081630536959494,-7.918369463040506,7.918369463040506,49.0
54,2026-02-16 18:00:00+03:00,medium,dinner,18,14.0,6.0863428564549205,-7.9136571435450795,7.9136571435450795,14.0
434,2026-03-06 15:00:00+03:00,medium,afternoon,15,21.0,13.10209789701717,-7.89790210298283,7.89790210298283,14.0
123,2026-03-09 11:00:00+03:00,medium,lunch,11,32.0,24.107820187063698,-7.892179812936302,7.892179812936302,14.0
29,2026-03-09 11:00:00+03:00,high,lunch,11,33.0,40.843274288616534,7.843274288616534,7.843274288616534,30.0
47,2026-02-02 11:00:00+03:00,medium,lunch,11,14.0,6.188868060756611,-7.811131939243389,7.811131939243389,14.0
10,2026-01-25 11:00:00+03:00,medium,lunch,11,19.0,11.191103856890418,-7.808896143109582,7.808896143109582,14.0
8,2026-02-03 11:00:00+03:00,high,lunch,11,42.0,34.19116828451885,-7.808831715481148,7.808831715481148,30.0
142,2026-03-11 11:00:00+03:00,medium,lunch,11,19.0,11.199077635030678,-7.800922364969322,7.800922364969322,14.0
54,2026-02-20 11:00:00+03:00,medium,lunch,11,15.0,7.206730479233704,-7.793269520766296,7.793269520766296,14.0
69,2026-04-07 11:00:00+03:00,mega,lunch,11,52.0,44.23718472764054,-7.762815272359461,7.762815272359461,49.0
8,2026-02-27 11:00:00+03:00,high,lunch,11,31.0,38.72836678645431,7.728366786454309,7.728366786454309,30.0
1,2026-02-05 11:00:00+03:00,medium,lunch,11,20.0,12.292497199883716,-7.707502800116284,7.707502800116284,14.0
99,2026-03-20 11:00:00+03:00,mega,lunch,11,50.0,42.29502506039528,-7.704974939604718,7.704974939604718,49.0
4,2026-04-10 11:00:00+03:00,high,lunch,11,38.0,30.297969282719386,-7.702030717280614,7.702030717280614,30.0
7,2026-02-10 11:00:00+03:00,high,lunch,11,37.0,29.304515922238956,-7.695484077761044,7.695484077761044,30.0
434,2026-01-25 18:00:00+03:00,medium,dinner,18,20.0,12.311982577094632,-7.688017422905368,7.688017422905368,14.0
11,2026-03-16 00:00:00+03:00,medium,deep_night,0,18.0,25.6822081527966,7.682208152796601,7.682208152796601,14.0
12,2026-02-13 11:00:00+03:00,medium,lunch,11,32.0,24.318766207133095,-7.681233792866905,7.681233792866905,14.0
16,2026-02-14 11:00:00+03:00,medium,lunch,11,17.0,9.322021529950769,-7.677978470049231,7.677978470049231,14.0
478,2026-04-11 15:00:00+03:00,low,afternoon,15,2.0,9.665459765031597,7.665459765031597,7.665459765031597,1.0
101,2026-01-30 15:00:00+03:00,medium,afternoon,15,16.0,8.360786801203131,-7.6392131987968686,7.6392131987968686,14.0
1,2026-03-02 11:00:00+03:00,medium,lunch,11,19.0,11.391242528534496,-7.608757471465504,7.608757471465504,14.0
123,2026-02-23 11:00:00+03:00,medium,lunch,11,21.0,28.600224635145345,7.600224635145345,7.600224635145345,14.0
12,2026-03-13 11:00:00+03:00,medium,lunch,11,16.0,23.57085417762027,7.570854177620269,7.570854177620269,14.0
25,2026-02-12 11:00:00+03:00,medium,lunch,11,25.0,17.436223298790537,-7.563776701209463,7.563776701209463,14.0
11,2026-02-10 06:00:00+03:00,medium,opening,6,16.0,8.463633021749414,-7.5363669782505855,7.5363669782505855,14.0
10,2026-02-17 11:00:00+03:00,medium,lunch,11,27.0,19.474079302233676,-7.525920697766324,7.525920697766324,14.0
434,2026-02-08 15:00:00+03:00,medium,afternoon,15,17.0,9.479854184231066,-7.5201458157689345,7.5201458157689345,14.0
14,2026-01-27 11:00:00+03:00,medium,lunch,11,22.0,14.485297187889168,-7.514702812110832,7.514702812110832,14.0
54,2026-02-28 15:00:00+03:00,medium,afternoon,15,14.0,6.505019750346931,-7.494980249653069,7.494980249653069,14.0
12,2026-02-25 15:00:00+03:00,medium,afternoon,15,20.0,12.532698918170238,-7.467301081829762,7.467301081829762,14.0
18,2026-02-23 11:00:00+03:00,medium,lunch,11,21.0,13.545192402191223,-7.454807597808777,7.454807597808777,14.0
20,2026-04-05 18:00:00+03:00,medium,dinner,18,15.0,7.585337996920691,-7.414662003079309,7.414662003079309,14.0
12,2026-02-11 11:00:00+03:00,medium,lunch,11,15.0,22.411486046238476,7.411486046238476,7.411486046238476,14.0
29,2026-02-15 11:00:00+03:00,high,lunch,11,45.0,37.620285354019984,-7.379714645980016,7.379714645980016,30.0
101,2026-01-31 11:00:00+03:00,medium,lunch,11,25.0,17.623573979185508,-7.376426020814492,7.376426020814492,14.0
18,2026-03-15 09:00:00+03:00,medium,morning,9,17.0,9.651046952628825,-7.348953047371175,7.348953047371175,14.0
29,2026-03-29 11:00:00+03:00,high,lunch,11,34.0,41.339068531520134,7.339068531520134,7.339068531520134,30.0
29,2026-03-25 11:00:00+03:00,high,lunch,11,30.0,37.33618793309439,7.3361879330943935,7.3361879330943935,30.0
126,2026-02-20 11:00:00+03:00,high,lunch,11,34.0,26.685679398121916,-7.314320601878084,7.314320601878084,30.0
115,2026-03-30 11:00:00+03:00,medium,lunch,11,14.0,21.294256939928,7.294256939928001,7.294256939928001,14.0
12,2026-03-17 11:00:00+03:00,medium,lunch,11,15.0,22.273431163910715,7.273431163910715,7.273431163910715,14.0
29,2026-02-09 11:00:00+03:00,high,lunch,11,33.0,40.23867034446171,7.23867034446171,7.23867034446171,30.0
4,2026-02-11 11:00:00+03:00,high,lunch,11,37.0,29.762655153909307,-7.237344846090693,7.237344846090693,30.0
123,2026-03-27 11:00:00+03:00,medium,lunch,11,23.0,30.23529928504686,7.23529928504686,7.23529928504686,14.0
38,2026-02-20 18:00:00+03:00,medium,dinner,18,15.0,7.781978691740379,-7.218021308259621,7.218021308259621,14.0
11,2026-03-11 00:00:00+03:00,medium,deep_night,0,16.0,23.206614080311063,7.206614080311063,7.206614080311063,14.0
142,2026-04-06 11:00:00+03:00,medium,lunch,11,17.0,9.802776175562848,-7.1972238244371525,7.1972238244371525,14.0
480,2026-03-08 15:00:00+03:00,low,afternoon,15,1.0,8.192137685496201,7.192137685496201,7.192137685496201,1.0
434,2026-01-31 09:00:00+03:00,medium,morning,9,14.0,6.812826439274904,-7.187173560725096,7.187173560725096,14.0
478,2026-02-15 18:00:00+03:00,low,dinner,18,1.0,8.158040550764767,7.158040550764767,7.158040550764767,1.0
69,2026-03-20 11:00:00+03:00,mega,lunch,11,55.0,47.84660451189505,-7.153395488104948,7.153395488104948,49.0
35,2026-04-06 11:00:00+03:00,high,lunch,11,37.0,29.851754673472293,-7.148245326527707,7.148245326527707,30.0
115,2026-03-20 18:00:00+03:00,medium,dinner,18,18.0,10.867248923849216,-7.132751076150784,7.132751076150784,14.0
115,2026-02-06 15:00:00+03:00,medium,afternoon,15,19.0,11.884865346194823,-7.1151346538051765,7.1151346538051765,14.0
10,2026-02-16 11:00:00+03:00,medium,lunch,11,25.0,17.888372630383664,-7.111627369616336,7.111627369616336,14.0
480,2026-03-06 15:00:00+03:00,low,afternoon,15,1.0,8.11158998815501,7.111589988155011,7.111589988155011,1.0
25,2026-01-25 11:00:00+03:00,medium,lunch,11,21.0,13.902102739172262,-7.097897260827738,7.097897260827738,14.0
123,2026-02-24 15:00:00+03:00,medium,afternoon,15,20.0,12.91124711961894,-7.08875288038106,7.08875288038106,14.0
123,2026-01-30 11:00:00+03:00,medium,lunch,11,35.0,27.912253440381704,-7.087746559618296,7.087746559618296,14.0
123,2026-01-31 11:00:00+03:00,medium,lunch,11,18.0,25.080485493292628,7.0804854932926276,7.0804854932926276,14.0
25,2026-02-15 11:00:00+03:00,medium,lunch,11,21.0,13.933917222415417,-7.066082777584583,7.066082777584583,14.0
37,2026-01-28 11:00:00+03:00,medium,lunch,11,19.0,11.960726815158111,-7.039273184841889,7.039273184841889,14.0
123,2026-03-22 11:00:00+03:00,medium,lunch,11,17.0,24.035111047436303,7.035111047436303,7.035111047436303,14.0
26,2026-02-06 18:00:00+03:00,medium,dinner,18,15.0,7.975801312227865,-7.024198687772135,7.024198687772135,14.0
9,2026-02-05 15:00:00+03:00,medium,afternoon,15,15.0,7.987539314389474,-7.012460685610526,7.012460685610526,14.0
481,2026-04-05 18:00:00+03:00,low,dinner,18,1.0,8.003865516153429,7.003865516153429,7.003865516153429,1.0
12,2026-03-26 11:00:00+03:00,medium,lunch,11,15.0,21.997654882228403,6.997654882228403,6.997654882228403,14.0
123,2026-04-12 11:00:00+03:00,medium,lunch,11,17.0,23.984223584601686,6.984223584601686,6.984223584601686,14.0
18,2026-03-29 18:00:00+03:00,medium,dinner,18,16.0,9.030997539444439,-6.969002460555561,6.969002460555561,14.0
123,2026-02-01 11:00:00+03:00,medium,lunch,11,15.0,21.918268649929832,6.918268649929832,6.918268649929832,14.0
14,2026-03-01 18:00:00+03:00,medium,dinner,18,15.0,8.11434157890675,-6.88565842109325,6.88565842109325,14.0
8,2026-02-10 11:00:00+03:00,high,lunch,11,41.0,34.13417303458719,-6.865826965412808,6.865826965412808,30.0
35,2026-02-06 11:00:00+03:00,high,lunch,11,36.0,29.14019286673415,-6.85980713326585,6.85980713326585,30.0
26,2026-02-24 15:00:00+03:00,medium,afternoon,15,16.0,9.141959628849609,-6.858040371150391,6.858040371150391,14.0
12,2026-03-09 11:00:00+03:00,medium,lunch,11,31.0,24.155497921618593,-6.844502078381407,6.844502078381407,14.0
115,2026-03-11 11:00:00+03:00,medium,lunch,11,17.0,23.842539450873083,6.842539450873083,6.842539450873083,14.0
12,2026-03-03 15:00:00+03:00,medium,afternoon,15,19.0,12.167079160122714,-6.832920839877286,6.832920839877286,14.0
434,2026-02-09 15:00:00+03:00,medium,afternoon,15,19.0,12.170516084372647,-6.829483915627353,6.829483915627353,14.0
17,2026-03-08 15:00:00+03:00,medium,afternoon,15,18.0,11.171226398281886,-6.8287736017181135,6.8287736017181135,14.0
29,2026-02-12 11:00:00+03:00,high,lunch,11,46.0,39.17305956267654,-6.826940437323458,6.826940437323458,30.0
12,2026-04-13 11:00:00+03:00,medium,lunch,11,15.0,21.819121308232035,6.8191213082320346,6.8191213082320346,14.0
128,2026-02-13 11:00:00+03:00,high,lunch,11,31.0,24.19023038954033,-6.809769610459671,6.809769610459671,30.0
35,2026-03-23 11:00:00+03:00,high,lunch,11,35.0,28.220089301356346,-6.779910698643654,6.779910698643654,30.0
115,2026-03-13 11:00:00+03:00,medium,lunch,11,15.0,21.77903979727754,6.779039797277541,6.779039797277541,14.0
115,2026-04-10 18:00:00+03:00,medium,dinner,18,18.0,11.246610793771517,-6.7533892062284835,6.7533892062284835,14.0
9,2026-03-08 09:00:00+03:00,medium,morning,9,14.0,7.247517861134844,-6.752482138865156,6.752482138865156,14.0
10,2026-03-02 11:00:00+03:00,medium,lunch,11,24.0,17.251270033232785,-6.748729966767215,6.748729966767215,14.0
14,2026-02-15 11:00:00+03:00,medium,lunch,11,26.0,19.30287281985443,-6.697127180145571,6.697127180145571,14.0
516,2026-04-10 11:00:00+03:00,low,lunch,11,2.0,8.694149245632605,6.694149245632605,6.694149245632605,1.0
29,2026-04-12 11:00:00+03:00,high,lunch,11,31.0,37.691713059125235,6.6917130591252345,6.6917130591252345,30.0
38,2026-03-06 18:00:00+03:00,medium,dinner,18,15.0,8.310244958675266,-6.689755041324734,6.689755041324734,14.0
434,2026-01-25 11:00:00+03:00,medium,lunch,11,26.0,19.340373824626116,-6.659626175373884,6.659626175373884,14.0
123,2026-02-14 11:00:00+03:00,medium,lunch,11,20.0,26.65888680029216,6.658886800292159,6.658886800292159,14.0
8,2026-01-25 11:00:00+03:00,high,lunch,11,31.0,37.65790351536974,6.657903515369739,6.657903515369739,30.0
7,2026-03-25 11:00:00+03:00,high,lunch,11,35.0,28.346191730281245,-6.6538082697187555,6.6538082697187555,30.0
101,2026-02-20 15:00:00+03:00,medium,afternoon,15,16.0,9.355462977068868,-6.644537022931132,6.644537022931132,14.0
14,2026-02-14 09:00:00+03:00,medium,morning,9,15.0,8.356773534758695,-6.643226465241305,6.643226465241305,14.0
18,2026-01-25 09:00:00+03:00,medium,morning,9,15.0,8.370128901713413,-6.629871098286587,6.629871098286587,14.0
12,2026-02-05 11:00:00+03:00,medium,lunch,11,16.0,22.61850690119094,6.6185069011909405,6.6185069011909405,14.0
6,2026-01-25 11:00:00+03:00,high,lunch,11,30.0,23.382601085545314,-6.617398914454686,6.617398914454686,30.0
123,2026-02-10 11:00:00+03:00,medium,lunch,11,23.0,29.61560197445359,6.61560197445359,6.61560197445359,14.0
10,2026-02-24 15:00:00+03:00,medium,afternoon,15,14.0,7.384666169925307,-6.615333830074693,6.615333830074693,14.0
6,2026-02-24 11:00:00+03:00,high,lunch,11,34.0,27.39261056316518,-6.6073894368348185,6.6073894368348185,30.0
1,2026-02-18 11:00:00+03:00,medium,lunch,11,20.0,13.394329581773569,-6.605670418226431,6.605670418226431,14.0
38,2026-02-07 18:00:00+03:00,medium,dinner,18,15.0,8.397437830004128,-6.602562169995872,6.602562169995872,14.0
29,2026-03-02 11:00:00+03:00,high,lunch,11,35.0,41.600115872197485,6.600115872197485,6.600115872197485,30.0
14,2026-02-20 18:00:00+03:00,medium,dinner,18,14.0,7.4090941852356025,-6.5909058147643975,6.5909058147643975,14.0
115,2026-03-06 11:00:00+03:00,medium,lunch,11,32.0,25.439339012597166,-6.560660987402834,6.560660987402834,14.0
11,2026-03-09 00:00:00+03:00,medium,deep_night,0,22.0,28.559252407778004,6.559252407778004,6.559252407778004,14.0
434,2026-03-09 11:00:00+03:00,medium,lunch,11,27.0,20.45056208722523,-6.549437912774771,6.549437912774771,14.0
12,2026-02-04 11:00:00+03:00,medium,lunch,11,16.0,22.546067511436,6.546067511436,6.546067511436,14.0
115,2026-03-15 11:00:00+03:00,medium,lunch,11,14.0,20.51906748323917,6.519067483239169,6.519067483239169,14.0
9,2026-04-04 21:00:00+03:00,medium,late_evening,21,17.0,10.488735910959026,-6.511264089040974,6.511264089040974,14.0
478,2026-02-14 18:00:00+03:00,low,dinner,18,13.0,6.490271706634468,-6.509728293365532,6.509728293365532,1.0
30,2026-04-08 11:00:00+03:00,high,lunch,11,31.0,24.511950343958883,-6.488049656041117,6.488049656041117,30.0
11,2026-01-26 00:00:00+03:00,medium,deep_night,0,14.0,20.41171386286799,6.411713862867991,6.411713862867991,14.0
115,2026-04-05 15:00:00+03:00,medium,afternoon,15,15.0,8.591120894647954,-6.408879105352046,6.408879105352046,14.0
126,2026-04-06 11:00:00+03:00,high,lunch,11,33.0,26.592055344495687,-6.407944655504313,6.407944655504313,30.0
11,2026-01-30 06:00:00+03:00,medium,opening,6,21.0,14.593550662251896,-6.4064493377481035,6.4064493377481035,14.0
10,2026-02-05 11:00:00+03:00,medium,lunch,11,25.0,18.596750499985923,-6.403249500014077,6.403249500014077,14.0
29,2026-02-06 11:00:00+03:00,high,lunch,11,33.0,39.39044449298726,6.390444492987257,6.390444492987257,30.0
115,2026-03-07 11:00:00+03:00,medium,lunch,11,15.0,21.390433399599516,6.390433399599516,6.390433399599516,14.0
12,2026-03-25 18:00:00+03:00,medium,dinner,18,19.0,12.61876969298692,-6.38123030701308,6.38123030701308,14.0
434,2026-02-21 11:00:00+03:00,medium,lunch,11,14.0,20.371313745952108,6.371313745952108,6.371313745952108,14.0
434,2026-02-15 18:00:00+03:00,medium,dinner,18,19.0,12.630970892477068,-6.369029107522932,6.369029107522932,14.0
11,2026-03-23 06:00:00+03:00,medium,opening,6,19.0,12.637846862806319,-6.3621531371936815,6.3621531371936815,14.0
10,2026-02-24 11:00:00+03:00,medium,lunch,11,24.0,17.640904044422754,-6.359095955577246,6.359095955577246,14.0
123,2026-02-02 15:00:00+03:00,medium,afternoon,15,21.0,14.644070418551276,-6.3559295814487236,6.3559295814487236,14.0
4,2026-01-29 11:00:00+03:00,high,lunch,11,31.0,24.645885163504094,-6.354114836495906,6.354114836495906,30.0
6,2026-04-06 11:00:00+03:00,high,lunch,11,35.0,28.670737341419635,-6.329262658580365,6.329262658580365,30.0
128,2026-03-08 11:00:00+03:00,high,lunch,11,32.0,25.68192593233274,-6.318074067667261,6.318074067667261,30.0
479,2026-03-12 06:00:00+03:00,medium,opening,6,14.0,7.6910054479553045,-6.3089945520446955,6.3089945520446955,14.0
101,2026-02-27 11:00:00+03:00,medium,lunch,11,23.0,16.69551367422283,-6.3044863257771695,6.3044863257771695,14.0
142,2026-02-16 11:00:00+03:00,medium,lunch,11,18.0,11.729608849259742,-6.270391150740258,6.270391150740258,14.0
12,2026-03-06 11:00:00+03:00,medium,lunch,11,17.0,23.260623828894943,6.260623828894943,6.260623828894943,14.0
101,2026-04-05 18:00:00+03:00,medium,dinner,18,15.0,8.748593087694573,-6.251406912305427,6.251406912305427,14.0
29,2026-02-21 11:00:00+03:00,high,lunch,11,33.0,39.23516083619751,6.235160836197508,6.235160836197508,30.0
434,2026-03-01 15:00:00+03:00,medium,afternoon,15,17.0,10.765384662585321,-6.234615337414679,6.234615337414679,14.0
12,2026-02-23 11:00:00+03:00,medium,lunch,11,29.0,22.765429084155578,-6.234570915844422,6.234570915844422,14.0
12,2026-03-05 15:00:00+03:00,medium,afternoon,15,19.0,12.77587551787078,-6.22412448212922,6.22412448212922,14.0
11,2026-04-04 00:00:00+03:00,medium,deep_night,0,18.0,24.215862702414253,6.2158627024142525,6.2158627024142525,14.0
10,2026-03-02 15:00:00+03:00,medium,afternoon,15,14.0,7.787393660828495,-6.212606339171505,6.212606339171505,14.0
30,2026-03-22 11:00:00+03:00,high,lunch,11,36.0,29.797411555657956,-6.2025884443420445,6.2025884443420445,30.0
123,2026-02-17 11:00:00+03:00,medium,lunch,11,36.0,29.80567211845148,-6.194327881548521,6.194327881548521,14.0
69,2026-01-31 11:00:00+03:00,mega,lunch,11,65.0,58.813919763693384,-6.186080236306616,6.186080236306616,49.0
478,2026-03-09 18:00:00+03:00,low,dinner,18,1.0,7.177105872283527,6.177105872283527,6.177105872283527,1.0
35,2026-03-31 11:00:00+03:00,high,lunch,11,36.0,29.834865003431517,-6.165134996568483,6.165134996568483,30.0
25,2026-01-27 15:00:00+03:00,medium,afternoon,15,14.0,7.8371919532066325,-6.1628080467933675,6.1628080467933675,14.0
35,2026-03-29 11:00:00+03:00,high,lunch,11,30.0,36.16200453776153,6.162004537761533,6.162004537761533,30.0
115,2026-01-25 11:00:00+03:00,medium,lunch,11,23.0,16.84201684816614,-6.157983151833861,6.157983151833861,14.0
14,2026-02-26 11:00:00+03:00,medium,lunch,11,14.0,20.14991668564386,6.149916685643859,6.149916685643859,14.0
480,2026-03-03 15:00:00+03:00,low,afternoon,15,1.0,7.143328430502072,6.143328430502072,6.143328430502072,1.0
478,2026-02-02 18:00:00+03:00,low,dinner,18,1.0,7.13009802229238,6.13009802229238,6.13009802229238,1.0
10,2026-01-26 11:00:00+03:00,medium,lunch,11,23.0,16.87758006184462,-6.122419938155382,6.122419938155382,14.0
7,2026-04-06 11:00:00+03:00,high,lunch,11,34.0,27.883893994781356,-6.116106005218644,6.116106005218644,30.0
480,2026-03-20 15:00:00+03:00,low,afternoon,15,1.0,7.113560714182444,6.113560714182444,6.113560714182444,1.0
8,2026-03-17 11:00:00+03:00,high,lunch,11,31.0,37.11323166305236,6.11323166305236,6.11323166305236,30.0
142,2026-01-30 11:00:00+03:00,medium,lunch,11,16.0,9.889532676009313,-6.110467323990687,6.110467323990687,14.0
480,2026-03-11 15:00:00+03:00,low,afternoon,15,1.0,7.091167747832779,6.091167747832779,6.091167747832779,1.0
480,2026-03-19 15:00:00+03:00,low,afternoon,15,1.0,7.068355632038291,6.068355632038291,6.068355632038291,1.0
25,2026-02-17 15:00:00+03:00,medium,afternoon,15,15.0,8.935747698980059,-6.064252301019941,6.064252301019941,14.0
10,2026-02-11 11:00:00+03:00,medium,lunch,11,24.0,17.94307907040335,-6.05692092959665,6.05692092959665,14.0
479,2026-03-13 06:00:00+03:00,medium,opening,6,16.0,9.952661377893016,-6.0473386221069845,6.0473386221069845,14.0
12,2026-03-16 11:00:00+03:00,medium,lunch,11,16.0,22.040000727960642,6.040000727960642,6.040000727960642,14.0
11,2026-03-08 00:00:00+03:00,medium,deep_night,0,35.0,28.962475446582488,-6.037524553417512,6.037524553417512,14.0
516,2026-04-11 15:00:00+03:00,low,afternoon,15,3.0,9.017234701348954,6.017234701348954,6.017234701348954,1.0
37,2026-03-05 11:00:00+03:00,medium,lunch,11,18.0,11.990433815941493,-6.009566184058507,6.009566184058507,14.0
478,2026-03-20 15:00:00+03:00,low,afternoon,15,1.0,7.009166330769837,6.009166330769837,6.009166330769837,1.0
12,2026-03-22 11:00:00+03:00,medium,lunch,11,16.0,21.996798385007768,5.996798385007768,5.996798385007768,14.0
115,2026-03-31 15:00:00+03:00,medium,afternoon,15,17.0,11.010592719151575,-5.989407280848425,5.989407280848425,14.0
123,2026-02-12 11:00:00+03:00,medium,lunch,11,34.0,28.020555993982377,-5.979444006017623,5.979444006017623,14.0
434,2026-03-27 11:00:00+03:00,medium,lunch,11,14.0,19.948758984098745,5.948758984098745,5.948758984098745,14.0
29,2026-04-04 11:00:00+03:00,high,lunch,11,32.0,37.94472452265129,5.944724522651292,5.944724522651292,30.0
25,2026-02-24 15:00:00+03:00,medium,afternoon,15,15.0,9.057123538836866,-5.942876461163134,5.942876461163134,14.0
478,2026-02-23 18:00:00+03:00,low,dinner,18,2.0,7.911036136123821,5.911036136123821,5.911036136123821,1.0
480,2026-03-25 15:00:00+03:00,low,afternoon,15,1.0,6.9003057252090425,5.9003057252090425,5.9003057252090425,1.0
434,2026-03-25 18:00:00+03:00,medium,dinner,18,18.0,12.113255792538311,-5.886744207461689,5.886744207461689,14.0
478,2026-04-05 15:00:00+03:00,low,afternoon,15,3.0,8.885541665942268,5.885541665942268,5.885541665942268,1.0
126,2026-02-16 11:00:00+03:00,high,lunch,11,31.0,25.125560934636866,-5.874439065363134,5.874439065363134,30.0
18,2026-01-25 11:00:00+03:00,medium,lunch,11,25.0,19.130924021821073,-5.869075978178927,5.869075978178927,14.0
10,2026-04-07 15:00:00+03:00,medium,afternoon,15,14.0,8.135436166480527,-5.8645638335194725,5.8645638335194725,14.0
8,2026-03-22 11:00:00+03:00,high,lunch,11,31.0,36.84108381961299,5.84108381961299,5.84108381961299,30.0
54,2026-04-12 15:00:00+03:00,medium,afternoon,15,14.0,8.15968395780611,-5.840316042193891,5.840316042193891,14.0
126,2026-02-26 11:00:00+03:00,high,lunch,11,34.0,28.175487862548806,-5.824512137451194,5.824512137451194,30.0
12,2026-04-01 11:00:00+03:00,medium,lunch,11,16.0,21.8228477629356,5.822847762935599,5.822847762935599,14.0
478,2026-04-02 15:00:00+03:00,low,afternoon,15,2.0,7.81945690392555,5.81945690392555,5.81945690392555,1.0
14,2026-03-05 11:00:00+03:00,medium,lunch,11,14.0,19.81645557694784,5.816455576947838,5.816455576947838,14.0
12,2026-04-07 11:00:00+03:00,medium,lunch,11,17.0,22.80554876879237,5.80554876879237,5.80554876879237,14.0
123,2026-03-03 11:00:00+03:00,medium,lunch,11,36.0,30.210820172493467,-5.789179827506533,5.789179827506533,14.0
14,2026-02-23 11:00:00+03:00,medium,lunch,11,14.0,19.788851418706404,5.788851418706404,5.788851418706404,14.0
123,2026-02-05 11:00:00+03:00,medium,lunch,11,25.0,30.777279993043628,5.777279993043628,5.777279993043628,14.0
12,2026-04-03 11:00:00+03:00,medium,lunch,11,16.0,21.774127474462244,5.774127474462244,5.774127474462244,14.0
26,2026-03-04 11:00:00+03:00,medium,lunch,11,24.0,18.2305027686421,-5.769497231357899,5.769497231357899,14.0
128,2026-02-18 11:00:00+03:00,high,lunch,11,30.0,24.23162455393616,-5.768375446063839,5.768375446063839,30.0
35,2026-02-18 11:00:00+03:00,high,lunch,11,36.0,30.23627679331236,-5.76372320668764,5.76372320668764,30.0
434,2026-02-27 11:00:00+03:00,medium,lunch,11,25.0,19.24581697413742,-5.754183025862581,5.754183025862581,14.0
123,2026-03-31 11:00:00+03:00,medium,lunch,11,23.0,28.741738199180155,5.741738199180155,5.741738199180155,14.0
8,2026-03-15 11:00:00+03:00,high,lunch,11,43.0,37.25985105290289,-5.740148947097111,5.740148947097111,30.0
115,2026-03-02 15:00:00+03:00,medium,afternoon,15,17.0,11.262352600354227,-5.737647399645773,5.737647399645773,14.0
11,2026-03-19 00:00:00+03:00,medium,deep_night,0,16.0,21.737643977168382,5.737643977168382,5.737643977168382,14.0
8,2026-02-28 11:00:00+03:00,high,lunch,11,31.0,36.6993917674849,5.699391767484897,5.699391767484897,30.0
1,2026-02-26 11:00:00+03:00,medium,lunch,11,19.0,13.319846633040411,-5.680153366959589,5.680153366959589,14.0
14,2026-04-11 11:00:00+03:00,medium,lunch,11,14.0,19.679710155355068,5.6797101553550675,5.6797101553550675,14.0
10,2026-04-08 11:00:00+03:00,medium,lunch,11,24.0,18.328987234631565,-5.671012765368435,5.671012765368435,14.0
434,2026-02-14 11:00:00+03:00,medium,lunch,11,26.0,20.33466080993258,-5.665339190067421,5.665339190067421,14.0
115,2026-03-27 11:00:00+03:00,medium,lunch,11,17.0,22.659268053925775,5.659268053925775,5.659268053925775,14.0
434,2026-02-19 18:00:00+03:00,medium,dinner,18,18.0,12.342881133362491,-5.657118866637509,5.657118866637509,14.0
101,2026-02-26 15:00:00+03:00,medium,afternoon,15,14.0,8.345754637167659,-5.6542453628323415,5.6542453628323415,14.0
142,2026-02-05 11:00:00+03:00,medium,lunch,11,17.0,11.359135376409574,-5.640864623590426,5.640864623590426,14.0
12,2026-01-29 11:00:00+03:00,medium,lunch,11,26.0,20.36347580412278,-5.636524195877222,5.636524195877222,14.0
69,2026-02-03 11:00:00+03:00,mega,lunch,11,54.0,48.36411094061725,-5.635889059382748,5.635889059382748,49.0
126,2026-02-10 11:00:00+03:00,high,lunch,11,32.0,26.364996702652185,-5.635003297347815,5.635003297347815,30.0
128,2026-03-06 11:00:00+03:00,high,lunch,11,31.0,25.366359300605254,-5.633640699394746,5.633640699394746,30.0
478,2026-02-25 18:00:00+03:00,low,dinner,18,2.0,7.615395005132598,5.615395005132598,5.615395005132598,1.0
9,2026-02-28 18:00:00+03:00,medium,dinner,18,17.0,11.399302030037807,-5.600697969962193,5.600697969962193,14.0
30,2026-02-05 11:00:00+03:00,high,lunch,11,31.0,25.420721648153005,-5.579278351846995,5.579278351846995,30.0
434,2026-03-08 18:00:00+03:00,medium,dinner,18,17.0,11.427224636422952,-5.572775363577048,5.572775363577048,14.0
18,2026-04-04 11:00:00+03:00,medium,lunch,11,14.0,19.560489607509083,5.5604896075090835,5.5604896075090835,14.0
434,2026-01-25 15:00:00+03:00,medium,afternoon,15,15.0,9.44437085303484,-5.55562914696516,5.55562914696516,14.0
4,2026-02-14 11:00:00+03:00,high,lunch,11,30.0,24.45408437723909,-5.5459156227609085,5.5459156227609085,30.0
480,2026-02-24 15:00:00+03:00,low,afternoon,15,2.0,7.539403607912603,5.539403607912603,5.539403607912603,1.0
9,2026-01-25 15:00:00+03:00,medium,afternoon,15,14.0,8.479257657303155,-5.520742342696845,5.520742342696845,14.0
14,2026-03-12 11:00:00+03:00,medium,lunch,11,14.0,19.498245195976928,5.498245195976928,5.498245195976928,14.0
25,2026-04-13 15:00:00+03:00,medium,afternoon,15,14.0,8.506814481846071,-5.493185518153929,5.493185518153929,14.0
126,2026-04-09 11:00:00+03:00,high,lunch,11,33.0,27.508848331456917,-5.491151668543083,5.491151668543083,30.0
101,2026-03-08 18:00:00+03:00,medium,dinner,18,15.0,9.52019108597016,-5.4798089140298405,5.4798089140298405,14.0
7,2026-01-30 11:00:00+03:00,high,lunch,11,32.0,26.52446046699037,-5.475539533009631,5.475539533009631,30.0
115,2026-04-13 11:00:00+03:00,medium,lunch,11,16.0,21.46461659739042,5.464616597390421,5.464616597390421,14.0
8,2026-03-02 11:00:00+03:00,high,lunch,11,40.0,34.54264978169202,-5.45735021830798,5.45735021830798,30.0
26,2026-02-24 11:00:00+03:00,medium,lunch,11,23.0,17.543480307003247,-5.456519692996753,5.456519692996753,14.0
128,2026-02-15 11:00:00+03:00,high,lunch,11,30.0,24.550443968276884,-5.449556031723116,5.449556031723116,30.0
135,2026-04-11 18:00:00+03:00,low,dinner,18,7.0,1.553513216161623,-5.4464867838383775,5.4464867838383775,1.0
135,2026-04-10 18:00:00+03:00,low,dinner,18,6.0,0.5602557639599182,-5.439744236040082,5.439744236040082,1.0
11,2026-03-25 06:00:00+03:00,medium,opening,6,21.0,15.568979402605981,-5.431020597394019,5.431020597394019,14.0
290,2026-02-14 18:00:00+03:00,low,dinner,18,6.0,0.5751818995848836,-5.424818100415116,5.424818100415116,1.0
14,2026-03-29 09:00:00+03:00,medium,morning,9,14.0,8.57827417231665,-5.42172582768335,5.42172582768335,14.0
11,2026-02-09 00:00:00+03:00,medium,deep_night,0,16.0,21.421633585425297,5.4216335854252975,5.4216335854252975,14.0
29,2026-01-27 11:00:00+03:00,high,lunch,11,30.0,35.42071000448905,5.420710004489052,5.420710004489052,30.0
478,2026-02-07 18:00:00+03:00,low,dinner,18,1.0,6.420209874867941,5.420209874867941,5.420209874867941,1.0
115,2026-02-13 15:00:00+03:00,medium,afternoon,15,18.0,12.595966234118364,-5.4040337658816355,5.4040337658816355,14.0
478,2026-03-07 18:00:00+03:00,low,dinner,18,1.0,6.3780388775342285,5.3780388775342285,5.3780388775342285,1.0
26,2026-02-03 15:00:00+03:00,medium,afternoon,15,14.0,8.626913967607646,-5.373086032392354,5.373086032392354,14.0
478,2026-02-01 18:00:00+03:00,low,dinner,18,1.0,6.3614006634859255,5.3614006634859255,5.3614006634859255,1.0
434,2026-02-27 18:00:00+03:00,medium,dinner,18,19.0,13.642201048616863,-5.3577989513831366,5.3577989513831366,14.0
115,2026-02-20 15:00:00+03:00,medium,afternoon,15,17.0,11.652775667505098,-5.347224332494902,5.347224332494902,14.0
10,2026-04-09 11:00:00+03:00,medium,lunch,11,14.0,19.345458105023848,5.345458105023848,5.345458105023848,14.0
11,2026-04-03 00:00:00+03:00,medium,deep_night,0,15.0,20.341872340033948,5.341872340033948,5.341872340033948,14.0
14,2026-03-07 11:00:00+03:00,medium,lunch,11,14.0,19.335783144258944,5.335783144258944,5.335783144258944,14.0
9,2026-01-31 11:00:00+03:00,medium,lunch,11,16.0,10.670389505620715,-5.329610494379285,5.329610494379285,14.0
9,2026-01-31 15:00:00+03:00,medium,afternoon,15,14.0,8.675256981566411,-5.324743018433589,5.324743018433589,14.0
434,2026-02-28 11:00:00+03:00,medium,lunch,11,14.0,19.324437898012818,5.3244378980128175,5.3244378980128175,14.0
8,2026-01-31 11:00:00+03:00,high,lunch,11,32.0,37.30577712251431,5.305777122514307,5.305777122514307,30.0
12,2026-04-09 15:00:00+03:00,medium,afternoon,15,18.0,12.696829662149959,-5.303170337850041,5.303170337850041,14.0
434,2026-03-04 11:00:00+03:00,medium,lunch,11,23.0,17.696954983815942,-5.303045016184058,5.303045016184058,14.0
10,2026-01-28 11:00:00+03:00,medium,lunch,11,22.0,16.715959560939925,-5.284040439060075,5.284040439060075,14.0
30,2026-02-06 11:00:00+03:00,high,lunch,11,34.0,28.716224521991016,-5.283775478008984,5.283775478008984,30.0
12,2026-02-18 15:00:00+03:00,medium,afternoon,15,17.0,11.718223412143292,-5.281776587856708,5.281776587856708,14.0
6,2026-02-09 11:00:00+03:00,high,lunch,11,33.0,27.721927892826955,-5.278072107173045,5.278072107173045,30.0
35,2026-02-07 11:00:00+03:00,high,lunch,11,40.0,34.72817177211182,-5.271828227888179,5.271828227888179,30.0
29,2026-01-25 11:00:00+03:00,high,lunch,11,44.0,38.73421370493134,-5.265786295068658,5.265786295068658,30.0
14,2026-04-01 11:00:00+03:00,medium,lunch,11,14.0,19.261776182911355,5.261776182911355,5.261776182911355,14.0
434,2026-03-07 11:00:00+03:00,medium,lunch,11,15.0,20.24912925601487,5.2491292560148715,5.2491292560148715,14.0
30,2026-02-28 11:00:00+03:00,high,lunch,11,36.0,30.755848901519915,-5.244151098480085,5.244151098480085,30.0
12,2026-01-25 09:00:00+03:00,medium,morning,9,14.0,8.779172405922143,-5.220827594077857,5.220827594077857,14.0
123,2026-02-04 11:00:00+03:00,medium,lunch,11,34.0,28.79057687124011,-5.209423128759891,5.209423128759891,14.0
434,2026-03-05 15:00:00+03:00,medium,afternoon,15,17.0,11.792877448529051,-5.207122551470949,5.207122551470949,14.0
516,2026-04-09 15:00:00+03:00,low,afternoon,15,1.0,6.20209782548911,5.20209782548911,5.20209782548911,1.0
12,2026-03-04 11:00:00+03:00,medium,lunch,11,19.0,24.158124260607863,5.158124260607863,5.158124260607863,14.0
7,2026-02-12 11:00:00+03:00,high,lunch,11,31.0,25.842117499939437,-5.157882500060563,5.157882500060563,30.0
115,2026-03-31 18:00:00+03:00,medium,dinner,18,16.0,10.844101200923244,-5.1558987990767555,5.1558987990767555,14.0
6,2026-02-26 11:00:00+03:00,high,lunch,11,32.0,26.84595904540071,-5.154040954599289,5.154040954599289,30.0
135,2026-02-19 18:00:00+03:00,low,dinner,18,6.0,0.8612760196650866,-5.138723980334913,5.138723980334913,1.0
115,2026-03-02 18:00:00+03:00,medium,dinner,18,17.0,11.862625830592123,-5.137374169407877,5.137374169407877,14.0
478,2026-02-20 11:00:00+03:00,low,lunch,11,6.0,0.8630440408752333,-5.136955959124767,5.136955959124767,1.0
30,2026-02-18 11:00:00+03:00,high,lunch,11,31.0,25.863879784855957,-5.136120215144043,5.136120215144043,30.0
9,2026-02-20 21:00:00+03:00,medium,late_evening,21,15.0,9.866216142256317,-5.133783857743683,5.133783857743683,14.0
4,2026-02-16 11:00:00+03:00,high,lunch,11,37.0,31.871921648056798,-5.128078351943202,5.128078351943202,30.0
9,2026-04-08 11:00:00+03:00,medium,lunch,11,15.0,9.896923517702607,-5.103076482297393,5.103076482297393,14.0
18,2026-02-01 11:00:00+03:00,medium,lunch,11,26.0,20.898435361846378,-5.101564638153622,5.101564638153622,14.0
37,2026-02-03 11:00:00+03:00,medium,lunch,11,17.0,11.899061403427893,-5.100938596572107,5.100938596572107,14.0
30,2026-01-26 11:00:00+03:00,high,lunch,11,30.0,24.90106842213211,-5.098931577867891,5.098931577867891,30.0
478,2026-03-22 18:00:00+03:00,low,dinner,18,1.0,6.095632739390794,5.095632739390794,5.095632739390794,1.0
25,2026-03-01 11:00:00+03:00,medium,lunch,11,18.0,12.90710518733075,-5.09289481266925,5.09289481266925,14.0
434,2026-02-26 11:00:00+03:00,medium,lunch,11,15.0,20.075593681328442,5.075593681328442,5.075593681328442,14.0
478,2026-02-20 15:00:00+03:00,low,afternoon,15,2.0,7.075031992721032,5.075031992721032,5.075031992721032,1.0
115,2026-01-30 15:00:00+03:00,medium,afternoon,15,15.0,9.953466389954544,-5.046533610045456,5.046533610045456,14.0
142,2026-02-19 11:00:00+03:00,medium,lunch,11,17.0,11.95636141746256,-5.04363858253744,5.04363858253744,14.0
101,2026-03-05 18:00:00+03:00,medium,dinner,18,14.0,8.959144932422046,-5.040855067577954,5.040855067577954,14.0
25,2026-02-24 11:00:00+03:00,medium,lunch,11,23.0,17.97042107688153,-5.029578923118471,5.029578923118471,14.0
434,2026-02-23 11:00:00+03:00,medium,lunch,11,16.0,21.029380529772105,5.029380529772105,5.029380529772105,14.0
30,2026-03-08 11:00:00+03:00,high,lunch,11,43.0,37.97576640071854,-5.024233599281459,5.024233599281459,30.0
478,2026-03-01 15:00:00+03:00,low,afternoon,15,1.0,6.0019158572309665,5.0019158572309665,5.0019158572309665,1.0
478,2026-03-07 15:00:00+03:00,low,afternoon,15,3.0,7.998817666352586,4.998817666352586,4.998817666352586,1.0
115,2026-03-08 11:00:00+03:00,medium,lunch,11,27.0,22.00880877852952,-4.99119122147048,4.99119122147048,14.0
25,2026-02-05 11:00:00+03:00,medium,lunch,11,14.0,18.989470934080632,4.989470934080632,4.989470934080632,14.0
443,2026-03-04 09:00:00+03:00,low,morning,9,6.0,1.0137519493029101,-4.98624805069709,4.98624805069709,1.0
12,2026-04-08 11:00:00+03:00,medium,lunch,11,17.0,21.97263600136456,4.97263600136456,4.97263600136456,14.0
11,2026-03-20 00:00:00+03:00,medium,deep_night,0,18.0,22.96163706846949,4.961637068469489,4.961637068469489,14.0
8,2026-03-31 11:00:00+03:00,high,lunch,11,41.0,36.04027670181317,-4.95972329818683,4.95972329818683,30.0
25,2026-02-06 11:00:00+03:00,medium,lunch,11,22.0,17.04216282323303,-4.957837176766969,4.957837176766969,14.0
123,2026-01-25 11:00:00+03:00,medium,lunch,11,18.0,22.952457226065512,4.952457226065512,4.952457226065512,14.0
8,2026-02-08 11:00:00+03:00,high,lunch,11,31.0,35.95139142511425,4.951391425114252,4.951391425114252,30.0
123,2026-01-29 11:00:00+03:00,medium,lunch,11,28.0,23.060657096775735,-4.939342903224265,4.939342903224265,14.0
345,2026-03-28 18:00:00+03:00,low,dinner,18,5.0,0.061934651133903174,-4.938065348866097,4.938065348866097,1.0
11,2026-01-25 00:00:00+03:00,medium,deep_night,0,22.0,17.06768299269093,-4.93231700730907,4.93231700730907,14.0
26,2026-02-17 11:00:00+03:00,medium,lunch,11,23.0,18.069904683323553,-4.9300953166764465,4.9300953166764465,14.0
434,2026-02-01 18:00:00+03:00,medium,dinner,18,19.0,14.079064630231013,-4.920935369768987,4.920935369768987,14.0
18,2026-02-08 11:00:00+03:00,medium,lunch,11,17.0,21.898520394837625,4.898520394837625,4.898520394837625,14.0
478,2026-03-15 11:00:00+03:00,low,lunch,11,1.0,5.892626932532346,4.892626932532346,4.892626932532346,1.0
29,2026-02-02 11:00:00+03:00,high,lunch,11,36.0,40.88333980308245,4.88333980308245,4.88333980308245,30.0
8,2026-02-13 11:00:00+03:00,high,lunch,11,41.0,36.122406952862235,-4.877593047137765,4.877593047137765,30.0
434,2026-02-05 11:00:00+03:00,medium,lunch,11,14.0,18.876260217346648,4.876260217346648,4.876260217346648,14.0
25,2026-04-10 15:00:00+03:00,medium,afternoon,15,14.0,9.125491418091178,-4.874508581908822,4.874508581908822,14.0
516,2026-04-10 15:00:00+03:00,low,afternoon,15,1.0,5.872862992133983,4.872862992133983,4.872862992133983,1.0
115,2026-03-02 11:00:00+03:00,medium,lunch,11,17.0,21.861455692227484,4.861455692227484,4.861455692227484,14.0
478,2026-02-14 15:00:00+03:00,low,afternoon,15,3.0,7.85547356014265,4.85547356014265,4.85547356014265,1.0
142,2026-04-01 11:00:00+03:00,medium,lunch,11,16.0,11.145971223623517,-4.854028776376483,4.854028776376483,14.0
135,2026-01-28 15:00:00+03:00,low,afternoon,15,5.0,0.15937714665524805,-4.840622853344752,4.840622853344752,1.0
8,2026-03-25 11:00:00+03:00,high,lunch,11,39.0,34.164710229195,-4.835289770804998,4.835289770804998,30.0
123,2026-04-01 11:00:00+03:00,medium,lunch,11,24.0,28.835014973623522,4.835014973623522,4.835014973623522,14.0
142,2026-02-09 11:00:00+03:00,medium,lunch,11,16.0,11.166018666795358,-4.833981333204642,4.833981333204642,14.0
434,2026-02-07 11:00:00+03:00,medium,lunch,11,24.0,19.168663323655377,-4.831336676344623,4.831336676344623,14.0
12,2026-02-15 11:00:00+03:00,medium,lunch,11,29.0,24.17656509922687,-4.82343490077313,4.82343490077313,14.0
14,2026-02-12 11:00:00+03:00,medium,lunch,11,23.0,18.178395289690293,-4.821604710309707,4.821604710309707,14.0
135,2026-02-18 15:00:00+03:00,low,afternoon,15,5.0,0.18322618229247922,-4.816773817707521,4.816773817707521,1.0
478,2026-02-22 18:00:00+03:00,low,dinner,18,9.0,4.189142038990845,-4.810857961009155,4.810857961009155,1.0
434,2026-03-24 18:00:00+03:00,medium,dinner,18,16.0,11.199139249094562,-4.8008607509054375,4.8008607509054375,14.0
115,2026-01-28 11:00:00+03:00,medium,lunch,11,17.0,21.789389855925,4.789389855924998,4.789389855924998,14.0
25,2026-03-12 11:00:00+03:00,medium,lunch,11,24.0,19.22186967704721,-4.778130322952791,4.778130322952791,14.0
12,2026-02-25 18:00:00+03:00,medium,dinner,18,18.0,13.223986021002139,-4.776013978997861,4.776013978997861,14.0
11,2026-02-07 00:00:00+03:00,medium,deep_night,0,19.0,23.77102823953129,4.77102823953129,4.77102823953129,14.0
142,2026-04-13 11:00:00+03:00,medium,lunch,11,15.0,10.23430590110045,-4.76569409889955,4.76569409889955,14.0
123,2026-03-06 11:00:00+03:00,medium,lunch,11,24.0,28.76545967644493,4.76545967644493,4.76545967644493,14.0
37,2026-01-27 11:00:00+03:00,medium,lunch,11,15.0,10.248899350110133,-4.751100649889867,4.751100649889867,14.0
434,2026-02-10 11:00:00+03:00,medium,lunch,11,25.0,20.261518534385708,-4.738481465614292,4.738481465614292,14.0
9,2026-02-04 18:00:00+03:00,medium,dinner,18,15.0,10.265886175907113,-4.734113824092887,4.734113824092887,14.0
11,2026-02-27 00:00:00+03:00,medium,deep_night,0,18.0,22.733964377460246,4.7339643774602465,4.7339643774602465,14.0
35,2026-03-12 11:00:00+03:00,high,lunch,11,34.0,29.26711187596529,-4.732888124034709,4.732888124034709,30.0
478,2026-04-12 18:00:00+03:00,low,dinner,18,3.0,7.732217185387804,4.732217185387804,4.732217185387804,1.0
478,2026-04-01 11:00:00+03:00,low,lunch,11,1.0,5.728529480895918,4.728529480895918,4.728529480895918,1.0
37,2026-02-19 11:00:00+03:00,medium,lunch,11,17.0,12.287195633997307,-4.712804366002693,4.712804366002693,14.0
480,2026-03-06 11:00:00+03:00,low,lunch,11,7.0,2.308254515268372,-4.691745484731628,4.691745484731628,1.0
482,2026-03-13 15:00:00+03:00,low,afternoon,15,1.0,5.67506229296489,4.67506229296489,4.67506229296489,1.0
478,2026-03-15 15:00:00+03:00,low,afternoon,15,1.0,5.666155322784296,4.666155322784296,4.666155322784296,1.0
69,2026-02-07 11:00:00+03:00,mega,lunch,11,56.0,60.665648823583496,4.665648823583496,4.665648823583496,49.0
478,2026-02-21 18:00:00+03:00,low,dinner,18,4.0,8.657218602968623,4.657218602968623,4.657218602968623,1.0
14,2026-03-06 11:00:00+03:00,medium,lunch,11,15.0,19.650663065226453,4.650663065226453,4.650663065226453,14.0
101,2026-02-20 18:00:00+03:00,medium,dinner,18,14.0,9.355162196075051,-4.644837803924949,4.644837803924949,14.0
9,2026-02-15 15:00:00+03:00,medium,afternoon,15,14.0,9.356188947390388,-4.643811052609612,4.643811052609612,14.0
8,2026-03-07 11:00:00+03:00,high,lunch,11,34.0,38.641497019458726,4.6414970194587255,4.6414970194587255,30.0
11,2026-03-01 00:00:00+03:00,medium,deep_night,0,24.0,28.636177795332085,4.636177795332085,4.636177795332085,14.0
478,2026-03-17 15:00:00+03:00,low,afternoon,15,1.0,5.631539114795908,4.631539114795908,4.631539114795908,1.0
12,2026-03-11 11:00:00+03:00,medium,lunch,11,18.0,22.627103227132338,4.627103227132338,4.627103227132338,14.0
8,2026-01-29 11:00:00+03:00,high,lunch,11,34.0,29.377046809936576,-4.6229531900634235,4.6229531900634235,30.0
10,2026-01-29 11:00:00+03:00,medium,lunch,11,21.0,16.3772852261988,-4.622714773801199,4.622714773801199,14.0
10,2026-03-08 11:00:00+03:00,medium,lunch,11,19.0,14.387777202341233,-4.612222797658767,4.612222797658767,14.0
14,2026-02-02 11:00:00+03:00,medium,lunch,11,15.0,19.611075512523406,4.611075512523406,4.611075512523406,14.0
12,2026-02-06 09:00:00+03:00,medium,morning,9,14.0,9.397702586959708,-4.602297413040292,4.602297413040292,14.0
434,2026-03-15 11:00:00+03:00,medium,lunch,11,15.0,19.593677302903835,4.593677302903835,4.593677302903835,14.0
26,2026-03-30 11:00:00+03:00,medium,lunch,11,21.0,16.41190603088156,-4.5880939691184395,4.5880939691184395,14.0
14,2026-03-21 11:00:00+03:00,medium,lunch,11,15.0,19.576987146840015,4.576987146840015,4.576987146840015,14.0
10,2026-03-26 11:00:00+03:00,medium,lunch,11,15.0,19.576190199749746,4.576190199749746,4.576190199749746,14.0
26,2026-03-04 15:00:00+03:00,medium,afternoon,15,14.0,9.431566687983848,-4.568433312016152,4.568433312016152,14.0
516,2026-04-11 18:00:00+03:00,low,dinner,18,2.0,6.564911665020881,4.564911665020881,4.564911665020881,1.0
480,2026-02-24 18:00:00+03:00,low,dinner,18,1.0,5.532474055549498,4.532474055549498,4.532474055549498,1.0
30,2026-04-10 11:00:00+03:00,high,lunch,11,32.0,27.472160146709033,-4.527839853290967,4.527839853290967,30.0
8,2026-03-13 11:00:00+03:00,high,lunch,11,35.0,39.52602343771298,4.526023437712979,4.526023437712979,30.0
25,2026-02-02 15:00:00+03:00,medium,afternoon,15,14.0,9.481069891067367,-4.518930108932633,4.518930108932633,14.0
67,2026-02-20 09:00:00+03:00,low,morning,9,1.0,5.505618348921588,4.505618348921588,4.505618348921588,1.0
25,2026-02-19 15:00:00+03:00,medium,afternoon,15,14.0,9.496093577789138,-4.5039064222108625,4.5039064222108625,14.0
18,2026-03-04 11:00:00+03:00,medium,lunch,11,17.0,12.497056645734512,-4.502943354265488,4.502943354265488,14.0
10,2026-02-02 11:00:00+03:00,medium,lunch,11,22.0,17.502068269918386,-4.497931730081614,4.497931730081614,14.0
10,2026-03-20 11:00:00+03:00,medium,lunch,11,15.0,19.488293499032316,4.4882934990323164,4.4882934990323164,14.0
115,2026-04-12 11:00:00+03:00,medium,lunch,11,14.0,18.47840190615974,4.478401906159739,4.478401906159739,14.0
142,2026-02-27 11:00:00+03:00,medium,lunch,11,17.0,12.537216524347276,-4.462783475652724,4.462783475652724,14.0
25,2026-02-16 11:00:00+03:00,medium,lunch,11,14.0,18.461646001066924,4.461646001066924,4.461646001066924,14.0
115,2026-02-02 11:00:00+03:00,medium,lunch,11,26.0,21.54201416802708,-4.45798583197292,4.45798583197292,14.0
434,2026-04-10 11:00:00+03:00,medium,lunch,11,17.0,21.45744637290832,4.4574463729083185,4.4574463729083185,14.0
115,2026-02-05 09:00:00+03:00,medium,morning,9,14.0,9.568715739969328,-4.431284260030672,4.431284260030672,14.0
14,2026-03-01 11:00:00+03:00,medium,lunch,11,23.0,18.57791053504542,-4.422089464954581,4.422089464954581,14.0
434,2026-01-31 15:00:00+03:00,medium,afternoon,15,14.0,9.579516355970995,-4.420483644029005,4.420483644029005,14.0
7,2026-02-09 11:00:00+03:00,high,lunch,11,33.0,28.59240789660315,-4.407592103396851,4.407592103396851,30.0
123,2026-02-27 11:00:00+03:00,medium,lunch,11,32.0,27.592434477673994,-4.407565522326006,4.407565522326006,14.0
14,2026-03-03 11:00:00+03:00,medium,lunch,11,15.0,19.40086249778701,4.40086249778701,4.40086249778701,14.0
8,2026-02-05 11:00:00+03:00,high,lunch,11,35.0,39.399822490023695,4.399822490023695,4.399822490023695,30.0
37,2026-02-04 11:00:00+03:00,medium,lunch,11,18.0,13.601743313950177,-4.398256686049823,4.398256686049823,14.0
101,2026-01-30 11:00:00+03:00,medium,lunch,11,19.0,14.60230073231805,-4.397699267681951,4.397699267681951,14.0
25,2026-02-03 11:00:00+03:00,medium,lunch,11,15.0,19.39611199779896,4.396111997798961,4.396111997798961,14.0
11,2026-04-12 00:00:00+03:00,medium,deep_night,0,22.0,26.380815205595546,4.380815205595546,4.380815205595546,14.0
14,2026-03-10 11:00:00+03:00,medium,lunch,11,15.0,19.379321141123363,4.379321141123363,4.379321141123363,14.0
115,2026-03-16 11:00:00+03:00,medium,lunch,11,18.0,22.373381564890654,4.3733815648906536,4.3733815648906536,14.0
29,2026-02-24 11:00:00+03:00,high,lunch,11,35.0,39.37060255519707,4.370602555197067,4.370602555197067,30.0
11,2026-04-02 00:00:00+03:00,medium,deep_night,0,14.0,18.36768745155172,4.367687451551721,4.367687451551721,14.0
478,2026-03-21 15:00:00+03:00,low,afternoon,15,2.0,6.366535172963887,4.366535172963887,4.366535172963887,1.0
11,2026-03-07 00:00:00+03:00,medium,deep_night,0,25.0,29.366282411861672,4.366282411861672,4.366282411861672,14.0
12,2026-02-01 11:00:00+03:00,medium,lunch,11,22.0,26.365302397790938,4.365302397790938,4.365302397790938,14.0
29,2026-03-08 11:00:00+03:00,high,lunch,11,38.0,42.363381030849915,4.363381030849915,4.363381030849915,30.0
11,2026-03-02 06:00:00+03:00,medium,opening,6,16.0,11.638906239837253,-4.361093760162747,4.361093760162747,14.0
1,2026-01-30 11:00:00+03:00,medium,lunch,11,15.0,10.659482750479533,-4.340517249520467,4.340517249520467,14.0
434,2026-03-19 11:00:00+03:00,medium,lunch,11,15.0,19.33904885962705,4.339048859627049,4.339048859627049,14.0
6,2026-01-29 11:00:00+03:00,high,lunch,11,30.0,25.678616031257437,-4.321383968742563,4.321383968742563,30.0
29,2026-01-29 11:00:00+03:00,high,lunch,11,32.0,36.31715738808418,4.317157388084183,4.317157388084183,30.0
30,2026-02-13 11:00:00+03:00,high,lunch,11,33.0,28.691000364307172,-4.308999635692828,4.308999635692828,30.0
17,2026-03-08 18:00:00+03:00,medium,dinner,18,16.0,11.694790264920247,-4.305209735079753,4.305209735079753,14.0
12,2026-03-19 18:00:00+03:00,medium,dinner,18,17.0,12.699884909945421,-4.300115090054579,4.300115090054579,14.0
123,2026-04-05 11:00:00+03:00,medium,lunch,11,19.0,23.29957511385399,4.29957511385399,4.29957511385399,14.0
434,2026-02-04 11:00:00+03:00,medium,lunch,11,15.0,19.298533575896194,4.298533575896194,4.298533575896194,14.0
481,2026-03-22 15:00:00+03:00,low,afternoon,15,1.0,5.295856126759813,4.295856126759813,4.295856126759813,1.0
128,2026-03-14 11:00:00+03:00,high,lunch,11,30.0,25.7199530520187,-4.280046947981301,4.280046947981301,30.0
115,2026-02-12 18:00:00+03:00,medium,dinner,18,15.0,10.720513431560192,-4.279486568439808,4.279486568439808,14.0
478,2026-02-13 15:00:00+03:00,low,afternoon,15,2.0,6.277920580906545,4.277920580906545,4.277920580906545,1.0
115,2026-03-04 09:00:00+03:00,medium,morning,9,14.0,9.725119632011136,-4.274880367988864,4.274880367988864,14.0
434,2026-02-14 15:00:00+03:00,medium,afternoon,15,14.0,9.728374865904996,-4.271625134095004,4.271625134095004,14.0
5,2026-02-04 06:00:00+03:00,medium,opening,6,16.0,11.731140331302864,-4.268859668697136,4.268859668697136,14.0
35,2026-02-16 11:00:00+03:00,high,lunch,11,34.0,29.754755611747676,-4.245244388252324,4.245244388252324,30.0
11,2026-02-20 00:00:00+03:00,medium,deep_night,0,19.0,23.24250007198588,4.24250007198588,4.24250007198588,14.0
101,2026-04-05 11:00:00+03:00,medium,lunch,11,14.0,18.240116470033072,4.2401164700330725,4.2401164700330725,14.0
434,2026-03-29 15:00:00+03:00,medium,afternoon,15,15.0,10.7628782424554,-4.2371217575446,4.2371217575446,14.0
478,2026-03-06 11:00:00+03:00,low,lunch,11,7.0,2.7643451598928257,-4.235654840107174,4.235654840107174,1.0
434,2026-03-22 15:00:00+03:00,medium,afternoon,15,15.0,10.770058742371429,-4.229941257628571,4.229941257628571,14.0
478,2026-02-21 11:00:00+03:00,low,lunch,11,1.0,5.215347518067224,4.215347518067224,4.215347518067224,1.0
25,2026-03-25 11:00:00+03:00,medium,lunch,11,15.0,19.21355298273199,4.21355298273199,4.21355298273199,14.0
30,2026-02-15 11:00:00+03:00,high,lunch,11,40.0,35.802810591846516,-4.197189408153484,4.197189408153484,30.0
35,2026-04-08 11:00:00+03:00,high,lunch,11,33.0,28.814060249089128,-4.1859397509108724,4.1859397509108724,30.0
11,2026-02-12 00:00:00+03:00,medium,deep_night,0,14.0,18.1797187669006,4.179718766900599,4.179718766900599,14.0
478,2026-03-13 15:00:00+03:00,low,afternoon,15,1.0,5.168211961574179,4.168211961574179,4.168211961574179,1.0
12,2026-02-03 09:00:00+03:00,medium,morning,9,14.0,9.840618635559249,-4.159381364440751,4.159381364440751,14.0
12,2026-04-10 11:00:00+03:00,medium,lunch,11,27.0,22.84355641447117,-4.15644358552883,4.15644358552883,14.0
434,2026-03-14 15:00:00+03:00,medium,afternoon,15,14.0,9.846913299981942,-4.153086700018058,4.153086700018058,14.0
35,2026-04-03 11:00:00+03:00,high,lunch,11,32.0,27.85540962402458,-4.144590375975419,4.144590375975419,30.0
30,2026-02-23 11:00:00+03:00,high,lunch,11,35.0,30.856392143875865,-4.1436078561241345,4.1436078561241345,30.0
123,2026-03-30 11:00:00+03:00,medium,lunch,11,24.0,28.14234405108015,4.142344051080151,4.142344051080151,14.0
17,2026-03-22 11:00:00+03:00,medium,lunch,11,14.0,18.138279430352405,4.138279430352405,4.138279430352405,14.0
8,2026-02-25 11:00:00+03:00,high,lunch,11,32.0,36.13251325832435,4.132513258324352,4.132513258324352,30.0
123,2026-03-13 11:00:00+03:00,medium,lunch,11,27.0,31.126071140137608,4.126071140137608,4.126071140137608,14.0
10,2026-02-27 11:00:00+03:00,medium,lunch,11,14.0,18.125717420096926,4.125717420096926,4.125717420096926,14.0
115,2026-03-04 11:00:00+03:00,medium,lunch,11,28.0,23.874431691580458,-4.125568308419542,4.125568308419542,14.0
69,2026-03-03 11:00:00+03:00,mega,lunch,11,53.0,48.874630745016624,-4.125369254983376,4.125369254983376,49.0
25,2026-03-06 11:00:00+03:00,medium,lunch,11,23.0,18.884980768514907,-4.115019231485093,4.115019231485093,14.0
35,2026-02-15 11:00:00+03:00,high,lunch,11,32.0,36.09933482650904,4.099334826509043,4.099334826509043,30.0
12,2026-04-11 11:00:00+03:00,medium,lunch,11,28.0,23.900809912282213,-4.099190087717787,4.099190087717787,14.0
123,2026-03-04 11:00:00+03:00,medium,lunch,11,27.0,31.095664395556465,4.095664395556465,4.095664395556465,14.0
142,2026-02-24 11:00:00+03:00,medium,lunch,11,14.0,9.907274044518486,-4.092725955481514,4.092725955481514,14.0
123,2026-04-11 11:00:00+03:00,medium,lunch,11,29.0,24.91845550787734,-4.08154449212266,4.08154449212266,14.0
14,2026-01-28 11:00:00+03:00,medium,lunch,11,14.0,18.07997779119369,4.079977791193691,4.079977791193691,14.0
434,2026-02-11 11:00:00+03:00,medium,lunch,11,16.0,20.07622240315571,4.076222403155711,4.076222403155711,14.0
25,2026-04-06 11:00:00+03:00,medium,lunch,11,14.0,18.07215221268887,4.07215221268887,4.07215221268887,14.0
115,2026-02-03 11:00:00+03:00,medium,lunch,11,21.0,25.059173173217253,4.059173173217253,4.059173173217253,14.0
434,2026-03-12 11:00:00+03:00,medium,lunch,11,16.0,20.058064689459794,4.058064689459794,4.058064689459794,14.0
17,2026-02-27 18:00:00+03:00,medium,dinner,18,14.0,9.949006614384613,-4.050993385615387,4.050993385615387,14.0
25,2026-02-13 11:00:00+03:00,medium,lunch,11,23.0,18.96103681599101,-4.038963184008988,4.038963184008988,14.0
8,2026-02-20 11:00:00+03:00,high,lunch,11,34.0,38.028992090368504,4.028992090368504,4.028992090368504,30.0
14,2026-02-21 11:00:00+03:00,medium,lunch,11,16.0,20.021511661119426,4.021511661119426,4.021511661119426,14.0
478,2026-04-07 15:00:00+03:00,low,afternoon,15,3.0,7.019009122775934,4.019009122775934,4.019009122775934,1.0
434,2026-04-09 11:00:00+03:00,medium,lunch,11,23.0,18.988500349650337,-4.011499650349663,4.011499650349663,14.0
8,2026-03-04 11:00:00+03:00,high,lunch,11,40.0,35.99480500227246,-4.005194997727543,4.005194997727543,30.0
115,2026-04-10 11:00:00+03:00,medium,lunch,11,18.0,22.000984661845543,4.000984661845543,4.000984661845543,14.0
115,2026-02-10 11:00:00+03:00,medium,lunch,11,26.0,21.999117411307147,-4.000882588692853,4.000882588692853,14.0
115,2026-01-29 15:00:00+03:00,medium,afternoon,15,14.0,10.00112737012144,-3.9988726298785604,3.9988726298785604,14.0
25,2026-03-09 11:00:00+03:00,medium,lunch,11,14.0,17.991676461769533,3.991676461769533,3.991676461769533,14.0
12,2026-03-07 11:00:00+03:00,medium,lunch,11,28.0,24.010417705082073,-3.989582294917927,3.989582294917927,14.0
14,2026-04-12 11:00:00+03:00,medium,lunch,11,15.0,18.986883654837627,3.9868836548376265,3.9868836548376265,14.0
480,2026-03-27 11:00:00+03:00,low,lunch,11,2.0,5.982938128557249,3.982938128557249,3.982938128557249,1.0
5,2026-01-29 06:00:00+03:00,medium,opening,6,14.0,10.026374472974108,-3.9736255270258916,3.9736255270258916,14.0
434,2026-04-08 11:00:00+03:00,medium,lunch,11,14.0,17.968858019663397,3.968858019663397,3.968858019663397,14.0
14,2026-03-02 11:00:00+03:00,medium,lunch,11,16.0,19.966053821712165,3.9660538217121655,3.9660538217121655,14.0
26,2026-03-06 11:00:00+03:00,medium,lunch,11,15.0,18.961943295805135,3.961943295805135,3.961943295805135,14.0
478,2026-03-23 15:00:00+03:00,low,afternoon,15,1.0,4.957033746075795,3.957033746075795,3.957033746075795,1.0
123,2026-02-08 11:00:00+03:00,medium,lunch,11,20.0,23.956018632394276,3.956018632394276,3.956018632394276,14.0
434,2026-02-19 15:00:00+03:00,medium,afternoon,15,15.0,11.044762821082593,-3.9552371789174074,3.9552371789174074,14.0
8,2026-02-22 11:00:00+03:00,high,lunch,11,30.0,33.94413338347227,3.94413338347227,3.94413338347227,30.0
478,2026-04-12 11:00:00+03:00,low,lunch,11,2.0,5.9256492898420055,3.9256492898420055,3.9256492898420055,1.0
478,2026-02-01 15:00:00+03:00,low,afternoon,15,1.0,4.920440553577177,3.920440553577177,3.920440553577177,1.0
8,2026-02-11 11:00:00+03:00,high,lunch,11,40.0,36.08692015520478,-3.91307984479522,3.91307984479522,30.0
8,2026-02-17 11:00:00+03:00,high,lunch,11,39.0,35.08826116724087,-3.911738832759127,3.911738832759127,30.0
478,2026-04-11 18:00:00+03:00,low,dinner,18,3.0,6.902957766989278,3.902957766989278,3.902957766989278,1.0
25,2026-03-28 11:00:00+03:00,medium,lunch,11,19.0,15.099130736332551,-3.900869263667449,3.900869263667449,14.0
14,2026-03-30 11:00:00+03:00,medium,lunch,11,15.0,18.891942532702455,3.891942532702455,3.891942532702455,14.0
14,2026-01-26 11:00:00+03:00,medium,lunch,11,14.0,17.89176489475599,3.8917648947559904,3.8917648947559904,14.0
29,2026-02-14 11:00:00+03:00,high,lunch,11,39.0,42.887501169428454,3.887501169428454,3.887501169428454,30.0
1,2026-02-20 11:00:00+03:00,medium,lunch,11,17.0,13.113600682741723,-3.8863993172582774,3.8863993172582774,14.0
14,2026-04-10 15:00:00+03:00,medium,afternoon,15,14.0,10.114726657140668,-3.885273342859332,3.885273342859332,14.0
434,2026-02-03 11:00:00+03:00,medium,lunch,11,14.0,17.875480132034358,3.875480132034358,3.875480132034358,14.0
4,2026-02-06 11:00:00+03:00,high,lunch,11,33.0,29.134392168823872,-3.8656078311761277,3.8656078311761277,30.0
434,2026-03-22 18:00:00+03:00,medium,dinner,18,17.0,13.136350768734722,-3.8636492312652777,3.8636492312652777,14.0
11,2026-04-13 06:00:00+03:00,medium,opening,6,18.0,14.137326150607162,-3.862673849392838,3.862673849392838,14.0
37,2026-02-02 11:00:00+03:00,medium,lunch,11,15.0,11.138113686364274,-3.8618863136357255,3.8618863136357255,14.0
26,2026-04-08 11:00:00+03:00,medium,lunch,11,14.0,17.860347284338598,3.860347284338598,3.860347284338598,14.0
14,2026-02-14 11:00:00+03:00,medium,lunch,11,17.0,20.854016899441152,3.8540168994411523,3.8540168994411523,14.0
123,2026-03-07 11:00:00+03:00,medium,lunch,11,20.0,23.847245782044773,3.847245782044773,3.847245782044773,14.0
123,2026-03-29 11:00:00+03:00,medium,lunch,11,18.0,21.84609971433589,3.846099714335889,3.846099714335889,14.0
29,2026-02-27 11:00:00+03:00,high,lunch,11,35.0,38.84000763929546,3.8400076392954574,3.8400076392954574,30.0
434,2026-04-09 15:00:00+03:00,medium,afternoon,15,15.0,11.169680678382672,-3.8303193216173277,3.8303193216173277,14.0
480,2026-03-16 18:00:00+03:00,low,dinner,18,2.0,5.826340986323004,3.826340986323004,3.826340986323004,1.0
478,2026-03-10 18:00:00+03:00,low,dinner,18,2.0,5.818173328453646,3.8181733284536463,3.8181733284536463,1.0
37,2026-02-06 11:00:00+03:00,medium,lunch,11,16.0,12.1850665205991,-3.8149334794008993,3.8149334794008993,14.0
14,2026-02-16 11:00:00+03:00,medium,lunch,11,16.0,19.81285078443107,3.8128507844310704,3.8128507844310704,14.0
98,2026-04-07 11:00:00+03:00,low,lunch,11,4.0,0.19414012638871903,-3.805859873611281,3.805859873611281,1.0
25,2026-04-02 11:00:00+03:00,medium,lunch,11,14.0,17.799702767917346,3.7997027679173456,3.7997027679173456,14.0
481,2026-04-11 18:00:00+03:00,low,dinner,18,1.0,4.796576934487397,3.7965769344873967,3.7965769344873967,1.0
340,2026-04-05 18:00:00+03:00,low,dinner,18,4.0,0.20356621956622245,-3.7964337804337775,3.7964337804337775,1.0
12,2026-03-01 11:00:00+03:00,medium,lunch,11,22.0,25.796209069043254,3.796209069043254,3.796209069043254,14.0
12,2026-03-21 09:00:00+03:00,medium,morning,9,16.0,12.204848259813753,-3.795151740186247,3.795151740186247,14.0
478,2026-03-15 18:00:00+03:00,low,dinner,18,1.0,4.790017256678438,3.7900172566784383,3.7900172566784383,1.0
10,2026-02-04 11:00:00+03:00,medium,lunch,11,24.0,20.211682969431237,-3.788317030568763,3.788317030568763,14.0
480,2026-03-08 18:00:00+03:00,low,dinner,18,1.0,4.787356470459703,3.787356470459703,3.787356470459703,1.0
434,2026-02-27 15:00:00+03:00,medium,afternoon,15,15.0,11.214647246442365,-3.7853527535576355,3.7853527535576355,14.0
290,2026-03-08 15:00:00+03:00,low,afternoon,15,4.0,0.22474836785671126,-3.7752516321432887,3.7752516321432887,1.0
425,2026-04-11 09:00:00+03:00,low,morning,9,4.0,0.22550522351113766,-3.7744947764888623,3.7744947764888623,1.0
7,2026-04-09 11:00:00+03:00,high,lunch,11,32.0,28.234394644372248,-3.765605355627752,3.765605355627752,30.0
123,2026-04-01 15:00:00+03:00,medium,afternoon,15,18.0,14.2396143769046,-3.7603856230954005,3.7603856230954005,14.0
30,2026-01-27 11:00:00+03:00,high,lunch,11,30.0,26.239623694248042,-3.760376305751958,3.760376305751958,30.0
10,2026-03-13 11:00:00+03:00,medium,lunch,11,17.0,20.756203562163762,3.756203562163762,3.756203562163762,14.0
4,2026-03-18 11:00:00+03:00,high,lunch,11,33.0,29.251438850911036,-3.748561149088964,3.748561149088964,30.0
1,2026-02-03 11:00:00+03:00,medium,lunch,11,16.0,12.255724513231058,-3.7442754867689416,3.7442754867689416,14.0
126,2026-03-19 11:00:00+03:00,high,lunch,11,31.0,27.291425118477715,-3.708574881522285,3.708574881522285,30.0
18,2026-02-06 11:00:00+03:00,medium,lunch,11,15.0,11.292792685247713,-3.707207314752287,3.707207314752287,14.0
142,2026-04-02 11:00:00+03:00,medium,lunch,11,15.0,11.301891062706943,-3.698108937293057,3.698108937293057,14.0
18,2026-03-01 11:00:00+03:00,medium,lunch,11,22.0,18.312864967959058,-3.687135032040942,3.687135032040942,14.0
115,2026-03-24 11:00:00+03:00,medium,lunch,11,20.0,23.686474382630383,3.686474382630383,3.686474382630383,14.0
35,2026-03-07 11:00:00+03:00,high,lunch,11,32.0,35.68277795734812,3.6827779573481223,3.6827779573481223,30.0
123,2026-02-10 09:00:00+03:00,medium,morning,9,18.0,14.330390252412224,-3.669609747587776,3.669609747587776,14.0
135,2026-01-30 15:00:00+03:00,low,afternoon,15,4.0,0.3362926326469511,-3.663707367353049,3.663707367353049,1.0
20,2026-02-01 11:00:00+03:00,medium,lunch,11,17.0,13.33893829619649,-3.66106170380351,3.66106170380351,14.0
481,2026-03-21 21:00:00+03:00,low,late_evening,21,1.0,4.655895107947153,3.6558951079471527,3.6558951079471527,1.0
123,2026-02-07 11:00:00+03:00,medium,lunch,11,29.0,25.34415208990398,-3.6558479100960213,3.6558479100960213,14.0
8,2026-02-19 11:00:00+03:00,high,lunch,11,44.0,40.34425129710387,-3.6557487028961333,3.6557487028961333,30.0
14,2026-01-31 11:00:00+03:00,medium,lunch,11,22.0,18.357740096789648,-3.642259903210352,3.642259903210352,14.0
434,2026-03-02 11:00:00+03:00,medium,lunch,11,15.0,18.637740182162084,3.6377401821620836,3.6377401821620836,14.0
14,2026-03-08 15:00:00+03:00,medium,afternoon,15,15.0,11.366918782567648,-3.633081217432352,3.633081217432352,14.0
478,2026-03-07 11:00:00+03:00,low,lunch,11,2.0,5.6288919198690675,3.6288919198690675,3.6288919198690675,1.0
115,2026-01-27 15:00:00+03:00,medium,afternoon,15,14.0,10.3742729970328,-3.6257270029671993,3.6257270029671993,14.0
29,2026-04-11 11:00:00+03:00,high,lunch,11,35.0,38.62554506648044,3.6255450664804414,3.6255450664804414,30.0
12,2026-03-03 11:00:00+03:00,medium,lunch,11,18.0,21.62487188939297,3.6248718893929706,3.6248718893929706,14.0
478,2026-02-17 11:00:00+03:00,low,lunch,11,4.0,0.37925786372957404,-3.620742136270426,3.620742136270426,1.0
434,2026-02-15 15:00:00+03:00,medium,afternoon,15,15.0,11.37968105866463,-3.62031894133537,3.62031894133537,14.0
12,2026-04-05 11:00:00+03:00,medium,lunch,11,20.0,23.59023386016775,3.59023386016775,3.59023386016775,14.0
26,2026-03-03 11:00:00+03:00,medium,lunch,11,15.0,18.590091005267695,3.590091005267695,3.590091005267695,14.0
14,2026-01-25 11:00:00+03:00,medium,lunch,11,22.0,18.411104351692117,-3.588895648307883,3.588895648307883,14.0
123,2026-02-21 11:00:00+03:00,medium,lunch,11,21.0,24.578059103816187,3.5780591038161873,3.5780591038161873,14.0
142,2026-02-02 11:00:00+03:00,medium,lunch,11,14.0,10.433992818615652,-3.5660071813843484,3.5660071813843484,14.0
30,2026-02-22 11:00:00+03:00,high,lunch,11,36.0,32.44625211422572,-3.5537478857742784,3.5537478857742784,30.0
115,2026-03-17 11:00:00+03:00,medium,lunch,11,20.0,23.552988015155023,3.552988015155023,3.552988015155023,14.0
11,2026-01-29 00:00:00+03:00,medium,deep_night,0,17.0,13.452108601777486,-3.5478913982225144,3.5478913982225144,14.0
443,2026-03-04 15:00:00+03:00,low,afternoon,15,1.0,4.547161340230406,3.5471613402304056,3.5471613402304056,1.0
123,2026-02-11 09:00:00+03:00,medium,morning,9,18.0,14.453161964099678,-3.546838035900322,3.546838035900322,14.0
181,2026-03-05 11:00:00+03:00,low,lunch,11,4.0,0.4588173664333306,-3.5411826335666694,3.5411826335666694,1.0
480,2026-02-13 11:00:00+03:00,low,lunch,11,1.0,4.533220083679546,3.533220083679546,3.533220083679546,1.0
443,2026-12-18 11:00:00+03:00,low,lunch,11,1.0,4.532371099572807,3.5323710995728073,3.5323710995728073,1.0
434,2026-04-05 11:00:00+03:00,medium,lunch,11,21.0,17.46879872272872,-3.531201277271279,3.531201277271279,14.0
29,2026-01-30 11:00:00+03:00,high,lunch,11,35.0,31.468938558301904,-3.531061441698096,3.531061441698096,30.0
14,2026-02-03 11:00:00+03:00,medium,lunch,11,23.0,19.475515737945713,-3.524484262054287,3.524484262054287,14.0
443,2026-04-07 09:00:00+03:00,low,morning,9,4.0,0.48074945086716037,-3.5192505491328396,3.5192505491328396,1.0
131,2026-02-08 15:00:00+03:00,low,afternoon,15,4.0,0.4814031887370316,-3.5185968112629684,3.5185968112629684,1.0
12,2026-02-12 11:00:00+03:00,medium,lunch,11,26.0,22.48662579726727,-3.513374202732731,3.513374202732731,14.0
10,2026-02-25 11:00:00+03:00,medium,lunch,11,16.0,19.502469581772225,3.5024695817722247,3.5024695817722247,14.0
115,2026-02-15 11:00:00+03:00,medium,lunch,11,16.0,19.50109366893997,3.501093668939969,3.501093668939969,14.0
6,2026-04-13 11:00:00+03:00,high,lunch,11,30.0,26.500853949764345,-3.4991460502356553,3.4991460502356553,30.0
69,2026-03-26 11:00:00+03:00,mega,lunch,11,49.0,52.49861535512193,3.4986153551219275,3.4986153551219275,49.0
115,2026-01-25 09:00:00+03:00,medium,morning,9,15.0,11.50234103790425,-3.49765896209575,3.49765896209575,14.0
101,2026-01-25 11:00:00+03:00,medium,lunch,11,21.0,17.504466883004298,-3.495533116995702,3.495533116995702,14.0
9,2026-03-21 21:00:00+03:00,medium,late_evening,21,14.0,10.525743670534563,-3.4742563294654367,3.4742563294654367,14.0
434,2026-03-10 15:00:00+03:00,medium,afternoon,15,15.0,11.527212728695222,-3.472787271304778,3.472787271304778,14.0
123,2026-04-03 11:00:00+03:00,medium,lunch,11,25.0,28.463050822852594,3.463050822852594,3.463050822852594,14.0
14,2026-03-19 11:00:00+03:00,medium,lunch,11,16.0,19.456354702313412,3.456354702313412,3.456354702313412,14.0
434,2026-03-05 11:00:00+03:00,medium,lunch,11,17.0,20.449743739494785,3.449743739494785,3.449743739494785,14.0
483,2026-03-17 15:00:00+03:00,low,afternoon,15,1.0,4.442753008346864,3.4427530083468643,3.4427530083468643,1.0
115,2026-03-26 15:00:00+03:00,medium,afternoon,15,14.0,10.563019691510684,-3.436980308489316,3.436980308489316,14.0
8,2026-03-12 11:00:00+03:00,high,lunch,11,34.0,37.4368508428808,3.4368508428808013,3.4368508428808013,30.0
10,2026-02-20 11:00:00+03:00,medium,lunch,11,17.0,20.43658727950459,3.4365872795045895,3.4365872795045895,14.0
26,2026-03-11 11:00:00+03:00,medium,lunch,11,15.0,18.434113483789133,3.434113483789133,3.434113483789133,14.0
478,2026-04-04 15:00:00+03:00,low,afternoon,15,1.0,4.433877553906411,3.4338775539064113,3.4338775539064113,1.0
434,2026-02-02 15:00:00+03:00,medium,afternoon,15,14.0,10.56885232591942,-3.431147674080581,3.431147674080581,14.0
12,2026-02-28 11:00:00+03:00,medium,lunch,11,26.0,22.57416671948775,-3.4258332805122507,3.4258332805122507,14.0
25,2026-02-10 11:00:00+03:00,medium,lunch,11,21.0,17.57458114594761,-3.4254188540523884,3.4254188540523884,14.0
35,2026-01-30 11:00:00+03:00,high,lunch,11,30.0,26.58007711496967,-3.4199228850303314,3.4199228850303314,30.0
11,2026-02-04 06:00:00+03:00,medium,opening,6,17.0,13.584306778180599,-3.415693221819401,3.415693221819401,14.0
115,2026-02-11 11:00:00+03:00,medium,lunch,11,26.0,22.585184306495076,-3.4148156935049236,3.4148156935049236,14.0
123,2026-03-25 09:00:00+03:00,medium,morning,9,20.0,16.588619685866416,-3.4113803141335843,3.4113803141335843,14.0
12,2026-01-26 11:00:00+03:00,medium,lunch,11,17.0,20.408829387757358,3.4088293877573577,3.4088293877573577,14.0
69,2026-04-02 11:00:00+03:00,mega,lunch,11,49.0,45.59317093178494,-3.4068290682150604,3.4068290682150604,49.0
10,2026-02-12 11:00:00+03:00,medium,lunch,11,23.0,19.60135299348508,-3.3986470065149206,3.3986470065149206,14.0
434,2026-01-28 11:00:00+03:00,medium,lunch,11,14.0,17.39657021686073,3.396570216860731,3.396570216860731,14.0
9,2026-03-06 18:00:00+03:00,medium,dinner,18,14.0,10.603966182029453,-3.3960338179705474,3.3960338179705474,14.0
11,2026-03-10 06:00:00+03:00,medium,opening,6,16.0,12.604235045569995,-3.395764954430005,3.395764954430005,14.0
10,2026-04-05 11:00:00+03:00,medium,lunch,11,15.0,11.604933006977333,-3.3950669930226667,3.3950669930226667,14.0
115,2026-02-06 18:00:00+03:00,medium,dinner,18,15.0,11.611139474343272,-3.388860525656728,3.388860525656728,14.0
26,2026-03-08 11:00:00+03:00,medium,lunch,11,17.0,13.61617343533339,-3.3838265646666095,3.3838265646666095,14.0
25,2026-02-17 11:00:00+03:00,medium,lunch,11,21.0,17.61639981456279,-3.38360018543721,3.38360018543721,14.0
115,2026-02-05 11:00:00+03:00,medium,lunch,11,21.0,24.379856681527013,3.379856681527013,3.379856681527013,14.0
69,2026-02-05 11:00:00+03:00,mega,lunch,11,49.0,45.62024249881951,-3.3797575011804923,3.3797575011804923,49.0
11,2026-02-24 00:00:00+03:00,medium,deep_night,0,21.0,24.373486469650842,3.3734864696508424,3.3734864696508424,14.0
26,2026-01-28 11:00:00+03:00,medium,lunch,11,20.0,16.62916120592202,-3.3708387940779794,3.3708387940779794,14.0
478,2026-02-15 11:00:00+03:00,low,lunch,11,1.0,4.361310856474898,3.3613108564748977,3.3613108564748977,1.0
9,2026-02-18 11:00:00+03:00,medium,lunch,11,14.0,10.6390785907955,-3.3609214092045008,3.3609214092045008,14.0
480,2026-03-19 11:00:00+03:00,low,lunch,11,2.0,5.357818125280859,3.3578181252808594,3.3578181252808594,1.0
25,2026-02-18 11:00:00+03:00,medium,lunch,11,21.0,17.64264267884461,-3.3573573211553907,3.3573573211553907,14.0
425,2026-04-11 11:00:00+03:00,low,lunch,11,5.0,1.6538775660160376,-3.3461224339839624,3.3461224339839624,1.0
480,2026-03-21 11:00:00+03:00,low,lunch,11,1.0,4.323285029712042,3.323285029712042,3.323285029712042,1.0
123,2026-03-02 11:00:00+03:00,medium,lunch,11,32.0,28.681117917747763,-3.3188820822522374,3.3188820822522374,14.0
17,2026-03-09 11:00:00+03:00,medium,lunch,11,14.0,17.31868905005041,3.318689050050409,3.318689050050409,14.0
434,2026-03-05 18:00:00+03:00,medium,dinner,18,17.0,13.687443159362314,-3.3125568406376864,3.3125568406376864,14.0
18,2026-02-07 11:00:00+03:00,medium,lunch,11,17.0,20.310684749739902,3.3106847497399023,3.3106847497399023,14.0
434,2026-04-03 11:00:00+03:00,medium,lunch,11,16.0,19.308469339453154,3.308469339453154,3.308469339453154,14.0
8,2026-04-11 11:00:00+03:00,high,lunch,11,33.0,36.30821682538584,3.3082168253858413,3.3082168253858413,30.0
25,2026-02-09 11:00:00+03:00,medium,lunch,11,14.0,17.306144434436078,3.306144434436078,3.306144434436078,14.0
101,2026-03-12 11:00:00+03:00,medium,lunch,11,18.0,14.696091823953626,-3.3039081760463738,3.3039081760463738,14.0
7,2026-03-04 11:00:00+03:00,high,lunch,11,33.0,29.69722370970321,-3.3027762902967908,3.3027762902967908,30.0
115,2026-02-14 11:00:00+03:00,medium,lunch,11,23.0,19.702508251159003,-3.297491748840997,3.297491748840997,14.0
25,2026-03-24 11:00:00+03:00,medium,lunch,11,21.0,17.70621645917098,-3.2937835408290184,3.2937835408290184,14.0
30,2026-02-14 11:00:00+03:00,high,lunch,11,40.0,36.71409613537951,-3.2859038646204866,3.2859038646204866,30.0
12,2026-04-04 11:00:00+03:00,medium,lunch,11,20.0,23.2790673085923,3.2790673085922997,3.2790673085922997,14.0
443,2026-03-03 15:00:00+03:00,low,afternoon,15,6.0,2.7353805490619645,-3.2646194509380355,3.2646194509380355,1.0
1,2026-02-16 11:00:00+03:00,medium,lunch,11,16.0,12.735712859641463,-3.2642871403585367,3.2642871403585367,14.0
128,2026-03-07 11:00:00+03:00,high,lunch,11,30.0,26.73778067401684,-3.2622193259831604,3.2622193259831604,30.0
478,2026-03-15 09:00:00+03:00,low,morning,9,1.0,4.261746821706333,3.261746821706333,3.261746821706333,1.0
135,2026-02-06 18:00:00+03:00,low,dinner,18,4.0,0.7407166885861729,-3.259283311413827,3.259283311413827,1.0
26,2026-01-25 11:00:00+03:00,medium,lunch,11,16.0,12.746436916083862,-3.253563083916138,3.253563083916138,14.0
12,2026-02-26 15:00:00+03:00,medium,afternoon,15,16.0,12.749790628259847,-3.2502093717401532,3.2502093717401532,14.0
29,2026-02-28 11:00:00+03:00,high,lunch,11,37.0,40.23916708655486,3.2391670865548576,3.2391670865548576,30.0
37,2026-03-03 11:00:00+03:00,medium,lunch,11,15.0,11.765344001896102,-3.2346559981038983,3.2346559981038983,14.0
12,2026-02-26 11:00:00+03:00,medium,lunch,11,20.0,23.226894638730958,3.2268946387309576,3.2268946387309576,14.0
29,2026-02-03 11:00:00+03:00,high,lunch,11,36.0,39.22148775965701,3.221487759657009,3.221487759657009,30.0
35,2026-02-11 11:00:00+03:00,high,lunch,11,31.0,27.779591959041237,-3.2204080409587625,3.2204080409587625,30.0
8,2026-03-08 11:00:00+03:00,high,lunch,11,32.0,35.21154616282918,3.2115461628291797,3.2115461628291797,30.0
12,2026-02-16 11:00:00+03:00,medium,lunch,11,20.0,23.210036791040746,3.2100367910407464,3.2100367910407464,14.0
443,2026-04-08 11:00:00+03:00,low,lunch,11,6.0,2.7946455188380526,-3.2053544811619474,3.2053544811619474,1.0
434,2026-03-09 18:00:00+03:00,medium,dinner,18,18.0,14.800964243670569,-3.1990357563294314,3.1990357563294314,14.0
14,2026-03-09 11:00:00+03:00,medium,lunch,11,17.0,20.195875632451624,3.1958756324516244,3.1958756324516244,14.0
123,2026-04-10 11:00:00+03:00,medium,lunch,11,32.0,28.8113562179609,-3.188643782039101,3.188643782039101,14.0
20,2026-03-28 11:00:00+03:00,medium,lunch,11,14.0,10.812301131273268,-3.1876988687267325,3.1876988687267325,14.0
12,2026-03-29 11:00:00+03:00,medium,lunch,11,21.0,24.186097843242536,3.1860978432425355,3.1860978432425355,14.0
12,2026-04-02 15:00:00+03:00,medium,afternoon,15,14.0,10.82417370232088,-3.1758262976791194,3.1758262976791194,14.0
25,2026-01-28 11:00:00+03:00,medium,lunch,11,19.0,15.825347448048136,-3.174652551951864,3.174652551951864,14.0
12,2026-02-23 15:00:00+03:00,medium,afternoon,15,15.0,11.845571334716935,-3.1544286652830653,3.1544286652830653,14.0
12,2026-01-31 15:00:00+03:00,medium,afternoon,15,14.0,10.84567207759386,-3.1543279224061394,3.1543279224061394,14.0
12,2026-02-18 11:00:00+03:00,medium,lunch,11,19.0,22.1524126216379,3.1524126216379003,3.1524126216379003,14.0
26,2026-02-10 11:00:00+03:00,medium,lunch,11,15.0,18.148104031444817,3.1481040314448165,3.1481040314448165,14.0
115,2026-04-08 15:00:00+03:00,medium,afternoon,15,14.0,10.856266663549155,-3.143733336450845,3.143733336450845,14.0
115,2026-03-20 15:00:00+03:00,medium,afternoon,15,15.0,11.862524749461416,-3.137475250538584,3.137475250538584,14.0
115,2026-04-11 11:00:00+03:00,medium,lunch,11,17.0,20.13737206917044,3.137372069170439,3.137372069170439,14.0
29,2026-03-28 11:00:00+03:00,high,lunch,11,32.0,35.12891738539752,3.1289173853975214,3.1289173853975214,30.0
18,2026-02-15 11:00:00+03:00,medium,lunch,11,16.0,19.122009455678587,3.1220094556785867,3.1220094556785867,14.0
434,2026-04-11 11:00:00+03:00,medium,lunch,11,16.0,19.115758524429836,3.115758524429836,3.115758524429836,14.0
14,2026-01-30 11:00:00+03:00,medium,lunch,11,20.0,16.898630829109877,-3.1013691708901234,3.1013691708901234,14.0
10,2026-03-27 11:00:00+03:00,medium,lunch,11,16.0,19.097993138124906,3.097993138124906,3.097993138124906,14.0
115,2026-04-09 15:00:00+03:00,medium,afternoon,15,14.0,10.90424016178337,-3.0957598382166296,3.0957598382166296,14.0
115,2026-02-16 15:00:00+03:00,medium,afternoon,15,15.0,11.911476232518345,-3.0885237674816555,3.0885237674816555,14.0
478,2026-03-20 18:00:00+03:00,low,dinner,18,7.0,3.9116587981422923,-3.0883412018577077,3.0883412018577077,1.0
123,2026-03-20 11:00:00+03:00,medium,lunch,11,25.0,28.08424630704666,3.0842463070466586,3.0842463070466586,14.0
478,2026-02-15 15:00:00+03:00,low,afternoon,15,2.0,5.0839301710295866,3.0839301710295866,3.0839301710295866,1.0
115,2026-04-09 18:00:00+03:00,medium,dinner,18,14.0,10.922152047596807,-3.077847952403193,3.077847952403193,14.0
115,2026-02-06 11:00:00+03:00,medium,lunch,11,25.0,21.923199725798415,-3.0768002742015845,3.0768002742015845,14.0
11,2026-04-03 06:00:00+03:00,medium,opening,6,14.0,17.069468962599835,3.069468962599835,3.069468962599835,14.0
12,2026-02-06 11:00:00+03:00,medium,lunch,11,26.0,22.934985285794305,-3.065014714205695,3.065014714205695,14.0
115,2026-02-20 11:00:00+03:00,medium,lunch,11,26.0,22.936082045271252,-3.0639179547287476,3.0639179547287476,14.0
115,2026-04-07 11:00:00+03:00,medium,lunch,11,18.0,21.063179730489527,3.0631797304895265,3.0631797304895265,14.0
434,2026-02-22 11:00:00+03:00,medium,lunch,11,23.0,19.951032181570937,-3.0489678184290625,3.0489678184290625,14.0
12,2026-03-24 18:00:00+03:00,medium,dinner,18,15.0,11.951690583363654,-3.0483094166363465,3.0483094166363465,14.0
14,2026-02-06 11:00:00+03:00,medium,lunch,11,16.0,19.04463519446095,3.0446351944609518,3.0446351944609518,14.0
478,2026-02-21 15:00:00+03:00,low,afternoon,15,2.0,5.044343770843413,3.0443437708434127,3.0443437708434127,1.0
29,2026-04-09 11:00:00+03:00,high,lunch,11,37.0,40.04307868043445,3.043078680434448,3.043078680434448,30.0
12,2026-02-24 18:00:00+03:00,medium,dinner,18,15.0,11.967383581843254,-3.0326164181567457,3.0326164181567457,14.0
434,2026-03-13 18:00:00+03:00,medium,dinner,18,16.0,12.97197376865843,-3.0280262313415705,3.0280262313415705,14.0
12,2026-02-07 11:00:00+03:00,medium,lunch,11,29.0,25.972786928208567,-3.027213071791433,3.027213071791433,14.0
12,2026-03-18 15:00:00+03:00,medium,afternoon,15,16.0,12.974752541458777,-3.025247458541223,3.025247458541223,14.0
99,2026-03-08 11:00:00+03:00,mega,lunch,11,50.0,46.97480988417703,-3.025190115822973,3.025190115822973,49.0
4,2026-01-27 11:00:00+03:00,high,lunch,11,31.0,27.975744358024322,-3.024255641975678,3.024255641975678,30.0
20,2026-04-11 11:00:00+03:00,medium,lunch,11,15.0,11.97909913105731,-3.0209008689426895,3.0209008689426895,14.0
11,2026-04-09 00:00:00+03:00,medium,deep_night,0,17.0,20.02014458698946,3.02014458698946,3.02014458698946,14.0
115,2026-03-16 18:00:00+03:00,medium,dinner,18,14.0,10.980971799647506,-3.019028200352494,3.019028200352494,14.0
434,2026-03-02 18:00:00+03:00,medium,dinner,18,15.0,11.988006353306755,-3.011993646693245,3.011993646693245,14.0
478,2026-04-03 15:00:00+03:00,low,afternoon,15,1.0,4.005042397259947,3.005042397259947,3.005042397259947,1.0
30,2026-02-08 11:00:00+03:00,high,lunch,11,36.0,33.001339585195865,-2.998660414804135,2.998660414804135,30.0
11,2026-03-26 00:00:00+03:00,medium,deep_night,0,23.0,20.0071597269591,-2.992840273040901,2.992840273040901,14.0
69,2026-04-13 11:00:00+03:00,mega,lunch,11,50.0,47.01057747116995,-2.9894225288300476,2.9894225288300476,49.0
347,2026-02-27 21:00:00+03:00,low,late_evening,21,3.0,0.013716838961320477,-2.9862831610386795,2.9862831610386795,1.0
478,2026-02-09 15:00:00+03:00,low,afternoon,15,2.0,4.985091015499422,2.985091015499422,2.985091015499422,1.0
25,2026-03-02 11:00:00+03:00,medium,lunch,11,21.0,18.025593375240987,-2.9744066247590126,2.9744066247590126,14.0
123,2026-02-22 11:00:00+03:00,medium,lunch,11,26.0,23.02742579557403,-2.972574204425971,2.972574204425971,14.0
14,2026-03-22 11:00:00+03:00,medium,lunch,11,14.0,16.969565509999804,2.9695655099998035,2.9695655099998035,14.0
434,2026-02-09 11:00:00+03:00,medium,lunch,11,23.0,20.03444171995711,-2.9655582800428917,2.9655582800428917,14.0
35,2026-03-06 11:00:00+03:00,high,lunch,11,34.0,31.03768948270415,-2.962310517295851,2.962310517295851,30.0
25,2026-02-26 11:00:00+03:00,medium,lunch,11,21.0,18.03851379404465,-2.9614862059553495,2.9614862059553495,14.0
434,2026-02-13 18:00:00+03:00,medium,dinner,18,15.0,12.048304071837327,-2.951695928162673,2.951695928162673,14.0
12,2026-01-31 11:00:00+03:00,medium,lunch,11,27.0,24.053138937273513,-2.9468610627264873,2.9468610627264873,14.0
1,2026-04-03 11:00:00+03:00,medium,lunch,11,15.0,12.054657634206336,-2.945342365793664,2.945342365793664,14.0
123,2026-02-25 15:00:00+03:00,medium,afternoon,15,18.0,15.05511586155609,-2.9448841384439106,2.9448841384439106,14.0
434,2026-03-18 11:00:00+03:00,medium,lunch,11,17.0,19.939841642966883,2.9398416429668828,2.9398416429668828,14.0
12,2026-01-30 15:00:00+03:00,medium,afternoon,15,14.0,11.06190170438068,-2.9380982956193193,2.9380982956193193,14.0
17,2026-03-07 11:00:00+03:00,medium,lunch,11,15.0,17.936265007420182,2.9362650074201824,2.9362650074201824,14.0
434,2026-02-16 11:00:00+03:00,medium,lunch,11,18.0,20.930786010438215,2.930786010438215,2.930786010438215,14.0
98,2026-03-24 15:00:00+03:00,low,afternoon,15,3.0,0.07895297370174514,-2.921047026298255,2.921047026298255,1.0
115,2026-03-10 11:00:00+03:00,medium,lunch,11,20.0,22.920938956541942,2.920938956541942,2.920938956541942,14.0
10,2026-03-24 11:00:00+03:00,medium,lunch,11,20.0,17.090131424095965,-2.909868575904035,2.909868575904035,14.0
25,2026-03-03 11:00:00+03:00,medium,lunch,11,17.0,19.903831474175306,2.9038314741753055,2.9038314741753055,14.0
439,2026-02-14 18:00:00+03:00,low,dinner,18,3.0,0.10800599811490219,-2.891994001885098,2.891994001885098,1.0
478,2026-04-04 11:00:00+03:00,low,lunch,11,1.0,3.8892952301749206,2.8892952301749206,2.8892952301749206,1.0
8,2026-02-02 11:00:00+03:00,high,lunch,11,43.0,40.11096400708604,-2.8890359929139606,2.8890359929139606,30.0
11,2026-03-15 00:00:00+03:00,medium,deep_night,0,26.0,28.88839498586799,2.88839498586799,2.88839498586799,14.0
123,2026-04-06 11:00:00+03:00,medium,lunch,11,24.0,26.88342966910349,2.8834296691034886,2.8834296691034886,14.0
115,2026-02-12 15:00:00+03:00,medium,afternoon,15,14.0,11.120228649769313,-2.879771350230687,2.879771350230687,14.0
179,2026-03-08 15:00:00+03:00,low,afternoon,15,3.0,0.12939763412913408,-2.870602365870866,2.870602365870866,1.0
478,2026-02-13 21:00:00+03:00,low,late_evening,21,1.0,3.870229063855189,2.870229063855189,2.870229063855189,1.0
478,2026-02-28 18:00:00+03:00,low,dinner,18,3.0,5.8638487279715,2.8638487279715,2.8638487279715,1.0
41,2026-03-06 09:00:00+03:00,low,morning,9,3.0,0.14454004005290066,-2.8554599599470993,2.8554599599470993,1.0
8,2026-02-21 11:00:00+03:00,high,lunch,11,33.0,35.851816254071856,2.8518162540718563,2.8518162540718563,30.0
480,2026-03-20 18:00:00+03:00,low,dinner,18,1.0,3.851415207941589,2.851415207941589,2.851415207941589,1.0
115,2026-03-28 11:00:00+03:00,medium,lunch,11,17.0,19.84058712674365,2.8405871267436495,2.8405871267436495,14.0
478,2026-02-14 21:00:00+03:00,low,late_evening,21,1.0,3.8328898195350773,2.8328898195350773,2.8328898195350773,1.0
115,2026-01-27 11:00:00+03:00,medium,lunch,11,24.0,21.16918275884885,-2.8308172411511485,2.8308172411511485,14.0
434,2026-02-02 11:00:00+03:00,medium,lunch,11,17.0,19.826706015569904,2.826706015569904,2.826706015569904,14.0
480,2026-03-28 11:00:00+03:00,low,lunch,11,1.0,3.822173875024263,2.822173875024263,2.822173875024263,1.0
12,2026-02-14 09:00:00+03:00,medium,morning,9,15.0,12.178870039416992,-2.821129960583008,2.821129960583008,14.0
101,2026-02-17 11:00:00+03:00,medium,lunch,11,20.0,17.183194823583115,-2.816805176416885,2.816805176416885,14.0
123,2026-03-26 09:00:00+03:00,medium,morning,9,14.0,16.812321532328916,2.812321532328916,2.812321532328916,14.0
123,2026-03-19 11:00:00+03:00,medium,lunch,11,29.0,31.80941477090494,2.80941477090494,2.80941477090494,14.0
434,2026-01-29 11:00:00+03:00,medium,lunch,11,14.0,16.803662146466387,2.8036621464663867,2.8036621464663867,14.0
478,2026-03-21 11:00:00+03:00,low,lunch,11,2.0,4.802144157852867,2.802144157852867,2.802144157852867,1.0
37,2026-02-16 11:00:00+03:00,medium,lunch,11,14.0,11.197856273655116,-2.802143726344884,2.802143726344884,14.0
123,2026-04-02 11:00:00+03:00,medium,lunch,11,30.0,27.198346084329803,-2.8016539156701974,2.8016539156701974,14.0
25,2026-02-14 11:00:00+03:00,medium,lunch,11,19.0,16.203395466699952,-2.796604533300048,2.796604533300048,14.0
26,2026-02-14 11:00:00+03:00,medium,lunch,11,19.0,16.20607521189045,-2.7939247881095497,2.7939247881095497,14.0
434,2026-03-10 11:00:00+03:00,medium,lunch,11,15.0,17.793397623132492,2.793397623132492,2.793397623132492,14.0
10,2026-04-01 11:00:00+03:00,medium,lunch,11,20.0,17.209708692039232,-2.790291307960768,2.790291307960768,14.0
478,2026-02-25 15:00:00+03:00,low,afternoon,15,4.0,1.2139592659247382,-2.7860407340752618,2.7860407340752618,1.0
340,2026-03-15 15:00:00+03:00,low,afternoon,15,3.0,0.21461833828222332,-2.7853816617177767,2.7853816617177767,1.0
12,2026-03-07 18:00:00+03:00,medium,dinner,18,17.0,14.214677111998018,-2.785322888001982,2.785322888001982,14.0
115,2026-03-25 11:00:00+03:00,medium,lunch,11,19.0,21.78423479897847,2.7842347989784706,2.7842347989784706,14.0
26,2026-03-05 11:00:00+03:00,medium,lunch,11,21.0,18.229854134265192,-2.7701458657348077,2.7701458657348077,14.0
478,2026-03-21 18:00:00+03:00,low,dinner,18,4.0,6.761903657615209,2.7619036576152087,2.7619036576152087,1.0
131,2026-04-09 18:00:00+03:00,low,dinner,18,3.0,0.24003098776214493,-2.759969012237855,2.759969012237855,1.0
23,2026-03-07 11:00:00+03:00,low,lunch,11,3.0,0.24581061378667535,-2.7541893862133247,2.7541893862133247,1.0
115,2026-02-10 15:00:00+03:00,medium,afternoon,15,14.0,11.251581279704467,-2.7484187202955326,2.7484187202955326,14.0
8,2026-03-20 11:00:00+03:00,high,lunch,11,31.0,33.748035632982315,2.7480356329823152,2.7480356329823152,30.0
14,2026-02-08 11:00:00+03:00,medium,lunch,11,17.0,19.746613297689755,2.7466132976897555,2.7466132976897555,14.0
4,2026-03-04 11:00:00+03:00,high,lunch,11,32.0,29.258570063370048,-2.7414299366299524,2.7414299366299524,30.0
131,2026-03-21 11:00:00+03:00,low,lunch,11,3.0,0.26296448452823196,-2.737035515471768,2.737035515471768,1.0
25,2026-03-23 11:00:00+03:00,medium,lunch,11,15.0,17.724035539231863,2.7240355392318634,2.7240355392318634,14.0
425,2026-03-06 09:00:00+03:00,low,morning,9,3.0,0.2769330616559804,-2.7230669383440196,2.7230669383440196,1.0
11,2026-02-01 00:00:00+03:00,medium,deep_night,0,22.0,24.717261846641364,2.717261846641364,2.717261846641364,14.0
8,2026-03-14 11:00:00+03:00,high,lunch,11,33.0,35.71648393541123,2.716483935411233,2.716483935411233,30.0
25,2026-02-11 11:00:00+03:00,medium,lunch,11,16.0,18.712851709394247,2.712851709394247,2.712851709394247,14.0
4,2026-02-12 11:00:00+03:00,high,lunch,11,33.0,30.288443066690636,-2.711556933309364,2.711556933309364,30.0
115,2026-02-18 11:00:00+03:00,medium,lunch,11,18.0,20.702049920194128,2.7020499201941277,2.7020499201941277,14.0
478,2026-04-10 21:00:00+03:00,low,late_evening,21,1.0,3.700151266314513,2.700151266314513,2.700151266314513,1.0
434,2026-03-28 11:00:00+03:00,medium,lunch,11,16.0,18.696778513889413,2.696778513889413,2.696778513889413,14.0
29,2026-02-08 11:00:00+03:00,high,lunch,11,40.0,42.69535026588555,2.6953502658855513,2.6953502658855513,30.0
121,2026-02-15 15:00:00+03:00,low,afternoon,15,3.0,0.30515317633560723,-2.6948468236643928,2.6948468236643928,1.0
11,2026-03-29 00:00:00+03:00,medium,deep_night,0,21.0,23.693549066242745,2.6935490662427455,2.6935490662427455,14.0
123,2026-03-01 11:00:00+03:00,medium,lunch,11,22.0,24.674901626574854,2.6749016265748544,2.6749016265748544,14.0
131,2026-03-06 15:00:00+03:00,low,afternoon,15,3.0,0.32560513139013825,-2.6743948686098618,2.6743948686098618,1.0
18,2026-03-22 11:00:00+03:00,medium,lunch,11,16.0,18.667369220259783,2.6673692202597827,2.6673692202597827,14.0
17,2026-02-01 11:00:00+03:00,medium,lunch,11,14.0,16.653717708560414,2.6537177085604142,2.6537177085604142,14.0
123,2026-03-18 11:00:00+03:00,medium,lunch,11,27.0,29.651214149507705,2.6512141495077053,2.6512141495077053,14.0
18,2026-01-31 11:00:00+03:00,medium,lunch,11,22.0,19.35393370790421,-2.6460662920957887,2.6460662920957887,14.0
480,2026-04-07 15:00:00+03:00,low,afternoon,15,1.0,3.644305033249192,2.644305033249192,2.644305033249192,1.0
101,2026-03-07 11:00:00+03:00,medium,lunch,11,17.0,19.636569206761962,2.636569206761962,2.636569206761962,14.0
425,2026-04-09 11:00:00+03:00,low,lunch,11,3.0,0.3661899284984935,-2.6338100715015065,2.6338100715015065,1.0
25,2026-03-04 11:00:00+03:00,medium,lunch,11,21.0,18.367010639644747,-2.6329893603552534,2.6329893603552534,14.0
481,2026-04-07 18:00:00+03:00,low,dinner,18,1.0,3.62921099295481,2.62921099295481,2.62921099295481,1.0
131,2026-02-17 15:00:00+03:00,low,afternoon,15,3.0,0.37576305178829017,-2.62423694821171,2.62423694821171,1.0
25,2026-03-31 11:00:00+03:00,medium,lunch,11,16.0,18.622348165069887,2.622348165069887,2.622348165069887,14.0
35,2026-02-24 11:00:00+03:00,high,lunch,11,31.0,28.377864328952015,-2.6221356710479853,2.6221356710479853,30.0
10,2026-04-02 11:00:00+03:00,medium,lunch,11,21.0,18.380307120186686,-2.6196928798133143,2.6196928798133143,14.0
516,2026-04-11 09:00:00+03:00,low,morning,9,10.0,7.381351020909262,-2.6186489790907377,2.6186489790907377,1.0
60,2026-04-11 18:00:00+03:00,low,dinner,18,3.0,0.38638285634975134,-2.6136171436502487,2.6136171436502487,1.0
480,2026-02-24 11:00:00+03:00,low,lunch,11,4.0,1.3893234790707085,-2.6106765209292915,2.6106765209292915,1.0
35,2026-04-04 11:00:00+03:00,high,lunch,11,31.0,33.60898742096922,2.608987420969221,2.608987420969221,30.0
29,2026-01-28 11:00:00+03:00,high,lunch,11,30.0,32.60843434365407,2.608434343654068,2.608434343654068,30.0
60,2026-03-08 15:00:00+03:00,low,afternoon,15,3.0,0.3955111865914347,-2.6044888134085653,2.6044888134085653,1.0
