location_id,segment_datetime,segment,time_segment,orders_count,prediction,error,abs_error,peak_threshold
443,2026-04-06 04:00:00+03:00,low,lunch,44.0,0.7889739577555727,-43.21102604224443,43.21102604224443,1.0
69,2026-02-19 04:00:00+03:00,mega,lunch,71.0,46.65014340497226,-24.349856595027738,24.349856595027738,38.0
69,2026-03-09 04:00:00+03:00,mega,lunch,72.0,49.76030825286096,-22.23969174713904,22.23969174713904,38.0
69,2026-02-20 04:00:00+03:00,mega,lunch,73.0,50.911900769433,-22.088099230567003,22.088099230567003,38.0
16,2026-04-11 04:00:00+03:00,medium,lunch,26.0,4.063591116199288,-21.936408883800713,21.936408883800713,10.0
443,2026-04-09 04:00:00+03:00,low,lunch,27.0,5.499065806144383,-21.500934193855617,21.500934193855617,1.0
69,2026-03-09 03:00:00+03:00,mega,morning,40.0,19.32632861102823,-20.67367138897177,20.67367138897177,38.0
69,2026-02-22 04:00:00+03:00,mega,lunch,38.0,57.14815250061698,19.14815250061698,19.14815250061698,38.0
16,2026-02-13 04:00:00+03:00,medium,lunch,23.0,4.0909899384926005,-18.9090100615074,18.9090100615074,10.0
69,2026-02-02 05:00:00+03:00,mega,afternoon,46.0,27.48699478952283,-18.51300521047717,18.51300521047717,38.0
8,2026-02-12 04:00:00+03:00,mega,lunch,56.0,37.562744582367486,-18.437255417632514,18.437255417632514,38.0
69,2026-02-20 06:00:00+03:00,mega,dinner,53.0,34.814437928990166,-18.185562071009834,18.185562071009834,38.0
69,2026-02-13 04:00:00+03:00,mega,lunch,62.0,44.42874428656949,-17.57125571343051,17.57125571343051,38.0
69,2026-03-08 04:00:00+03:00,mega,lunch,46.0,63.39965538557437,17.39965538557437,17.39965538557437,38.0
16,2026-02-23 04:00:00+03:00,medium,lunch,20.0,3.3219166921473535,-16.678083307852646,16.678083307852646,10.0
69,2026-03-06 04:00:00+03:00,mega,lunch,68.0,51.32371730282896,-16.67628269717104,16.67628269717104,38.0
2,2026-02-24 04:00:00+03:00,high,lunch,35.0,18.324045631124473,-16.675954368875527,16.675954368875527,25.0
69,2026-02-17 04:00:00+03:00,mega,lunch,60.0,43.52034448423653,-16.47965551576347,16.47965551576347,38.0
54,2026-02-22 05:00:00+03:00,medium,afternoon,22.0,5.544068098237077,-16.455931901762924,16.455931901762924,10.0
11,2026-03-21 00:00:00+03:00,medium,deep_night,11.0,27.430029967741675,16.430029967741675,16.430029967741675,10.0
69,2026-02-19 05:00:00+03:00,mega,afternoon,46.0,30.029962513780344,-15.970037486219656,15.970037486219656,38.0
69,2026-02-27 04:00:00+03:00,mega,lunch,64.0,48.398910056946185,-15.601089943053815,15.601089943053815,38.0
10,2026-02-03 04:00:00+03:00,medium,lunch,34.0,18.49635534477131,-15.50364465522869,15.50364465522869,10.0
69,2026-02-23 06:00:00+03:00,mega,dinner,48.0,32.78887212625948,-15.211127873740523,15.211127873740523,38.0
16,2026-04-09 04:00:00+03:00,medium,lunch,18.0,2.8385867437156214,-15.161413256284378,15.161413256284378,10.0
69,2026-03-01 04:00:00+03:00,mega,lunch,43.0,58.081460263051845,15.081460263051845,15.081460263051845,38.0
54,2026-02-15 06:00:00+03:00,medium,dinner,22.0,6.927959806497055,-15.072040193502945,15.072040193502945,10.0
434,2026-03-08 03:00:00+03:00,medium,morning,23.0,7.9508717102788085,-15.049128289721192,15.049128289721192,10.0
16,2026-02-28 04:00:00+03:00,medium,lunch,18.0,2.9584289202935015,-15.041571079706499,15.041571079706499,10.0
69,2026-04-11 05:00:00+03:00,mega,afternoon,42.0,27.01256107881154,-14.98743892118846,14.98743892118846,38.0
69,2026-02-01 04:00:00+03:00,mega,lunch,48.0,62.98313693078628,14.98313693078628,14.98313693078628,38.0
69,2026-03-04 06:00:00+03:00,mega,dinner,49.0,34.05783693807391,-14.942163061926088,14.942163061926088,38.0
69,2026-03-04 04:00:00+03:00,mega,lunch,65.0,50.205412451945676,-14.794587548054324,14.794587548054324,38.0
128,2026-01-27 04:00:00+03:00,high,lunch,35.0,20.255537086850406,-14.744462913149594,14.744462913149594,25.0
126,2026-02-19 04:00:00+03:00,high,lunch,41.0,26.274238159814654,-14.725761840185346,14.725761840185346,25.0
54,2026-04-11 04:00:00+03:00,medium,lunch,20.0,5.367645834675887,-14.632354165324113,14.632354165324113,10.0
69,2026-02-21 04:00:00+03:00,mega,lunch,47.0,61.623068555937145,14.623068555937145,14.623068555937145,38.0
11,2026-01-25 00:00:00+03:00,medium,deep_night,22.0,7.425034176394172,-14.574965823605828,14.574965823605828,10.0
128,2026-02-15 06:00:00+03:00,high,dinner,29.0,14.709523344925904,-14.290476655074096,14.290476655074096,25.0
69,2026-04-05 04:00:00+03:00,mega,lunch,76.0,61.883904027500414,-14.116095972499586,14.116095972499586,38.0
16,2026-04-07 04:00:00+03:00,medium,lunch,18.0,3.903457412875281,-14.09654258712472,14.09654258712472,10.0
16,2026-04-10 04:00:00+03:00,medium,lunch,18.0,4.195584816900871,-13.80441518309913,13.80441518309913,10.0
69,2026-03-29 04:00:00+03:00,mega,lunch,50.0,63.71385364836084,13.713853648360839,13.713853648360839,38.0
128,2026-03-11 06:00:00+03:00,high,dinner,30.0,16.299699639987114,-13.700300360012886,13.700300360012886,25.0
69,2026-02-14 04:00:00+03:00,mega,lunch,78.0,64.31349991852333,-13.686500081476666,13.686500081476666,38.0
16,2026-04-06 04:00:00+03:00,medium,lunch,17.0,3.4186297956315688,-13.581370204368431,13.581370204368431,10.0
69,2026-04-06 05:00:00+03:00,mega,afternoon,43.0,29.43213818986671,-13.56786181013329,13.56786181013329,38.0
16,2026-02-12 06:00:00+03:00,medium,dinner,17.0,3.4786645014591233,-13.521335498540877,13.521335498540877,10.0
7,2026-03-07 04:00:00+03:00,mega,lunch,38.0,24.491451576728817,-13.508548423271183,13.508548423271183,38.0
35,2026-04-05 04:00:00+03:00,mega,lunch,46.0,32.50942286798925,-13.490577132010749,13.490577132010749,38.0
443,2026-03-03 04:00:00+03:00,low,lunch,20.0,6.659193285799042,-13.340806714200959,13.340806714200959,1.0
99,2026-03-07 04:00:00+03:00,mega,lunch,54.0,40.7286624906707,-13.2713375093293,13.2713375093293,38.0
16,2026-04-07 05:00:00+03:00,medium,afternoon,16.0,2.737480397631561,-13.262519602368439,13.262519602368439,10.0
16,2026-04-05 04:00:00+03:00,medium,lunch,18.0,4.73861281238947,-13.26138718761053,13.26138718761053,10.0
16,2026-04-12 04:00:00+03:00,medium,lunch,17.0,3.8173373589691564,-13.182662641030843,13.182662641030843,10.0
16,2026-02-10 06:00:00+03:00,medium,dinner,15.0,2.0420985195141124,-12.957901480485887,12.957901480485887,10.0
69,2026-04-12 04:00:00+03:00,mega,lunch,47.0,59.906770606346065,12.906770606346065,12.906770606346065,38.0
69,2026-02-16 06:00:00+03:00,mega,dinner,46.0,33.15516929321566,-12.844830706784343,12.844830706784343,38.0
16,2026-04-04 04:00:00+03:00,medium,lunch,17.0,4.194392712223284,-12.805607287776716,12.805607287776716,10.0
4,2026-03-06 04:00:00+03:00,high,lunch,42.0,29.316596105617883,-12.683403894382117,12.683403894382117,25.0
128,2026-04-08 06:00:00+03:00,high,dinner,28.0,15.33208011497088,-12.66791988502912,12.66791988502912,25.0
54,2026-02-07 05:00:00+03:00,medium,afternoon,18.0,5.401189597490456,-12.598810402509544,12.598810402509544,10.0
9,2026-02-08 04:00:00+03:00,high,lunch,25.0,12.410499769934283,-12.589500230065717,12.589500230065717,25.0
69,2026-03-15 04:00:00+03:00,mega,lunch,51.0,63.56165813564059,12.561658135640592,12.561658135640592,38.0
69,2026-02-11 06:00:00+03:00,mega,dinner,40.0,27.439323750987118,-12.560676249012882,12.560676249012882,38.0
2,2026-02-17 04:00:00+03:00,high,lunch,34.0,21.457867209304787,-12.542132790695213,12.542132790695213,25.0
69,2026-03-21 05:00:00+03:00,mega,afternoon,38.0,25.493935633436944,-12.506064366563056,12.506064366563056,38.0
142,2026-02-20 04:00:00+03:00,medium,lunch,25.0,12.517536106228487,-12.482463893771513,12.482463893771513,10.0
123,2026-04-09 04:00:00+03:00,high,lunch,43.0,30.526572380992143,-12.473427619007857,12.473427619007857,25.0
11,2026-02-23 00:00:00+03:00,medium,deep_night,31.0,18.532340530913615,-12.467659469086385,12.467659469086385,10.0
8,2026-01-26 04:00:00+03:00,mega,lunch,44.0,31.59222796440056,-12.40777203559944,12.40777203559944,38.0
11,2026-02-10 01:00:00+03:00,medium,opening,16.0,3.598190252543614,-12.401809747456387,12.401809747456387,10.0
47,2026-02-19 04:00:00+03:00,medium,lunch,19.0,6.6097083331878626,-12.390291666812137,12.390291666812137,10.0
54,2026-02-21 05:00:00+03:00,medium,afternoon,18.0,5.615126080645218,-12.384873919354781,12.384873919354781,10.0
54,2026-02-14 06:00:00+03:00,medium,dinner,19.0,6.66601195824248,-12.33398804175752,12.33398804175752,10.0
69,2026-02-16 05:00:00+03:00,mega,afternoon,41.0,28.68205374642963,-12.31794625357037,12.31794625357037,38.0
54,2026-02-09 06:00:00+03:00,medium,dinner,16.0,3.692865204984212,-12.307134795015788,12.307134795015788,10.0
21,2026-03-08 04:00:00+03:00,high,lunch,35.0,22.74787466209525,-12.25212533790475,12.25212533790475,25.0
123,2026-01-27 04:00:00+03:00,high,lunch,36.0,23.756763953783448,-12.243236046216552,12.243236046216552,25.0
69,2026-03-07 04:00:00+03:00,mega,lunch,73.0,60.78400333429618,-12.21599666570382,12.21599666570382,38.0
69,2026-03-08 03:00:00+03:00,mega,morning,42.0,29.787246815715942,-12.212753184284058,12.212753184284058,38.0
516,2026-04-11 04:00:00+03:00,low,lunch,3.0,15.195922394180805,12.195922394180805,12.195922394180805,1.0
16,2026-02-14 04:00:00+03:00,medium,lunch,17.0,4.949623554766318,-12.050376445233681,12.050376445233681,10.0
115,2026-02-04 04:00:00+03:00,high,lunch,33.0,20.957639597109555,-12.042360402890445,12.042360402890445,25.0
16,2026-03-09 04:00:00+03:00,medium,lunch,15.0,3.035093127028115,-11.964906872971884,11.964906872971884,10.0
69,2026-02-13 05:00:00+03:00,mega,afternoon,38.0,26.068483976415816,-11.931516023584184,11.931516023584184,38.0
54,2026-03-08 04:00:00+03:00,medium,lunch,15.0,3.1709383795050288,-11.829061620494972,11.829061620494972,10.0
54,2026-04-11 05:00:00+03:00,medium,afternoon,18.0,6.2157744453905845,-11.784225554609415,11.784225554609415,10.0
16,2026-02-12 04:00:00+03:00,medium,lunch,15.0,3.255853485904842,-11.744146514095158,11.744146514095158,10.0
16,2026-02-15 04:00:00+03:00,medium,lunch,15.0,3.2885388539113065,-11.711461146088693,11.711461146088693,10.0
16,2026-02-22 04:00:00+03:00,medium,lunch,15.0,3.3140762233257246,-11.685923776674276,11.685923776674276,10.0
33,2026-03-23 04:00:00+03:00,high,lunch,34.0,22.364256128003493,-11.635743871996507,11.635743871996507,25.0
99,2026-01-25 04:00:00+03:00,mega,lunch,52.0,40.3756384060966,-11.624361593903402,11.624361593903402,38.0
128,2026-02-12 06:00:00+03:00,high,dinner,28.0,16.38548170017221,-11.61451829982779,11.61451829982779,25.0
29,2026-01-31 04:00:00+03:00,mega,lunch,47.0,35.5041143737084,-11.495885626291603,11.495885626291603,38.0
54,2026-04-12 04:00:00+03:00,medium,lunch,17.0,5.555023120724593,-11.444976879275407,11.444976879275407,10.0
11,2026-03-22 00:00:00+03:00,medium,deep_night,14.0,25.372063217752665,11.372063217752665,11.372063217752665,10.0
16,2026-04-12 06:00:00+03:00,medium,dinner,15.0,3.6296982036447893,-11.37030179635521,11.37030179635521,10.0
11,2026-03-24 00:00:00+03:00,medium,deep_night,22.0,10.669508142533298,-11.330491857466702,11.330491857466702,10.0
69,2026-04-05 05:00:00+03:00,mega,afternoon,40.0,28.73853529870536,-11.261464701294639,11.261464701294639,38.0
99,2026-02-21 04:00:00+03:00,mega,lunch,55.0,43.819424070330754,-11.180575929669246,11.180575929669246,38.0
36,2026-04-11 04:00:00+03:00,medium,lunch,14.0,2.824322614133408,-11.175677385866592,11.175677385866592,10.0
54,2026-02-16 05:00:00+03:00,medium,afternoon,15.0,3.8258749921863022,-11.174125007813698,11.174125007813698,10.0
54,2026-02-21 06:00:00+03:00,medium,dinner,19.0,7.855646987807065,-11.144353012192935,11.144353012192935,10.0
54,2026-01-31 04:00:00+03:00,medium,lunch,14.0,2.920728509507381,-11.07927149049262,11.07927149049262,10.0
54,2026-04-10 04:00:00+03:00,medium,lunch,15.0,3.9662020235777415,-11.033797976422258,11.033797976422258,10.0
11,2026-01-26 01:00:00+03:00,medium,opening,22.0,10.993344656669235,-11.006655343330765,11.006655343330765,10.0
16,2026-03-15 04:00:00+03:00,medium,lunch,15.0,4.031542993282695,-10.968457006717305,10.968457006717305,10.0
54,2026-02-14 05:00:00+03:00,medium,afternoon,15.0,4.037225159762725,-10.962774840237275,10.962774840237275,10.0
69,2026-04-07 06:00:00+03:00,mega,dinner,40.0,29.04250319584016,-10.957496804159842,10.957496804159842,38.0
69,2026-03-06 06:00:00+03:00,mega,dinner,47.0,36.079459323200346,-10.920540676799654,10.920540676799654,38.0
101,2026-03-01 04:00:00+03:00,high,lunch,28.0,17.13292968507717,-10.867070314922831,10.867070314922831,25.0
99,2026-02-13 04:00:00+03:00,mega,lunch,54.0,43.14442181954678,-10.855578180453222,10.855578180453222,38.0
16,2026-03-21 04:00:00+03:00,medium,lunch,15.0,4.176791957741529,-10.823208042258472,10.823208042258472,10.0
35,2026-04-10 04:00:00+03:00,mega,lunch,41.0,30.195441559600162,-10.804558440399838,10.804558440399838,38.0
54,2026-02-15 04:00:00+03:00,medium,lunch,15.0,4.27974092755782,-10.720259072442179,10.720259072442179,10.0
434,2026-04-09 06:00:00+03:00,medium,dinner,23.0,12.29002548822388,-10.70997451177612,10.70997451177612,10.0
35,2026-02-13 04:00:00+03:00,mega,lunch,41.0,30.313604889753943,-10.686395110246057,10.686395110246057,38.0
99,2026-04-11 04:00:00+03:00,mega,lunch,56.0,45.37079284231774,-10.62920715768226,10.62920715768226,38.0
16,2026-04-02 04:00:00+03:00,medium,lunch,13.0,2.392428324831625,-10.607571675168375,10.607571675168375,10.0
4,2026-02-09 04:00:00+03:00,high,lunch,36.0,25.444581522886995,-10.555418477113005,10.555418477113005,25.0
35,2026-03-20 04:00:00+03:00,mega,lunch,39.0,28.473932594606854,-10.526067405393146,10.526067405393146,38.0
54,2026-02-04 04:00:00+03:00,medium,lunch,14.0,3.520453601302041,-10.47954639869796,10.47954639869796,10.0
5,2026-01-27 01:00:00+03:00,medium,opening,13.0,2.571839091907225,-10.428160908092774,10.428160908092774,10.0
4,2026-03-23 04:00:00+03:00,high,lunch,35.0,24.606893564428233,-10.393106435571767,10.393106435571767,25.0
10,2026-02-19 04:00:00+03:00,medium,lunch,30.0,19.632221860662856,-10.367778139337144,10.367778139337144,10.0
11,2026-03-05 00:00:00+03:00,medium,deep_night,27.0,16.72060429815004,-10.27939570184996,10.27939570184996,10.0
115,2026-02-16 04:00:00+03:00,high,lunch,30.0,19.76880321171069,-10.23119678828931,10.23119678828931,25.0
8,2026-04-08 04:00:00+03:00,mega,lunch,46.0,35.792054468704976,-10.207945531295024,10.207945531295024,38.0
516,2026-04-12 04:00:00+03:00,low,lunch,2.0,12.200014766842564,10.200014766842564,10.200014766842564,1.0
35,2026-04-01 04:00:00+03:00,mega,lunch,38.0,27.811672785161203,-10.188327214838797,10.188327214838797,38.0
1,2026-04-06 05:00:00+03:00,medium,afternoon,15.0,4.8578232744271865,-10.142176725572813,10.142176725572813,10.0
33,2026-03-04 04:00:00+03:00,high,lunch,32.0,21.86792175637575,-10.13207824362425,10.13207824362425,25.0
16,2026-03-24 04:00:00+03:00,medium,lunch,13.0,2.886642606734875,-10.113357393265126,10.113357393265126,10.0
434,2026-01-27 03:00:00+03:00,medium,morning,14.0,3.889070613387139,-10.110929386612861,10.110929386612861,10.0
69,2026-03-23 04:00:00+03:00,mega,lunch,38.0,48.0325257912923,10.0325257912923,10.0325257912923,38.0
11,2026-01-29 00:00:00+03:00,medium,deep_night,17.0,6.978226542306244,-10.021773457693756,10.021773457693756,10.0
54,2026-03-13 05:00:00+03:00,medium,afternoon,15.0,5.013689722775171,-9.98631027722483,9.98631027722483,10.0
16,2026-02-11 04:00:00+03:00,medium,lunch,13.0,3.0170126879723638,-9.982987312027635,9.982987312027635,10.0
11,2026-03-31 01:00:00+03:00,medium,opening,13.0,3.0297106997413836,-9.970289300258617,9.970289300258617,10.0
33,2026-02-12 04:00:00+03:00,high,lunch,32.0,22.037681955380286,-9.962318044619714,9.962318044619714,25.0
2,2026-04-02 04:00:00+03:00,high,lunch,30.0,20.0992115023421,-9.9007884976579,9.9007884976579,25.0
16,2026-02-09 05:00:00+03:00,medium,afternoon,11.0,1.1430640034470947,-9.856935996552906,9.856935996552906,10.0
54,2026-02-03 05:00:00+03:00,medium,afternoon,13.0,3.1461939677369117,-9.853806032263089,9.853806032263089,10.0
123,2026-03-23 04:00:00+03:00,high,lunch,35.0,25.177256797908356,-9.822743202091644,9.822743202091644,25.0
7,2026-02-19 04:00:00+03:00,mega,lunch,39.0,29.17795409344695,-9.82204590655305,9.82204590655305,38.0
11,2026-02-22 00:00:00+03:00,medium,deep_night,17.0,26.819450817003638,9.819450817003638,9.819450817003638,10.0
35,2026-02-28 04:00:00+03:00,mega,lunch,39.0,29.19870781208784,-9.80129218791216,9.80129218791216,38.0
10,2026-03-03 04:00:00+03:00,medium,lunch,10.0,19.800901951954653,9.800901951954653,9.800901951954653,10.0
54,2026-02-08 05:00:00+03:00,medium,afternoon,16.0,6.205124611776524,-9.794875388223476,9.794875388223476,10.0
11,2026-04-05 00:00:00+03:00,medium,deep_night,16.0,25.74763517299037,9.747635172990371,9.747635172990371,10.0
434,2026-03-06 04:00:00+03:00,medium,lunch,11.0,20.730066021028296,9.730066021028296,9.730066021028296,10.0
54,2026-04-04 06:00:00+03:00,medium,dinner,14.0,4.28922200335125,-9.710777996648751,9.710777996648751,10.0
16,2026-03-19 06:00:00+03:00,medium,dinner,12.0,2.3333694926747697,-9.66663050732523,9.66663050732523,10.0
128,2026-02-11 06:00:00+03:00,high,dinner,25.0,15.33576818368812,-9.66423181631188,9.66423181631188,25.0
434,2026-03-07 03:00:00+03:00,medium,morning,18.0,8.343810086283833,-9.656189913716167,9.656189913716167,10.0
2,2026-02-19 04:00:00+03:00,high,lunch,32.0,22.359336519101696,-9.640663480898304,9.640663480898304,25.0
33,2026-04-05 04:00:00+03:00,high,lunch,28.0,18.366735638747155,-9.633264361252845,9.633264361252845,25.0
479,2026-03-17 01:00:00+03:00,medium,opening,13.0,3.367609586281612,-9.632390413718388,9.632390413718388,10.0
434,2026-04-10 03:00:00+03:00,medium,morning,16.0,6.383770847555218,-9.616229152444781,9.616229152444781,10.0
69,2026-04-04 04:00:00+03:00,mega,lunch,70.0,60.388386959836936,-9.611613040163064,9.611613040163064,38.0
11,2026-03-28 00:00:00+03:00,medium,deep_night,13.0,22.577791324489244,9.577791324489244,9.577791324489244,10.0
123,2026-02-16 04:00:00+03:00,high,lunch,38.0,28.424614907982907,-9.575385092017093,9.575385092017093,25.0
16,2026-03-01 04:00:00+03:00,medium,lunch,13.0,3.47489545726806,-9.52510454273194,9.52510454273194,10.0
16,2026-03-28 04:00:00+03:00,medium,lunch,13.0,3.4864548736318284,-9.513545126368172,9.513545126368172,10.0
20,2026-03-08 03:00:00+03:00,medium,morning,16.0,6.509102655800186,-9.490897344199814,9.490897344199814,10.0
16,2026-02-19 05:00:00+03:00,medium,afternoon,11.0,1.5155060301322303,-9.48449396986777,9.48449396986777,10.0
16,2026-02-13 03:00:00+03:00,medium,morning,11.0,1.517776257598132,-9.482223742401867,9.482223742401867,10.0
16,2026-02-20 04:00:00+03:00,medium,lunch,12.0,2.5313971423199586,-9.468602857680041,9.468602857680041,10.0
434,2026-02-23 05:00:00+03:00,medium,afternoon,21.0,11.561059620357794,-9.438940379642206,9.438940379642206,10.0
54,2026-03-12 05:00:00+03:00,medium,afternoon,13.0,3.568232108901832,-9.431767891098168,9.431767891098168,10.0
69,2026-04-11 04:00:00+03:00,mega,lunch,53.0,62.340556038706886,9.340556038706886,9.340556038706886,38.0
479,2026-03-10 01:00:00+03:00,medium,opening,12.0,2.6736690983566427,-9.326330901643358,9.326330901643358,10.0
4,2026-04-09 04:00:00+03:00,high,lunch,38.0,28.69310545826039,-9.30689454173961,9.30689454173961,25.0
16,2026-04-10 06:00:00+03:00,medium,dinner,13.0,3.693393195512237,-9.306606804487764,9.306606804487764,10.0
69,2026-03-10 05:00:00+03:00,mega,afternoon,38.0,28.69618454675941,-9.303815453240588,9.303815453240588,38.0
443,2026-04-07 04:00:00+03:00,low,lunch,2.0,11.281803947487047,9.281803947487047,9.281803947487047,1.0
14,2026-04-10 04:00:00+03:00,high,lunch,26.0,16.734402087507664,-9.265597912492336,9.265597912492336,25.0
10,2026-03-06 04:00:00+03:00,medium,lunch,27.0,17.751529340190096,-9.248470659809904,9.248470659809904,10.0
10,2026-02-10 04:00:00+03:00,medium,lunch,28.0,18.759007114117587,-9.240992885882413,9.240992885882413,10.0
69,2026-01-31 04:00:00+03:00,mega,lunch,65.0,55.759064720190786,-9.240935279809214,9.240935279809214,38.0
69,2026-03-15 06:00:00+03:00,mega,dinner,41.0,31.79914586383483,-9.20085413616517,9.20085413616517,38.0
35,2026-03-21 04:00:00+03:00,mega,lunch,43.0,33.81442719361315,-9.185572806386851,9.185572806386851,38.0
123,2026-04-13 04:00:00+03:00,high,lunch,33.0,23.828680738553995,-9.171319261446005,9.171319261446005,25.0
54,2026-02-28 05:00:00+03:00,medium,afternoon,14.0,4.832568140105901,-9.167431859894098,9.167431859894098,10.0
54,2026-02-20 04:00:00+03:00,medium,lunch,15.0,5.833582916286778,-9.166417083713222,9.166417083713222,10.0
35,2026-02-27 04:00:00+03:00,mega,lunch,39.0,29.87080835483834,-9.129191645161661,9.129191645161661,38.0
69,2026-01-27 04:00:00+03:00,mega,lunch,49.0,39.899468540488094,-9.100531459511906,9.100531459511906,38.0
54,2026-02-13 04:00:00+03:00,medium,lunch,13.0,3.920508322264212,-9.079491677735788,9.079491677735788,10.0
54,2026-03-22 06:00:00+03:00,medium,dinner,12.0,2.9205849628733715,-9.079415037126628,9.079415037126628,10.0
16,2026-02-26 06:00:00+03:00,medium,dinner,11.0,1.9608652658049415,-9.03913473419506,9.03913473419506,10.0
101,2026-01-31 04:00:00+03:00,high,lunch,25.0,15.973206795945156,-9.026793204054844,9.026793204054844,25.0
54,2026-02-20 05:00:00+03:00,medium,afternoon,14.0,4.981997805930212,-9.018002194069787,9.018002194069787,10.0
16,2026-02-23 06:00:00+03:00,medium,dinner,11.0,1.9894278820777451,-9.010572117922255,9.010572117922255,10.0
69,2026-02-14 03:00:00+03:00,mega,morning,42.0,33.016123038059135,-8.983876961940865,8.983876961940865,38.0
36,2026-04-11 02:00:00+03:00,medium,early_morning,10.0,1.0190681120956322,-8.980931887904369,8.980931887904369,10.0
54,2026-02-23 04:00:00+03:00,medium,lunch,13.0,4.040437263124721,-8.959562736875279,8.959562736875279,10.0
11,2026-04-13 00:00:00+03:00,medium,deep_night,12.0,20.943089980503668,8.943089980503668,8.943089980503668,10.0
123,2026-02-18 04:00:00+03:00,high,lunch,40.0,31.081971315340457,-8.918028684659543,8.918028684659543,25.0
54,2026-03-16 06:00:00+03:00,medium,dinner,12.0,3.1043809553946953,-8.895619044605304,8.895619044605304,10.0
25,2026-03-19 04:00:00+03:00,medium,lunch,10.0,18.887054020145836,8.887054020145836,8.887054020145836,10.0
11,2026-02-08 00:00:00+03:00,medium,deep_night,17.0,25.835277497526935,8.835277497526935,8.835277497526935,10.0
54,2026-02-27 06:00:00+03:00,medium,dinner,12.0,3.174129029214251,-8.825870970785749,8.825870970785749,10.0
102,2026-02-14 06:00:00+03:00,medium,dinner,10.0,1.2222525581208812,-8.777747441879118,8.777747441879118,10.0
16,2026-03-19 04:00:00+03:00,medium,lunch,12.0,3.230995923029361,-8.769004076970639,8.769004076970639,10.0
434,2026-03-29 04:00:00+03:00,medium,lunch,10.0,18.70053509694075,8.700535096940751,8.700535096940751,10.0
16,2026-04-06 06:00:00+03:00,medium,dinner,12.0,3.30089971883881,-8.69910028116119,8.69910028116119,10.0
126,2026-02-24 04:00:00+03:00,high,lunch,31.0,22.325311863734072,-8.674688136265928,8.674688136265928,25.0
16,2026-03-12 05:00:00+03:00,medium,afternoon,10.0,1.3278467688780262,-8.672153231121975,8.672153231121975,10.0
115,2026-03-06 04:00:00+03:00,high,lunch,32.0,23.34014069355692,-8.659859306443082,8.659859306443082,25.0
25,2026-02-12 04:00:00+03:00,medium,lunch,25.0,16.344572877287554,-8.655427122712446,8.655427122712446,10.0
18,2026-01-29 05:00:00+03:00,medium,afternoon,14.0,5.34819286990217,-8.65180713009783,8.65180713009783,10.0
298,2026-02-14 06:00:00+03:00,medium,dinner,10.0,1.3768346174266375,-8.623165382573362,8.623165382573362,10.0
16,2026-03-18 04:00:00+03:00,medium,lunch,12.0,3.4183070186780298,-8.58169298132197,8.58169298132197,10.0
478,2026-02-14 06:00:00+03:00,low,dinner,13.0,4.432874406700993,-8.567125593299007,8.567125593299007,1.0
4,2026-04-10 04:00:00+03:00,high,lunch,38.0,29.436365561497997,-8.563634438502003,8.563634438502003,25.0
10,2026-01-27 05:00:00+03:00,medium,afternoon,15.0,6.4527871034235424,-8.547212896576458,8.547212896576458,10.0
54,2026-04-02 06:00:00+03:00,medium,dinner,12.0,3.4933315941839322,-8.506668405816068,8.506668405816068,10.0
434,2026-03-06 05:00:00+03:00,medium,afternoon,21.0,12.522798695208365,-8.477201304791635,8.477201304791635,10.0
99,2026-01-29 04:00:00+03:00,mega,lunch,41.0,32.52818665164276,-8.471813348357237,8.471813348357237,38.0
16,2026-02-10 04:00:00+03:00,medium,lunch,11.0,2.579080332129315,-8.420919667870685,8.420919667870685,10.0
11,2026-02-06 00:00:00+03:00,medium,deep_night,11.0,19.414550824832027,8.414550824832027,8.414550824832027,10.0
99,2026-03-20 04:00:00+03:00,mega,lunch,50.0,41.58605675301025,-8.413943246989753,8.413943246989753,38.0
25,2026-03-07 03:00:00+03:00,medium,morning,15.0,6.594044123797613,-8.405955876202388,8.405955876202388,10.0
479,2026-03-13 01:00:00+03:00,medium,opening,16.0,7.613995532073102,-8.386004467926899,8.386004467926899,10.0
16,2026-02-11 06:00:00+03:00,medium,dinner,11.0,2.629473555542625,-8.370526444457376,8.370526444457376,10.0
38,2026-02-22 06:00:00+03:00,medium,dinner,15.0,6.638403569694838,-8.361596430305163,8.361596430305163,10.0
16,2026-02-15 06:00:00+03:00,medium,dinner,11.0,2.6814707697824023,-8.318529230217598,8.318529230217598,10.0
16,2026-03-14 04:00:00+03:00,medium,lunch,12.0,3.696950482428187,-8.303049517571813,8.303049517571813,10.0
16,2026-02-14 03:00:00+03:00,medium,morning,10.0,1.7012356087291574,-8.298764391270844,8.298764391270844,10.0
16,2026-03-08 04:00:00+03:00,medium,lunch,12.0,3.7166638239999332,-8.283336176000066,8.283336176000066,10.0
54,2026-02-19 04:00:00+03:00,medium,lunch,12.0,3.7196551629917747,-8.280344837008226,8.280344837008226,10.0
29,2026-01-25 04:00:00+03:00,mega,lunch,44.0,35.72400930373363,-8.27599069626637,8.27599069626637,38.0
54,2026-02-08 06:00:00+03:00,medium,dinner,16.0,7.74080377962417,-8.25919622037583,8.25919622037583,10.0
69,2026-03-17 06:00:00+03:00,mega,dinner,42.0,33.74136888934999,-8.258631110650008,8.258631110650008,38.0
12,2026-03-08 04:00:00+03:00,high,lunch,35.0,26.7488749614579,-8.2511250385421,8.2511250385421,25.0
11,2026-03-23 01:00:00+03:00,medium,opening,19.0,10.757697969981999,-8.242302030018001,8.242302030018001,10.0
54,2026-04-01 06:00:00+03:00,medium,dinner,11.0,2.7665936539315137,-8.233406346068486,8.233406346068486,10.0
69,2026-03-29 03:00:00+03:00,mega,morning,38.0,29.79142633456645,-8.208573665433551,8.208573665433551,38.0
29,2026-02-12 04:00:00+03:00,mega,lunch,46.0,37.79785940168872,-8.202140598311281,8.202140598311281,38.0
54,2026-02-20 06:00:00+03:00,medium,dinner,14.0,5.805073043766835,-8.194926956233164,8.194926956233164,10.0
47,2026-02-05 05:00:00+03:00,medium,afternoon,10.0,1.8194637152574493,-8.180536284742551,8.180536284742551,10.0
123,2026-03-09 04:00:00+03:00,high,lunch,32.0,23.829743870133843,-8.170256129866157,8.170256129866157,25.0
11,2026-04-08 00:00:00+03:00,medium,deep_night,14.0,22.16909210203362,8.16909210203362,8.16909210203362,10.0
16,2026-04-05 03:00:00+03:00,medium,morning,10.0,1.8539374900008987,-8.146062509999101,8.146062509999101,10.0
54,2026-02-16 06:00:00+03:00,medium,dinner,14.0,5.858426450682804,-8.141573549317197,8.141573549317197,10.0
47,2026-02-16 04:00:00+03:00,medium,lunch,13.0,4.861773101575529,-8.13822689842447,8.13822689842447,10.0
16,2026-03-15 06:00:00+03:00,medium,dinner,11.0,2.8639486567993866,-8.136051343200613,8.136051343200613,10.0
18,2026-01-31 03:00:00+03:00,medium,morning,18.0,9.883628164899665,-8.116371835100335,8.116371835100335,10.0
10,2026-03-09 04:00:00+03:00,medium,lunch,11.0,19.11032735792662,8.110327357926622,8.110327357926622,10.0
479,2026-03-03 01:00:00+03:00,medium,opening,13.0,4.890572611690062,-8.109427388309939,8.109427388309939,10.0
128,2026-02-01 04:00:00+03:00,high,lunch,33.0,24.901907193787434,-8.098092806212566,8.098092806212566,25.0
54,2026-04-07 06:00:00+03:00,medium,dinner,13.0,4.90898218836595,-8.09101781163405,8.09101781163405,10.0
69,2026-02-16 04:00:00+03:00,mega,lunch,57.0,48.90898306916259,-8.091016930837412,8.091016930837412,38.0
479,2026-03-12 01:00:00+03:00,medium,opening,14.0,5.911980733479168,-8.088019266520831,8.088019266520831,10.0
38,2026-03-17 07:00:00+03:00,medium,late_evening,13.0,4.958472442324118,-8.041527557675881,8.041527557675881,10.0
16,2026-04-11 03:00:00+03:00,medium,morning,10.0,1.9864507885177665,-8.013549211482234,8.013549211482234,10.0
21,2026-01-25 04:00:00+03:00,high,lunch,29.0,20.995814252882965,-8.004185747117035,8.004185747117035,25.0
126,2026-04-06 04:00:00+03:00,high,lunch,33.0,24.999215486175018,-8.000784513824982,8.000784513824982,25.0
37,2026-02-13 04:00:00+03:00,medium,lunch,21.0,13.002889246208543,-7.997110753791457,7.997110753791457,10.0
26,2026-02-11 04:00:00+03:00,medium,lunch,10.0,17.990675728018626,7.990675728018626,7.990675728018626,10.0
47,2026-02-02 04:00:00+03:00,medium,lunch,14.0,6.022442239661265,-7.977557760338735,7.977557760338735,10.0
29,2026-02-15 04:00:00+03:00,mega,lunch,45.0,37.03170605844463,-7.968293941555373,7.968293941555373,38.0
54,2026-01-30 06:00:00+03:00,medium,dinner,11.0,3.044401275425109,-7.955598724574891,7.955598724574891,10.0
16,2026-02-12 05:00:00+03:00,medium,afternoon,10.0,2.0792659051355455,-7.9207340948644545,7.9207340948644545,10.0
2,2026-01-30 04:00:00+03:00,high,lunch,26.0,18.09045704968182,-7.90954295031818,7.90954295031818,25.0
12,2026-02-13 04:00:00+03:00,high,lunch,32.0,24.0915034290246,-7.908496570975402,7.908496570975402,25.0
69,2026-02-03 04:00:00+03:00,mega,lunch,54.0,46.09960635920337,-7.900393640796629,7.900393640796629,38.0
11,2026-02-17 00:00:00+03:00,medium,deep_night,17.0,9.117593572365115,-7.882406427634885,7.882406427634885,10.0
128,2026-02-06 04:00:00+03:00,high,lunch,33.0,25.148885579598804,-7.851114420401196,7.851114420401196,25.0
69,2026-03-11 04:00:00+03:00,mega,lunch,42.0,49.85086529604541,7.850865296045413,7.850865296045413,38.0
10,2026-03-02 04:00:00+03:00,medium,lunch,24.0,16.200071415447386,-7.799928584552614,7.799928584552614,10.0
69,2026-02-24 04:00:00+03:00,mega,lunch,38.0,45.78903345228597,7.78903345228597,7.78903345228597,38.0
16,2026-04-08 05:00:00+03:00,medium,afternoon,10.0,2.2322677747234425,-7.767732225276557,7.767732225276557,10.0
1,2026-03-02 04:00:00+03:00,medium,lunch,19.0,11.233001378402879,-7.766998621597121,7.766998621597121,10.0
16,2026-04-02 05:00:00+03:00,medium,afternoon,10.0,2.2332652101570525,-7.766734789842948,7.766734789842948,10.0
12,2026-03-09 04:00:00+03:00,high,lunch,31.0,23.24258238242232,-7.75741761757768,7.75741761757768,25.0
10,2026-02-16 04:00:00+03:00,medium,lunch,25.0,17.251114553206943,-7.748885446793057,7.748885446793057,10.0
54,2026-04-04 04:00:00+03:00,medium,lunch,10.0,2.2529781506029014,-7.747021849397099,7.747021849397099,10.0
142,2026-03-11 04:00:00+03:00,medium,lunch,19.0,11.258132812130945,-7.741867187869055,7.741867187869055,10.0
54,2026-02-01 04:00:00+03:00,medium,lunch,12.0,4.2624148247232645,-7.7375851752767355,7.7375851752767355,10.0
11,2026-01-30 01:00:00+03:00,medium,opening,21.0,13.265114474425298,-7.734885525574702,7.734885525574702,10.0
479,2026-02-17 01:00:00+03:00,medium,opening,10.0,2.268422002597545,-7.731577997402455,7.731577997402455,10.0
47,2026-02-21 04:00:00+03:00,medium,lunch,13.0,5.276318069690606,-7.723681930309394,7.723681930309394,10.0
479,2026-03-20 01:00:00+03:00,medium,opening,13.0,5.301079422195526,-7.698920577804474,7.698920577804474,10.0
4,2026-02-11 04:00:00+03:00,high,lunch,37.0,29.305890291048982,-7.694109708951018,7.694109708951018,25.0
69,2026-03-09 06:00:00+03:00,mega,dinner,42.0,34.31796080190279,-7.682039198097208,7.682039198097208,38.0
33,2026-01-26 04:00:00+03:00,high,lunch,27.0,19.32498033427385,-7.6750196657261505,7.6750196657261505,25.0
54,2026-01-28 05:00:00+03:00,medium,afternoon,10.0,2.3453834300121863,-7.654616569987814,7.654616569987814,10.0
10,2026-02-17 04:00:00+03:00,medium,lunch,27.0,19.34718836177815,-7.6528116382218485,7.6528116382218485,10.0
434,2026-04-06 04:00:00+03:00,medium,lunch,12.0,19.63981376228935,7.63981376228935,7.63981376228935,10.0
10,2026-01-25 04:00:00+03:00,medium,lunch,19.0,11.36478005139195,-7.63521994860805,7.63521994860805,10.0
16,2026-02-20 06:00:00+03:00,medium,dinner,10.0,2.370339054835348,-7.629660945164652,7.629660945164652,10.0
54,2026-01-25 06:00:00+03:00,medium,dinner,12.0,4.371440169985398,-7.628559830014602,7.628559830014602,10.0
54,2026-04-13 06:00:00+03:00,medium,dinner,12.0,4.3856166778451335,-7.6143833221548665,7.6143833221548665,10.0
54,2026-02-28 04:00:00+03:00,medium,lunch,11.0,3.390952613622607,-7.609047386377393,7.609047386377393,10.0
10,2026-04-03 04:00:00+03:00,medium,lunch,11.0,18.58745211829072,7.58745211829072,7.58745211829072,10.0
16,2026-03-27 06:00:00+03:00,medium,dinner,10.0,2.4169691795126615,-7.5830308204873385,7.5830308204873385,10.0
18,2026-01-25 04:00:00+03:00,medium,lunch,25.0,17.447424859806752,-7.552575140193248,7.552575140193248,10.0
434,2026-03-09 04:00:00+03:00,medium,lunch,27.0,19.44894548431257,-7.551054515687429,7.551054515687429,10.0
18,2026-02-23 04:00:00+03:00,medium,lunch,21.0,13.457529267164102,-7.542470732835898,7.542470732835898,10.0
1,2026-02-05 04:00:00+03:00,medium,lunch,20.0,12.462940469740365,-7.537059530259635,7.537059530259635,10.0
126,2026-02-10 04:00:00+03:00,high,lunch,32.0,24.471891038903447,-7.528108961096553,7.528108961096553,25.0
4,2026-01-29 04:00:00+03:00,high,lunch,31.0,23.48642261811878,-7.51357738188122,7.51357738188122,25.0
18,2026-04-05 03:00:00+03:00,medium,morning,19.0,11.486791630691874,-7.513208369308126,7.513208369308126,10.0
30,2026-03-08 04:00:00+03:00,mega,lunch,43.0,35.49275606907918,-7.507243930920822,7.507243930920822,38.0
69,2026-03-13 04:00:00+03:00,mega,lunch,57.0,49.494428687624705,-7.505571312375295,7.505571312375295,38.0
11,2026-03-12 00:00:00+03:00,medium,deep_night,14.0,21.484963160032745,7.484963160032745,7.484963160032745,10.0
434,2026-01-25 06:00:00+03:00,medium,dinner,20.0,12.520042316387658,-7.4799576836123425,7.4799576836123425,10.0
26,2026-02-06 06:00:00+03:00,medium,dinner,15.0,7.523325465317202,-7.476674534682798,7.476674534682798,10.0
16,2026-03-22 04:00:00+03:00,medium,lunch,11.0,3.5499324944083863,-7.450067505591614,7.450067505591614,10.0
33,2026-02-15 04:00:00+03:00,high,lunch,32.0,24.55237566597708,-7.447624334022919,7.447624334022919,25.0
39,2026-02-14 04:00:00+03:00,high,lunch,25.0,32.44758869852651,7.447588698526509,7.447588698526509,25.0
11,2026-01-30 00:00:00+03:00,medium,deep_night,12.0,4.559825484170068,-7.440174515829932,7.440174515829932,10.0
25,2026-01-25 04:00:00+03:00,medium,lunch,21.0,13.579404591311297,-7.420595408688703,7.420595408688703,10.0
1,2026-02-18 04:00:00+03:00,medium,lunch,20.0,12.586855607511318,-7.413144392488682,7.413144392488682,10.0
20,2026-04-05 06:00:00+03:00,medium,dinner,15.0,7.598995999617158,-7.401004000382842,7.401004000382842,10.0
16,2026-04-05 06:00:00+03:00,medium,dinner,11.0,3.609459622421869,-7.390540377578131,7.390540377578131,10.0
479,2026-03-26 01:00:00+03:00,medium,opening,11.0,3.6095272542749934,-7.390472745725006,7.390472745725006,10.0
69,2026-02-17 06:00:00+03:00,mega,dinner,40.0,32.614727672335604,-7.385272327664396,7.385272327664396,38.0
11,2026-02-15 00:00:00+03:00,medium,deep_night,21.0,13.663361912363156,-7.336638087636844,7.336638087636844,10.0
123,2026-01-30 04:00:00+03:00,high,lunch,35.0,27.673900460449758,-7.326099539550242,7.326099539550242,25.0
54,2026-02-02 06:00:00+03:00,medium,dinner,11.0,3.68506094939002,-7.31493905060998,7.31493905060998,10.0
25,2026-01-30 04:00:00+03:00,medium,lunch,10.0,17.308080883376032,7.308080883376032,7.308080883376032,10.0
54,2026-04-06 06:00:00+03:00,medium,dinner,11.0,3.7011356327573894,-7.298864367242611,7.298864367242611,10.0
38,2026-03-12 06:00:00+03:00,medium,dinner,12.0,4.712612476221008,-7.287387523778992,7.287387523778992,10.0
434,2026-03-25 06:00:00+03:00,medium,dinner,18.0,10.71329662985293,-7.28670337014707,7.28670337014707,10.0
18,2026-01-25 03:00:00+03:00,medium,morning,15.0,7.719224693896368,-7.280775306103632,7.280775306103632,10.0
123,2026-03-12 04:00:00+03:00,high,lunch,37.0,29.72808382975944,-7.271916170240559,7.271916170240559,25.0
69,2026-04-07 04:00:00+03:00,mega,lunch,52.0,44.765720098587856,-7.234279901412144,7.234279901412144,38.0
128,2026-04-07 04:00:00+03:00,high,lunch,28.0,20.76926640464873,-7.230733595351271,7.230733595351271,25.0
434,2026-01-31 03:00:00+03:00,medium,morning,14.0,6.772753500345849,-7.227246499654151,7.227246499654151,10.0
115,2026-02-02 04:00:00+03:00,high,lunch,26.0,18.774167915540584,-7.225832084459416,7.225832084459416,25.0
16,2026-02-21 04:00:00+03:00,medium,lunch,11.0,3.8318384680945132,-7.168161531905486,7.168161531905486,10.0
11,2026-03-25 01:00:00+03:00,medium,opening,21.0,13.833778045418796,-7.166221954581204,7.166221954581204,10.0
142,2026-01-29 05:00:00+03:00,medium,afternoon,11.0,3.840466975125184,-7.159533024874817,7.159533024874817,10.0
16,2026-04-05 05:00:00+03:00,medium,afternoon,10.0,2.8429875160904854,-7.157012483909515,7.157012483909515,10.0
434,2026-02-08 05:00:00+03:00,medium,afternoon,17.0,9.846306235498918,-7.153693764501082,7.153693764501082,10.0
4,2026-02-16 04:00:00+03:00,high,lunch,37.0,29.86771173229664,-7.132288267703359,7.132288267703359,25.0
12,2026-02-23 04:00:00+03:00,high,lunch,29.0,21.88173578793433,-7.118264212065672,7.118264212065672,25.0
47,2026-01-31 04:00:00+03:00,medium,lunch,10.0,2.884539151758119,-7.115460848241881,7.115460848241881,10.0
18,2026-03-15 04:00:00+03:00,medium,lunch,13.0,20.098257673877384,7.098257673877384,7.098257673877384,10.0
142,2026-02-23 06:00:00+03:00,medium,dinner,11.0,3.9093048208785057,-7.090695179121495,7.090695179121495,10.0
69,2026-03-12 06:00:00+03:00,mega,dinner,41.0,33.91360550051747,-7.08639449948253,7.08639449948253,38.0
2,2026-03-03 04:00:00+03:00,high,lunch,29.0,21.91597787789764,-7.084022122102361,7.084022122102361,25.0
14,2026-02-15 04:00:00+03:00,high,lunch,26.0,18.92746152868864,-7.072538471311361,7.072538471311361,25.0
128,2026-02-28 04:00:00+03:00,high,lunch,32.0,24.928704099180337,-7.071295900819663,7.071295900819663,25.0
69,2026-02-12 04:00:00+03:00,mega,lunch,39.0,46.036568254839594,7.036568254839594,7.036568254839594,38.0
16,2026-03-17 04:00:00+03:00,medium,lunch,10.0,2.972191483744929,-7.027808516255071,7.027808516255071,10.0
26,2026-02-24 05:00:00+03:00,medium,afternoon,16.0,8.97751742705923,-7.0224825729407705,7.0224825729407705,10.0
142,2026-03-23 05:00:00+03:00,medium,afternoon,12.0,4.978997031447958,-7.021002968552042,7.021002968552042,10.0
69,2026-03-13 06:00:00+03:00,mega,dinner,45.0,37.98112387121541,-7.018876128784591,7.018876128784591,38.0
126,2026-01-27 04:00:00+03:00,high,lunch,29.0,21.981699582983932,-7.018300417016068,7.018300417016068,25.0
54,2026-04-12 05:00:00+03:00,medium,afternoon,14.0,6.982462982771073,-7.017537017228927,7.017537017228927,10.0
99,2026-03-15 04:00:00+03:00,mega,lunch,40.0,47.01615710959485,7.01615710959485,7.01615710959485,38.0
434,2026-01-25 04:00:00+03:00,medium,lunch,26.0,18.989952617346827,-7.010047382653173,7.010047382653173,10.0
16,2026-04-11 05:00:00+03:00,medium,afternoon,12.0,4.997901708037367,-7.002098291962633,7.002098291962633,10.0
16,2026-02-27 04:00:00+03:00,medium,lunch,10.0,2.9998520554618353,-7.000147944538165,7.000147944538165,10.0
10,2026-02-24 04:00:00+03:00,medium,lunch,24.0,17.000179349801538,-6.999820650198462,6.999820650198462,10.0
54,2026-04-08 05:00:00+03:00,medium,afternoon,10.0,3.0029192475001145,-6.997080752499885,6.997080752499885,10.0
11,2026-03-08 00:00:00+03:00,medium,deep_night,35.0,28.011339838276164,-6.9886601617238355,6.9886601617238355,10.0
54,2026-03-21 05:00:00+03:00,medium,afternoon,11.0,4.023465591020473,-6.976534408979527,6.976534408979527,10.0
54,2026-03-09 04:00:00+03:00,medium,lunch,11.0,4.035998890426436,-6.964001109573564,6.964001109573564,10.0
16,2026-04-13 06:00:00+03:00,medium,dinner,10.0,3.047638304673428,-6.952361695326572,6.952361695326572,10.0
38,2026-01-29 06:00:00+03:00,medium,dinner,11.0,4.058661559550178,-6.941338440449822,6.941338440449822,10.0
69,2026-03-06 05:00:00+03:00,mega,afternoon,38.0,31.068763128329806,-6.931236871670194,6.931236871670194,38.0
18,2026-03-15 03:00:00+03:00,medium,morning,17.0,10.069674525288368,-6.930325474711632,6.930325474711632,10.0
16,2026-04-09 05:00:00+03:00,medium,afternoon,10.0,3.0803145572658552,-6.919685442734145,6.919685442734145,10.0
69,2026-02-15 04:00:00+03:00,mega,lunch,68.0,61.08147810147561,-6.918521898524389,6.918521898524389,38.0
128,2026-02-17 04:00:00+03:00,high,lunch,32.0,25.093999365010845,-6.906000634989155,6.906000634989155,25.0
434,2026-02-09 05:00:00+03:00,medium,afternoon,19.0,12.103267977681627,-6.896732022318373,6.896732022318373,10.0
142,2026-02-18 06:00:00+03:00,medium,dinner,11.0,4.109024972824024,-6.890975027175976,6.890975027175976,10.0
54,2026-04-10 05:00:00+03:00,medium,afternoon,12.0,5.121087567605741,-6.878912432394259,6.878912432394259,10.0
26,2026-03-09 04:00:00+03:00,medium,lunch,10.0,16.87869159675682,6.87869159675682,6.87869159675682,10.0
8,2026-02-19 04:00:00+03:00,mega,lunch,44.0,37.132621106879,-6.867378893121,6.867378893121,38.0
479,2026-02-27 01:00:00+03:00,medium,opening,11.0,4.132710502349539,-6.867289497650461,6.867289497650461,10.0
10,2026-01-26 04:00:00+03:00,medium,lunch,23.0,16.143869872322053,-6.856130127677947,6.856130127677947,10.0
12,2026-01-29 04:00:00+03:00,high,lunch,26.0,19.148146507739032,-6.851853492260968,6.851853492260968,25.0
25,2026-02-15 04:00:00+03:00,medium,lunch,21.0,14.15403139534518,-6.84596860465482,6.84596860465482,10.0
35,2026-02-07 04:00:00+03:00,mega,lunch,40.0,33.17672470836595,-6.823275291634047,6.823275291634047,38.0
142,2026-04-06 04:00:00+03:00,medium,lunch,17.0,10.189071127971678,-6.810928872028322,6.810928872028322,10.0
1,2026-03-01 05:00:00+03:00,medium,afternoon,11.0,4.207783254232477,-6.792216745767523,6.792216745767523,10.0
18,2026-03-29 06:00:00+03:00,medium,dinner,16.0,9.211828471930934,-6.788171528069066,6.788171528069066,10.0
142,2026-03-12 06:00:00+03:00,medium,dinner,11.0,4.213148688135738,-6.786851311864262,6.786851311864262,10.0
16,2026-04-10 05:00:00+03:00,medium,afternoon,10.0,3.238013975976316,-6.761986024023685,6.761986024023685,10.0
69,2026-02-01 06:00:00+03:00,mega,dinner,40.0,33.26037050846093,-6.73962949153907,6.73962949153907,38.0
38,2026-02-20 06:00:00+03:00,medium,dinner,15.0,8.304764263979449,-6.695235736020551,6.695235736020551,10.0
123,2026-02-07 04:00:00+03:00,high,lunch,29.0,22.322624040227975,-6.677375959772025,6.677375959772025,25.0
38,2026-03-06 06:00:00+03:00,medium,dinner,15.0,8.343662850438154,-6.656337149561846,6.656337149561846,10.0
434,2026-02-15 06:00:00+03:00,medium,dinner,19.0,12.357085286286715,-6.642914713713285,6.642914713713285,10.0
123,2026-02-05 04:00:00+03:00,high,lunch,25.0,31.617716013821937,6.617716013821937,6.617716013821937,25.0
54,2026-02-02 04:00:00+03:00,medium,lunch,10.0,3.3990586409633083,-6.600941359036692,6.600941359036692,10.0
26,2026-02-20 04:00:00+03:00,medium,lunch,12.0,18.57376246521161,6.573762465211608,6.573762465211608,10.0
26,2026-03-04 04:00:00+03:00,medium,lunch,24.0,17.43511078321551,-6.56488921678449,6.56488921678449,10.0
37,2026-01-28 04:00:00+03:00,medium,lunch,19.0,12.445628393869967,-6.554371606130033,6.554371606130033,10.0
21,2026-02-01 04:00:00+03:00,high,lunch,28.0,21.4518558495084,-6.5481441504915985,6.5481441504915985,25.0
69,2026-03-03 04:00:00+03:00,mega,lunch,53.0,46.4541528717987,-6.545847128201302,6.545847128201302,38.0
126,2026-02-16 04:00:00+03:00,high,lunch,31.0,24.458659136666487,-6.541340863333513,6.541340863333513,25.0
10,2026-04-08 04:00:00+03:00,medium,lunch,24.0,17.466101624567422,-6.533898375432578,6.533898375432578,10.0
10,2026-03-31 06:00:00+03:00,medium,dinner,12.0,5.4761414817572325,-6.5238585182427675,6.5238585182427675,10.0
16,2026-02-13 06:00:00+03:00,medium,dinner,11.0,4.501356430483198,-6.498643569516802,6.498643569516802,10.0
54,2026-03-08 06:00:00+03:00,medium,dinner,13.0,6.505677304375781,-6.494322695624219,6.494322695624219,10.0
69,2026-02-08 04:00:00+03:00,mega,lunch,55.0,61.49225243114809,6.4922524311480885,6.4922524311480885,38.0
26,2026-04-05 03:00:00+03:00,medium,morning,13.0,6.5087271138601475,-6.4912728861398525,6.4912728861398525,10.0
135,2026-04-11 06:00:00+03:00,low,dinner,7.0,0.515055554236862,-6.484944445763138,6.484944445763138,1.0
479,2026-03-23 01:00:00+03:00,medium,opening,11.0,4.5198124430894016,-6.4801875569105984,6.4801875569105984,10.0
33,2026-03-31 04:00:00+03:00,high,lunch,28.0,21.530868304958794,-6.469131695041206,6.469131695041206,25.0
69,2026-02-06 06:00:00+03:00,mega,dinner,39.0,32.543412858923446,-6.456587141076554,6.456587141076554,38.0
142,2026-03-06 03:00:00+03:00,medium,morning,12.0,5.553356015640759,-6.446643984359241,6.446643984359241,10.0
10,2026-02-05 04:00:00+03:00,medium,lunch,25.0,18.577442268292778,-6.422557731707222,6.422557731707222,10.0
11,2026-03-02 01:00:00+03:00,medium,opening,16.0,9.58906136341141,-6.41093863658859,6.41093863658859,10.0
434,2026-03-04 04:00:00+03:00,medium,lunch,23.0,16.58992115684473,-6.410078843155269,6.410078843155269,10.0
18,2026-04-10 03:00:00+03:00,medium,morning,13.0,6.603366941890086,-6.396633058109914,6.396633058109914,10.0
434,2026-02-07 04:00:00+03:00,medium,lunch,24.0,17.626438977590272,-6.373561022409728,6.373561022409728,10.0
54,2026-04-09 06:00:00+03:00,medium,dinner,10.0,3.6289917088834587,-6.371008291116541,6.371008291116541,10.0
21,2026-03-09 04:00:00+03:00,high,lunch,28.0,21.635135781816796,-6.364864218183204,6.364864218183204,25.0
26,2026-01-30 06:00:00+03:00,medium,dinner,11.0,4.652138374833871,-6.347861625166129,6.347861625166129,10.0
54,2026-02-21 04:00:00+03:00,medium,lunch,12.0,5.652281231732761,-6.347718768267239,6.347718768267239,10.0
128,2026-01-26 04:00:00+03:00,high,lunch,28.0,21.67096275229711,-6.329037247702889,6.329037247702889,25.0
38,2026-02-11 07:00:00+03:00,medium,late_evening,12.0,5.704988733077161,-6.295011266922839,6.295011266922839,10.0
37,2026-03-07 03:00:00+03:00,medium,morning,12.0,5.705441462646455,-6.294558537353545,6.294558537353545,10.0
434,2026-02-27 04:00:00+03:00,medium,lunch,25.0,18.705787977271616,-6.294212022728384,6.294212022728384,10.0
26,2026-02-04 03:00:00+03:00,medium,morning,12.0,5.707517575297409,-6.292482424702591,6.292482424702591,10.0
128,2026-01-30 04:00:00+03:00,high,lunch,27.0,20.71541879824775,-6.28458120175225,6.28458120175225,25.0
8,2026-02-03 04:00:00+03:00,mega,lunch,42.0,35.728967613221776,-6.271032386778224,6.271032386778224,38.0
54,2026-02-25 04:00:00+03:00,medium,lunch,10.0,3.7412459950788723,-6.258754004921128,6.258754004921128,10.0
21,2026-02-17 04:00:00+03:00,high,lunch,26.0,19.746335151449355,-6.253664848550645,6.253664848550645,25.0
434,2026-03-24 04:00:00+03:00,medium,lunch,12.0,18.24968524917068,6.249685249170678,6.249685249170678,10.0
4,2026-03-18 04:00:00+03:00,high,lunch,33.0,26.755886426326956,-6.244113573673044,6.244113573673044,25.0
26,2026-03-31 04:00:00+03:00,medium,lunch,12.0,18.232546003267696,6.2325460032676965,6.2325460032676965,10.0
127,2026-02-11 04:00:00+03:00,medium,lunch,11.0,4.7780467258020485,-6.2219532741979515,6.2219532741979515,10.0
54,2026-02-05 06:00:00+03:00,medium,dinner,10.0,3.801221206267352,-6.198778793732648,6.198778793732648,10.0
142,2026-03-10 05:00:00+03:00,medium,afternoon,11.0,4.805367694304,-6.194632305696,6.194632305696,10.0
434,2026-02-14 04:00:00+03:00,medium,lunch,26.0,19.824874880675576,-6.175125119324424,6.175125119324424,10.0
516,2026-04-11 03:00:00+03:00,low,morning,10.0,3.8280922542627,-6.1719077457373,6.1719077457373,1.0
434,2026-03-21 03:00:00+03:00,medium,morning,13.0,6.834155327486766,-6.165844672513234,6.165844672513234,10.0
123,2026-04-11 04:00:00+03:00,high,lunch,29.0,22.836176266675334,-6.163823733324666,6.163823733324666,25.0
10,2026-04-06 06:00:00+03:00,medium,dinner,12.0,5.840716534546404,-6.159283465453596,6.159283465453596,10.0
54,2026-03-04 05:00:00+03:00,medium,afternoon,11.0,4.868978164172611,-6.131021835827389,6.131021835827389,10.0
434,2026-03-03 04:00:00+03:00,medium,lunch,12.0,18.128381399193053,6.128381399193053,6.128381399193053,10.0
54,2026-03-01 05:00:00+03:00,medium,afternoon,11.0,4.878861219601891,-6.121138780398109,6.121138780398109,10.0
478,2026-02-22 06:00:00+03:00,low,dinner,9.0,2.8853219676447495,-6.1146780323552505,6.1146780323552505,1.0
434,2026-02-21 04:00:00+03:00,medium,lunch,14.0,20.100917709298546,6.100917709298546,6.100917709298546,10.0
10,2026-03-02 05:00:00+03:00,medium,afternoon,14.0,7.900635548032713,-6.099364451967287,6.099364451967287,10.0
126,2026-02-26 04:00:00+03:00,high,lunch,34.0,27.90183204711535,-6.098167952884651,6.098167952884651,25.0
142,2026-01-30 04:00:00+03:00,medium,lunch,16.0,9.904617707583604,-6.095382292416396,6.095382292416396,10.0
10,2026-04-12 03:00:00+03:00,medium,morning,13.0,6.91276804074707,-6.08723195925293,6.08723195925293,10.0
10,2026-04-07 05:00:00+03:00,medium,afternoon,14.0,7.91983296421013,-6.08016703578987,6.08016703578987,10.0
26,2026-03-20 04:00:00+03:00,medium,lunch,12.0,18.07847359349515,6.078473593495151,6.078473593495151,10.0
10,2026-02-24 05:00:00+03:00,medium,afternoon,14.0,7.925326913008639,-6.074673086991361,6.074673086991361,10.0
54,2026-01-29 05:00:00+03:00,medium,afternoon,10.0,3.9314569977892293,-6.06854300221077,6.06854300221077,10.0
434,2026-03-01 05:00:00+03:00,medium,afternoon,17.0,10.94854233622487,-6.05145766377513,6.05145766377513,10.0
99,2026-01-30 04:00:00+03:00,mega,lunch,43.0,36.950269908433356,-6.049730091566644,6.049730091566644,38.0
37,2026-01-31 03:00:00+03:00,medium,morning,12.0,5.954828492146343,-6.045171507853657,6.045171507853657,10.0
26,2026-03-19 04:00:00+03:00,medium,lunch,12.0,18.043601449722335,6.043601449722335,6.043601449722335,10.0
115,2026-02-10 04:00:00+03:00,high,lunch,26.0,19.958491911037672,-6.041508088962328,6.041508088962328,25.0
10,2026-01-28 04:00:00+03:00,medium,lunch,22.0,15.968003802710317,-6.031996197289683,6.031996197289683,10.0
11,2026-02-05 00:00:00+03:00,medium,deep_night,13.0,19.018442885011538,6.018442885011538,6.018442885011538,10.0
142,2026-02-16 04:00:00+03:00,medium,lunch,18.0,11.993828948544582,-6.006171051455418,6.006171051455418,10.0
2,2026-03-16 04:00:00+03:00,high,lunch,25.0,18.994261963611873,-6.005738036388127,6.005738036388127,25.0
1,2026-03-23 05:00:00+03:00,medium,afternoon,11.0,5.007685019286535,-5.992314980713465,5.992314980713465,10.0
16,2026-04-03 04:00:00+03:00,medium,lunch,10.0,4.01671429009183,-5.98328570990817,5.98328570990817,10.0
54,2026-02-17 04:00:00+03:00,medium,lunch,10.0,4.017038055115031,-5.982961944884969,5.982961944884969,10.0
5,2026-01-26 01:00:00+03:00,medium,opening,12.0,6.0173849800553585,-5.9826150199446415,5.9826150199446415,10.0
69,2026-01-25 04:00:00+03:00,mega,lunch,64.0,58.01776908794199,-5.982230912058007,5.982230912058007,38.0
21,2026-03-07 04:00:00+03:00,high,lunch,25.0,19.023699192877604,-5.976300807122396,5.976300807122396,25.0
127,2026-03-20 03:00:00+03:00,medium,morning,10.0,4.038522127030167,-5.961477872969833,5.961477872969833,10.0
434,2026-02-01 06:00:00+03:00,medium,dinner,19.0,13.04208173712298,-5.957918262877021,5.957918262877021,10.0
142,2026-02-03 05:00:00+03:00,medium,afternoon,11.0,5.042093710974793,-5.957906289025207,5.957906289025207,10.0
21,2026-02-23 04:00:00+03:00,high,lunch,27.0,21.06046606970953,-5.9395339302904695,5.9395339302904695,25.0
11,2026-03-17 00:00:00+03:00,medium,deep_night,22.0,16.071843568951707,-5.9281564310482935,5.9281564310482935,10.0
1,2026-02-26 04:00:00+03:00,medium,lunch,19.0,13.08330679828118,-5.91669320171882,5.91669320171882,10.0
434,2026-03-13 04:00:00+03:00,medium,lunch,12.0,17.916144479928438,5.9161444799284375,5.9161444799284375,10.0
69,2026-04-10 06:00:00+03:00,mega,dinner,40.0,34.08510033547704,-5.914899664522963,5.914899664522963,38.0
4,2026-02-23 04:00:00+03:00,high,lunch,29.0,23.096144844082083,-5.903855155917917,5.903855155917917,25.0
69,2026-02-27 06:00:00+03:00,mega,dinner,42.0,36.102791331878976,-5.897208668121024,5.897208668121024,38.0
54,2026-02-25 05:00:00+03:00,medium,afternoon,10.0,4.105114709952396,-5.894885290047604,5.894885290047604,10.0
25,2026-02-06 04:00:00+03:00,medium,lunch,22.0,16.109878556379602,-5.890121443620398,5.890121443620398,10.0
126,2026-03-19 04:00:00+03:00,high,lunch,31.0,25.110182362102393,-5.8898176378976075,5.8898176378976075,25.0
8,2026-02-10 04:00:00+03:00,mega,lunch,41.0,35.11561606969594,-5.884383930304061,5.884383930304061,38.0
25,2026-01-27 05:00:00+03:00,medium,afternoon,14.0,8.13756758490117,-5.86243241509883,5.86243241509883,10.0
434,2026-02-19 06:00:00+03:00,medium,dinner,18.0,12.138524400188912,-5.861475599811088,5.861475599811088,10.0
26,2026-02-24 04:00:00+03:00,medium,lunch,23.0,17.168083957410637,-5.831916042589363,5.831916042589363,10.0
135,2026-04-10 06:00:00+03:00,low,dinner,6.0,0.17028931382733428,-5.829710686172666,5.829710686172666,1.0
434,2026-03-24 06:00:00+03:00,medium,dinner,16.0,10.178779561583948,-5.821220438416052,5.821220438416052,10.0
128,2026-02-13 04:00:00+03:00,high,lunch,31.0,25.20978410197804,-5.790215898021959,5.790215898021959,25.0
37,2026-03-05 04:00:00+03:00,medium,lunch,18.0,12.232374403256776,-5.767625596743224,5.767625596743224,10.0
26,2026-01-31 05:00:00+03:00,medium,afternoon,11.0,5.23540814598398,-5.76459185401602,5.76459185401602,10.0
123,2026-02-17 04:00:00+03:00,high,lunch,36.0,30.241153903006882,-5.758846096993118,5.758846096993118,25.0
26,2026-04-03 04:00:00+03:00,medium,lunch,11.0,16.758105464165684,5.758105464165684,5.758105464165684,10.0
16,2026-03-29 04:00:00+03:00,medium,lunch,10.0,4.243243272247309,-5.756756727752691,5.756756727752691,10.0
11,2026-04-13 01:00:00+03:00,medium,opening,18.0,12.27373881948913,-5.726261180510869,5.726261180510869,10.0
10,2026-01-29 04:00:00+03:00,medium,lunch,21.0,15.276641989925853,-5.723358010074147,5.723358010074147,10.0
11,2026-03-23 00:00:00+03:00,medium,deep_night,13.0,18.722723938661826,5.722723938661826,5.722723938661826,10.0
26,2026-02-17 04:00:00+03:00,medium,lunch,23.0,17.293527427529543,-5.706472572470457,5.706472572470457,10.0
434,2026-02-27 06:00:00+03:00,medium,dinner,19.0,13.295652900562958,-5.704347099437042,5.704347099437042,10.0
11,2026-03-13 01:00:00+03:00,medium,opening,10.0,15.70061823224835,5.700618232248351,5.700618232248351,10.0
4,2026-03-25 04:00:00+03:00,high,lunch,26.0,31.69986321754649,5.69986321754649,5.69986321754649,25.0
25,2026-02-17 05:00:00+03:00,medium,afternoon,15.0,9.300444474935329,-5.699555525064671,5.699555525064671,10.0
37,2026-01-25 04:00:00+03:00,medium,lunch,12.0,6.314108692767769,-5.685891307232231,5.685891307232231,10.0
126,2026-02-20 04:00:00+03:00,high,lunch,34.0,28.317827512453235,-5.682172487546765,5.682172487546765,25.0
26,2026-02-23 04:00:00+03:00,medium,lunch,11.0,16.67659793944871,5.676597939448708,5.676597939448708,10.0
434,2026-02-10 04:00:00+03:00,medium,lunch,25.0,19.346753796599764,-5.653246203400236,5.653246203400236,10.0
25,2026-02-24 04:00:00+03:00,medium,lunch,23.0,17.348385327673913,-5.651614672326087,5.651614672326087,10.0
10,2026-03-01 03:00:00+03:00,medium,morning,13.0,7.36670411049965,-5.63329588950035,5.63329588950035,10.0
47,2026-02-14 04:00:00+03:00,medium,lunch,10.0,4.3777683291602525,-5.6222316708397475,5.6222316708397475,10.0
38,2026-02-07 06:00:00+03:00,medium,dinner,15.0,9.384263447363963,-5.6157365526360365,5.6157365526360365,10.0
69,2026-02-02 06:00:00+03:00,mega,dinner,38.0,32.39428523221308,-5.605714767786921,5.605714767786921,38.0
26,2026-03-30 04:00:00+03:00,medium,lunch,21.0,15.412214772335734,-5.587785227664266,5.587785227664266,10.0
126,2026-02-27 04:00:00+03:00,high,lunch,35.0,29.42019270690274,-5.579807293097261,5.579807293097261,25.0
1,2026-03-04 05:00:00+03:00,medium,afternoon,11.0,5.424431797994636,-5.575568202005364,5.575568202005364,10.0
142,2026-02-20 06:00:00+03:00,medium,dinner,10.0,4.4266926872092665,-5.5733073127907335,5.5733073127907335,10.0
20,2026-02-14 05:00:00+03:00,medium,afternoon,13.0,7.438566572689544,-5.561433427310456,5.561433427310456,10.0
51,2026-03-05 04:00:00+03:00,medium,lunch,10.0,4.442990877160926,-5.557009122839074,5.557009122839074,10.0
12,2026-02-12 04:00:00+03:00,high,lunch,26.0,20.4455435275784,-5.554456472421599,5.554456472421599,25.0
11,2026-02-18 00:00:00+03:00,medium,deep_night,23.0,17.45133867029269,-5.548661329707311,5.548661329707311,10.0
434,2026-03-08 06:00:00+03:00,medium,dinner,17.0,11.470788389967423,-5.529211610032577,5.529211610032577,10.0
26,2026-02-18 04:00:00+03:00,medium,lunch,12.0,17.52442194237625,5.52442194237625,5.52442194237625,10.0
39,2026-03-29 04:00:00+03:00,high,lunch,26.0,31.520023952106595,5.520023952106595,5.520023952106595,25.0
12,2026-02-28 04:00:00+03:00,high,lunch,26.0,20.480597049968893,-5.5194029500311075,5.5194029500311075,25.0
10,2026-04-09 04:00:00+03:00,medium,lunch,14.0,19.51761403645579,5.5176140364557895,5.5176140364557895,10.0
26,2026-02-03 05:00:00+03:00,medium,afternoon,14.0,8.483318342064113,-5.516681657935887,5.516681657935887,10.0
20,2026-01-31 05:00:00+03:00,medium,afternoon,12.0,6.492230210240373,-5.507769789759627,5.507769789759627,10.0
290,2026-02-14 06:00:00+03:00,low,dinner,6.0,0.4941244329827092,-5.5058755670172905,5.5058755670172905,1.0
25,2026-03-12 04:00:00+03:00,medium,lunch,24.0,18.496368369929755,-5.503631630070245,5.503631630070245,10.0
20,2026-03-08 04:00:00+03:00,medium,lunch,11.0,16.50090049280024,5.500900492800241,5.500900492800241,10.0
99,2026-02-28 04:00:00+03:00,mega,lunch,38.0,43.497712670388395,5.497712670388395,5.497712670388395,38.0
434,2026-01-31 04:00:00+03:00,medium,lunch,13.0,18.493938863724235,5.493938863724235,5.493938863724235,10.0
29,2026-03-08 04:00:00+03:00,mega,lunch,38.0,43.47250554888164,5.472505548881642,5.472505548881642,38.0
479,2026-04-08 01:00:00+03:00,medium,opening,11.0,5.530249073062943,-5.469750926937057,5.469750926937057,10.0
135,2026-02-19 06:00:00+03:00,low,dinner,6.0,0.535353983197125,-5.464646016802875,5.464646016802875,1.0
128,2026-03-06 04:00:00+03:00,high,lunch,31.0,25.55849859494389,-5.441501405056108,5.441501405056108,25.0
25,2026-04-12 04:00:00+03:00,medium,lunch,10.0,15.440054521165862,5.440054521165862,5.440054521165862,10.0
126,2026-03-10 04:00:00+03:00,high,lunch,27.0,21.56422502264123,-5.4357749773587685,5.4357749773587685,25.0
69,2026-04-11 06:00:00+03:00,mega,dinner,39.0,33.58526775209624,-5.414732247903757,5.414732247903757,38.0
25,2026-03-17 04:00:00+03:00,medium,lunch,13.0,18.414533878429125,5.4145338784291255,5.4145338784291255,10.0
123,2026-01-29 04:00:00+03:00,high,lunch,28.0,22.59228585391042,-5.407714146089582,5.407714146089582,25.0
434,2026-03-05 05:00:00+03:00,medium,afternoon,17.0,11.597762270545116,-5.402237729454884,5.402237729454884,10.0
26,2026-03-20 03:00:00+03:00,medium,morning,12.0,6.601078689598463,-5.398921310401537,5.398921310401537,10.0
142,2026-02-05 04:00:00+03:00,medium,lunch,17.0,11.619402313407429,-5.380597686592571,5.380597686592571,10.0
115,2026-03-08 04:00:00+03:00,high,lunch,27.0,21.62078497131633,-5.379215028683671,5.379215028683671,25.0
434,2026-04-04 03:00:00+03:00,medium,morning,13.0,7.627872349132291,-5.372127650867709,5.372127650867709,10.0
123,2026-02-12 04:00:00+03:00,high,lunch,34.0,28.628737152443385,-5.371262847556615,5.371262847556615,25.0
142,2026-02-16 05:00:00+03:00,medium,afternoon,10.0,4.638963313121199,-5.361036686878801,5.361036686878801,10.0
1,2026-02-27 04:00:00+03:00,medium,lunch,10.0,15.352977505187813,5.352977505187813,5.352977505187813,10.0
123,2026-02-04 04:00:00+03:00,high,lunch,34.0,28.651935289383843,-5.348064710616157,5.348064710616157,25.0
443,2026-03-04 03:00:00+03:00,low,morning,6.0,0.6609196764004835,-5.339080323599516,5.339080323599516,1.0
54,2026-03-09 05:00:00+03:00,medium,afternoon,10.0,4.663632551733268,-5.336367448266732,5.336367448266732,10.0
54,2026-04-10 06:00:00+03:00,medium,dinner,12.0,6.679364375718097,-5.320635624281903,5.320635624281903,10.0
8,2026-02-02 04:00:00+03:00,mega,lunch,43.0,37.68215081140511,-5.3178491885948915,5.3178491885948915,38.0
25,2026-01-29 05:00:00+03:00,medium,afternoon,13.0,7.683770246420318,-5.316229753579682,5.316229753579682,10.0
479,2026-03-27 01:00:00+03:00,medium,opening,13.0,7.6890791960224005,-5.3109208039775995,5.3109208039775995,10.0
99,2026-03-02 04:00:00+03:00,mega,lunch,39.0,44.28985683635569,5.289856836355689,5.289856836355689,38.0
99,2026-03-09 04:00:00+03:00,mega,lunch,39.0,44.281055894109564,5.2810558941095636,5.2810558941095636,38.0
123,2026-03-13 04:00:00+03:00,high,lunch,27.0,32.27897101577667,5.278971015776669,5.278971015776669,25.0
11,2026-03-04 00:00:00+03:00,medium,deep_night,15.0,20.274780955569298,5.274780955569298,5.274780955569298,10.0
8,2026-03-25 04:00:00+03:00,mega,lunch,39.0,33.74271692027513,-5.257283079724871,5.257283079724871,38.0
25,2026-03-27 04:00:00+03:00,medium,lunch,12.0,17.25368208958392,5.2536820895839185,5.2536820895839185,10.0
33,2026-02-10 04:00:00+03:00,high,lunch,29.0,23.749106719360764,-5.250893280639236,5.250893280639236,25.0
434,2026-03-27 04:00:00+03:00,medium,lunch,14.0,19.247895498022377,5.247895498022377,5.247895498022377,10.0
10,2026-02-11 04:00:00+03:00,medium,lunch,24.0,18.75778476674724,-5.242215233252761,5.242215233252761,10.0
10,2026-02-23 04:00:00+03:00,medium,lunch,11.0,16.2419607240486,5.2419607240485995,5.2419607240485995,10.0
127,2026-02-04 04:00:00+03:00,medium,lunch,10.0,4.767302272254296,-5.232697727745704,5.232697727745704,10.0
5,2026-01-25 00:00:00+03:00,medium,deep_night,10.0,4.794502846088699,-5.205497153911301,5.205497153911301,10.0
20,2026-03-07 06:00:00+03:00,medium,dinner,11.0,5.795536570804762,-5.204463429195238,5.204463429195238,10.0
2,2026-03-04 04:00:00+03:00,high,lunch,29.0,23.801999394657642,-5.198000605342358,5.198000605342358,25.0
18,2026-03-09 03:00:00+03:00,medium,morning,12.0,6.806897869057735,-5.193102130942265,5.193102130942265,10.0
11,2026-03-10 01:00:00+03:00,medium,opening,16.0,10.807699168963135,-5.1923008310368655,5.1923008310368655,10.0
142,2026-02-19 04:00:00+03:00,medium,lunch,17.0,11.812185759521721,-5.1878142404782785,5.1878142404782785,10.0
30,2026-02-15 04:00:00+03:00,mega,lunch,40.0,34.82259044611336,-5.1774095538866405,5.1774095538866405,38.0
18,2026-02-01 04:00:00+03:00,medium,lunch,26.0,20.848014632090127,-5.151985367909873,5.151985367909873,10.0
434,2026-03-29 05:00:00+03:00,medium,afternoon,15.0,9.848954961108312,-5.151045038891688,5.151045038891688,10.0
25,2026-04-13 05:00:00+03:00,medium,afternoon,14.0,8.858650387438171,-5.141349612561829,5.141349612561829,10.0
29,2026-02-18 04:00:00+03:00,mega,lunch,42.0,36.861504897483734,-5.138495102516266,5.138495102516266,38.0
11,2026-03-18 01:00:00+03:00,medium,opening,13.0,7.8721985829756855,-5.1278014170243145,5.1278014170243145,10.0
18,2026-03-25 06:00:00+03:00,medium,dinner,13.0,7.873547170864249,-5.126452829135751,5.126452829135751,10.0
11,2026-02-02 00:00:00+03:00,medium,deep_night,15.0,20.122083128362366,5.122083128362366,5.122083128362366,10.0
5,2026-02-10 01:00:00+03:00,medium,opening,10.0,4.878912919128354,-5.121087080871646,5.121087080871646,10.0
99,2026-03-13 04:00:00+03:00,mega,lunch,44.0,38.88938027275147,-5.110619727248533,5.110619727248533,38.0
18,2026-01-31 04:00:00+03:00,medium,lunch,22.0,16.890606088761416,-5.109393911238584,5.109393911238584,10.0
434,2026-04-09 04:00:00+03:00,medium,lunch,23.0,17.890815491879874,-5.109184508120126,5.109184508120126,10.0
26,2026-02-26 04:00:00+03:00,medium,lunch,13.0,18.10299969336132,5.102999693361319,5.102999693361319,10.0
11,2026-02-26 01:00:00+03:00,medium,opening,14.0,8.902571136117375,-5.097428863882625,5.097428863882625,10.0
4,2026-02-06 04:00:00+03:00,high,lunch,33.0,27.926060454722496,-5.073939545277504,5.073939545277504,25.0
434,2026-03-23 04:00:00+03:00,medium,lunch,13.0,18.073208413289247,5.073208413289247,5.073208413289247,10.0
26,2026-03-17 04:00:00+03:00,medium,lunch,12.0,17.068184713025783,5.068184713025783,5.068184713025783,10.0
10,2026-03-04 04:00:00+03:00,medium,lunch,11.0,16.048116017441014,5.048116017441014,5.048116017441014,10.0
11,2026-04-06 00:00:00+03:00,medium,deep_night,19.0,13.953779259435072,-5.046220740564928,5.046220740564928,10.0
479,2026-04-11 00:00:00+03:00,medium,deep_night,11.0,5.979830638747982,-5.020169361252018,5.020169361252018,10.0
128,2026-04-02 04:00:00+03:00,high,lunch,27.0,21.989709446042358,-5.010290553957642,5.010290553957642,25.0
69,2026-03-05 04:00:00+03:00,mega,lunch,55.0,50.029915224446796,-4.970084775553204,4.970084775553204,38.0
345,2026-03-28 06:00:00+03:00,low,dinner,5.0,0.029990895352989544,-4.97000910464701,4.97000910464701,1.0
10,2026-02-02 04:00:00+03:00,medium,lunch,22.0,17.037370557707817,-4.962629442292183,4.962629442292183,10.0
10,2026-03-31 04:00:00+03:00,medium,lunch,13.0,17.946401231822442,4.946401231822442,4.946401231822442,10.0
142,2026-03-03 05:00:00+03:00,medium,afternoon,10.0,5.076848254511987,-4.923151745488013,4.923151745488013,10.0
25,2026-03-01 04:00:00+03:00,medium,lunch,18.0,13.095672758307712,-4.904327241692288,4.904327241692288,10.0
516,2026-04-10 04:00:00+03:00,low,lunch,2.0,6.900499170831847,4.900499170831847,4.900499170831847,1.0
10,2026-02-01 04:00:00+03:00,medium,lunch,10.0,14.899127423240698,4.899127423240698,4.899127423240698,10.0
99,2026-02-12 04:00:00+03:00,mega,lunch,45.0,40.10510357334059,-4.8948964266594075,4.8948964266594075,38.0
1,2026-02-06 04:00:00+03:00,medium,lunch,10.0,14.885821142135017,4.885821142135017,4.885821142135017,10.0
128,2026-02-23 04:00:00+03:00,high,lunch,28.0,23.12058463610023,-4.879415363899771,4.879415363899771,25.0
25,2026-02-18 04:00:00+03:00,medium,lunch,21.0,16.120669345555104,-4.879330654444896,4.879330654444896,10.0
12,2026-04-10 04:00:00+03:00,high,lunch,27.0,22.121735218384575,-4.8782647816154245,4.8782647816154245,25.0
11,2026-03-26 00:00:00+03:00,medium,deep_night,23.0,18.124984013588946,-4.875015986411054,4.875015986411054,10.0
11,2026-02-16 00:00:00+03:00,medium,deep_night,15.0,19.872205400618103,4.872205400618103,4.872205400618103,10.0
1,2026-02-16 05:00:00+03:00,medium,afternoon,10.0,5.129224495536841,-4.870775504463159,4.870775504463159,10.0
135,2026-02-18 05:00:00+03:00,low,afternoon,5.0,0.13157691171163965,-4.868423088288361,4.868423088288361,1.0
69,2026-03-02 06:00:00+03:00,mega,dinner,40.0,35.13212050242624,-4.86787949757376,4.86787949757376,38.0
135,2026-01-28 05:00:00+03:00,low,afternoon,5.0,0.13397009055380943,-4.8660299094461905,4.8660299094461905,1.0
10,2026-03-08 04:00:00+03:00,medium,lunch,19.0,14.13803588273891,-4.86196411726109,4.86196411726109,10.0
33,2026-03-02 04:00:00+03:00,high,lunch,26.0,21.142083884023197,-4.857916115976803,4.857916115976803,25.0
434,2026-03-22 06:00:00+03:00,medium,dinner,17.0,12.14211805906302,-4.857881940936981,4.857881940936981,10.0
54,2026-04-05 06:00:00+03:00,medium,dinner,12.0,7.142539639513149,-4.857460360486851,4.857460360486851,10.0
25,2026-03-28 04:00:00+03:00,medium,lunch,19.0,14.144184513999415,-4.855815486000585,4.855815486000585,10.0
126,2026-04-09 04:00:00+03:00,high,lunch,33.0,28.15283127164482,-4.847168728355179,4.847168728355179,25.0
54,2026-01-31 05:00:00+03:00,medium,afternoon,10.0,5.15721518864575,-4.84278481135425,4.84278481135425,10.0
11,2026-03-26 01:00:00+03:00,medium,opening,12.0,16.840431949233114,4.840431949233114,4.840431949233114,10.0
142,2026-02-09 04:00:00+03:00,medium,lunch,16.0,11.15990383651684,-4.84009616348316,4.84009616348316,10.0
434,2026-04-06 03:00:00+03:00,medium,morning,11.0,6.161869645454383,-4.838130354545617,4.838130354545617,10.0
18,2026-03-14 04:00:00+03:00,medium,lunch,12.0,16.832409767667947,4.832409767667947,4.832409767667947,10.0
10,2026-02-17 06:00:00+03:00,medium,dinner,12.0,7.1685629771370465,-4.8314370228629535,4.8314370228629535,10.0
123,2026-03-20 04:00:00+03:00,high,lunch,25.0,29.825901769362762,4.825901769362762,4.825901769362762,25.0
25,2026-02-24 05:00:00+03:00,medium,afternoon,15.0,10.180069154680593,-4.819930845319407,4.819930845319407,10.0
38,2026-02-12 06:00:00+03:00,medium,dinner,10.0,5.18187493374548,-4.81812506625452,4.81812506625452,10.0
26,2026-02-23 06:00:00+03:00,medium,dinner,11.0,6.191984780552376,-4.808015219447624,4.808015219447624,10.0
434,2026-01-31 05:00:00+03:00,medium,afternoon,14.0,9.192173152595322,-4.807826847404678,4.807826847404678,10.0
38,2026-03-01 06:00:00+03:00,medium,dinner,13.0,8.197615402992286,-4.802384597007714,4.802384597007714,10.0
128,2026-02-18 04:00:00+03:00,high,lunch,30.0,25.205770295920978,-4.794229704079022,4.794229704079022,25.0
10,2026-03-27 03:00:00+03:00,medium,morning,12.0,7.209820501159561,-4.790179498840439,4.790179498840439,10.0
434,2026-02-23 04:00:00+03:00,medium,lunch,16.0,20.783480629272646,4.7834806292726455,4.7834806292726455,10.0
26,2026-03-28 03:00:00+03:00,medium,morning,12.0,7.220564610846534,-4.779435389153466,4.779435389153466,10.0
38,2026-02-09 06:00:00+03:00,medium,dinner,10.0,5.230873149689336,-4.769126850310664,4.769126850310664,10.0
4,2026-02-25 04:00:00+03:00,high,lunch,26.0,30.765640720222528,4.765640720222528,4.765640720222528,25.0
47,2026-03-10 04:00:00+03:00,medium,lunch,10.0,5.234831733865894,-4.765168266134106,4.765168266134106,10.0
123,2026-04-03 04:00:00+03:00,high,lunch,25.0,29.760531599762803,4.760531599762803,4.760531599762803,25.0
54,2026-02-07 06:00:00+03:00,medium,dinner,12.0,7.240076822330774,-4.759923177669226,4.759923177669226,10.0
142,2026-04-01 04:00:00+03:00,medium,lunch,16.0,11.24964016071558,-4.750359839284419,4.750359839284419,10.0
10,2026-03-26 05:00:00+03:00,medium,afternoon,12.0,7.252499495701878,-4.747500504298122,4.747500504298122,10.0
25,2026-03-06 04:00:00+03:00,medium,lunch,23.0,18.272749144505756,-4.727250855494244,4.727250855494244,10.0
11,2026-03-02 00:00:00+03:00,medium,deep_night,19.0,23.721818705227623,4.721818705227623,4.721818705227623,10.0
128,2026-03-08 04:00:00+03:00,high,lunch,32.0,27.279575574321402,-4.720424425678598,4.720424425678598,25.0
25,2026-02-19 05:00:00+03:00,medium,afternoon,14.0,9.286993943244894,-4.7130060567551055,4.7130060567551055,10.0
37,2026-02-26 04:00:00+03:00,medium,lunch,13.0,8.310482274160588,-4.689517725839412,4.689517725839412,10.0
18,2026-03-28 04:00:00+03:00,medium,lunch,20.0,15.313916457535463,-4.686083542464537,4.686083542464537,10.0
18,2026-03-07 03:00:00+03:00,medium,morning,13.0,8.316349918643159,-4.683650081356841,4.683650081356841,10.0
30,2026-02-14 04:00:00+03:00,mega,lunch,40.0,35.336636182010736,-4.663363817989264,4.663363817989264,38.0
38,2026-03-09 06:00:00+03:00,medium,dinner,11.0,6.338216231561295,-4.661783768438705,4.661783768438705,10.0
99,2026-02-17 04:00:00+03:00,mega,lunch,45.0,40.35936822789029,-4.640631772109707,4.640631772109707,38.0
8,2026-02-04 04:00:00+03:00,mega,lunch,39.0,34.360317991526415,-4.639682008473585,4.639682008473585,38.0
10,2026-03-29 06:00:00+03:00,medium,dinner,10.0,5.361955239529056,-4.638044760470944,4.638044760470944,10.0
38,2026-03-13 07:00:00+03:00,medium,late_evening,10.0,5.363178942658301,-4.636821057341699,4.636821057341699,10.0
142,2026-04-13 04:00:00+03:00,medium,lunch,15.0,10.378547964819033,-4.621452035180967,4.621452035180967,10.0
434,2026-01-25 05:00:00+03:00,medium,afternoon,15.0,10.379627830364052,-4.620372169635948,4.620372169635948,10.0
4,2026-01-31 04:00:00+03:00,high,lunch,26.0,21.38369937653965,-4.616300623460351,4.616300623460351,25.0
26,2026-02-12 06:00:00+03:00,medium,dinner,11.0,6.3855740819185645,-4.6144259180814355,4.6144259180814355,10.0
10,2026-02-16 06:00:00+03:00,medium,dinner,11.0,6.388147833152295,-4.611852166847705,4.611852166847705,10.0
26,2026-02-10 03:00:00+03:00,medium,morning,11.0,6.3917144861791915,-4.6082855138208085,4.6082855138208085,10.0
481,2026-04-11 05:00:00+03:00,low,afternoon,1.0,5.603897327680248,4.603897327680248,4.603897327680248,1.0
37,2026-01-28 03:00:00+03:00,medium,morning,10.0,5.399324810445159,-4.600675189554841,4.600675189554841,10.0
2,2026-03-05 04:00:00+03:00,high,lunch,28.0,23.400778240712206,-4.5992217592877935,4.5992217592877935,25.0
26,2026-03-27 04:00:00+03:00,medium,lunch,13.0,17.598345088367847,4.5983450883678465,4.5983450883678465,10.0
99,2026-03-22 04:00:00+03:00,mega,lunch,46.0,41.415899958648595,-4.584100041351405,4.584100041351405,38.0
69,2026-03-20 04:00:00+03:00,mega,lunch,55.0,50.41678788630848,-4.583212113691523,4.583212113691523,38.0
11,2026-03-07 00:00:00+03:00,medium,deep_night,25.0,29.57126705152178,4.5712670515217795,4.5712670515217795,10.0
4,2026-03-04 04:00:00+03:00,high,lunch,32.0,27.436498257869825,-4.563501742130175,4.563501742130175,25.0
434,2026-03-12 03:00:00+03:00,medium,morning,10.0,5.483186648187678,-4.516813351812322,4.516813351812322,10.0
434,2026-04-13 04:00:00+03:00,medium,lunch,13.0,17.51665236976003,4.516652369760031,4.516652369760031,10.0
37,2026-01-27 04:00:00+03:00,medium,lunch,15.0,10.489228564058317,-4.510771435941683,4.510771435941683,10.0
478,2026-03-20 06:00:00+03:00,low,dinner,7.0,2.4937994222552953,-4.506200577744705,4.506200577744705,1.0
5,2026-02-04 01:00:00+03:00,medium,opening,16.0,11.494604475120346,-4.5053955248796544,4.5053955248796544,10.0
21,2026-03-29 04:00:00+03:00,high,lunch,28.0,23.49616857467512,-4.503831425324879,4.503831425324879,25.0
1,2026-01-30 04:00:00+03:00,medium,lunch,15.0,10.502231496133845,-4.497768503866155,4.497768503866155,10.0
99,2026-02-08 04:00:00+03:00,mega,lunch,40.0,44.48715718929025,4.487157189290251,4.487157189290251,38.0
18,2026-03-04 04:00:00+03:00,medium,lunch,17.0,12.518491522314873,-4.481508477685127,4.481508477685127,10.0
2,2026-04-09 04:00:00+03:00,high,lunch,27.0,22.522854549507905,-4.477145450492095,4.477145450492095,25.0
11,2026-02-03 01:00:00+03:00,medium,opening,10.0,14.471935309958031,4.471935309958031,4.471935309958031,10.0
54,2026-02-14 04:00:00+03:00,medium,lunch,10.0,5.532979135115935,-4.467020864884065,4.467020864884065,10.0
115,2026-03-04 04:00:00+03:00,high,lunch,28.0,23.534457040103305,-4.465542959896695,4.465542959896695,25.0
25,2026-03-24 04:00:00+03:00,medium,lunch,21.0,16.5419582500901,-4.458041749909899,4.458041749909899,10.0
26,2026-03-02 05:00:00+03:00,medium,afternoon,13.0,8.544981869094173,-4.455018130905827,4.455018130905827,10.0
99,2026-02-23 04:00:00+03:00,mega,lunch,38.0,42.444491080422544,4.444491080422544,4.444491080422544,38.0
25,2026-02-01 06:00:00+03:00,medium,dinner,10.0,5.5715625251338325,-4.4284374748661675,4.4284374748661675,10.0
69,2026-04-10 04:00:00+03:00,mega,lunch,45.0,49.41406256676746,4.414062566767463,4.414062566767463,38.0
10,2026-02-10 06:00:00+03:00,medium,dinner,11.0,6.587035301108593,-4.412964698891407,4.412964698891407,10.0
26,2026-02-21 04:00:00+03:00,medium,lunch,11.0,15.412179059835575,4.412179059835575,4.412179059835575,10.0
18,2026-02-23 05:00:00+03:00,medium,afternoon,13.0,8.599664097002034,-4.400335902997966,4.400335902997966,10.0
12,2026-03-07 04:00:00+03:00,high,lunch,28.0,23.611811599719466,-4.388188400280534,4.388188400280534,25.0
443,2026-03-04 04:00:00+03:00,low,lunch,20.0,15.615049700195156,-4.384950299804844,4.384950299804844,1.0
33,2026-02-04 04:00:00+03:00,high,lunch,26.0,21.617293023147067,-4.382706976852933,4.382706976852933,25.0
33,2026-02-03 04:00:00+03:00,high,lunch,26.0,21.626184444381266,-4.373815555618734,4.373815555618734,25.0
54,2026-03-08 05:00:00+03:00,medium,afternoon,10.0,5.634338073659452,-4.365661926340548,4.365661926340548,10.0
25,2026-02-02 05:00:00+03:00,medium,afternoon,14.0,9.644738296969601,-4.355261703030399,4.355261703030399,10.0
38,2026-03-29 06:00:00+03:00,medium,dinner,13.0,8.645328039433492,-4.354671960566508,4.354671960566508,10.0
25,2026-04-10 05:00:00+03:00,medium,afternoon,14.0,9.652230230670737,-4.347769769329263,4.347769769329263,10.0
33,2026-02-27 04:00:00+03:00,high,lunch,27.0,22.654922091985508,-4.345077908014492,4.345077908014492,25.0
11,2026-04-04 00:00:00+03:00,medium,deep_night,18.0,22.333962284903716,4.333962284903716,4.333962284903716,10.0
54,2026-01-31 06:00:00+03:00,medium,dinner,11.0,6.670060199635288,-4.329939800364712,4.329939800364712,10.0
18,2026-03-01 04:00:00+03:00,medium,lunch,22.0,17.67878435987031,-4.32121564012969,4.32121564012969,10.0
37,2026-02-19 04:00:00+03:00,medium,lunch,17.0,12.680064843652769,-4.319935156347231,4.319935156347231,10.0
2,2026-04-10 04:00:00+03:00,high,lunch,26.0,21.68283031560652,-4.31716968439348,4.31716968439348,25.0
434,2026-03-06 03:00:00+03:00,medium,morning,11.0,6.687307287284341,-4.312692712715659,4.312692712715659,10.0
29,2026-02-25 04:00:00+03:00,mega,lunch,41.0,36.687444231976094,-4.3125557680239055,4.3125557680239055,38.0
38,2026-03-27 06:00:00+03:00,medium,dinner,10.0,5.6891145203106595,-4.3108854796893405,4.3108854796893405,10.0
26,2026-02-16 06:00:00+03:00,medium,dinner,11.0,6.693355777304527,-4.306644222695473,4.306644222695473,10.0
8,2026-03-04 04:00:00+03:00,mega,lunch,40.0,35.69356190833069,-4.306438091669307,4.306438091669307,38.0
443,2026-04-08 04:00:00+03:00,low,lunch,6.0,1.6949392079582806,-4.305060792041719,4.305060792041719,1.0
10,2026-02-07 06:00:00+03:00,medium,dinner,10.0,5.695488668053677,-4.304511331946323,4.304511331946323,10.0
434,2026-03-14 05:00:00+03:00,medium,afternoon,14.0,9.70234456406949,-4.29765543593051,4.29765543593051,10.0
25,2026-02-11 06:00:00+03:00,medium,dinner,10.0,5.704235998951448,-4.295764001048552,4.295764001048552,10.0
478,2026-04-06 06:00:00+03:00,low,dinner,8.0,3.7091918904250685,-4.2908081095749315,4.2908081095749315,1.0
478,2026-02-20 04:00:00+03:00,low,lunch,6.0,1.7101133278489347,-4.289886672151066,4.289886672151066,1.0
25,2026-03-30 04:00:00+03:00,medium,lunch,13.0,17.289675099830802,4.289675099830802,4.289675099830802,10.0
25,2026-01-28 04:00:00+03:00,medium,lunch,19.0,14.716906811740342,-4.283093188259658,4.283093188259658,10.0
11,2026-02-24 00:00:00+03:00,medium,deep_night,21.0,16.720715325101775,-4.279284674898225,4.279284674898225,10.0
25,2026-02-05 04:00:00+03:00,medium,lunch,14.0,18.271101204353272,4.271101204353272,4.271101204353272,10.0
1,2026-02-03 04:00:00+03:00,medium,lunch,16.0,11.729023629420466,-4.270976370579534,4.270976370579534,10.0
29,2026-04-07 04:00:00+03:00,mega,lunch,40.0,35.730949023876605,-4.2690509761233955,4.2690509761233955,38.0
434,2026-02-19 05:00:00+03:00,medium,afternoon,15.0,10.7391863828103,-4.260813617189701,4.260813617189701,10.0
33,2026-02-25 04:00:00+03:00,high,lunch,28.0,23.748817320706237,-4.251182679293763,4.251182679293763,25.0
25,2026-02-01 04:00:00+03:00,medium,lunch,11.0,15.250850561841805,4.250850561841805,4.250850561841805,10.0
47,2026-02-04 04:00:00+03:00,medium,lunch,10.0,5.7581090241807384,-4.2418909758192616,4.2418909758192616,10.0
25,2026-02-16 04:00:00+03:00,medium,lunch,14.0,18.236710375843327,4.236710375843327,4.236710375843327,10.0
11,2026-04-11 00:00:00+03:00,medium,deep_night,21.0,16.76747062567735,-4.232529374322649,4.232529374322649,10.0
20,2026-02-26 04:00:00+03:00,medium,lunch,10.0,5.7732485374795735,-4.2267514625204265,4.2267514625204265,10.0
480,2026-03-06 04:00:00+03:00,low,lunch,7.0,2.7754154047331054,-4.224584595266895,4.224584595266895,1.0
25,2026-02-10 04:00:00+03:00,medium,lunch,21.0,16.776599647521802,-4.223400352478198,4.223400352478198,10.0
443,2026-03-03 05:00:00+03:00,low,afternoon,6.0,1.793057226365106,-4.2069427736348946,4.2069427736348946,1.0
26,2026-01-26 05:00:00+03:00,medium,afternoon,11.0,6.795422706212619,-4.204577293787381,4.204577293787381,10.0
8,2026-03-15 04:00:00+03:00,mega,lunch,43.0,38.79695296765718,-4.203047032342823,4.203047032342823,38.0
11,2026-03-13 00:00:00+03:00,medium,deep_night,13.0,17.19810332560899,4.19810332560899,4.19810332560899,10.0
33,2026-04-02 04:00:00+03:00,high,lunch,26.0,21.802347144141407,-4.197652855858593,4.197652855858593,25.0
26,2026-03-04 05:00:00+03:00,medium,afternoon,14.0,9.802774606955106,-4.197225393044894,4.197225393044894,10.0
69,2026-02-15 06:00:00+03:00,mega,dinner,39.0,34.80342941424587,-4.196570585754131,4.196570585754131,38.0
26,2026-02-15 04:00:00+03:00,medium,lunch,11.0,15.194302221482507,4.194302221482507,4.194302221482507,10.0
25,2026-02-17 04:00:00+03:00,medium,lunch,21.0,16.805720872784814,-4.194279127215186,4.194279127215186,10.0
10,2026-04-06 05:00:00+03:00,medium,afternoon,12.0,7.8071459799992065,-4.1928540200007935,4.1928540200007935,10.0
434,2026-02-23 03:00:00+03:00,medium,morning,11.0,6.81402332802606,-4.18597667197394,4.18597667197394,10.0
142,2026-02-24 04:00:00+03:00,medium,lunch,14.0,9.815756127193596,-4.1842438728064035,4.1842438728064035,10.0
25,2026-03-08 04:00:00+03:00,medium,lunch,12.0,16.183983503630028,4.183983503630028,4.183983503630028,10.0
434,2026-02-01 03:00:00+03:00,medium,morning,12.0,7.817370612267823,-4.182629387732177,4.182629387732177,10.0
18,2026-02-26 06:00:00+03:00,medium,dinner,12.0,7.821945946324841,-4.178054053675159,4.178054053675159,10.0
18,2026-03-30 05:00:00+03:00,medium,afternoon,11.0,6.8246945445378255,-4.1753054554621745,4.1753054554621745,10.0
479,2026-04-10 01:00:00+03:00,medium,opening,10.0,5.824779714205311,-4.175220285794689,4.175220285794689,10.0
25,2026-04-08 04:00:00+03:00,medium,lunch,13.0,17.174726339859017,4.174726339859017,4.174726339859017,10.0
18,2026-02-14 05:00:00+03:00,medium,afternoon,12.0,7.825889096128896,-4.174110903871104,4.174110903871104,10.0
18,2026-04-06 04:00:00+03:00,medium,lunch,10.0,14.17140487410196,4.17140487410196,4.17140487410196,10.0
478,2026-02-21 04:00:00+03:00,low,lunch,1.0,5.16952209819677,4.16952209819677,4.16952209819677,1.0
47,2026-02-18 04:00:00+03:00,medium,lunch,10.0,5.834044939576042,-4.165955060423958,4.165955060423958,10.0
434,2026-03-09 06:00:00+03:00,medium,dinner,18.0,13.834916596967252,-4.165083403032748,4.165083403032748,10.0
123,2026-03-03 04:00:00+03:00,high,lunch,36.0,31.839819358780154,-4.160180641219846,4.160180641219846,25.0
11,2026-02-04 01:00:00+03:00,medium,opening,17.0,12.842527456023872,-4.157472543976128,4.157472543976128,10.0
434,2026-02-26 04:00:00+03:00,medium,lunch,15.0,19.15740372507617,4.157403725076168,4.157403725076168,10.0
26,2026-02-12 04:00:00+03:00,medium,lunch,12.0,16.149193384145295,4.1491933841452955,4.1491933841452955,10.0
99,2026-03-05 04:00:00+03:00,mega,lunch,39.0,43.13588127595152,4.135881275951519,4.135881275951519,38.0
10,2026-04-01 04:00:00+03:00,medium,lunch,20.0,15.871422903702696,-4.128577096297304,4.128577096297304,10.0
20,2026-02-08 04:00:00+03:00,medium,lunch,10.0,14.128358674266469,4.128358674266469,4.128358674266469,10.0
434,2026-03-10 05:00:00+03:00,medium,afternoon,15.0,10.876496418000942,-4.123503581999058,4.123503581999058,10.0
20,2026-02-01 04:00:00+03:00,medium,lunch,17.0,12.880930265702217,-4.119069734297783,4.119069734297783,10.0
10,2026-02-09 05:00:00+03:00,medium,afternoon,12.0,7.882456497889427,-4.117543502110573,4.117543502110573,10.0
434,2026-03-22 05:00:00+03:00,medium,afternoon,15.0,10.884345622190713,-4.115654377809287,4.115654377809287,10.0
434,2026-02-28 04:00:00+03:00,medium,lunch,14.0,18.105404866019104,4.105404866019104,4.105404866019104,10.0
10,2026-03-12 06:00:00+03:00,medium,dinner,10.0,5.907237339233831,-4.092762660766169,4.092762660766169,10.0
99,2026-02-07 04:00:00+03:00,mega,lunch,41.0,45.091702387510566,4.091702387510566,4.091702387510566,38.0
38,2026-04-07 07:00:00+03:00,medium,late_evening,10.0,5.9114555757148555,-4.0885444242851445,4.0885444242851445,10.0
434,2026-02-22 04:00:00+03:00,medium,lunch,23.0,18.917146426828047,-4.082853573171953,4.082853573171953,10.0
11,2026-03-16 00:00:00+03:00,medium,deep_night,18.0,22.073598414892782,4.073598414892782,4.073598414892782,10.0
5,2026-01-29 01:00:00+03:00,medium,opening,14.0,9.927926104761628,-4.072073895238372,4.072073895238372,10.0
4,2026-02-14 04:00:00+03:00,high,lunch,30.0,25.934574019710222,-4.065425980289778,4.065425980289778,25.0
37,2026-02-03 04:00:00+03:00,medium,lunch,17.0,12.936229174327524,-4.063770825672476,4.063770825672476,10.0
69,2026-02-07 04:00:00+03:00,mega,lunch,56.0,60.06275802290972,4.062758022909719,4.062758022909719,38.0
69,2026-02-18 06:00:00+03:00,mega,dinner,39.0,34.95202884807513,-4.04797115192487,4.04797115192487,38.0
38,2026-02-01 06:00:00+03:00,medium,dinner,13.0,8.956561050209286,-4.043438949790714,4.043438949790714,10.0
2,2026-03-12 04:00:00+03:00,high,lunch,27.0,22.967156156514662,-4.032843843485338,4.032843843485338,25.0
26,2026-02-16 05:00:00+03:00,medium,afternoon,13.0,8.97171331356368,-4.028286686436321,4.028286686436321,10.0
480,2026-03-06 05:00:00+03:00,low,afternoon,1.0,5.026058509961629,4.026058509961629,4.026058509961629,1.0
142,2026-01-25 04:00:00+03:00,medium,lunch,10.0,5.979191919155472,-4.020808080844528,4.020808080844528,10.0
434,2026-04-05 04:00:00+03:00,medium,lunch,21.0,16.983620501735746,-4.0163794982642536,4.0163794982642536,10.0
516,2026-04-12 03:00:00+03:00,low,morning,8.0,3.9844713846677404,-4.01552861533226,4.01552861533226,1.0
25,2026-02-13 04:00:00+03:00,medium,lunch,23.0,18.98532568814151,-4.014674311858489,4.014674311858489,10.0
11,2026-01-29 01:00:00+03:00,medium,opening,13.0,8.99581751695701,-4.004182483042991,4.004182483042991,10.0
26,2026-03-21 05:00:00+03:00,medium,afternoon,10.0,5.997798081801198,-4.002201918198802,4.002201918198802,10.0
434,2026-03-05 06:00:00+03:00,medium,dinner,17.0,13.004665893897787,-3.995334106102213,3.995334106102213,10.0
69,2026-02-05 04:00:00+03:00,mega,lunch,49.0,45.0056189180105,-3.994381081989502,3.994381081989502,38.0
26,2026-01-25 04:00:00+03:00,medium,lunch,16.0,12.005773714910607,-3.9942262850893933,3.9942262850893933,10.0
434,2026-02-05 04:00:00+03:00,medium,lunch,14.0,17.993878824786464,3.9938788247864636,3.9938788247864636,10.0
18,2026-04-04 06:00:00+03:00,medium,dinner,12.0,8.006670944446666,-3.9933290555533336,3.9933290555533336,10.0
25,2026-02-14 03:00:00+03:00,medium,morning,11.0,7.010348003072693,-3.989651996927307,3.989651996927307,10.0
128,2026-03-14 04:00:00+03:00,high,lunch,30.0,26.025838313771153,-3.9741616862288467,3.9741616862288467,25.0
69,2026-04-02 04:00:00+03:00,mega,lunch,49.0,45.02994069917622,-3.9700593008237774,3.9700593008237774,38.0
434,2026-01-28 03:00:00+03:00,medium,morning,10.0,6.043747951451348,-3.9562520485486523,3.9562520485486523,10.0
26,2026-04-06 05:00:00+03:00,medium,afternoon,12.0,8.046109822696426,-3.953890177303574,3.953890177303574,10.0
4,2026-02-17 04:00:00+03:00,high,lunch,27.0,30.95138459673086,3.951384596730861,3.951384596730861,25.0
8,2026-03-31 04:00:00+03:00,mega,lunch,41.0,37.05262726482309,-3.947372735176913,3.947372735176913,38.0
54,2026-02-01 05:00:00+03:00,medium,afternoon,10.0,6.056286551889024,-3.9437134481109757,3.9437134481109757,10.0
298,2026-03-13 04:00:00+03:00,medium,lunch,11.0,7.057581900443697,-3.9424180995563027,3.9424180995563027,10.0
10,2026-04-02 04:00:00+03:00,medium,lunch,21.0,17.06226470436941,-3.9377352956305884,3.9377352956305884,10.0
128,2026-02-26 04:00:00+03:00,high,lunch,29.0,25.08045593995613,-3.9195440600438687,3.9195440600438687,25.0
8,2026-03-26 04:00:00+03:00,mega,lunch,42.0,38.09619315607783,-3.903806843922169,3.903806843922169,38.0
25,2026-02-26 04:00:00+03:00,medium,lunch,21.0,17.09684857624122,-3.9031514237587785,3.9031514237587785,10.0
1,2026-02-20 04:00:00+03:00,medium,lunch,17.0,13.099254637969612,-3.9007453620303885,3.9007453620303885,10.0
123,2026-03-18 04:00:00+03:00,high,lunch,27.0,30.898650257806736,3.898650257806736,3.898650257806736,25.0
123,2026-03-02 04:00:00+03:00,high,lunch,32.0,28.104247918373535,-3.8957520816264655,3.8957520816264655,25.0
425,2026-04-11 04:00:00+03:00,low,lunch,5.0,1.1044569283973027,-3.895543071602697,3.895543071602697,1.0
26,2026-01-28 04:00:00+03:00,medium,lunch,20.0,16.113638196327564,-3.886361803672436,3.886361803672436,10.0
2,2026-02-04 04:00:00+03:00,high,lunch,25.0,21.12313021242233,-3.8768697875776716,3.8768697875776716,25.0
10,2026-03-24 04:00:00+03:00,medium,lunch,20.0,16.1318433705165,-3.868156629483501,3.868156629483501,10.0
47,2026-03-20 04:00:00+03:00,medium,lunch,10.0,6.135044590499177,-3.8649554095008227,3.8649554095008227,10.0
98,2026-04-07 04:00:00+03:00,low,lunch,4.0,0.14085295697102299,-3.859147043028977,3.859147043028977,1.0
11,2026-04-10 01:00:00+03:00,medium,opening,11.0,14.854550629004919,3.854550629004919,3.854550629004919,10.0
10,2026-02-10 03:00:00+03:00,medium,morning,10.0,6.1477608750659645,-3.8522391249340355,3.8522391249340355,10.0
26,2026-01-29 04:00:00+03:00,medium,lunch,13.0,16.847562502300853,3.8475625023008533,3.8475625023008533,10.0
434,2026-03-15 04:00:00+03:00,medium,lunch,15.0,18.83963545119743,3.839635451197431,3.839635451197431,10.0
25,2026-02-03 04:00:00+03:00,medium,lunch,15.0,18.838635402727494,3.838635402727494,3.838635402727494,10.0
11,2026-03-27 01:00:00+03:00,medium,opening,17.0,13.167027353527974,-3.832972646472026,3.832972646472026,10.0
434,2026-01-27 04:00:00+03:00,medium,lunch,13.0,16.819566207230057,3.819566207230057,3.819566207230057,10.0
290,2026-03-08 05:00:00+03:00,low,afternoon,4.0,0.18284444643919529,-3.817155553560805,3.817155553560805,1.0
20,2026-04-11 04:00:00+03:00,medium,lunch,15.0,11.185236758700345,-3.814763241299655,3.814763241299655,10.0
142,2026-02-27 04:00:00+03:00,medium,lunch,17.0,13.187225598070283,-3.812774401929717,3.812774401929717,10.0
425,2026-04-11 03:00:00+03:00,low,morning,4.0,0.19089358614037633,-3.809106413859624,3.809106413859624,1.0
12,2026-04-11 04:00:00+03:00,high,lunch,28.0,24.19413737440445,-3.8058626255955517,3.8058626255955517,25.0
10,2026-03-23 06:00:00+03:00,medium,dinner,10.0,6.195388564082983,-3.8046114359170167,3.8046114359170167,10.0
33,2026-03-20 04:00:00+03:00,high,lunch,28.0,24.20237145648959,-3.7976285435104096,3.7976285435104096,25.0
340,2026-04-05 06:00:00+03:00,low,dinner,4.0,0.2072208887280825,-3.7927791112719174,3.7927791112719174,1.0
10,2026-02-05 05:00:00+03:00,medium,afternoon,12.0,8.21662230398258,-3.7833776960174195,3.7833776960174195,10.0
443,2026-04-07 03:00:00+03:00,low,morning,4.0,0.22696183949307555,-3.7730381605069243,3.7730381605069243,1.0
4,2026-04-11 04:00:00+03:00,high,lunch,28.0,24.227287877346132,-3.772712122653868,3.772712122653868,25.0
26,2026-02-09 04:00:00+03:00,medium,lunch,13.0,16.77233657590666,3.7723365759066603,3.7723365759066603,10.0
25,2026-02-03 03:00:00+03:00,medium,morning,13.0,9.231501383622664,-3.768498616377336,3.768498616377336,10.0
37,2026-02-20 04:00:00+03:00,medium,lunch,11.0,14.766763432013764,3.7667634320137644,3.7667634320137644,10.0
1,2026-02-16 04:00:00+03:00,medium,lunch,16.0,12.255123584089365,-3.7448764159106354,3.7448764159106354,10.0
33,2026-02-16 04:00:00+03:00,high,lunch,28.0,24.257109421618196,-3.742890578381804,3.742890578381804,25.0
434,2026-02-09 04:00:00+03:00,medium,lunch,23.0,19.258498992199915,-3.7415010078000854,3.7415010078000854,10.0
135,2026-01-30 05:00:00+03:00,low,afternoon,4.0,0.2587347315307556,-3.7412652684692445,3.7412652684692445,1.0
478,2026-02-15 06:00:00+03:00,low,dinner,1.0,4.739189637960361,3.7391896379603606,3.7391896379603606,1.0
10,2026-02-20 04:00:00+03:00,medium,lunch,17.0,20.738693084042062,3.738693084042062,3.738693084042062,10.0
37,2026-02-04 04:00:00+03:00,medium,lunch,18.0,14.267317268608513,-3.7326827313914865,3.7326827313914865,10.0
26,2026-04-10 04:00:00+03:00,medium,lunch,12.0,15.728436840589234,3.728436840589234,3.728436840589234,10.0
25,2026-02-01 05:00:00+03:00,medium,afternoon,10.0,6.273207727981605,-3.726792272018395,3.726792272018395,10.0
26,2026-03-05 04:00:00+03:00,medium,lunch,21.0,17.275981775836872,-3.724018224163128,3.724018224163128,10.0
11,2026-02-09 01:00:00+03:00,medium,opening,16.0,12.281461082434914,-3.718538917565086,3.718538917565086,10.0
128,2026-02-15 04:00:00+03:00,high,lunch,30.0,26.281802862525982,-3.718197137474018,3.718197137474018,25.0
11,2026-02-12 00:00:00+03:00,medium,deep_night,14.0,10.286712962854859,-3.7132870371451414,3.7132870371451414,10.0
26,2026-03-07 05:00:00+03:00,medium,afternoon,10.0,6.296654600540873,-3.7033453994591268,3.7033453994591268,10.0
434,2026-03-31 04:00:00+03:00,medium,lunch,12.0,15.700998048824367,3.700998048824367,3.700998048824367,10.0
20,2026-04-05 04:00:00+03:00,medium,lunch,13.0,9.302954355206262,-3.6970456447937377,3.6970456447937377,10.0
18,2026-04-04 04:00:00+03:00,medium,lunch,14.0,17.69597326548434,3.6959732654843407,3.6959732654843407,10.0
434,2026-02-11 04:00:00+03:00,medium,lunch,16.0,19.691016672639236,3.691016672639236,3.691016672639236,10.0
18,2026-03-01 03:00:00+03:00,medium,morning,11.0,7.3150092740340975,-3.6849907259659025,3.6849907259659025,10.0
38,2026-01-30 06:00:00+03:00,medium,dinner,11.0,7.315022709602743,-3.6849772903972573,3.6849772903972573,10.0
181,2026-03-05 04:00:00+03:00,low,lunch,4.0,0.3153615078885162,-3.6846384921114836,3.6846384921114836,1.0
25,2026-03-31 05:00:00+03:00,medium,afternoon,13.0,9.316300616347167,-3.683699383652833,3.683699383652833,10.0
38,2026-03-14 06:00:00+03:00,medium,dinner,12.0,8.322347510221984,-3.6776524897780156,3.6776524897780156,10.0
478,2026-03-06 04:00:00+03:00,low,lunch,7.0,3.322831303973169,-3.677168696026831,3.677168696026831,1.0
2,2026-02-18 04:00:00+03:00,high,lunch,27.0,23.323609536195132,-3.676390463804868,3.676390463804868,25.0
25,2026-03-04 04:00:00+03:00,medium,lunch,21.0,17.332109536868685,-3.6678904631313145,3.6678904631313145,10.0
434,2026-02-27 05:00:00+03:00,medium,afternoon,15.0,11.337557886651965,-3.6624421133480354,3.6624421133480354,10.0
21,2026-04-11 04:00:00+03:00,high,lunch,26.0,22.339444828472416,-3.6605551715275837,3.6605551715275837,25.0
434,2026-04-09 05:00:00+03:00,medium,afternoon,15.0,11.340658288606734,-3.6593417113932656,3.6593417113932656,10.0
479,2026-04-01 01:00:00+03:00,medium,opening,10.0,6.344028173490785,-3.655971826509215,3.655971826509215,10.0
26,2026-02-25 03:00:00+03:00,medium,morning,11.0,7.345685317329145,-3.6543146826708552,3.6543146826708552,10.0
135,2026-02-06 06:00:00+03:00,low,dinner,4.0,0.3462758410083004,-3.6537241589916998,3.6537241589916998,1.0
18,2026-02-06 04:00:00+03:00,medium,lunch,15.0,11.351144183286022,-3.6488558167139775,3.6488558167139775,10.0
123,2026-03-04 04:00:00+03:00,high,lunch,27.0,30.647002960036858,3.6470029600368576,3.6470029600368576,25.0
12,2026-01-31 04:00:00+03:00,high,lunch,27.0,23.364830158738798,-3.6351698412612024,3.6351698412612024,25.0
25,2026-03-23 06:00:00+03:00,medium,dinner,10.0,6.3650502620446,-3.6349497379553997,3.6349497379553997,10.0
20,2026-03-28 04:00:00+03:00,medium,lunch,14.0,10.372188732234587,-3.627811267765413,3.627811267765413,10.0
478,2026-02-20 06:00:00+03:00,low,dinner,7.0,3.3816973619175057,-3.6183026380824943,3.6183026380824943,1.0
4,2026-01-27 04:00:00+03:00,high,lunch,31.0,27.381729344052136,-3.618270655947864,3.618270655947864,25.0
434,2026-01-31 06:00:00+03:00,medium,dinner,13.0,9.386023249126023,-3.6139767508739773,3.6139767508739773,10.0
126,2026-03-06 04:00:00+03:00,high,lunch,26.0,29.61193148638487,3.6119314863848686,3.6119314863848686,25.0
26,2026-02-27 04:00:00+03:00,medium,lunch,13.0,16.611126027498177,3.6111260274981767,3.6111260274981767,10.0
434,2026-03-02 06:00:00+03:00,medium,dinner,15.0,11.392404955991218,-3.6075950440087823,3.6075950440087823,10.0
18,2026-02-08 04:00:00+03:00,medium,lunch,17.0,20.600474151742564,3.6004741517425636,3.6004741517425636,10.0
25,2026-03-02 04:00:00+03:00,medium,lunch,21.0,17.403177260028652,-3.5968227399713477,3.5968227399713477,10.0
10,2026-02-25 04:00:00+03:00,medium,lunch,16.0,19.586081966384196,3.586081966384196,3.586081966384196,10.0
128,2026-02-16 04:00:00+03:00,high,lunch,29.0,25.413946696704606,-3.586053303295394,3.586053303295394,25.0
478,2026-03-07 06:00:00+03:00,low,dinner,1.0,4.581080471325912,3.5810804713259117,3.5810804713259117,1.0
38,2026-04-03 06:00:00+03:00,medium,dinner,10.0,6.423129684622774,-3.576870315377226,3.576870315377226,10.0
26,2026-02-18 03:00:00+03:00,medium,morning,11.0,7.433773890645542,-3.5662261093544583,3.5662261093544583,10.0
25,2026-03-10 04:00:00+03:00,medium,lunch,21.0,17.43510440485755,-3.564895595142449,3.564895595142449,10.0
11,2026-02-09 00:00:00+03:00,medium,deep_night,16.0,19.560174818990365,3.5601748189903653,3.5601748189903653,10.0
11,2026-04-03 00:00:00+03:00,medium,deep_night,15.0,18.55832250264727,3.5583225026472682,3.5583225026472682,10.0
131,2026-02-08 05:00:00+03:00,low,afternoon,4.0,0.44340352310446507,-3.556596476895535,3.556596476895535,1.0
434,2026-02-15 05:00:00+03:00,medium,afternoon,15.0,11.44618271735503,-3.553817282644969,3.553817282644969,10.0
434,2026-02-03 04:00:00+03:00,medium,lunch,14.0,17.55313810604728,3.5531381060472818,3.5531381060472818,10.0
115,2026-02-06 04:00:00+03:00,high,lunch,25.0,21.45439962651224,-3.5456003734877584,3.5456003734877584,25.0
11,2026-03-11 00:00:00+03:00,medium,deep_night,16.0,19.543912035959764,3.543912035959764,3.543912035959764,10.0
434,2026-03-02 04:00:00+03:00,medium,lunch,15.0,18.540908471590207,3.540908471590207,3.540908471590207,10.0
10,2026-02-12 04:00:00+03:00,medium,lunch,23.0,19.460815015306686,-3.539184984693314,3.539184984693314,10.0
25,2026-01-30 03:00:00+03:00,medium,morning,10.0,6.479893593364775,-3.5201064066352252,3.5201064066352252,10.0
11,2026-01-31 00:00:00+03:00,medium,deep_night,13.0,9.481936665320315,-3.5180633346796846,3.5180633346796846,10.0
25,2026-03-30 03:00:00+03:00,medium,morning,10.0,6.482442124015731,-3.517557875984269,3.517557875984269,10.0
142,2026-04-02 04:00:00+03:00,medium,lunch,15.0,11.486934550486618,-3.513065449513382,3.513065449513382,10.0
37,2026-02-02 04:00:00+03:00,medium,lunch,15.0,11.502084157346639,-3.497915842653361,3.497915842653361,10.0
18,2026-02-22 04:00:00+03:00,medium,lunch,13.0,16.49738471950959,3.49738471950959,3.49738471950959,10.0
26,2026-03-08 04:00:00+03:00,medium,lunch,17.0,13.509434100521888,-3.4905658994781117,3.4905658994781117,10.0
434,2026-04-04 04:00:00+03:00,medium,lunch,21.0,17.5225271073151,-3.477472892684901,3.477472892684901,10.0
11,2026-02-03 00:00:00+03:00,medium,deep_night,12.0,8.52691076518508,-3.4730892348149194,3.4730892348149194,10.0
26,2026-04-09 04:00:00+03:00,medium,lunch,13.0,16.457876501854848,3.457876501854848,3.457876501854848,10.0
434,2026-02-02 05:00:00+03:00,medium,afternoon,14.0,10.543766892481703,-3.4562331075182975,3.4562331075182975,10.0
69,2026-04-09 04:00:00+03:00,mega,lunch,50.0,46.5494589283545,-3.450541071645503,3.450541071645503,38.0
25,2026-03-23 05:00:00+03:00,medium,afternoon,12.0,8.549566918626383,-3.4504330813736175,3.4504330813736175,10.0
26,2026-03-16 04:00:00+03:00,medium,lunch,12.0,15.444615042183658,3.444615042183658,3.444615042183658,10.0
8,2026-03-02 04:00:00+03:00,mega,lunch,40.0,36.55931978893209,-3.4406802110679067,3.4406802110679067,38.0
478,2026-04-01 04:00:00+03:00,low,lunch,1.0,4.4401289084622855,3.4401289084622855,3.4401289084622855,1.0
4,2026-03-05 04:00:00+03:00,high,lunch,28.0,31.43799896228573,3.4379989622857288,3.4379989622857288,25.0
142,2026-02-02 04:00:00+03:00,medium,lunch,14.0,10.563202574466837,-3.436797425533163,3.436797425533163,10.0
18,2026-04-09 05:00:00+03:00,medium,afternoon,11.0,7.567852441848712,-3.4321475581512884,3.4321475581512884,10.0
26,2026-02-28 03:00:00+03:00,medium,morning,12.0,8.56908295001867,-3.43091704998133,3.43091704998133,10.0
18,2026-03-30 04:00:00+03:00,medium,lunch,11.0,14.424541280313717,3.4245412803137167,3.4245412803137167,10.0
434,2026-04-07 04:00:00+03:00,medium,lunch,20.0,16.578896399027858,-3.421103600972142,3.421103600972142,10.0
26,2026-02-28 04:00:00+03:00,medium,lunch,11.0,14.42059655349273,3.4205965534927305,3.4205965534927305,10.0
478,2026-02-24 04:00:00+03:00,low,lunch,1.0,4.420465878716464,3.420465878716464,3.420465878716464,1.0
1,2026-01-25 04:00:00+03:00,medium,lunch,13.0,9.583961575090475,-3.416038424909525,3.416038424909525,10.0
25,2026-03-25 04:00:00+03:00,medium,lunch,15.0,18.413129545616417,3.4131295456164175,3.4131295456164175,10.0
26,2026-04-06 04:00:00+03:00,medium,lunch,13.0,16.412828632452026,3.412828632452026,3.412828632452026,10.0
434,2026-04-10 04:00:00+03:00,medium,lunch,17.0,20.411291575488423,3.4112915754884234,3.4112915754884234,10.0
10,2026-02-25 03:00:00+03:00,medium,morning,10.0,6.591187209285291,-3.408812790714709,3.408812790714709,10.0
12,2026-02-07 04:00:00+03:00,high,lunch,29.0,25.592029734155716,-3.407970265844284,3.407970265844284,25.0
126,2026-02-05 04:00:00+03:00,high,lunch,29.0,25.59775132981093,-3.4022486701890706,3.4022486701890706,25.0
480,2026-03-18 04:00:00+03:00,low,lunch,1.0,4.398143824744511,3.398143824744511,3.398143824744511,1.0
4,2026-02-05 04:00:00+03:00,high,lunch,26.0,29.392322091803493,3.392322091803493,3.392322091803493,25.0
10,2026-04-05 04:00:00+03:00,medium,lunch,15.0,11.612976309054403,-3.387023690945597,3.387023690945597,10.0
25,2026-02-19 06:00:00+03:00,medium,dinner,10.0,6.615349318559317,-3.384650681440683,3.384650681440683,10.0
434,2026-01-30 05:00:00+03:00,medium,afternoon,13.0,9.629247606583423,-3.370752393416577,3.370752393416577,10.0
11,2026-02-13 01:00:00+03:00,medium,opening,12.0,15.363148591847523,3.363148591847523,3.363148591847523,10.0
26,2026-03-30 06:00:00+03:00,medium,dinner,10.0,6.6396940200286885,-3.3603059799713115,3.3603059799713115,10.0
99,2026-01-27 04:00:00+03:00,mega,lunch,41.0,37.643534409526644,-3.3564655904733556,3.3564655904733556,38.0
10,2026-02-07 04:00:00+03:00,medium,lunch,11.0,14.354462505249433,3.3544625052494332,3.3544625052494332,10.0
478,2026-03-02 04:00:00+03:00,low,lunch,1.0,4.350969194965823,3.350969194965823,3.350969194965823,1.0
10,2026-03-26 04:00:00+03:00,medium,lunch,15.0,18.348509160430282,3.3485091604302823,3.3485091604302823,10.0
25,2026-04-06 04:00:00+03:00,medium,lunch,14.0,17.341140005761726,3.3411400057617264,3.3411400057617264,10.0
434,2026-02-14 05:00:00+03:00,medium,afternoon,14.0,10.661601847384034,-3.338398152615966,3.338398152615966,10.0
480,2026-03-19 04:00:00+03:00,low,lunch,2.0,5.317537377395966,3.3175373773959658,3.3175373773959658,1.0
434,2026-03-13 06:00:00+03:00,medium,dinner,16.0,12.686801061302226,-3.3131989386977736,3.3131989386977736,10.0
10,2026-02-06 06:00:00+03:00,medium,dinner,10.0,6.706506820254779,-3.293493179745221,3.293493179745221,10.0
10,2026-02-27 04:00:00+03:00,medium,lunch,14.0,17.292475915757954,3.2924759157579544,3.2924759157579544,10.0
10,2026-03-28 04:00:00+03:00,medium,lunch,11.0,14.28571896852966,3.2857189685296593,3.2857189685296593,10.0
26,2026-04-01 04:00:00+03:00,medium,lunch,13.0,16.284836121213917,3.2848361212139174,3.2848361212139174,10.0
434,2026-03-26 06:00:00+03:00,medium,dinner,10.0,13.280095141861823,3.280095141861823,3.280095141861823,10.0
18,2026-02-04 06:00:00+03:00,medium,dinner,11.0,7.721292957216475,-3.278707042783525,3.278707042783525,10.0
478,2026-03-20 05:00:00+03:00,low,afternoon,1.0,4.273720192854818,3.2737201928548183,3.2737201928548183,1.0
10,2026-04-09 03:00:00+03:00,medium,morning,10.0,6.727390532652939,-3.2726094673470607,3.2726094673470607,10.0
25,2026-03-25 05:00:00+03:00,medium,afternoon,12.0,8.732968050313197,-3.267031949686803,3.267031949686803,10.0
18,2026-02-16 06:00:00+03:00,medium,dinner,12.0,8.738500277989202,-3.2614997220107984,3.2614997220107984,10.0
25,2026-03-27 05:00:00+03:00,medium,afternoon,12.0,8.751382908973568,-3.248617091026432,3.248617091026432,10.0
10,2026-02-02 05:00:00+03:00,medium,afternoon,11.0,7.7580158903289105,-3.2419841096710895,3.2419841096710895,10.0
478,2026-02-25 05:00:00+03:00,low,afternoon,4.0,0.7597624923803004,-3.2402375076196996,3.2402375076196996,1.0
18,2026-03-02 04:00:00+03:00,medium,lunch,13.0,16.235582738491992,3.235582738491992,3.235582738491992,10.0
482,2026-03-13 05:00:00+03:00,low,afternoon,1.0,4.231653678451569,3.2316536784515693,3.2316536784515693,1.0
10,2026-02-05 06:00:00+03:00,medium,dinner,10.0,6.770712691865559,-3.229287308134441,3.229287308134441,10.0
478,2026-02-13 06:00:00+03:00,low,dinner,6.0,2.7733003732636377,-3.2266996267363623,3.2266996267363623,1.0
12,2026-02-06 04:00:00+03:00,high,lunch,26.0,22.77498357665579,-3.2250164233442113,3.2250164233442113,25.0
480,2026-03-26 04:00:00+03:00,low,lunch,1.0,4.224336847907539,3.224336847907539,3.224336847907539,1.0
69,2026-03-12 04:00:00+03:00,mega,lunch,46.0,49.223235576733806,3.2232355767338063,3.2232355767338063,38.0
18,2026-04-12 03:00:00+03:00,medium,morning,14.0,10.781973192257139,-3.218026807742861,3.218026807742861,10.0
25,2026-03-05 03:00:00+03:00,medium,morning,10.0,6.782012643406191,-3.2179873565938086,3.2179873565938086,10.0
10,2026-03-20 04:00:00+03:00,medium,lunch,15.0,18.217642496113967,3.2176424961139674,3.2176424961139674,10.0
25,2026-04-04 04:00:00+03:00,medium,lunch,19.0,15.785250394108585,-3.2147496058914147,3.2147496058914147,10.0
26,2026-02-06 03:00:00+03:00,medium,morning,11.0,7.793164112391748,-3.2068358876082517,3.2068358876082517,10.0
26,2026-02-14 04:00:00+03:00,medium,lunch,19.0,15.794792545946079,-3.2052074540539213,3.2052074540539213,10.0
123,2026-03-11 04:00:00+03:00,high,lunch,27.0,30.201677935034315,3.201677935034315,3.201677935034315,25.0
33,2026-04-06 04:00:00+03:00,high,lunch,26.0,22.80832509359726,-3.1916749064027385,3.1916749064027385,25.0
33,2026-02-21 04:00:00+03:00,high,lunch,27.0,23.823864832767708,-3.1761351672322924,3.1761351672322924,25.0
123,2026-02-13 04:00:00+03:00,high,lunch,29.0,32.17551176413353,3.1755117641335318,3.1755117641335318,25.0
37,2026-02-06 04:00:00+03:00,medium,lunch,16.0,12.82650821043755,-3.1734917895624495,3.1734917895624495,10.0
126,2026-02-09 04:00:00+03:00,high,lunch,25.0,21.830100254109087,-3.1698997458909126,3.1698997458909126,25.0
434,2026-01-28 06:00:00+03:00,medium,dinner,12.0,8.836721359105637,-3.1632786408943634,3.1632786408943634,10.0
33,2026-02-09 04:00:00+03:00,high,lunch,25.0,21.840294790882417,-3.1597052091175826,3.1597052091175826,25.0
123,2026-03-17 04:00:00+03:00,high,lunch,29.0,32.15662114651498,3.156621146514979,3.156621146514979,25.0
54,2026-04-12 06:00:00+03:00,medium,dinner,12.0,8.846088901186402,-3.153911098813598,3.153911098813598,10.0
1,2026-03-05 04:00:00+03:00,medium,lunch,18.0,14.848537120129201,-3.151462879870799,3.151462879870799,10.0
434,2026-03-01 03:00:00+03:00,medium,morning,11.0,7.855403786402926,-3.144596213597074,3.144596213597074,10.0
478,2026-03-09 06:00:00+03:00,low,dinner,1.0,4.142217204709781,3.142217204709781,3.142217204709781,1.0
99,2026-01-31 04:00:00+03:00,mega,lunch,47.0,43.86682170650128,-3.133178293498723,3.133178293498723,38.0
12,2026-02-15 04:00:00+03:00,high,lunch,29.0,25.86798521110254,-3.132014788897461,3.132014788897461,25.0
10,2026-02-04 04:00:00+03:00,medium,lunch,24.0,20.86818011032237,-3.1318198896776295,3.1318198896776295,10.0
10,2026-03-24 05:00:00+03:00,medium,afternoon,11.0,7.868690125229984,-3.1313098747700163,3.1313098747700163,10.0
18,2026-04-01 06:00:00+03:00,medium,dinner,12.0,8.868884054150971,-3.1311159458490287,3.1311159458490287,10.0
1,2026-02-17 04:00:00+03:00,medium,lunch,11.0,14.124396460242906,3.124396460242906,3.124396460242906,10.0
11,2026-02-07 00:00:00+03:00,medium,deep_night,19.0,22.123415126541346,3.123415126541346,3.123415126541346,10.0
25,2026-01-29 04:00:00+03:00,medium,lunch,19.0,15.880121859550256,-3.119878140449744,3.119878140449744,10.0
18,2026-03-06 05:00:00+03:00,medium,afternoon,11.0,7.882835248860022,-3.1171647511399776,3.1171647511399776,10.0
25,2026-02-04 05:00:00+03:00,medium,afternoon,12.0,8.887361696385486,-3.1126383036145135,3.1126383036145135,10.0
115,2026-02-20 04:00:00+03:00,high,lunch,26.0,22.891011839264497,-3.108988160735503,3.108988160735503,25.0
1,2026-02-25 04:00:00+03:00,medium,lunch,17.0,13.895493759249366,-3.1045062407506343,3.1045062407506343,10.0
25,2026-03-26 04:00:00+03:00,medium,lunch,13.0,16.096108756962916,3.0961087569629164,3.0961087569629164,10.0
434,2026-04-04 05:00:00+03:00,medium,afternoon,13.0,9.904427079447037,-3.0955729205529625,3.0955729205529625,10.0
11,2026-03-20 00:00:00+03:00,medium,deep_night,18.0,21.092131928255796,3.092131928255796,3.092131928255796,10.0
434,2026-02-21 05:00:00+03:00,medium,afternoon,13.0,9.9184031664611,-3.0815968335388995,3.0815968335388995,10.0
434,2026-02-16 04:00:00+03:00,medium,lunch,18.0,21.07921310580776,3.07921310580776,3.07921310580776,10.0
37,2026-03-03 04:00:00+03:00,medium,lunch,15.0,11.921990258911883,-3.078009741088117,3.078009741088117,10.0
126,2026-03-27 04:00:00+03:00,high,lunch,27.0,23.925417882245537,-3.0745821177544634,3.0745821177544634,25.0
4,2026-03-28 04:00:00+03:00,high,lunch,25.0,21.926055594859957,-3.0739444051400433,3.0739444051400433,25.0
10,2026-03-13 04:00:00+03:00,medium,lunch,17.0,20.067225545740605,3.0672255457406052,3.0672255457406052,10.0
33,2026-02-14 04:00:00+03:00,high,lunch,28.0,24.933136332251102,-3.0668636677488976,3.0668636677488976,25.0
478,2026-02-07 06:00:00+03:00,low,dinner,1.0,4.065289525493296,3.065289525493296,3.065289525493296,1.0
39,2026-01-25 04:00:00+03:00,high,lunch,32.0,28.93765567074137,-3.0623443292586288,3.0623443292586288,25.0
10,2026-02-09 04:00:00+03:00,medium,lunch,19.0,15.943335139601485,-3.0566648603985147,3.0566648603985147,10.0
26,2026-03-06 04:00:00+03:00,medium,lunch,15.0,18.056208442478127,3.056208442478127,3.056208442478127,10.0
