location_id,segment_datetime,segment,time_segment,segment_start_hour,orders_count,prediction,error,abs_error,peak_threshold
443,2026-04-06 11:00:00+03:00,low,lunch,11,44.0,0.6885640520194953,-43.311435947980506,43.311435947980506,1.0
69,2026-02-19 11:00:00+03:00,mega,lunch,11,71.0,45.03894934452356,-25.96105065547644,25.96105065547644,49.0
69,2026-02-20 11:00:00+03:00,mega,lunch,11,73.0,50.47277558573265,-22.52722441426735,22.52722441426735,49.0
69,2026-03-09 11:00:00+03:00,mega,lunch,11,72.0,49.88884333566845,-22.111156664331553,22.111156664331553,49.0
16,2026-04-11 11:00:00+03:00,medium,lunch,11,26.0,4.06698375405611,-21.93301624594389,21.93301624594389,14.0
443,2026-04-09 11:00:00+03:00,low,lunch,11,27.0,5.233932832794721,-21.76606716720528,21.76606716720528,1.0
69,2026-02-20 18:00:00+03:00,mega,dinner,18,53.0,33.94228344987995,-19.05771655012005,19.05771655012005,49.0
7,2026-02-25 00:00:00+03:00,high,deep_night,0,30.0,10.98250756959251,-19.01749243040749,19.01749243040749,30.0
8,2026-02-24 15:00:00+03:00,high,afternoon,15,36.0,17.4612862998031,-18.5387137001969,18.5387137001969,30.0
8,2026-02-12 11:00:00+03:00,high,lunch,11,56.0,37.51584837750837,-18.48415162249163,18.48415162249163,30.0
16,2026-02-13 11:00:00+03:00,medium,lunch,11,23.0,5.189826748094692,-17.810173251905308,17.810173251905308,14.0
35,2026-03-19 15:00:00+03:00,high,afternoon,15,33.0,15.369994544006257,-17.630005455993743,17.630005455993743,30.0
69,2026-02-13 11:00:00+03:00,mega,lunch,11,62.0,44.641240786516356,-17.358759213483644,17.358759213483644,49.0
2,2026-02-24 11:00:00+03:00,high,lunch,11,35.0,18.163996061205957,-16.836003938794043,16.836003938794043,30.0
54,2026-02-22 15:00:00+03:00,medium,afternoon,15,22.0,5.356549532983719,-16.64345046701628,16.64345046701628,14.0
69,2026-03-04 18:00:00+03:00,mega,dinner,18,49.0,32.62493651225637,-16.37506348774363,16.37506348774363,49.0
69,2026-03-06 11:00:00+03:00,mega,lunch,11,68.0,51.74159948493785,-16.25840051506215,16.25840051506215,49.0
16,2026-02-23 11:00:00+03:00,medium,lunch,11,20.0,3.7801606725913097,-16.21983932740869,16.21983932740869,14.0
69,2026-02-17 11:00:00+03:00,mega,lunch,11,60.0,43.90542616924093,-16.094573830759067,16.094573830759067,49.0
54,2026-02-15 18:00:00+03:00,medium,dinner,18,22.0,6.036945051362694,-15.963054948637307,15.963054948637307,14.0
69,2026-02-27 11:00:00+03:00,mega,lunch,11,64.0,48.23159466016407,-15.76840533983593,15.76840533983593,49.0
126,2026-02-19 11:00:00+03:00,high,lunch,11,41.0,25.555579973842327,-15.444420026157673,15.444420026157673,30.0
128,2026-01-27 11:00:00+03:00,high,lunch,11,35.0,19.59104336912713,-15.408956630872868,15.408956630872868,30.0
16,2026-02-28 11:00:00+03:00,medium,lunch,11,18.0,2.767374147301497,-15.232625852698503,15.232625852698503,14.0
10,2026-02-03 11:00:00+03:00,medium,lunch,11,34.0,18.77180236917994,-15.228197630820059,15.228197630820059,14.0
16,2026-04-09 11:00:00+03:00,medium,lunch,11,18.0,2.897672077899087,-15.102327922100912,15.102327922100912,14.0
35,2026-03-08 09:00:00+03:00,high,morning,9,33.0,17.90905640855069,-15.09094359144931,15.09094359144931,30.0
69,2026-03-04 11:00:00+03:00,mega,lunch,11,65.0,49.982492490644546,-15.017507509355454,15.017507509355454,49.0
434,2026-03-08 09:00:00+03:00,medium,morning,9,23.0,8.087305869035319,-14.912694130964681,14.912694130964681,14.0
99,2026-03-07 11:00:00+03:00,mega,lunch,11,54.0,39.42024007543817,-14.579759924561827,14.579759924561827,49.0
54,2026-04-11 11:00:00+03:00,medium,lunch,11,20.0,5.53041457627606,-14.46958542372394,14.46958542372394,14.0
14,2026-03-08 09:00:00+03:00,medium,morning,9,22.0,7.690077718849718,-14.309922281150282,14.309922281150282,14.0
69,2026-03-29 11:00:00+03:00,mega,lunch,11,50.0,64.21899243779316,14.218992437793162,14.218992437793162,49.0
29,2026-01-25 15:00:00+03:00,high,afternoon,15,31.0,16.833598989236055,-14.166401010763945,14.166401010763945,30.0
123,2026-04-09 11:00:00+03:00,medium,lunch,11,43.0,29.02848360109963,-13.97151639890037,13.97151639890037,14.0
128,2026-03-11 18:00:00+03:00,high,dinner,18,30.0,16.030421367377574,-13.969578632622426,13.969578632622426,30.0
443,2026-03-03 11:00:00+03:00,low,lunch,11,20.0,6.250855113114493,-13.749144886885507,13.749144886885507,1.0
29,2026-02-23 15:00:00+03:00,high,afternoon,15,32.0,18.29842796101555,-13.701572038984452,13.701572038984452,30.0
16,2026-04-07 11:00:00+03:00,medium,lunch,11,18.0,4.320216112953683,-13.679783887046316,13.679783887046316,14.0
69,2026-04-05 11:00:00+03:00,mega,lunch,11,76.0,62.33301576244132,-13.66698423755868,13.66698423755868,49.0
16,2026-04-12 11:00:00+03:00,medium,lunch,11,17.0,3.4860470715136485,-13.51395292848635,13.51395292848635,14.0
54,2026-02-21 18:00:00+03:00,medium,dinner,18,19.0,5.499737310546741,-13.500262689453258,13.500262689453258,14.0
516,2026-04-11 11:00:00+03:00,low,lunch,11,3.0,16.490569334847713,13.490569334847713,13.490569334847713,1.0
11,2026-01-25 00:00:00+03:00,medium,deep_night,0,22.0,8.526492405764735,-13.473507594235265,13.473507594235265,14.0
16,2026-04-10 11:00:00+03:00,medium,lunch,11,18.0,4.529526433277393,-13.470473566722607,13.470473566722607,14.0
69,2026-03-15 11:00:00+03:00,mega,lunch,11,51.0,64.42344632346109,13.423446323461093,13.423446323461093,49.0
4,2026-03-06 11:00:00+03:00,high,lunch,11,42.0,28.585768541012097,-13.414231458987903,13.414231458987903,30.0
54,2026-02-14 18:00:00+03:00,medium,dinner,18,19.0,5.60222709287712,-13.39777290712288,13.39777290712288,14.0
142,2026-02-20 11:00:00+03:00,medium,lunch,11,25.0,11.686868283834066,-13.313131716165934,13.313131716165934,14.0
123,2026-01-27 11:00:00+03:00,medium,lunch,11,36.0,22.792455119348602,-13.207544880651398,13.207544880651398,14.0
69,2026-02-14 11:00:00+03:00,mega,lunch,11,78.0,64.85753084781864,-13.142469152181363,13.142469152181363,49.0
16,2026-04-05 11:00:00+03:00,medium,lunch,11,18.0,4.878643716462275,-13.121356283537725,13.121356283537725,14.0
54,2026-02-21 15:00:00+03:00,medium,afternoon,15,18.0,4.889028379121291,-13.110971620878708,13.110971620878708,14.0
16,2026-04-07 15:00:00+03:00,medium,afternoon,15,16.0,2.9024601373056744,-13.097539862694326,13.097539862694326,14.0
21,2026-03-08 11:00:00+03:00,high,lunch,11,35.0,21.907870705027246,-13.092129294972754,13.092129294972754,30.0
6,2026-01-27 11:00:00+03:00,high,lunch,11,35.0,21.909784790463195,-13.090215209536805,13.090215209536805,30.0
99,2026-02-21 11:00:00+03:00,mega,lunch,11,55.0,41.95069764407375,-13.049302355926251,13.049302355926251,49.0
16,2026-04-06 11:00:00+03:00,medium,lunch,11,17.0,3.9549139404825784,-13.045086059517422,13.045086059517422,14.0
7,2026-03-07 11:00:00+03:00,high,lunch,11,38.0,24.989785200733294,-13.010214799266706,13.010214799266706,30.0
54,2026-02-07 15:00:00+03:00,medium,afternoon,15,18.0,5.050588387810105,-12.949411612189895,12.949411612189895,14.0
29,2026-02-17 18:00:00+03:00,high,dinner,18,31.0,18.11338723006165,-12.886612769938349,12.886612769938349,30.0
2,2026-02-17 11:00:00+03:00,high,lunch,11,34.0,21.137283238770937,-12.862716761229063,12.862716761229063,30.0
16,2026-02-12 18:00:00+03:00,medium,dinner,18,17.0,4.148655485306861,-12.851344514693139,12.851344514693139,14.0
16,2026-04-04 11:00:00+03:00,medium,lunch,11,17.0,4.173864218369915,-12.826135781630086,12.826135781630086,14.0
69,2026-03-07 11:00:00+03:00,mega,lunch,11,73.0,60.33431552304474,-12.665684476955263,12.665684476955263,49.0
11,2026-02-10 06:00:00+03:00,medium,opening,6,16.0,3.3343877888528897,-12.66561221114711,12.66561221114711,14.0
16,2026-02-10 18:00:00+03:00,medium,dinner,18,15.0,2.3981260235048025,-12.601873976495197,12.601873976495197,14.0
99,2026-04-11 11:00:00+03:00,mega,lunch,11,56.0,43.40762736780715,-12.592372632192848,12.592372632192848,49.0
99,2026-02-13 11:00:00+03:00,mega,lunch,11,54.0,41.4214458688186,-12.578554131181399,12.578554131181399,49.0
9,2026-02-08 11:00:00+03:00,medium,lunch,11,25.0,12.450104450731718,-12.549895549268282,12.549895549268282,14.0
47,2026-02-19 11:00:00+03:00,medium,lunch,11,19.0,6.515864951166648,-12.484135048833352,12.484135048833352,14.0
35,2026-04-05 11:00:00+03:00,high,lunch,11,46.0,33.565201603998766,-12.434798396001234,12.434798396001234,30.0
54,2026-02-09 18:00:00+03:00,medium,dinner,18,16.0,3.5789177732458333,-12.421082226754166,12.421082226754166,14.0
99,2026-01-25 11:00:00+03:00,mega,lunch,11,52.0,39.739371936845885,-12.260628063154115,12.260628063154115,49.0
16,2026-02-14 11:00:00+03:00,medium,lunch,11,17.0,4.742341205021374,-12.257658794978626,12.257658794978626,14.0
30,2026-02-14 09:00:00+03:00,high,morning,9,30.0,17.80980049385151,-12.190199506148488,12.190199506148488,30.0
16,2026-02-22 11:00:00+03:00,medium,lunch,11,15.0,2.872202988379078,-12.127797011620922,12.127797011620922,14.0
33,2026-03-23 11:00:00+03:00,high,lunch,11,34.0,21.91415120280106,-12.085848797198938,12.085848797198938,30.0
54,2026-04-11 15:00:00+03:00,medium,afternoon,15,18.0,6.108770167540867,-11.891229832459132,11.891229832459132,14.0
54,2026-03-08 11:00:00+03:00,medium,lunch,11,15.0,3.2004613235918673,-11.799538676408133,11.799538676408133,14.0
8,2026-01-26 11:00:00+03:00,high,lunch,11,44.0,32.247070004173715,-11.752929995826285,11.752929995826285,30.0
16,2026-02-15 11:00:00+03:00,medium,lunch,11,15.0,3.2838365177123854,-11.716163482287614,11.716163482287614,14.0
11,2026-02-23 00:00:00+03:00,medium,deep_night,0,31.0,19.289472608468802,-11.710527391531198,11.710527391531198,14.0
115,2026-02-04 11:00:00+03:00,medium,lunch,11,33.0,21.32748286923654,-11.67251713076346,11.67251713076346,14.0
11,2026-01-26 06:00:00+03:00,medium,opening,6,22.0,10.43822723731627,-11.56177276268373,11.56177276268373,14.0
516,2026-04-12 11:00:00+03:00,low,lunch,11,2.0,13.554247613481504,11.554247613481504,11.554247613481504,1.0
9,2026-01-30 18:00:00+03:00,medium,dinner,18,20.0,8.543963452351596,-11.456036547648404,11.456036547648404,14.0
7,2026-03-18 11:00:00+03:00,high,lunch,11,36.0,24.6033294034862,-11.3966705965138,11.3966705965138,30.0
54,2026-02-14 15:00:00+03:00,medium,afternoon,15,15.0,3.6711444115047285,-11.328855588495271,11.328855588495271,14.0
36,2026-04-11 11:00:00+03:00,medium,lunch,11,14.0,2.7532725505414133,-11.246727449458586,11.246727449458586,14.0
434,2026-04-09 18:00:00+03:00,medium,dinner,18,23.0,11.820361101306855,-11.179638898693145,11.179638898693145,14.0
54,2026-02-16 15:00:00+03:00,medium,afternoon,15,15.0,3.8414795311629404,-11.15852046883706,11.15852046883706,14.0
54,2026-01-31 11:00:00+03:00,medium,lunch,11,14.0,2.8441381243562236,-11.155861875643776,11.155861875643776,14.0
16,2026-03-09 11:00:00+03:00,medium,lunch,11,15.0,3.8700978698966324,-11.129902130103368,11.129902130103368,14.0
54,2026-04-10 11:00:00+03:00,medium,lunch,11,15.0,3.894302515309938,-11.105697484690062,11.105697484690062,14.0
115,2026-01-26 15:00:00+03:00,medium,afternoon,15,20.0,8.977626599092108,-11.022373400907892,11.022373400907892,14.0
16,2026-03-21 11:00:00+03:00,medium,lunch,11,15.0,4.023269515669537,-10.976730484330464,10.976730484330464,14.0
54,2026-02-15 11:00:00+03:00,medium,lunch,11,15.0,4.051833947530892,-10.948166052469109,10.948166052469109,14.0
29,2026-01-31 11:00:00+03:00,high,lunch,11,47.0,36.06759017599612,-10.932409824003877,10.932409824003877,30.0
29,2026-03-08 09:00:00+03:00,high,morning,9,32.0,21.074742585409478,-10.925257414590522,10.925257414590522,30.0
16,2026-02-12 11:00:00+03:00,medium,lunch,11,15.0,4.076577683609213,-10.923422316390788,10.923422316390788,14.0
11,2026-03-22 00:00:00+03:00,medium,deep_night,0,14.0,24.903710094769416,10.903710094769416,10.903710094769416,14.0
4,2026-02-09 11:00:00+03:00,high,lunch,11,36.0,25.122586679749034,-10.877413320250966,10.877413320250966,30.0
16,2026-03-15 11:00:00+03:00,medium,lunch,11,15.0,4.202915013494068,-10.797084986505933,10.797084986505933,14.0
54,2026-04-12 11:00:00+03:00,medium,lunch,11,17.0,6.209686240034811,-10.790313759965189,10.790313759965189,14.0
8,2026-03-07 09:00:00+03:00,high,morning,9,31.0,20.319039979943277,-10.680960020056723,10.680960020056723,30.0
123,2026-02-16 11:00:00+03:00,medium,lunch,11,38.0,27.342824366301137,-10.657175633698863,10.657175633698863,14.0
11,2026-03-05 00:00:00+03:00,medium,deep_night,0,27.0,16.38287218142691,-10.617127818573088,10.617127818573088,14.0
33,2026-02-12 11:00:00+03:00,high,lunch,11,32.0,21.45249537754608,-10.547504622453921,10.547504622453921,30.0
33,2026-03-04 11:00:00+03:00,high,lunch,11,32.0,21.50386294800261,-10.49613705199739,10.49613705199739,30.0
54,2026-02-04 11:00:00+03:00,medium,lunch,11,14.0,3.531523959307598,-10.468476040692401,10.468476040692401,14.0
4,2026-03-23 11:00:00+03:00,high,lunch,11,35.0,24.544583336849932,-10.455416663150068,10.455416663150068,30.0
35,2026-02-13 11:00:00+03:00,high,lunch,11,41.0,30.640387923173446,-10.359612076826554,10.359612076826554,30.0
29,2026-02-16 11:00:00+03:00,high,lunch,11,31.0,41.3404420842955,10.340442084295503,10.340442084295503,30.0
16,2026-04-12 18:00:00+03:00,medium,dinner,18,15.0,4.66354827222897,-10.336451727771031,10.336451727771031,14.0
123,2026-03-14 11:00:00+03:00,medium,lunch,11,14.0,24.30075082149733,10.300750821497331,10.300750821497331,14.0
11,2026-02-22 00:00:00+03:00,medium,deep_night,0,17.0,27.28195677231336,10.281956772313361,10.281956772313361,14.0
115,2026-03-08 09:00:00+03:00,medium,morning,9,22.0,11.720815425203545,-10.279184574796455,10.279184574796455,14.0
101,2026-03-01 11:00:00+03:00,medium,lunch,11,28.0,17.7511231433007,-10.248876856699301,10.248876856699301,14.0
35,2026-03-20 11:00:00+03:00,high,lunch,11,39.0,28.757239436529535,-10.242760563470465,10.242760563470465,30.0
1,2026-04-06 15:00:00+03:00,medium,afternoon,15,15.0,4.760248122977591,-10.23975187702241,10.23975187702241,14.0
54,2026-02-08 15:00:00+03:00,medium,afternoon,15,16.0,5.766949623330372,-10.233050376669627,10.233050376669627,14.0
2,2026-02-19 11:00:00+03:00,high,lunch,11,32.0,21.7681711663277,-10.2318288336723,10.2318288336723,30.0
123,2026-02-18 11:00:00+03:00,medium,lunch,11,40.0,29.78606561020915,-10.21393438979085,10.21393438979085,14.0
54,2026-03-13 15:00:00+03:00,medium,afternoon,15,15.0,4.786393758317025,-10.213606241682974,10.213606241682974,14.0
54,2026-04-04 18:00:00+03:00,medium,dinner,18,14.0,3.849414609726669,-10.150585390273331,10.150585390273331,14.0
123,2026-04-13 11:00:00+03:00,medium,lunch,11,33.0,22.849501972570888,-10.150498027429112,10.150498027429112,14.0
35,2026-02-28 11:00:00+03:00,high,lunch,11,39.0,28.849809028227902,-10.150190971772098,10.150190971772098,30.0
434,2026-01-27 09:00:00+03:00,medium,morning,9,14.0,3.8603570118462236,-10.139642988153776,10.139642988153776,14.0
54,2026-02-08 18:00:00+03:00,medium,dinner,18,16.0,5.8627357470219215,-10.137264252978078,10.137264252978078,14.0
35,2026-04-10 11:00:00+03:00,high,lunch,11,41.0,30.880605388220253,-10.119394611779747,10.119394611779747,30.0
10,2026-02-19 11:00:00+03:00,medium,lunch,11,30.0,19.885401731488823,-10.114598268511177,10.114598268511177,14.0
69,2026-04-11 11:00:00+03:00,mega,lunch,11,53.0,63.05369891615424,10.05369891615424,10.05369891615424,49.0
20,2026-03-08 09:00:00+03:00,medium,morning,9,16.0,5.983536640341677,-10.016463359658323,10.016463359658323,14.0
12,2026-03-19 11:00:00+03:00,medium,lunch,11,14.0,24.00163492251082,10.00163492251082,10.00163492251082,14.0
8,2026-04-08 11:00:00+03:00,high,lunch,11,46.0,36.0297823862361,-9.9702176137639,9.9702176137639,30.0
54,2026-02-28 15:00:00+03:00,medium,afternoon,15,14.0,4.0569576167224675,-9.943042383277533,9.943042383277533,14.0
2,2026-04-02 11:00:00+03:00,high,lunch,11,30.0,20.06429954734949,-9.935700452650511,9.935700452650511,30.0
69,2026-01-27 11:00:00+03:00,mega,lunch,11,49.0,39.118463163514804,-9.881536836485196,9.881536836485196,49.0
126,2026-02-24 11:00:00+03:00,high,lunch,11,31.0,21.19904317416197,-9.800956825838028,9.800956825838028,30.0
434,2026-03-07 09:00:00+03:00,medium,morning,9,18.0,8.221048344626427,-9.778951655373573,9.778951655373573,14.0
4,2026-04-09 11:00:00+03:00,high,lunch,11,38.0,28.22675375230788,-9.773246247692121,9.773246247692121,30.0
434,2026-02-23 15:00:00+03:00,medium,afternoon,15,21.0,11.300680672467442,-9.699319327532558,9.699319327532558,14.0
54,2026-02-16 18:00:00+03:00,medium,dinner,18,14.0,4.333642214750886,-9.666357785249115,9.666357785249115,14.0
115,2026-02-16 11:00:00+03:00,medium,lunch,11,30.0,20.365979341654388,-9.634020658345612,9.634020658345612,14.0
7,2026-03-08 11:00:00+03:00,high,lunch,11,36.0,26.366804558592438,-9.633195441407562,9.633195441407562,30.0
11,2026-04-05 00:00:00+03:00,medium,deep_night,0,16.0,25.608454824514773,9.608454824514773,9.608454824514773,14.0
11,2026-04-08 00:00:00+03:00,medium,deep_night,0,14.0,23.595830752318694,9.595830752318694,9.595830752318694,14.0
69,2026-02-16 11:00:00+03:00,mega,lunch,11,57.0,47.42052239044488,-9.57947760955512,9.57947760955512,49.0
35,2026-04-01 11:00:00+03:00,high,lunch,11,38.0,28.448887416744554,-9.551112583255446,9.551112583255446,30.0
123,2026-03-23 11:00:00+03:00,medium,lunch,11,35.0,25.45746988106139,-9.542530118938611,9.542530118938611,14.0
434,2026-04-10 09:00:00+03:00,medium,morning,9,16.0,6.4901201016683405,-9.50987989833166,9.50987989833166,14.0
14,2026-02-23 09:00:00+03:00,medium,morning,9,15.0,5.4910067475293785,-9.50899325247062,9.50899325247062,14.0
69,2026-01-31 11:00:00+03:00,mega,lunch,11,65.0,55.56607456084613,-9.433925439153867,9.433925439153867,49.0
54,2026-02-20 11:00:00+03:00,medium,lunch,11,15.0,5.676103128695957,-9.323896871304044,9.323896871304044,14.0
17,2026-02-14 15:00:00+03:00,medium,afternoon,15,17.0,7.681796871731833,-9.318203128268166,9.318203128268166,14.0
10,2026-03-06 11:00:00+03:00,medium,lunch,11,27.0,17.738283542825954,-9.261716457174046,9.261716457174046,14.0
7,2026-02-16 11:00:00+03:00,high,lunch,11,37.0,27.74201352273466,-9.25798647726534,9.25798647726534,30.0
54,2026-02-20 15:00:00+03:00,medium,afternoon,15,14.0,4.800279517364664,-9.199720482635335,9.199720482635335,14.0
7,2026-02-19 11:00:00+03:00,high,lunch,11,39.0,29.805626274509546,-9.194373725490454,9.194373725490454,30.0
30,2026-02-19 11:00:00+03:00,high,lunch,11,35.0,25.833600523274328,-9.166399476725672,9.166399476725672,30.0
11,2026-01-29 00:00:00+03:00,medium,deep_night,0,17.0,7.836449709834171,-9.16355029016583,9.16355029016583,14.0
11,2026-03-24 00:00:00+03:00,medium,deep_night,0,22.0,12.844557808090755,-9.155442191909245,9.155442191909245,14.0
12,2026-03-08 11:00:00+03:00,medium,lunch,11,35.0,25.867339734934035,-9.132660265065965,9.132660265065965,14.0
29,2026-02-19 11:00:00+03:00,high,lunch,11,31.0,40.10463767230047,9.10463767230047,9.10463767230047,30.0
128,2026-02-01 11:00:00+03:00,high,lunch,11,33.0,23.910856740229605,-9.089143259770395,9.089143259770395,30.0
6,2026-02-24 11:00:00+03:00,high,lunch,11,34.0,24.937599557277434,-9.062400442722566,9.062400442722566,30.0
69,2026-04-04 11:00:00+03:00,mega,lunch,11,70.0,60.955653168634825,-9.044346831365175,9.044346831365175,49.0
128,2026-02-06 11:00:00+03:00,high,lunch,11,33.0,23.9668941473875,-9.0331058526125,9.0331058526125,30.0
18,2026-01-29 15:00:00+03:00,medium,afternoon,15,14.0,5.020333664939229,-8.97966633506077,8.97966633506077,14.0
101,2026-01-28 15:00:00+03:00,medium,afternoon,15,16.0,7.0252040649999,-8.974795935000099,8.974795935000099,14.0
12,2026-03-02 11:00:00+03:00,medium,lunch,11,14.0,22.969736935897128,8.969736935897128,8.969736935897128,14.0
99,2026-03-20 11:00:00+03:00,mega,lunch,11,50.0,41.057561334251304,-8.942438665748696,8.942438665748696,49.0
10,2026-02-10 11:00:00+03:00,medium,lunch,11,28.0,19.064018746852494,-8.935981253147506,8.935981253147506,14.0
123,2026-01-26 15:00:00+03:00,medium,afternoon,15,20.0,11.09548848985717,-8.90451151014283,8.90451151014283,14.0
11,2026-02-08 00:00:00+03:00,medium,deep_night,0,17.0,25.88916718033015,8.889167180330151,8.889167180330151,14.0
10,2026-01-27 15:00:00+03:00,medium,afternoon,15,15.0,6.116247896159836,-8.883752103840164,8.883752103840164,14.0
38,2026-02-22 18:00:00+03:00,medium,dinner,18,15.0,6.116474034311638,-8.883525965688362,8.883525965688362,14.0
4,2026-04-10 11:00:00+03:00,high,lunch,11,38.0,29.159123335013643,-8.840876664986357,8.840876664986357,30.0
29,2026-03-03 11:00:00+03:00,high,lunch,11,31.0,39.8277511544551,8.8277511544551,8.8277511544551,30.0
479,2026-03-13 06:00:00+03:00,medium,opening,6,16.0,7.1897561943307355,-8.810243805669264,8.810243805669264,14.0
12,2026-03-14 11:00:00+03:00,medium,lunch,11,15.0,23.80863277806497,8.808632778064968,8.808632778064968,14.0
6,2026-04-11 11:00:00+03:00,high,lunch,11,31.0,22.214392720012235,-8.785607279987765,8.785607279987765,30.0
69,2026-02-03 11:00:00+03:00,mega,lunch,11,54.0,45.21705151058565,-8.782948489414352,8.782948489414352,49.0
35,2026-02-27 11:00:00+03:00,high,lunch,11,39.0,30.29115926275728,-8.70884073724272,8.70884073724272,30.0
115,2026-02-18 09:00:00+03:00,medium,morning,9,19.0,10.301064993692755,-8.698935006307245,8.698935006307245,14.0
12,2026-02-28 18:00:00+03:00,medium,dinner,18,20.0,11.341229172756153,-8.658770827243847,8.658770827243847,14.0
8,2026-03-03 11:00:00+03:00,high,lunch,11,30.0,38.6391912602012,8.639191260201201,8.639191260201201,30.0
18,2026-01-31 09:00:00+03:00,medium,morning,9,18.0,9.389067782616165,-8.610932217383835,8.610932217383835,14.0
8,2026-03-05 11:00:00+03:00,high,lunch,11,30.0,38.57620571929994,8.576205719299942,8.576205719299942,30.0
14,2026-04-10 11:00:00+03:00,medium,lunch,11,26.0,17.445996577524696,-8.554003422475304,8.554003422475304,14.0
434,2026-03-06 15:00:00+03:00,medium,afternoon,15,21.0,12.464289796043312,-8.535710203956688,8.535710203956688,14.0
25,2026-03-07 09:00:00+03:00,medium,morning,9,15.0,6.465759014769584,-8.534240985230415,8.534240985230415,14.0
142,2026-03-11 11:00:00+03:00,medium,lunch,11,19.0,10.483866803254765,-8.516133196745235,8.516133196745235,14.0
123,2026-01-30 11:00:00+03:00,medium,lunch,11,35.0,26.498899658697333,-8.501100341302667,8.501100341302667,14.0
115,2026-03-06 11:00:00+03:00,medium,lunch,11,32.0,23.54557282770612,-8.45442717229388,8.45442717229388,14.0
4,2026-02-11 11:00:00+03:00,high,lunch,11,37.0,28.553976813077366,-8.446023186922634,8.446023186922634,30.0
115,2026-03-12 11:00:00+03:00,medium,lunch,11,14.0,22.430048888067763,8.430048888067763,8.430048888067763,14.0
33,2026-02-15 11:00:00+03:00,high,lunch,11,32.0,23.57784001173335,-8.42215998826665,8.42215998826665,30.0
12,2026-03-10 11:00:00+03:00,medium,lunch,11,15.0,23.409610801600806,8.409610801600806,8.409610801600806,14.0
128,2026-02-28 11:00:00+03:00,high,lunch,11,32.0,23.625009361227004,-8.374990638772996,8.374990638772996,30.0
123,2026-03-12 11:00:00+03:00,medium,lunch,11,37.0,28.630657008140652,-8.369342991859348,8.369342991859348,14.0
12,2026-02-27 11:00:00+03:00,medium,lunch,11,15.0,23.352622545169435,8.352622545169435,8.352622545169435,14.0
37,2026-02-13 11:00:00+03:00,medium,lunch,11,21.0,12.650711416074175,-8.349288583925825,8.349288583925825,14.0
29,2026-02-12 11:00:00+03:00,high,lunch,11,46.0,37.656426743227215,-8.343573256772785,8.343573256772785,30.0
9,2026-02-14 18:00:00+03:00,medium,dinner,18,21.0,12.671240301136127,-8.328759698863873,8.328759698863873,14.0
11,2026-01-30 06:00:00+03:00,medium,opening,6,21.0,12.674309879240814,-8.325690120759186,8.325690120759186,14.0
35,2026-03-21 11:00:00+03:00,high,lunch,11,43.0,34.6910531901925,-8.308946809807502,8.308946809807502,30.0
101,2026-01-30 15:00:00+03:00,medium,afternoon,15,16.0,7.692903009674646,-8.307096990325354,8.307096990325354,14.0
1,2026-03-02 11:00:00+03:00,medium,lunch,11,19.0,10.70015979039443,-8.29984020960557,8.29984020960557,14.0
11,2026-03-23 06:00:00+03:00,medium,opening,6,19.0,10.727286059961951,-8.272713940038049,8.272713940038049,14.0
126,2026-04-06 11:00:00+03:00,high,lunch,11,33.0,24.729427898419306,-8.270572101580694,8.270572101580694,30.0
25,2026-02-12 11:00:00+03:00,medium,lunch,11,25.0,16.734980245777763,-8.265019754222237,8.265019754222237,14.0
123,2026-02-24 15:00:00+03:00,medium,afternoon,15,20.0,11.737459894858873,-8.262540105141127,8.262540105141127,14.0
123,2026-03-09 11:00:00+03:00,medium,lunch,11,32.0,23.7770872345815,-8.2229127654185,8.2229127654185,14.0
123,2026-03-08 11:00:00+03:00,medium,lunch,11,14.0,22.216865427513632,8.216865427513632,8.216865427513632,14.0
7,2026-02-10 11:00:00+03:00,high,lunch,11,37.0,28.792175884555668,-8.207824115444332,8.207824115444332,30.0
14,2026-01-27 11:00:00+03:00,medium,lunch,11,22.0,13.798260755294853,-8.201739244705147,8.201739244705147,14.0
6,2026-01-25 11:00:00+03:00,high,lunch,11,30.0,21.80225914860672,-8.19774085139328,8.19774085139328,30.0
1,2026-02-05 11:00:00+03:00,medium,lunch,11,20.0,11.80240098834108,-8.19759901165892,8.19759901165892,14.0
54,2026-02-20 18:00:00+03:00,medium,dinner,18,14.0,5.808954559318597,-8.191045440681403,8.191045440681403,14.0
47,2026-02-02 11:00:00+03:00,medium,lunch,11,14.0,5.814398055866416,-8.185601944133584,8.185601944133584,14.0
443,2026-04-07 11:00:00+03:00,low,lunch,11,2.0,10.18261384590927,8.18261384590927,8.18261384590927,1.0
115,2026-03-26 11:00:00+03:00,medium,lunch,11,14.0,22.142935602550143,8.142935602550143,8.142935602550143,14.0
29,2026-02-13 11:00:00+03:00,high,lunch,11,32.0,40.081503478877316,8.081503478877316,8.081503478877316,30.0
6,2026-02-26 11:00:00+03:00,high,lunch,11,32.0,23.93628022516239,-8.063719774837612,8.063719774837612,30.0
29,2026-02-15 11:00:00+03:00,high,lunch,11,45.0,36.94318971184842,-8.056810288151581,8.056810288151581,30.0
123,2026-03-28 11:00:00+03:00,medium,lunch,11,15.0,23.01745512800083,8.01745512800083,8.01745512800083,14.0
478,2026-02-14 18:00:00+03:00,low,dinner,18,13.0,4.999935880894596,-8.000064119105403,8.000064119105403,1.0
18,2026-04-05 09:00:00+03:00,medium,morning,9,19.0,11.005959050205337,-7.9940409497946625,7.9940409497946625,14.0
479,2026-03-12 06:00:00+03:00,medium,opening,6,14.0,6.035776113340742,-7.964223886659258,7.964223886659258,14.0
11,2026-02-17 00:00:00+03:00,medium,deep_night,0,17.0,9.065631833606277,-7.934368166393723,7.934368166393723,14.0
115,2026-03-09 11:00:00+03:00,medium,lunch,11,15.0,22.92954915847276,7.92954915847276,7.92954915847276,14.0
8,2026-03-16 11:00:00+03:00,high,lunch,11,32.0,39.924095084015036,7.924095084015036,7.924095084015036,30.0
101,2026-01-31 11:00:00+03:00,medium,lunch,11,25.0,17.110941470619768,-7.889058529380232,7.889058529380232,14.0
8,2026-02-18 11:00:00+03:00,high,lunch,11,30.0,37.867918584969495,7.867918584969495,7.867918584969495,30.0
8,2026-03-19 11:00:00+03:00,high,lunch,11,30.0,37.866783170530546,7.866783170530546,7.866783170530546,30.0
126,2026-02-10 11:00:00+03:00,high,lunch,11,32.0,24.147184033733804,-7.852815966266196,7.852815966266196,30.0
12,2026-02-03 11:00:00+03:00,medium,lunch,11,16.0,23.838777802804977,7.838777802804977,7.838777802804977,14.0
123,2026-02-02 15:00:00+03:00,medium,afternoon,15,21.0,13.168841596578822,-7.831158403421178,7.831158403421178,14.0
26,2026-02-06 18:00:00+03:00,medium,dinner,18,15.0,7.202698641102025,-7.797301358897975,7.797301358897975,14.0
18,2026-03-15 09:00:00+03:00,medium,morning,9,17.0,9.238616439024788,-7.7613835609752115,7.7613835609752115,14.0
20,2026-04-05 18:00:00+03:00,medium,dinner,18,15.0,7.255873746485121,-7.744126253514879,7.744126253514879,14.0
6,2026-02-09 11:00:00+03:00,high,lunch,11,33.0,25.27255317093497,-7.72744682906503,7.72744682906503,30.0
10,2026-02-16 11:00:00+03:00,medium,lunch,11,25.0,17.27410492170571,-7.72589507829429,7.72589507829429,14.0
1,2026-02-18 11:00:00+03:00,medium,lunch,11,20.0,12.275345100985971,-7.724654899014029,7.724654899014029,14.0
29,2026-03-06 11:00:00+03:00,high,lunch,11,31.0,38.719059941263225,7.719059941263225,7.719059941263225,30.0
18,2026-02-23 11:00:00+03:00,medium,lunch,11,21.0,13.286321199740845,-7.713678800259155,7.713678800259155,14.0
18,2026-01-25 09:00:00+03:00,medium,morning,9,15.0,7.28653592603202,-7.71346407396798,7.71346407396798,14.0
434,2026-01-25 18:00:00+03:00,medium,dinner,18,20.0,12.340105532748918,-7.659894467251082,7.659894467251082,14.0
128,2026-02-17 11:00:00+03:00,high,lunch,11,32.0,24.34289925202232,-7.65710074797768,7.65710074797768,30.0
4,2026-01-29 11:00:00+03:00,high,lunch,11,31.0,23.356379212328598,-7.643620787671402,7.643620787671402,30.0
11,2026-03-04 00:00:00+03:00,medium,deep_night,0,15.0,22.639894238422144,7.639894238422144,7.639894238422144,14.0
4,2026-02-16 11:00:00+03:00,high,lunch,11,37.0,29.365508403550386,-7.634491596449614,7.634491596449614,30.0
12,2026-02-25 15:00:00+03:00,medium,afternoon,15,20.0,12.36897754022476,-7.63102245977524,7.63102245977524,14.0
35,2026-02-06 11:00:00+03:00,high,lunch,11,36.0,28.379366261307844,-7.620633738692156,7.620633738692156,30.0
12,2026-02-09 11:00:00+03:00,medium,lunch,11,16.0,23.600564516528728,7.600564516528728,7.600564516528728,14.0
10,2026-01-25 11:00:00+03:00,medium,lunch,11,19.0,11.408598301996632,-7.591401698003368,7.591401698003368,14.0
11,2026-02-18 00:00:00+03:00,medium,deep_night,0,23.0,15.414801526404974,-7.585198473595026,7.585198473595026,14.0
18,2026-01-25 11:00:00+03:00,medium,lunch,11,25.0,17.4185268538639,-7.581473146136101,7.581473146136101,14.0
115,2026-03-20 18:00:00+03:00,medium,dinner,18,18.0,10.434059081684918,-7.565940918315082,7.565940918315082,14.0
10,2026-03-02 11:00:00+03:00,medium,lunch,11,24.0,16.438578791471837,-7.561421208528163,7.561421208528163,14.0
17,2026-03-08 15:00:00+03:00,medium,afternoon,15,18.0,10.449850572485424,-7.550149427514576,7.550149427514576,14.0
12,2026-03-03 15:00:00+03:00,medium,afternoon,15,19.0,11.451096138667317,-7.548903861332683,7.548903861332683,14.0
434,2026-02-09 15:00:00+03:00,medium,afternoon,15,19.0,11.45297789167976,-7.54702210832024,7.54702210832024,14.0
7,2026-04-06 11:00:00+03:00,high,lunch,11,34.0,26.456476606750844,-7.543523393249156,7.543523393249156,30.0
69,2026-02-15 11:00:00+03:00,mega,lunch,11,68.0,60.45749041990922,-7.54250958009078,7.54250958009078,49.0
29,2026-04-10 11:00:00+03:00,high,lunch,11,31.0,38.52756262329238,7.527562623292383,7.527562623292383,30.0
12,2026-02-13 11:00:00+03:00,medium,lunch,11,32.0,24.47392993901571,-7.5260700609842885,7.5260700609842885,14.0
142,2026-04-06 11:00:00+03:00,medium,lunch,11,17.0,9.479646540863374,-7.520353459136626,7.520353459136626,14.0
434,2026-02-08 15:00:00+03:00,medium,afternoon,15,17.0,9.481638339608836,-7.5183616603911645,7.5183616603911645,14.0
6,2026-04-06 11:00:00+03:00,high,lunch,11,35.0,27.489725051828334,-7.510274948171666,7.510274948171666,30.0
12,2026-03-09 11:00:00+03:00,medium,lunch,11,31.0,23.49020037979285,-7.509799620207151,7.509799620207151,14.0
29,2026-03-09 11:00:00+03:00,high,lunch,11,33.0,40.492510439474394,7.492510439474394,7.492510439474394,30.0
9,2026-03-08 09:00:00+03:00,medium,morning,9,14.0,6.511544923689947,-7.488455076310053,7.488455076310053,14.0
434,2026-03-25 18:00:00+03:00,medium,dinner,18,18.0,10.55213168194545,-7.4478683180545495,7.4478683180545495,14.0
29,2026-04-06 11:00:00+03:00,high,lunch,11,30.0,37.43861100451852,7.4386110045185205,7.4386110045185205,30.0
26,2026-02-24 15:00:00+03:00,medium,afternoon,15,16.0,8.571931011405942,-7.428068988594058,7.428068988594058,14.0
69,2026-03-13 11:00:00+03:00,mega,lunch,11,57.0,49.601897124134474,-7.398102875865526,7.398102875865526,49.0
69,2026-01-25 11:00:00+03:00,mega,lunch,11,64.0,56.64792008903923,-7.352079910960768,7.352079910960768,49.0
9,2026-02-05 15:00:00+03:00,medium,afternoon,15,15.0,7.650380320671237,-7.349619679328763,7.349619679328763,14.0
12,2026-02-23 11:00:00+03:00,medium,lunch,11,29.0,21.660057226746503,-7.339942773253497,7.339942773253497,14.0
30,2026-04-08 11:00:00+03:00,high,lunch,11,31.0,23.680082286238253,-7.319917713761747,7.319917713761747,30.0
115,2026-04-05 15:00:00+03:00,medium,afternoon,15,15.0,7.688824609557888,-7.311175390442112,7.311175390442112,14.0
434,2026-01-31 09:00:00+03:00,medium,morning,9,14.0,6.7222020625265975,-7.2777979374734025,7.2777979374734025,14.0
37,2026-01-28 11:00:00+03:00,medium,lunch,11,19.0,11.74072457703744,-7.25927542296256,7.25927542296256,14.0
8,2026-01-29 11:00:00+03:00,high,lunch,11,34.0,26.741943648281087,-7.258056351718913,7.258056351718913,30.0
54,2026-04-12 15:00:00+03:00,medium,afternoon,15,14.0,6.7746970547608685,-7.2253029452391315,7.2253029452391315,14.0
123,2026-02-17 11:00:00+03:00,medium,lunch,11,36.0,28.789995533343543,-7.210004466656457,7.210004466656457,14.0
434,2026-03-09 11:00:00+03:00,medium,lunch,11,27.0,19.795912793122266,-7.204087206877734,7.204087206877734,14.0
38,2026-03-06 18:00:00+03:00,medium,dinner,18,15.0,7.799432362140029,-7.200567637859971,7.200567637859971,14.0
123,2026-01-29 11:00:00+03:00,medium,lunch,11,28.0,20.813384623904962,-7.1866153760950375,7.1866153760950375,14.0
101,2026-02-20 15:00:00+03:00,medium,afternoon,15,16.0,8.825054914103449,-7.174945085896551,7.174945085896551,14.0
126,2026-02-26 11:00:00+03:00,high,lunch,11,34.0,26.825915617684156,-7.1740843823158436,7.1740843823158436,30.0
18,2026-03-29 18:00:00+03:00,medium,dinner,18,16.0,8.85785386926504,-7.142146130734959,7.142146130734959,14.0
29,2026-01-25 11:00:00+03:00,high,lunch,11,44.0,36.86135661533812,-7.138643384661883,7.138643384661883,30.0
115,2026-04-10 18:00:00+03:00,medium,dinner,18,18.0,10.871940462651626,-7.128059537348374,7.128059537348374,14.0
123,2026-02-01 11:00:00+03:00,medium,lunch,11,15.0,22.123618161547334,7.123618161547334,7.123618161547334,14.0
11,2026-03-12 00:00:00+03:00,medium,deep_night,0,14.0,21.1090304295754,7.109030429575402,7.109030429575402,14.0
12,2026-03-25 18:00:00+03:00,medium,dinner,18,19.0,11.899810872365324,-7.1001891276346765,7.1001891276346765,14.0
115,2026-02-06 15:00:00+03:00,medium,afternoon,15,19.0,11.899883260525305,-7.100116739474695,7.100116739474695,14.0
30,2026-02-18 11:00:00+03:00,high,lunch,11,31.0,23.908347451190053,-7.091652548809947,7.091652548809947,30.0
29,2026-02-04 11:00:00+03:00,high,lunch,11,30.0,37.06316212381463,7.063162123814628,7.063162123814628,30.0
14,2026-03-01 18:00:00+03:00,medium,dinner,18,15.0,7.970311844308194,-7.029688155691806,7.029688155691806,14.0
8,2026-01-27 11:00:00+03:00,high,lunch,11,30.0,36.99571468997718,6.995714689977177,6.995714689977177,30.0
126,2026-02-16 11:00:00+03:00,high,lunch,11,31.0,24.01618939224868,-6.98381060775132,6.98381060775132,30.0
123,2026-03-27 11:00:00+03:00,medium,lunch,11,23.0,29.973912655188848,6.9739126551888475,6.9739126551888475,14.0
115,2026-03-31 15:00:00+03:00,medium,afternoon,15,17.0,10.036611005509052,-6.963388994490948,6.963388994490948,14.0
115,2026-03-13 11:00:00+03:00,medium,lunch,11,15.0,21.953019485453776,6.953019485453776,6.953019485453776,14.0
14,2026-02-20 18:00:00+03:00,medium,dinner,18,14.0,7.06940848601964,-6.93059151398036,6.93059151398036,14.0
8,2026-03-08 11:00:00+03:00,high,lunch,11,32.0,38.922208152877715,6.922208152877715,6.922208152877715,30.0
123,2026-02-10 11:00:00+03:00,medium,lunch,11,23.0,29.918959293484804,6.918959293484804,6.918959293484804,14.0
10,2026-02-17 11:00:00+03:00,medium,lunch,11,27.0,20.090800019447443,-6.9091999805525575,6.9091999805525575,14.0
38,2026-02-20 18:00:00+03:00,medium,dinner,18,15.0,8.108342795514417,-6.891657204485583,6.891657204485583,14.0
69,2026-03-03 11:00:00+03:00,mega,lunch,11,53.0,46.11594467385919,-6.88405532614081,6.88405532614081,49.0
69,2026-04-07 11:00:00+03:00,mega,lunch,11,52.0,45.144182800669554,-6.8558171993304455,6.8558171993304455,49.0
12,2026-01-29 11:00:00+03:00,medium,lunch,11,26.0,19.144633535866653,-6.855366464133347,6.855366464133347,14.0
123,2026-03-22 11:00:00+03:00,medium,lunch,11,17.0,23.854572562750672,6.854572562750672,6.854572562750672,14.0
25,2026-02-15 11:00:00+03:00,medium,lunch,11,21.0,14.160860381504596,-6.839139618495404,6.839139618495404,14.0
434,2026-02-15 18:00:00+03:00,medium,dinner,18,19.0,12.195911388720173,-6.804088611279827,6.804088611279827,14.0
7,2026-01-30 11:00:00+03:00,high,lunch,11,32.0,25.203391564854186,-6.796608435145814,6.796608435145814,30.0
10,2026-02-24 11:00:00+03:00,medium,lunch,11,24.0,17.208793495386395,-6.791206504613605,6.791206504613605,14.0
115,2026-03-15 11:00:00+03:00,medium,lunch,11,14.0,20.760454147395773,6.760454147395773,6.760454147395773,14.0
14,2026-02-15 11:00:00+03:00,medium,lunch,11,26.0,19.28666483551044,-6.7133351644895605,6.7133351644895605,14.0
142,2026-02-16 11:00:00+03:00,medium,lunch,11,18.0,11.28985571548798,-6.710144284512021,6.710144284512021,14.0
11,2026-03-08 00:00:00+03:00,medium,deep_night,0,35.0,28.307232204915266,-6.692767795084734,6.692767795084734,14.0
12,2026-03-23 11:00:00+03:00,medium,lunch,11,14.0,20.682731869483725,6.6827318694837246,6.6827318694837246,14.0
434,2026-01-25 11:00:00+03:00,medium,lunch,11,26.0,19.322822758847767,-6.677177241152233,6.677177241152233,14.0
29,2026-04-12 11:00:00+03:00,high,lunch,11,31.0,37.67434040768258,6.674340407682578,6.674340407682578,30.0
142,2026-01-30 11:00:00+03:00,medium,lunch,11,16.0,9.333200019669023,-6.6667999803309765,6.6667999803309765,14.0
8,2026-01-25 11:00:00+03:00,high,lunch,11,31.0,37.6395725329905,6.639572532990499,6.639572532990499,30.0
115,2026-03-02 15:00:00+03:00,medium,afternoon,15,17.0,10.362296648023426,-6.637703351976574,6.637703351976574,14.0
434,2026-02-19 18:00:00+03:00,medium,dinner,18,18.0,11.367774140085768,-6.632225859914232,6.632225859914232,14.0
10,2026-03-02 15:00:00+03:00,medium,afternoon,15,14.0,7.369911580404565,-6.630088419595435,6.630088419595435,14.0
115,2026-03-11 11:00:00+03:00,medium,lunch,11,17.0,23.62787115465391,6.62787115465391,6.62787115465391,14.0
30,2026-02-05 11:00:00+03:00,high,lunch,11,31.0,24.379686218209137,-6.620313781790863,6.620313781790863,30.0
434,2026-02-21 11:00:00+03:00,medium,lunch,11,14.0,20.618432786957133,6.618432786957133,6.618432786957133,14.0
123,2026-02-07 11:00:00+03:00,medium,lunch,11,29.0,22.39325711605447,-6.606742883945529,6.606742883945529,14.0
8,2026-02-27 11:00:00+03:00,high,lunch,11,31.0,37.588747648719746,6.588747648719746,6.588747648719746,30.0
30,2026-03-08 11:00:00+03:00,high,lunch,11,43.0,36.41515561501318,-6.584844384986823,6.584844384986823,30.0
10,2026-01-26 11:00:00+03:00,medium,lunch,11,23.0,16.41580349006595,-6.584196509934049,6.584196509934049,14.0
30,2026-01-26 11:00:00+03:00,high,lunch,11,30.0,23.422084800880917,-6.577915199119083,6.577915199119083,30.0
9,2026-04-04 21:00:00+03:00,medium,late_evening,21,17.0,10.448751444431007,-6.551248555568993,6.551248555568993,14.0
69,2026-02-08 11:00:00+03:00,mega,lunch,11,55.0,61.52493713387253,6.524937133872527,6.524937133872527,49.0
126,2026-02-20 11:00:00+03:00,high,lunch,11,34.0,27.483752314257547,-6.516247685742453,6.516247685742453,30.0
128,2026-02-13 11:00:00+03:00,high,lunch,11,31.0,24.498418857430515,-6.501581142569485,6.501581142569485,30.0
12,2026-01-25 09:00:00+03:00,medium,morning,9,14.0,7.5070600861355405,-6.4929399138644595,6.4929399138644595,14.0
101,2026-02-27 11:00:00+03:00,medium,lunch,11,23.0,16.508170739234597,-6.491829260765403,6.491829260765403,14.0
123,2026-02-04 11:00:00+03:00,medium,lunch,11,34.0,27.511945379840398,-6.488054620159602,6.488054620159602,14.0
123,2026-02-23 11:00:00+03:00,medium,lunch,11,21.0,27.485745522641214,6.4857455226412135,6.4857455226412135,14.0
126,2026-02-27 11:00:00+03:00,high,lunch,11,35.0,28.517166428885943,-6.482833571114057,6.482833571114057,30.0
29,2026-03-27 11:00:00+03:00,high,lunch,11,30.0,36.48234655467799,6.482346554677989,6.482346554677989,30.0
11,2026-03-25 06:00:00+03:00,medium,opening,6,21.0,14.522703917234148,-6.477296082765852,6.477296082765852,14.0
12,2026-02-11 11:00:00+03:00,medium,lunch,11,15.0,21.476887181390527,6.476887181390527,6.476887181390527,14.0
434,2026-03-01 15:00:00+03:00,medium,afternoon,15,17.0,10.536376633374173,-6.463623366625827,6.463623366625827,14.0
25,2026-01-27 15:00:00+03:00,medium,afternoon,15,14.0,7.545234866115669,-6.454765133884331,6.454765133884331,14.0
12,2026-03-13 11:00:00+03:00,medium,lunch,11,16.0,22.450278938215355,6.450278938215355,6.450278938215355,14.0
135,2026-04-11 18:00:00+03:00,low,dinner,18,7.0,0.5617387897184328,-6.438261210281567,6.438261210281567,1.0
25,2026-01-25 11:00:00+03:00,medium,lunch,11,21.0,14.571980909368435,-6.428019090631565,6.428019090631565,14.0
12,2026-03-05 15:00:00+03:00,medium,afternoon,15,19.0,12.578669277199664,-6.421330722800336,6.421330722800336,14.0
101,2026-04-05 18:00:00+03:00,medium,dinner,18,15.0,8.582509754508397,-6.417490245491603,6.417490245491603,14.0
4,2026-03-18 11:00:00+03:00,high,lunch,11,33.0,26.584149680921108,-6.415850319078892,6.415850319078892,30.0
29,2026-02-26 11:00:00+03:00,high,lunch,11,32.0,38.38960289014795,6.389602890147948,6.389602890147948,30.0
123,2026-02-12 11:00:00+03:00,medium,lunch,11,34.0,27.61222422443596,-6.387775775564041,6.387775775564041,14.0
115,2026-03-07 11:00:00+03:00,medium,lunch,11,15.0,21.382488331150345,6.382488331150345,6.382488331150345,14.0
101,2026-02-26 15:00:00+03:00,medium,afternoon,15,14.0,7.623806627843208,-6.376193372156792,6.376193372156792,14.0
12,2026-02-05 11:00:00+03:00,medium,lunch,11,16.0,22.370732146436165,6.370732146436165,6.370732146436165,14.0
128,2026-03-06 11:00:00+03:00,high,lunch,11,31.0,24.64086670665463,-6.359133293345369,6.359133293345369,30.0
26,2026-03-04 11:00:00+03:00,medium,lunch,11,24.0,17.650478888043768,-6.349521111956232,6.349521111956232,14.0
8,2026-02-19 11:00:00+03:00,high,lunch,11,44.0,37.6633000779545,-6.336699922045497,6.336699922045497,30.0
9,2026-02-28 18:00:00+03:00,medium,dinner,18,17.0,10.689993705461513,-6.310006294538487,6.310006294538487,14.0
126,2026-03-19 11:00:00+03:00,high,lunch,11,31.0,24.699620009107438,-6.300379990892562,6.300379990892562,30.0
35,2026-02-07 11:00:00+03:00,high,lunch,11,40.0,33.7333110049197,-6.266688995080301,6.266688995080301,30.0
29,2026-03-26 11:00:00+03:00,high,lunch,11,30.0,36.26251593834201,6.262515938342013,6.262515938342013,30.0
8,2026-02-03 11:00:00+03:00,high,lunch,11,42.0,35.740665765146396,-6.259334234853604,6.259334234853604,30.0
6,2026-01-29 11:00:00+03:00,high,lunch,11,30.0,23.758912935391983,-6.241087064608017,6.241087064608017,30.0
434,2026-02-27 11:00:00+03:00,medium,lunch,11,25.0,18.81488125780485,-6.185118742195151,6.185118742195151,14.0
10,2026-04-07 15:00:00+03:00,medium,afternoon,15,14.0,7.816856703303994,-6.183143296696006,6.183143296696006,14.0
142,2026-02-05 11:00:00+03:00,medium,lunch,11,17.0,10.827694821674024,-6.172305178325976,6.172305178325976,14.0
30,2026-03-22 11:00:00+03:00,high,lunch,11,36.0,29.83385648685698,-6.16614351314302,6.16614351314302,30.0
10,2026-01-28 11:00:00+03:00,medium,lunch,11,22.0,15.838254387982223,-6.161745612017777,6.161745612017777,14.0
434,2026-02-14 11:00:00+03:00,medium,lunch,11,26.0,19.86082823503111,-6.139171764968889,6.139171764968889,14.0
11,2026-03-17 00:00:00+03:00,medium,deep_night,0,22.0,15.862478252378327,-6.137521747621673,6.137521747621673,14.0
35,2026-03-23 11:00:00+03:00,high,lunch,11,35.0,28.864232826984292,-6.135767173015708,6.135767173015708,30.0
9,2026-01-25 15:00:00+03:00,medium,afternoon,15,14.0,7.8684388767447775,-6.1315611232552225,6.1315611232552225,14.0
1,2026-02-26 11:00:00+03:00,medium,lunch,11,19.0,12.869964476710187,-6.130035523289813,6.130035523289813,14.0
123,2026-04-11 11:00:00+03:00,medium,lunch,11,29.0,22.884038000979544,-6.115961999020456,6.115961999020456,14.0
37,2026-03-05 11:00:00+03:00,medium,lunch,11,18.0,11.891204095528089,-6.108795904471911,6.108795904471911,14.0
10,2026-04-08 11:00:00+03:00,medium,lunch,11,24.0,17.911896315228265,-6.088103684771735,6.088103684771735,14.0
11,2026-03-02 06:00:00+03:00,medium,opening,6,16.0,9.917058015627607,-6.082941984372393,6.082941984372393,14.0
35,2026-02-18 11:00:00+03:00,high,lunch,11,36.0,29.937627201162886,-6.062372798837114,6.062372798837114,30.0
123,2026-02-14 11:00:00+03:00,medium,lunch,11,20.0,26.04943164440681,6.049431644406809,6.049431644406809,14.0
35,2026-03-31 11:00:00+03:00,high,lunch,11,36.0,29.96382461378103,-6.0361753862189715,6.0361753862189715,30.0
12,2026-02-04 11:00:00+03:00,medium,lunch,11,16.0,22.0350345408042,6.035034540804201,6.035034540804201,14.0
14,2026-04-11 11:00:00+03:00,medium,lunch,11,14.0,20.03487389120981,6.034873891209809,6.034873891209809,14.0
26,2026-02-03 15:00:00+03:00,medium,afternoon,15,14.0,7.971464351337471,-6.028535648662529,6.028535648662529,14.0
25,2026-02-17 15:00:00+03:00,medium,afternoon,15,15.0,9.004690824674924,-5.995309175325076,5.995309175325076,14.0
30,2026-02-23 11:00:00+03:00,high,lunch,11,35.0,29.00682097152732,-5.993179028472682,5.993179028472682,30.0
30,2026-02-28 11:00:00+03:00,high,lunch,11,36.0,30.010202894383003,-5.989797105616997,5.989797105616997,30.0
434,2026-02-27 18:00:00+03:00,medium,dinner,18,19.0,13.014509045469703,-5.985490954530297,5.985490954530297,14.0
478,2026-02-22 18:00:00+03:00,low,dinner,18,9.0,3.018724388518293,-5.981275611481707,5.981275611481707,1.0
123,2026-01-31 11:00:00+03:00,medium,lunch,11,18.0,23.97651587035973,5.97651587035973,5.97651587035973,14.0
38,2026-02-07 18:00:00+03:00,medium,dinner,18,15.0,9.027512674437238,-5.972487325562762,5.972487325562762,14.0
14,2026-02-14 09:00:00+03:00,medium,morning,9,15.0,9.030468383600125,-5.969531616399875,5.969531616399875,14.0
10,2026-04-09 11:00:00+03:00,medium,lunch,11,14.0,19.945476170270265,5.945476170270265,5.945476170270265,14.0
10,2026-02-24 15:00:00+03:00,medium,afternoon,15,14.0,8.060160754595042,-5.939839245404958,5.939839245404958,14.0
14,2026-02-12 11:00:00+03:00,medium,lunch,11,23.0,17.08102562725302,-5.91897437274698,5.91897437274698,14.0
101,2026-03-05 18:00:00+03:00,medium,dinner,18,14.0,8.08263918409203,-5.917360815907969,5.917360815907969,14.0
10,2026-02-05 11:00:00+03:00,medium,lunch,11,25.0,19.108673944975774,-5.891326055024226,5.891326055024226,14.0
9,2026-02-04 18:00:00+03:00,medium,dinner,18,15.0,9.111660191968575,-5.888339808031425,5.888339808031425,14.0
101,2026-03-08 18:00:00+03:00,medium,dinner,18,15.0,9.117968700328186,-5.882031299671814,5.882031299671814,14.0
434,2026-02-01 18:00:00+03:00,medium,dinner,18,19.0,13.121046014446707,-5.878953985553293,5.878953985553293,14.0
516,2026-04-10 11:00:00+03:00,low,lunch,11,2.0,7.8690475542344664,5.8690475542344664,5.8690475542344664,1.0
12,2026-02-28 11:00:00+03:00,medium,lunch,11,26.0,20.141871185995456,-5.858128814004544,5.858128814004544,14.0
128,2026-03-08 11:00:00+03:00,high,lunch,11,32.0,26.147568928581403,-5.8524310714185965,5.8524310714185965,30.0
7,2026-03-25 11:00:00+03:00,high,lunch,11,35.0,29.152568430892522,-5.847431569107478,5.847431569107478,30.0
142,2026-02-19 11:00:00+03:00,medium,lunch,11,17.0,11.163391312160364,-5.836608687839636,5.836608687839636,14.0
9,2026-01-31 11:00:00+03:00,medium,lunch,11,16.0,10.17528160879498,-5.824718391205019,5.824718391205019,14.0
135,2026-04-10 18:00:00+03:00,low,dinner,18,6.0,0.177312034735673,-5.822687965264327,5.822687965264327,1.0
434,2026-03-24 18:00:00+03:00,medium,dinner,18,16.0,10.17938738047881,-5.8206126195211905,5.8206126195211905,14.0
434,2026-03-27 11:00:00+03:00,medium,lunch,11,14.0,19.816875457226704,5.816875457226704,5.816875457226704,14.0
115,2026-02-10 11:00:00+03:00,medium,lunch,11,26.0,20.187764493278973,-5.812235506721027,5.812235506721027,14.0
128,2026-02-18 11:00:00+03:00,high,lunch,11,30.0,24.189865418436778,-5.810134581563222,5.810134581563222,30.0
12,2026-03-06 11:00:00+03:00,medium,lunch,11,17.0,22.793399655813246,5.793399655813246,5.793399655813246,14.0
123,2026-03-06 11:00:00+03:00,medium,lunch,11,24.0,29.790303344709322,5.790303344709322,5.790303344709322,14.0
115,2026-03-30 11:00:00+03:00,medium,lunch,11,14.0,19.789572173391754,5.789572173391754,5.789572173391754,14.0
115,2026-03-02 18:00:00+03:00,medium,dinner,18,17.0,11.214215112155175,-5.785784887844825,5.785784887844825,14.0
434,2026-02-07 11:00:00+03:00,medium,lunch,11,24.0,18.21758217822071,-5.7824178217792905,5.7824178217792905,14.0
12,2026-04-09 15:00:00+03:00,medium,afternoon,15,18.0,12.23338181355405,-5.76661818644595,5.76661818644595,14.0
123,2026-03-31 11:00:00+03:00,medium,lunch,11,23.0,28.763276626965435,5.763276626965435,5.763276626965435,14.0
10,2026-01-29 11:00:00+03:00,medium,lunch,11,21.0,15.238248455293533,-5.761751544706467,5.761751544706467,14.0
26,2026-02-24 11:00:00+03:00,medium,lunch,11,23.0,17.244777439701465,-5.7552225602985345,5.7552225602985345,14.0
7,2026-02-09 11:00:00+03:00,high,lunch,11,33.0,27.255975906141444,-5.744024093858556,5.744024093858556,30.0
115,2026-01-30 15:00:00+03:00,medium,afternoon,15,15.0,9.258003077287102,-5.741996922712898,5.741996922712898,14.0
434,2026-03-04 11:00:00+03:00,medium,lunch,11,23.0,17.268100249437783,-5.731899750562217,5.731899750562217,14.0
123,2026-02-18 09:00:00+03:00,medium,morning,9,14.0,8.27191934160339,-5.72808065839661,5.72808065839661,14.0
11,2026-02-02 00:00:00+03:00,medium,deep_night,0,15.0,20.710553150774082,5.710553150774082,5.710553150774082,14.0
115,2026-03-31 18:00:00+03:00,medium,dinner,18,16.0,10.297747072303364,-5.702252927696636,5.702252927696636,14.0
434,2026-03-05 15:00:00+03:00,medium,afternoon,15,17.0,11.309291974158583,-5.690708025841417,5.690708025841417,14.0
35,2026-03-29 11:00:00+03:00,high,lunch,11,30.0,35.68430439415631,5.684304394156307,5.684304394156307,30.0
142,2026-02-09 11:00:00+03:00,medium,lunch,11,16.0,10.317869760364646,-5.682130239635354,5.682130239635354,14.0
26,2026-03-30 11:00:00+03:00,medium,lunch,11,21.0,15.323943143045456,-5.676056856954544,5.676056856954544,14.0
12,2026-02-18 15:00:00+03:00,medium,afternoon,15,17.0,11.331026149264982,-5.668973850735018,5.668973850735018,14.0
123,2026-04-12 11:00:00+03:00,medium,lunch,11,17.0,22.662600612030015,5.662600612030015,5.662600612030015,14.0
115,2026-02-13 15:00:00+03:00,medium,afternoon,15,18.0,12.342523733837595,-5.657476266162405,5.657476266162405,14.0
7,2026-03-04 11:00:00+03:00,high,lunch,11,33.0,27.36314300099786,-5.636856999002141,5.636856999002141,30.0
29,2026-03-12 11:00:00+03:00,high,lunch,11,33.0,38.63489330018053,5.634893300180529,5.634893300180529,30.0
69,2026-03-05 11:00:00+03:00,mega,lunch,11,55.0,49.36514563360524,-5.634854366394762,5.634854366394762,49.0
123,2026-03-03 11:00:00+03:00,medium,lunch,11,36.0,30.367998669958443,-5.6320013300415575,5.6320013300415575,14.0
11,2026-04-13 06:00:00+03:00,medium,opening,6,18.0,12.386256439405878,-5.613743560594122,5.613743560594122,14.0
25,2026-02-06 11:00:00+03:00,medium,lunch,11,22.0,16.390650118318515,-5.609349881681485,5.609349881681485,14.0
12,2026-03-17 11:00:00+03:00,medium,lunch,11,15.0,20.608443889809575,5.608443889809575,5.608443889809575,14.0
35,2026-04-06 11:00:00+03:00,high,lunch,11,37.0,31.396310286439885,-5.603689713560115,5.603689713560115,30.0
11,2026-03-26 00:00:00+03:00,medium,deep_night,0,23.0,17.39705895897534,-5.6029410410246605,5.6029410410246605,14.0
12,2026-02-12 11:00:00+03:00,medium,lunch,11,26.0,20.412362462116104,-5.5876375378838965,5.5876375378838965,14.0
115,2026-01-25 11:00:00+03:00,medium,lunch,11,23.0,17.41417123887684,-5.58582876112316,5.58582876112316,14.0
135,2026-02-19 18:00:00+03:00,low,dinner,18,6.0,0.42095404681627013,-5.57904595318373,5.57904595318373,1.0
4,2026-02-06 11:00:00+03:00,high,lunch,11,33.0,27.422710287450215,-5.577289712549785,5.577289712549785,30.0
434,2026-02-10 11:00:00+03:00,medium,lunch,11,25.0,19.430794742843887,-5.5692052571561135,5.5692052571561135,14.0
29,2026-02-06 11:00:00+03:00,high,lunch,11,33.0,38.55946498778732,5.559464987787322,5.559464987787322,30.0
25,2026-04-13 15:00:00+03:00,medium,afternoon,15,14.0,8.453620715414742,-5.546379284585258,5.546379284585258,14.0
434,2026-03-08 18:00:00+03:00,medium,dinner,18,17.0,11.493341157156662,-5.506658842843338,5.506658842843338,14.0
8,2026-03-22 11:00:00+03:00,high,lunch,11,31.0,36.50474466298481,5.5047446629848125,5.5047446629848125,30.0
8,2026-03-14 11:00:00+03:00,high,lunch,11,33.0,38.50361239686949,5.503612396869492,5.503612396869492,30.0
9,2026-04-08 11:00:00+03:00,medium,lunch,11,15.0,9.497229166866791,-5.502770833133209,5.502770833133209,14.0
14,2026-03-29 09:00:00+03:00,medium,morning,9,14.0,8.506700416830055,-5.493299583169945,5.493299583169945,14.0
142,2026-04-01 11:00:00+03:00,medium,lunch,11,16.0,10.50733940100537,-5.492660598994631,5.492660598994631,14.0
290,2026-02-14 18:00:00+03:00,low,dinner,18,6.0,0.5108287707808238,-5.489171229219176,5.489171229219176,1.0
10,2026-02-11 11:00:00+03:00,medium,lunch,11,24.0,18.524079087921365,-5.475920912078635,5.475920912078635,14.0
11,2026-02-15 00:00:00+03:00,medium,deep_night,0,21.0,15.526076221950065,-5.473923778049935,5.473923778049935,14.0
126,2026-04-09 11:00:00+03:00,high,lunch,11,33.0,27.52684872349543,-5.47315127650457,5.47315127650457,30.0
516,2026-04-11 09:00:00+03:00,low,morning,9,10.0,4.539850471213359,-5.460149528786641,5.460149528786641,1.0
9,2026-02-20 21:00:00+03:00,medium,late_evening,21,15.0,9.54371997959623,-5.456280020403771,5.456280020403771,14.0
481,2026-04-11 15:00:00+03:00,low,afternoon,15,1.0,6.455337621763751,5.455337621763751,5.455337621763751,1.0
25,2026-02-24 11:00:00+03:00,medium,lunch,11,23.0,17.550485501589236,-5.449514498410764,5.449514498410764,14.0
29,2026-02-09 11:00:00+03:00,high,lunch,11,33.0,38.44858449323779,5.448584493237789,5.448584493237789,30.0
25,2026-02-24 15:00:00+03:00,medium,afternoon,15,15.0,9.553772260194151,-5.446227739805849,5.446227739805849,14.0
12,2026-03-19 18:00:00+03:00,medium,dinner,18,17.0,11.564607861936778,-5.4353921380632215,5.4353921380632215,14.0
9,2026-01-31 15:00:00+03:00,medium,afternoon,15,14.0,8.573499327269843,-5.426500672730157,5.426500672730157,14.0
7,2026-02-12 11:00:00+03:00,high,lunch,11,31.0,25.58235261290039,-5.41764738709961,5.41764738709961,30.0
11,2026-04-04 00:00:00+03:00,medium,deep_night,0,18.0,23.415430622320567,5.415430622320567,5.415430622320567,14.0
14,2026-02-26 11:00:00+03:00,medium,lunch,11,14.0,19.392160710560795,5.392160710560795,5.392160710560795,14.0
7,2026-04-09 11:00:00+03:00,high,lunch,11,32.0,26.61493001962874,-5.385069980371259,5.385069980371259,30.0
434,2026-01-25 15:00:00+03:00,medium,afternoon,15,15.0,9.626814704153222,-5.373185295846778,5.373185295846778,14.0
8,2026-03-17 11:00:00+03:00,high,lunch,11,31.0,36.370519478645555,5.370519478645555,5.370519478645555,30.0
29,2026-02-07 11:00:00+03:00,high,lunch,11,34.0,39.359722444069035,5.359722444069035,5.359722444069035,30.0
30,2026-04-10 11:00:00+03:00,high,lunch,11,32.0,26.656371443421996,-5.343628556578004,5.343628556578004,30.0
26,2026-02-17 11:00:00+03:00,medium,lunch,11,23.0,17.659642500628774,-5.340357499371226,5.340357499371226,14.0
30,2026-02-06 11:00:00+03:00,high,lunch,11,34.0,28.66882961376818,-5.331170386231818,5.331170386231818,30.0
12,2026-02-25 18:00:00+03:00,medium,dinner,18,18.0,12.68791428787624,-5.312085712123761,5.312085712123761,14.0
25,2026-02-19 15:00:00+03:00,medium,afternoon,15,14.0,8.710334010512783,-5.289665989487217,5.289665989487217,14.0
443,2026-03-04 09:00:00+03:00,low,morning,9,6.0,0.712246159420172,-5.287753840579828,5.287753840579828,1.0
29,2026-02-21 11:00:00+03:00,high,lunch,11,33.0,38.273552347802884,5.273552347802884,5.273552347802884,30.0
11,2026-02-16 00:00:00+03:00,medium,deep_night,0,15.0,20.261870931989858,5.261870931989858,5.261870931989858,14.0
11,2026-03-10 06:00:00+03:00,medium,opening,6,16.0,10.740591447860789,-5.259408552139211,5.259408552139211,14.0
25,2026-03-12 11:00:00+03:00,medium,lunch,11,24.0,18.76388009484098,-5.236119905159018,5.236119905159018,14.0
115,2026-03-08 11:00:00+03:00,medium,lunch,11,27.0,21.76424920835522,-5.235750791644779,5.235750791644779,14.0
12,2026-02-06 09:00:00+03:00,medium,morning,9,14.0,8.79585039376009,-5.204149606239911,5.204149606239911,14.0
142,2026-04-13 11:00:00+03:00,medium,lunch,11,15.0,9.798111039815542,-5.2018889601844585,5.2018889601844585,14.0
25,2026-02-18 11:00:00+03:00,medium,lunch,11,21.0,15.80525976632381,-5.194740233676191,5.194740233676191,14.0
115,2026-02-02 11:00:00+03:00,medium,lunch,11,26.0,20.817504814087897,-5.182495185912103,5.182495185912103,14.0
115,2026-02-20 15:00:00+03:00,medium,afternoon,15,17.0,11.848020629889893,-5.151979370110107,5.151979370110107,14.0
434,2026-01-31 15:00:00+03:00,medium,afternoon,15,14.0,8.86348036844075,-5.136519631559249,5.136519631559249,14.0
10,2026-02-02 11:00:00+03:00,medium,lunch,11,22.0,16.865875133151206,-5.1341248668487935,5.1341248668487935,14.0
8,2026-02-02 11:00:00+03:00,high,lunch,11,43.0,37.869223877557886,-5.130776122442114,5.130776122442114,30.0
8,2026-03-20 11:00:00+03:00,high,lunch,11,31.0,36.10095611846089,5.100956118460893,5.100956118460893,30.0
434,2026-03-29 15:00:00+03:00,medium,afternoon,15,15.0,9.901025052557495,-5.098974947442505,5.098974947442505,14.0
12,2026-03-26 11:00:00+03:00,medium,lunch,11,15.0,20.094478234869374,5.094478234869374,5.094478234869374,14.0
14,2026-03-01 11:00:00+03:00,medium,lunch,11,23.0,17.94295293728495,-5.05704706271505,5.05704706271505,14.0
12,2026-04-01 11:00:00+03:00,medium,lunch,11,16.0,21.053487196389916,5.053487196389916,5.053487196389916,14.0
18,2026-03-04 11:00:00+03:00,medium,lunch,11,17.0,11.950916944858754,-5.049083055141246,5.049083055141246,14.0
37,2026-01-27 11:00:00+03:00,medium,lunch,11,15.0,9.962615263226803,-5.0373847367731965,5.0373847367731965,14.0
18,2026-02-01 11:00:00+03:00,medium,lunch,11,26.0,20.964909008377685,-5.035090991622315,5.035090991622315,14.0
478,2026-02-15 18:00:00+03:00,low,dinner,18,1.0,6.022188023276279,5.022188023276279,5.022188023276279,1.0
14,2026-03-07 11:00:00+03:00,medium,lunch,11,14.0,19.019587020118703,5.019587020118703,5.019587020118703,14.0
123,2026-02-11 09:00:00+03:00,medium,morning,9,18.0,12.990880927311714,-5.009119072688286,5.009119072688286,14.0
30,2026-02-13 11:00:00+03:00,high,lunch,11,33.0,27.994836287266274,-5.005163712733726,5.005163712733726,30.0
123,2026-02-05 11:00:00+03:00,medium,lunch,11,25.0,29.99058419162487,4.990584191624869,4.990584191624869,14.0
434,2026-03-22 18:00:00+03:00,medium,dinner,18,17.0,12.021635570246485,-4.9783644297535155,4.9783644297535155,14.0
8,2026-02-08 11:00:00+03:00,high,lunch,11,31.0,35.977766377313316,4.977766377313316,4.977766377313316,30.0
37,2026-02-03 11:00:00+03:00,medium,lunch,11,17.0,12.022712333006591,-4.9772876669934085,4.9772876669934085,14.0
345,2026-03-28 18:00:00+03:00,low,dinner,18,5.0,0.028883933795524487,-4.971116066204475,4.971116066204475,1.0
12,2026-02-03 09:00:00+03:00,medium,morning,9,14.0,9.050499980221053,-4.949500019778947,4.949500019778947,14.0
25,2026-01-28 11:00:00+03:00,medium,lunch,11,19.0,14.061203939959587,-4.9387960600404135,4.9387960600404135,14.0
434,2026-04-09 11:00:00+03:00,medium,lunch,11,23.0,18.061469489914533,-4.938530510085467,4.938530510085467,14.0
29,2026-03-25 11:00:00+03:00,high,lunch,11,30.0,34.93320392424129,4.93320392424129,4.93320392424129,30.0
9,2026-02-15 15:00:00+03:00,medium,afternoon,15,14.0,9.066843897154575,-4.933156102845425,4.933156102845425,14.0
115,2026-02-05 09:00:00+03:00,medium,morning,9,14.0,9.106342801259997,-4.893657198740003,4.893657198740003,14.0
101,2026-02-20 18:00:00+03:00,medium,dinner,18,14.0,9.132477269444902,-4.867522730555098,4.867522730555098,14.0
12,2026-04-07 11:00:00+03:00,medium,lunch,11,17.0,21.862137142542608,4.862137142542608,4.862137142542608,14.0
135,2026-01-28 15:00:00+03:00,low,afternoon,15,5.0,0.1407507302084375,-4.859249269791563,4.859249269791563,1.0
135,2026-02-18 15:00:00+03:00,low,afternoon,15,5.0,0.1433303004253864,-4.8566696995746135,4.8566696995746135,1.0
434,2026-02-23 11:00:00+03:00,medium,lunch,11,16.0,20.850164957459707,4.850164957459707,4.850164957459707,14.0
128,2026-03-14 11:00:00+03:00,high,lunch,11,30.0,25.153767928691956,-4.8462320713080445,4.8462320713080445,30.0
69,2026-02-05 11:00:00+03:00,mega,lunch,11,49.0,44.16057865939499,-4.839421340605007,4.839421340605007,49.0
12,2026-04-10 11:00:00+03:00,medium,lunch,11,27.0,22.161065183363505,-4.838934816636495,4.838934816636495,14.0
8,2026-03-15 11:00:00+03:00,high,lunch,11,43.0,38.16259929190223,-4.837400708097768,4.837400708097768,30.0
30,2026-01-27 11:00:00+03:00,high,lunch,11,30.0,25.173001000696,-4.826998999303999,4.826998999303999,30.0
12,2026-04-13 11:00:00+03:00,medium,lunch,11,15.0,19.81893922831693,4.818939228316928,4.818939228316928,14.0
142,2026-02-24 11:00:00+03:00,medium,lunch,11,14.0,9.188956189122589,-4.811043810877411,4.811043810877411,14.0
37,2026-02-19 11:00:00+03:00,medium,lunch,11,17.0,12.215673507501446,-4.784326492498554,4.784326492498554,14.0
25,2026-03-01 11:00:00+03:00,medium,lunch,11,18.0,13.218293723330762,-4.781706276669238,4.781706276669238,14.0
14,2026-04-01 11:00:00+03:00,medium,lunch,11,14.0,18.774051580018707,4.774051580018707,4.774051580018707,14.0
10,2026-03-08 11:00:00+03:00,medium,lunch,11,19.0,14.232247325967998,-4.7677526740320015,4.7677526740320015,14.0
8,2026-02-25 11:00:00+03:00,high,lunch,11,32.0,36.76278595261506,4.7627859526150615,4.7627859526150615,30.0
14,2026-03-12 11:00:00+03:00,medium,lunch,11,14.0,18.75638922317665,4.756389223176651,4.756389223176651,14.0
30,2026-02-22 11:00:00+03:00,high,lunch,11,36.0,31.248615638377398,-4.751384361622602,4.751384361622602,30.0
25,2026-02-02 15:00:00+03:00,medium,afternoon,15,14.0,9.256379125566395,-4.743620874433605,4.743620874433605,14.0
26,2026-03-04 15:00:00+03:00,medium,afternoon,15,14.0,9.257086840356601,-4.742913159643399,4.742913159643399,14.0
35,2026-03-12 11:00:00+03:00,high,lunch,11,34.0,29.2616129970062,-4.7383870029938,4.7383870029938,30.0
14,2026-03-05 11:00:00+03:00,medium,lunch,11,14.0,18.734034413544702,4.734034413544702,4.734034413544702,14.0
17,2026-02-27 18:00:00+03:00,medium,dinner,18,14.0,9.278756399859692,-4.721243600140308,4.721243600140308,14.0
115,2026-01-27 11:00:00+03:00,medium,lunch,11,24.0,19.285406259231458,-4.714593740768542,4.714593740768542,14.0
123,2026-03-02 11:00:00+03:00,medium,lunch,11,32.0,27.291489030493445,-4.7085109695065555,4.7085109695065555,14.0
5,2026-02-04 06:00:00+03:00,medium,opening,6,16.0,11.294150824426028,-4.705849175573972,4.705849175573972,14.0
6,2026-03-13 11:00:00+03:00,high,lunch,11,31.0,26.298411861487175,-4.701588138512825,4.701588138512825,30.0
29,2026-02-18 11:00:00+03:00,high,lunch,11,42.0,37.30379341313447,-4.696206586865529,4.696206586865529,30.0
115,2026-03-04 09:00:00+03:00,medium,morning,9,14.0,9.30914575850797,-4.69085424149203,4.69085424149203,14.0
115,2026-03-04 11:00:00+03:00,medium,lunch,11,28.0,23.315906490956294,-4.684093509043706,4.684093509043706,14.0
434,2026-03-09 18:00:00+03:00,medium,dinner,18,18.0,13.316168692757882,-4.683831307242118,4.683831307242118,14.0
69,2026-02-07 11:00:00+03:00,mega,lunch,11,56.0,60.682694371734954,4.682694371734954,4.682694371734954,49.0
12,2026-04-03 11:00:00+03:00,medium,lunch,11,16.0,20.67880069683729,4.678800696837289,4.678800696837289,14.0
434,2026-02-19 15:00:00+03:00,medium,afternoon,15,15.0,10.325371280573785,-4.674628719426215,4.674628719426215,14.0
25,2026-04-10 15:00:00+03:00,medium,afternoon,15,14.0,9.325432073320568,-4.6745679266794316,4.6745679266794316,14.0
115,2026-01-29 15:00:00+03:00,medium,afternoon,15,14.0,9.326445860952225,-4.673554139047775,4.673554139047775,14.0
11,2026-03-07 00:00:00+03:00,medium,deep_night,0,25.0,29.666196966976283,4.666196966976283,4.666196966976283,14.0
123,2026-01-25 11:00:00+03:00,medium,lunch,11,18.0,22.655256346621673,4.655256346621673,4.655256346621673,14.0
4,2026-03-04 11:00:00+03:00,high,lunch,11,32.0,27.364724874697654,-4.635275125302346,4.635275125302346,30.0
29,2026-03-16 11:00:00+03:00,high,lunch,11,33.0,37.62923223850184,4.629232238501842,4.629232238501842,30.0
434,2026-02-28 11:00:00+03:00,medium,lunch,11,14.0,18.618771675113315,4.618771675113315,4.618771675113315,14.0
101,2026-01-30 11:00:00+03:00,medium,lunch,11,19.0,14.389152385251366,-4.610847614748634,4.610847614748634,14.0
123,2026-04-01 15:00:00+03:00,medium,afternoon,15,18.0,13.39350987631596,-4.60649012368404,4.60649012368404,14.0
1,2026-02-03 11:00:00+03:00,medium,lunch,11,16.0,11.39460124584744,-4.60539875415256,4.60539875415256,14.0
11,2026-03-02 00:00:00+03:00,medium,deep_night,0,19.0,23.600869040160536,4.600869040160536,4.600869040160536,14.0
478,2026-03-20 18:00:00+03:00,low,dinner,18,7.0,2.407888949321768,-4.592111050678232,4.592111050678232,1.0
8,2026-02-10 11:00:00+03:00,high,lunch,11,41.0,36.41001934443678,-4.589980655563217,4.589980655563217,30.0
1,2026-01-30 11:00:00+03:00,medium,lunch,11,15.0,10.413920794867096,-4.586079205132904,4.586079205132904,14.0
128,2026-02-15 11:00:00+03:00,high,lunch,11,30.0,25.41746233187045,-4.58253766812955,4.58253766812955,30.0
30,2026-02-15 11:00:00+03:00,high,lunch,11,40.0,35.440236907502715,-4.559763092497285,4.559763092497285,30.0
115,2026-01-25 09:00:00+03:00,medium,morning,9,15.0,10.442851555779004,-4.557148444220996,4.557148444220996,14.0
25,2026-02-05 11:00:00+03:00,medium,lunch,11,14.0,18.540250810716692,4.540250810716692,4.540250810716692,14.0
25,2026-03-06 11:00:00+03:00,medium,lunch,11,23.0,18.469892018181397,-4.5301079818186025,4.5301079818186025,14.0
35,2026-01-25 11:00:00+03:00,high,lunch,11,37.0,32.48865663546578,-4.51134336453422,4.51134336453422,30.0
8,2026-02-20 11:00:00+03:00,high,lunch,11,34.0,38.49335001985302,4.493350019853018,4.493350019853018,30.0
478,2026-03-06 11:00:00+03:00,low,lunch,11,7.0,2.5066688608193535,-4.493331139180647,4.493331139180647,1.0
11,2026-02-26 06:00:00+03:00,medium,opening,6,14.0,9.509892281392274,-4.490107718607726,4.490107718607726,14.0
434,2026-03-14 15:00:00+03:00,medium,afternoon,15,14.0,9.51253289396378,-4.48746710603622,4.48746710603622,14.0
443,2026-04-08 11:00:00+03:00,low,lunch,11,6.0,1.5182555026575377,-4.481744497342462,4.481744497342462,1.0
11,2026-04-06 00:00:00+03:00,medium,deep_night,0,19.0,14.522624902838183,-4.477375097161817,4.477375097161817,14.0
478,2026-02-20 11:00:00+03:00,low,lunch,11,6.0,1.524071234874724,-4.475928765125276,4.475928765125276,1.0
115,2026-02-12 18:00:00+03:00,medium,dinner,18,15.0,10.52777869181468,-4.47222130818532,4.47222130818532,14.0
8,2026-04-10 11:00:00+03:00,high,lunch,11,34.0,38.4689210979925,4.468921097992499,4.468921097992499,30.0
142,2026-02-27 11:00:00+03:00,medium,lunch,11,17.0,12.533683829865918,-4.466316170134082,4.466316170134082,14.0
35,2026-04-03 11:00:00+03:00,high,lunch,11,32.0,27.548628055235827,-4.451371944764173,4.451371944764173,30.0
434,2026-03-22 15:00:00+03:00,medium,afternoon,15,15.0,10.55019438668548,-4.4498056133145205,4.4498056133145205,14.0
29,2026-03-07 11:00:00+03:00,high,lunch,11,33.0,37.44263248891953,4.4426324889195286,4.4426324889195286,30.0
14,2026-03-08 15:00:00+03:00,medium,afternoon,15,15.0,10.558006458325174,-4.441993541674826,4.441993541674826,14.0
11,2026-03-16 00:00:00+03:00,medium,deep_night,0,18.0,22.437607857020904,4.437607857020904,4.437607857020904,14.0
434,2026-02-26 11:00:00+03:00,medium,lunch,11,15.0,19.430263232331747,4.430263232331747,4.430263232331747,14.0
17,2026-03-08 18:00:00+03:00,medium,dinner,18,16.0,11.574863901658182,-4.425136098341818,4.425136098341818,14.0
35,2026-04-08 11:00:00+03:00,high,lunch,11,33.0,28.575304528355716,-4.424695471644284,4.424695471644284,30.0
14,2026-02-21 11:00:00+03:00,medium,lunch,11,16.0,20.41054672934267,4.41054672934267,4.41054672934267,14.0
8,2026-03-25 11:00:00+03:00,high,lunch,11,39.0,34.58954690862014,-4.410453091379857,4.410453091379857,30.0
14,2026-03-21 11:00:00+03:00,medium,lunch,11,15.0,19.370067713464973,4.370067713464973,4.370067713464973,14.0
115,2026-03-27 11:00:00+03:00,medium,lunch,11,17.0,21.366580200299207,4.366580200299207,4.366580200299207,14.0
14,2026-02-14 11:00:00+03:00,medium,lunch,11,17.0,21.36547875366136,4.36547875366136,4.36547875366136,14.0
434,2026-04-10 11:00:00+03:00,medium,lunch,11,17.0,21.35282999645795,4.352829996457949,4.352829996457949,14.0
37,2026-02-04 11:00:00+03:00,medium,lunch,11,18.0,13.647766379885944,-4.352233620114056,4.352233620114056,14.0
25,2026-02-16 11:00:00+03:00,medium,lunch,11,14.0,18.345230230808372,4.345230230808372,4.345230230808372,14.0
5,2026-01-29 06:00:00+03:00,medium,opening,6,14.0,9.658284326381917,-4.341715673618083,4.341715673618083,14.0
8,2026-02-04 11:00:00+03:00,high,lunch,11,39.0,34.66758168968258,-4.332418310317422,4.332418310317422,30.0
30,2026-02-08 11:00:00+03:00,high,lunch,11,36.0,31.668216447941173,-4.331783552058827,4.331783552058827,30.0
434,2026-03-10 15:00:00+03:00,medium,afternoon,15,15.0,10.67079102576345,-4.3292089742365505,4.3292089742365505,14.0
8,2026-02-22 11:00:00+03:00,high,lunch,11,30.0,34.32702726030442,4.327027260304419,4.327027260304419,30.0
30,2026-02-14 11:00:00+03:00,high,lunch,11,40.0,35.674517539101764,-4.325482460898236,4.325482460898236,30.0
18,2026-04-04 11:00:00+03:00,medium,lunch,11,14.0,18.32218422134186,4.32218422134186,4.32218422134186,14.0
18,2026-03-28 11:00:00+03:00,medium,lunch,11,20.0,15.694806930109227,-4.305193069890773,4.305193069890773,14.0
18,2026-03-01 11:00:00+03:00,medium,lunch,11,22.0,17.703355602029568,-4.296644397970432,4.296644397970432,14.0
434,2026-03-05 18:00:00+03:00,medium,dinner,18,17.0,12.704575938699241,-4.295424061300759,4.295424061300759,14.0
14,2026-02-23 11:00:00+03:00,medium,lunch,11,14.0,18.293417797831513,4.293417797831513,4.293417797831513,14.0
123,2026-03-07 11:00:00+03:00,medium,lunch,11,20.0,24.268635378198784,4.268635378198784,4.268635378198784,14.0
115,2026-03-26 15:00:00+03:00,medium,afternoon,15,14.0,9.734634611522896,-4.265365388477104,4.265365388477104,14.0
35,2026-02-16 11:00:00+03:00,high,lunch,11,34.0,29.73742601499856,-4.262573985001438,4.262573985001438,30.0
12,2026-03-22 11:00:00+03:00,medium,lunch,11,16.0,20.25359826864102,4.253598268641021,4.253598268641021,14.0
12,2026-02-01 11:00:00+03:00,medium,lunch,11,22.0,26.25154383403855,4.25154383403855,4.25154383403855,14.0
25,2026-03-28 11:00:00+03:00,medium,lunch,11,19.0,14.7677039664963,-4.232296033503699,4.232296033503699,14.0
14,2026-02-02 11:00:00+03:00,medium,lunch,11,15.0,19.221923770360256,4.221923770360256,4.221923770360256,14.0
434,2026-03-02 18:00:00+03:00,medium,dinner,18,15.0,10.78158349738184,-4.21841650261816,4.21841650261816,14.0
18,2026-02-06 11:00:00+03:00,medium,lunch,11,15.0,10.78372730287849,-4.216272697121511,4.216272697121511,14.0
12,2026-01-31 11:00:00+03:00,medium,lunch,11,27.0,22.788378362225018,-4.211621637774982,4.211621637774982,14.0
11,2026-02-07 00:00:00+03:00,medium,deep_night,0,19.0,23.211331718677098,4.211331718677098,4.211331718677098,14.0
11,2026-02-04 06:00:00+03:00,medium,opening,6,17.0,12.799630621144772,-4.200369378855228,4.200369378855228,14.0
18,2026-02-08 11:00:00+03:00,medium,lunch,11,17.0,21.198241620779935,4.198241620779935,4.198241620779935,14.0
434,2026-02-14 15:00:00+03:00,medium,afternoon,15,14.0,9.81139678019404,-4.188603219805961,4.188603219805961,14.0
142,2026-04-02 11:00:00+03:00,medium,lunch,11,15.0,10.817584624666083,-4.1824153753339175,4.1824153753339175,14.0
434,2026-02-05 11:00:00+03:00,medium,lunch,11,14.0,18.17018230906433,4.17018230906433,4.17018230906433,14.0
480,2026-03-06 11:00:00+03:00,low,lunch,11,7.0,2.847780702099059,-4.152219297900941,4.152219297900941,1.0
443,2026-03-04 11:00:00+03:00,low,lunch,11,20.0,15.857188039776378,-4.1428119602236215,4.1428119602236215,1.0
10,2026-02-20 11:00:00+03:00,medium,lunch,11,17.0,21.12209325870754,4.12209325870754,4.12209325870754,14.0
1,2026-02-16 11:00:00+03:00,medium,lunch,11,16.0,11.878825134625254,-4.121174865374746,4.121174865374746,14.0
69,2026-04-09 11:00:00+03:00,mega,lunch,11,50.0,45.878878334196834,-4.121121665803166,4.121121665803166,49.0
20,2026-02-01 11:00:00+03:00,medium,lunch,11,17.0,12.882345596923622,-4.1176544030763775,4.1176544030763775,14.0
11,2026-02-04 00:00:00+03:00,medium,deep_night,0,17.0,12.885586641254301,-4.114413358745699,4.114413358745699,14.0
123,2026-04-01 11:00:00+03:00,medium,lunch,11,24.0,28.112731118863067,4.112731118863067,4.112731118863067,14.0
14,2026-02-03 11:00:00+03:00,medium,lunch,11,23.0,18.91076388468424,-4.08923611531576,4.08923611531576,14.0
443,2026-03-03 15:00:00+03:00,low,afternoon,15,6.0,1.9132661758582725,-4.086733824141728,4.086733824141728,1.0
434,2026-03-15 11:00:00+03:00,medium,lunch,11,15.0,19.07738353305256,4.077383533052561,4.077383533052561,14.0
35,2026-03-06 11:00:00+03:00,high,lunch,11,34.0,29.925601034023934,-4.074398965976066,4.074398965976066,30.0
29,2026-02-02 11:00:00+03:00,high,lunch,11,36.0,40.07335649035491,4.073356490354911,4.073356490354911,30.0
25,2026-03-24 11:00:00+03:00,medium,lunch,11,21.0,16.93023948114101,-4.069760518858988,4.069760518858988,14.0
434,2026-02-27 15:00:00+03:00,medium,afternoon,15,15.0,10.943327778977956,-4.056672221022044,4.056672221022044,14.0
434,2026-02-15 15:00:00+03:00,medium,afternoon,15,15.0,10.944262580003663,-4.055737419996337,4.055737419996337,14.0
14,2026-03-06 11:00:00+03:00,medium,lunch,11,15.0,19.05535127524683,4.0553512752468315,4.0553512752468315,14.0
14,2026-04-10 15:00:00+03:00,medium,afternoon,15,14.0,9.95002321101954,-4.0499767889804605,4.0499767889804605,14.0
480,2026-03-06 15:00:00+03:00,low,afternoon,15,1.0,5.04743180405157,4.04743180405157,4.04743180405157,1.0
8,2026-03-26 11:00:00+03:00,high,lunch,11,42.0,37.953626247128916,-4.046373752871084,4.046373752871084,30.0
11,2026-03-27 06:00:00+03:00,medium,opening,6,17.0,12.955878549239639,-4.044121450760361,4.044121450760361,14.0
434,2026-04-09 15:00:00+03:00,medium,afternoon,15,15.0,10.96496763901222,-4.035032360987779,4.035032360987779,14.0
12,2026-03-07 11:00:00+03:00,medium,lunch,11,28.0,23.965421491546337,-4.034578508453663,4.034578508453663,14.0
6,2026-03-24 11:00:00+03:00,high,lunch,11,31.0,26.96648656744826,-4.033513432551739,4.033513432551739,30.0
25,2026-02-10 11:00:00+03:00,medium,lunch,11,21.0,16.970831674979923,-4.029168325020077,4.029168325020077,14.0
4,2026-02-14 11:00:00+03:00,high,lunch,11,30.0,25.975325915234375,-4.024674084765625,4.024674084765625,30.0
434,2026-02-02 15:00:00+03:00,medium,afternoon,15,14.0,9.975497541397148,-4.024502458602852,4.024502458602852,14.0
115,2026-01-27 15:00:00+03:00,medium,afternoon,15,14.0,9.976025557990402,-4.023974442009598,4.023974442009598,14.0
7,2026-02-05 11:00:00+03:00,high,lunch,11,32.0,27.979903982728036,-4.020096017271964,4.020096017271964,30.0
29,2026-03-08 11:00:00+03:00,high,lunch,11,38.0,42.015067379782565,4.015067379782565,4.015067379782565,30.0
26,2026-01-28 11:00:00+03:00,medium,lunch,11,20.0,15.985018872392772,-4.0149811276072285,4.0149811276072285,14.0
123,2026-03-10 15:00:00+03:00,medium,afternoon,15,16.0,11.985635376085195,-4.014364623914805,4.014364623914805,14.0
434,2026-02-03 11:00:00+03:00,medium,lunch,11,14.0,18.010733925951047,4.0107339259510475,4.0107339259510475,14.0
12,2026-04-11 11:00:00+03:00,medium,lunch,11,28.0,24.003160562112548,-3.996839437887452,3.996839437887452,14.0
29,2026-03-29 11:00:00+03:00,high,lunch,11,34.0,37.996815888627786,3.9968158886277863,3.9968158886277863,30.0
123,2026-04-03 11:00:00+03:00,medium,lunch,11,25.0,28.98449003302698,3.9844900330269795,3.9844900330269795,14.0
9,2026-03-06 18:00:00+03:00,medium,dinner,18,14.0,10.016590560131963,-3.983409439868037,3.983409439868037,14.0
434,2026-02-22 11:00:00+03:00,medium,lunch,11,23.0,19.01713503935384,-3.982864960646161,3.982864960646161,14.0
10,2026-02-27 11:00:00+03:00,medium,lunch,11,14.0,17.961338325177305,3.961338325177305,3.961338325177305,14.0
434,2026-03-02 11:00:00+03:00,medium,lunch,11,15.0,18.958436983020555,3.9584369830205546,3.9584369830205546,14.0
1,2026-02-20 11:00:00+03:00,medium,lunch,11,17.0,13.0552893801389,-3.9447106198611,3.9447106198611,14.0
12,2026-03-24 18:00:00+03:00,medium,dinner,18,15.0,11.057546175275123,-3.9424538247248773,3.9424538247248773,14.0
11,2026-02-09 00:00:00+03:00,medium,deep_night,0,16.0,19.94090766867736,3.9409076686773616,3.9409076686773616,14.0
142,2026-02-02 11:00:00+03:00,medium,lunch,11,14.0,10.067140871369073,-3.932859128630927,3.932859128630927,14.0
123,2026-02-10 09:00:00+03:00,medium,morning,9,18.0,14.071649047277344,-3.9283509527226563,3.9283509527226563,14.0
18,2026-01-31 11:00:00+03:00,medium,lunch,11,22.0,18.07277814887849,-3.9272218511215087,3.9272218511215087,14.0
123,2026-03-25 09:00:00+03:00,medium,morning,9,20.0,16.07312774462053,-3.9268722553794717,3.9268722553794717,14.0
4,2026-01-27 11:00:00+03:00,high,lunch,11,31.0,27.073338341656843,-3.926661658343157,3.926661658343157,30.0
115,2026-04-13 11:00:00+03:00,medium,lunch,11,16.0,19.925547652717604,3.9255476527176043,3.9255476527176043,14.0
101,2026-03-12 11:00:00+03:00,medium,lunch,11,18.0,14.084693778167912,-3.915306221832088,3.915306221832088,14.0
434,2026-03-07 11:00:00+03:00,medium,lunch,11,15.0,18.913120379402788,3.9131203794027876,3.9131203794027876,14.0
123,2026-03-20 11:00:00+03:00,medium,lunch,11,25.0,28.911727774117775,3.911727774117775,3.911727774117775,14.0
69,2026-03-20 11:00:00+03:00,mega,lunch,11,55.0,51.089756578538406,-3.910243421461594,3.910243421461594,49.0
123,2026-02-08 11:00:00+03:00,medium,lunch,11,20.0,23.90589394208128,3.9058939420812813,3.9058939420812813,14.0
478,2026-02-21 11:00:00+03:00,low,lunch,11,1.0,4.8917459894387205,3.8917459894387205,3.8917459894387205,1.0
11,2026-02-09 06:00:00+03:00,medium,opening,6,16.0,12.116703840510207,-3.8832961594897935,3.8832961594897935,14.0
29,2026-03-02 11:00:00+03:00,high,lunch,11,35.0,38.88112732225329,3.881127322253292,3.881127322253292,30.0
12,2026-04-02 15:00:00+03:00,medium,afternoon,15,14.0,10.123674934068973,-3.8763250659310273,3.8763250659310273,14.0
37,2026-02-02 11:00:00+03:00,medium,lunch,11,15.0,11.135513297387929,-3.864486702612071,3.864486702612071,14.0
434,2026-02-09 11:00:00+03:00,medium,lunch,11,23.0,19.136359153769686,-3.8636408462303145,3.8636408462303145,14.0
115,2026-03-20 15:00:00+03:00,medium,afternoon,15,15.0,11.137363264553573,-3.8626367354464275,3.8626367354464275,14.0
98,2026-04-07 11:00:00+03:00,low,lunch,11,4.0,0.13914577668936295,-3.860854223310637,3.860854223310637,1.0
115,2026-03-16 18:00:00+03:00,medium,dinner,18,14.0,10.149643812020756,-3.8503561879792443,3.8503561879792443,14.0
434,2026-02-11 11:00:00+03:00,medium,lunch,11,16.0,19.848228676160954,3.8482286761609537,3.8482286761609537,14.0
14,2026-01-31 11:00:00+03:00,medium,lunch,11,22.0,18.158564582303182,-3.841435417696818,3.841435417696818,14.0
11,2026-02-24 00:00:00+03:00,medium,deep_night,0,21.0,17.163874526910327,-3.836125473089673,3.836125473089673,14.0
434,2026-03-13 18:00:00+03:00,medium,dinner,18,16.0,12.166977777916207,-3.833022222083793,3.833022222083793,14.0
10,2026-02-25 11:00:00+03:00,medium,lunch,11,16.0,19.827671158468853,3.8276711584688528,3.8276711584688528,14.0
101,2026-04-05 11:00:00+03:00,medium,lunch,11,14.0,17.821567927019323,3.8215679270193235,3.8215679270193235,14.0
29,2026-04-07 11:00:00+03:00,high,lunch,11,40.0,36.181585316741305,-3.8184146832586947,3.8184146832586947,30.0
20,2026-03-28 11:00:00+03:00,medium,lunch,11,14.0,10.18275342612223,-3.8172465738777692,3.8172465738777692,14.0
290,2026-03-08 15:00:00+03:00,low,afternoon,15,4.0,0.18330926592900704,-3.816690734070993,3.816690734070993,1.0
8,2026-03-04 11:00:00+03:00,high,lunch,11,40.0,36.196640040657385,-3.8033599593426146,3.8033599593426146,30.0
425,2026-04-11 09:00:00+03:00,low,morning,9,4.0,0.19849138562672825,-3.801508614373272,3.801508614373272,1.0
516,2026-04-09 15:00:00+03:00,low,afternoon,15,1.0,4.7950469138960115,3.7950469138960115,3.7950469138960115,1.0
101,2026-01-25 11:00:00+03:00,medium,lunch,11,21.0,17.20654327337986,-3.793456726620139,3.793456726620139,14.0
443,2026-04-07 09:00:00+03:00,low,morning,9,4.0,0.20978420703744252,-3.7902157929625573,3.7902157929625573,1.0
10,2026-03-20 11:00:00+03:00,medium,lunch,11,15.0,18.788866556556865,3.788866556556865,3.788866556556865,14.0
425,2026-04-11 11:00:00+03:00,low,lunch,11,5.0,1.213667710938329,-3.7863322890616713,3.7863322890616713,1.0
12,2026-04-04 11:00:00+03:00,medium,lunch,11,20.0,23.780319999811336,3.7803199998113364,3.7803199998113364,14.0
340,2026-04-05 18:00:00+03:00,low,dinner,18,4.0,0.22504366046878285,-3.7749563395312173,3.7749563395312173,1.0
478,2026-03-07 18:00:00+03:00,low,dinner,18,1.0,4.763290924792299,3.763290924792299,3.763290924792299,1.0
10,2026-03-24 11:00:00+03:00,medium,lunch,11,20.0,16.2400661255242,-3.7599338744757986,3.7599338744757986,14.0
25,2026-04-06 11:00:00+03:00,medium,lunch,11,14.0,17.755078450842507,3.7550784508425075,3.7550784508425075,14.0
115,2026-04-09 15:00:00+03:00,medium,afternoon,15,14.0,10.245188238284674,-3.7548117617153256,3.7548117617153256,14.0
12,2026-01-27 11:00:00+03:00,medium,lunch,11,23.0,19.245875098510428,-3.754124901489572,3.754124901489572,14.0
123,2026-02-27 11:00:00+03:00,medium,lunch,11,32.0,28.250925814852657,-3.749074185147343,3.749074185147343,14.0
135,2026-01-30 15:00:00+03:00,low,afternoon,15,4.0,0.2701560667859477,-3.7298439332140525,3.7298439332140525,1.0
25,2026-02-17 11:00:00+03:00,medium,lunch,11,21.0,17.27285577120248,-3.7271442287975205,3.7271442287975205,14.0
14,2026-03-02 11:00:00+03:00,medium,lunch,11,16.0,19.71493019176204,3.71493019176204,3.71493019176204,14.0
478,2026-02-20 18:00:00+03:00,low,dinner,18,7.0,3.295960143548668,-3.704039856451332,3.704039856451332,1.0
478,2026-03-09 18:00:00+03:00,low,dinner,18,1.0,4.702085206992695,3.7020852069926953,3.7020852069926953,1.0
181,2026-03-05 11:00:00+03:00,low,lunch,11,4.0,0.30042488092956976,-3.6995751190704302,3.6995751190704302,1.0
12,2026-04-05 11:00:00+03:00,medium,lunch,11,20.0,23.694495521330367,3.694495521330367,3.694495521330367,14.0
14,2026-01-25 11:00:00+03:00,medium,lunch,11,22.0,18.322856407222712,-3.6771435927772878,3.6771435927772878,14.0
123,2026-02-25 15:00:00+03:00,medium,afternoon,15,18.0,14.327708446707199,-3.6722915532928013,3.6722915532928013,14.0
8,2026-03-31 11:00:00+03:00,high,lunch,11,41.0,37.32973062990323,-3.6702693700967686,3.6702693700967686,30.0
37,2026-02-06 11:00:00+03:00,medium,lunch,11,16.0,12.335678777597607,-3.6643212224023927,3.6643212224023927,14.0
25,2026-03-25 11:00:00+03:00,medium,lunch,11,15.0,18.658192487089185,3.6581924870891847,3.6581924870891847,14.0
12,2026-03-04 11:00:00+03:00,medium,lunch,11,19.0,22.656400809430657,3.6564008094306573,3.6564008094306573,14.0
123,2026-03-30 15:00:00+03:00,medium,afternoon,15,15.0,11.352124546570025,-3.6478754534299753,3.6478754534299753,14.0
115,2026-02-15 11:00:00+03:00,medium,lunch,11,16.0,19.646612937318856,3.6466129373188565,3.6466129373188565,14.0
29,2026-01-27 11:00:00+03:00,high,lunch,11,30.0,33.6459413466401,3.6459413466401003,3.6459413466401003,30.0
135,2026-02-06 18:00:00+03:00,low,dinner,18,4.0,0.3553799200525139,-3.644620079947486,3.644620079947486,1.0
35,2026-02-24 11:00:00+03:00,high,lunch,11,31.0,27.357369096176335,-3.6426309038236653,3.6426309038236653,30.0
69,2026-04-02 11:00:00+03:00,mega,lunch,11,49.0,45.359926611490515,-3.640073388509485,3.640073388509485,49.0
26,2026-03-06 11:00:00+03:00,medium,lunch,11,15.0,18.637487725525602,3.6374877255256024,3.6374877255256024,14.0
10,2026-03-26 11:00:00+03:00,medium,lunch,11,15.0,18.635787898905107,3.6357878989051073,3.6357878989051073,14.0
11,2026-04-12 00:00:00+03:00,medium,deep_night,0,22.0,25.63422769933472,3.634227699334719,3.634227699334719,14.0
482,2026-03-13 15:00:00+03:00,low,afternoon,15,1.0,4.621083559814825,3.621083559814825,3.621083559814825,1.0
115,2026-04-09 18:00:00+03:00,medium,dinner,18,14.0,10.387672975173952,-3.6123270248260475,3.6123270248260475,14.0
14,2026-03-10 11:00:00+03:00,medium,lunch,11,15.0,18.610996116253183,3.610996116253183,3.610996116253183,14.0
10,2026-04-01 11:00:00+03:00,medium,lunch,11,20.0,16.392570562936474,-3.6074294370635265,3.6074294370635265,14.0
123,2026-01-28 11:00:00+03:00,medium,lunch,11,29.0,25.398280245890387,-3.601719754109613,3.601719754109613,14.0
12,2026-03-07 18:00:00+03:00,medium,dinner,18,17.0,13.402792468697202,-3.5972075313027982,3.5972075313027982,14.0
4,2026-02-03 11:00:00+03:00,high,lunch,11,31.0,27.41133889467482,-3.58866110532518,3.58866110532518,30.0
14,2026-02-16 11:00:00+03:00,medium,lunch,11,16.0,19.584393244707627,3.584393244707627,3.584393244707627,14.0
478,2026-02-13 18:00:00+03:00,low,dinner,18,6.0,2.418463974364446,-3.581536025635554,3.581536025635554,1.0
128,2026-03-07 11:00:00+03:00,high,lunch,11,30.0,26.418722234074917,-3.5812777659250834,3.5812777659250834,30.0
17,2026-03-22 11:00:00+03:00,medium,lunch,11,14.0,17.579783693923666,3.579783693923666,3.579783693923666,14.0
12,2026-03-16 11:00:00+03:00,medium,lunch,11,16.0,19.57890847615585,3.578908476155849,3.578908476155849,14.0
26,2026-01-25 11:00:00+03:00,medium,lunch,11,16.0,12.430163854907459,-3.569836145092541,3.569836145092541,14.0
131,2026-02-08 15:00:00+03:00,low,afternoon,15,4.0,0.4374706641455828,-3.5625293358544172,3.5625293358544172,1.0
26,2026-01-27 11:00:00+03:00,medium,lunch,11,18.0,14.440038163253172,-3.5599618367468278,3.5599618367468278,14.0
434,2026-02-13 18:00:00+03:00,medium,dinner,18,15.0,11.443875581417304,-3.556124418582696,3.556124418582696,14.0
115,2026-02-16 15:00:00+03:00,medium,afternoon,15,15.0,11.448397036754223,-3.5516029632457773,3.5516029632457773,14.0
478,2026-03-22 18:00:00+03:00,low,dinner,18,1.0,4.546018511386996,3.546018511386996,3.546018511386996,1.0
25,2026-02-26 11:00:00+03:00,medium,lunch,11,21.0,17.455898102278248,-3.5441018977217524,3.5441018977217524,14.0
123,2026-03-13 11:00:00+03:00,medium,lunch,11,27.0,30.54124704729334,3.5412470472933393,3.5412470472933393,14.0
12,2026-02-15 11:00:00+03:00,medium,lunch,11,29.0,25.465405015850543,-3.5345949841494573,3.5345949841494573,14.0
14,2026-04-12 11:00:00+03:00,medium,lunch,11,15.0,18.533574466915844,3.5335744669158444,3.5335744669158444,14.0
14,2026-01-30 11:00:00+03:00,medium,lunch,11,20.0,16.486037989679755,-3.5139620103202454,3.5139620103202454,14.0
434,2026-04-08 11:00:00+03:00,medium,lunch,11,14.0,17.500574419652253,3.500574419652253,3.500574419652253,14.0
14,2026-01-28 11:00:00+03:00,medium,lunch,11,14.0,17.50040329764089,3.50040329764089,3.50040329764089,14.0
20,2026-04-11 11:00:00+03:00,medium,lunch,11,15.0,11.499687861952577,-3.5003121380474234,3.5003121380474234,14.0
12,2026-03-18 15:00:00+03:00,medium,afternoon,15,16.0,12.5021553858386,-3.4978446141613997,3.4978446141613997,14.0
10,2026-03-13 11:00:00+03:00,medium,lunch,11,17.0,20.49507452663559,3.495074526635591,3.495074526635591,14.0
478,2026-02-07 18:00:00+03:00,low,dinner,18,1.0,4.494833874699353,3.494833874699353,3.494833874699353,1.0
12,2026-02-26 15:00:00+03:00,medium,afternoon,15,16.0,12.50633728692113,-3.4936627130788693,3.4936627130788693,14.0
35,2026-03-28 11:00:00+03:00,high,lunch,11,35.0,31.52260484517617,-3.4773951548238315,3.4773951548238315,30.0
10,2026-04-05 11:00:00+03:00,medium,lunch,11,15.0,11.526089281908039,-3.473910718091961,3.473910718091961,14.0
7,2026-03-05 11:00:00+03:00,high,lunch,11,32.0,28.52786715971541,-3.4721328402845906,3.4721328402845906,30.0
25,2026-02-03 11:00:00+03:00,medium,lunch,11,15.0,18.465598924586647,3.465598924586647,3.465598924586647,14.0
434,2026-03-12 11:00:00+03:00,medium,lunch,11,16.0,19.456587339053534,3.4565873390535344,3.4565873390535344,14.0
12,2026-04-08 11:00:00+03:00,medium,lunch,11,17.0,20.456015207846114,3.4560152078461144,3.4560152078461144,14.0
142,2026-02-06 11:00:00+03:00,medium,lunch,11,16.0,12.544333354113668,-3.455666645886332,3.455666645886332,14.0
1,2026-02-25 11:00:00+03:00,medium,lunch,11,17.0,13.545938124971762,-3.4540618750282377,3.4540618750282377,14.0
12,2026-02-24 18:00:00+03:00,medium,dinner,18,15.0,11.549973143039725,-3.4500268569602746,3.4500268569602746,14.0
69,2026-03-21 11:00:00+03:00,mega,lunch,11,61.0,64.44704639606118,3.4470463960611823,3.4470463960611823,49.0
14,2026-03-03 11:00:00+03:00,medium,lunch,11,15.0,18.446239387819002,3.446239387819002,3.446239387819002,14.0
12,2026-01-30 15:00:00+03:00,medium,afternoon,15,14.0,10.557328968597941,-3.4426710314020585,3.4426710314020585,14.0
8,2026-03-12 11:00:00+03:00,high,lunch,11,34.0,37.43965859982882,3.4396585998288174,3.4396585998288174,30.0
26,2026-03-08 11:00:00+03:00,medium,lunch,11,17.0,13.571677695974085,-3.428322304025915,3.428322304025915,14.0
25,2026-03-02 11:00:00+03:00,medium,lunch,11,21.0,17.577176941173445,-3.4228230588265554,3.4228230588265554,14.0
115,2026-02-18 11:00:00+03:00,medium,lunch,11,18.0,21.422572678776774,3.422572678776774,3.422572678776774,14.0
478,2026-03-01 15:00:00+03:00,low,afternoon,15,1.0,4.419746381618039,3.4197463816180393,3.4197463816180393,1.0
7,2026-02-24 11:00:00+03:00,high,lunch,11,31.0,27.58314374437605,-3.4168562556239515,3.4168562556239515,30.0
12,2026-01-31 15:00:00+03:00,medium,afternoon,15,14.0,10.585174801551393,-3.4148251984486073,3.4148251984486073,14.0
10,2026-04-02 11:00:00+03:00,medium,lunch,11,21.0,17.595537045032042,-3.4044629549679577,3.4044629549679577,14.0
516,2026-04-12 09:00:00+03:00,low,morning,9,8.0,4.596931887286339,-3.403068112713661,3.403068112713661,1.0
115,2026-04-08 15:00:00+03:00,medium,afternoon,15,14.0,10.597459791240926,-3.402540208759074,3.402540208759074,14.0
434,2026-02-04 11:00:00+03:00,medium,lunch,11,15.0,18.38389902043581,3.383899020435809,3.383899020435809,14.0
115,2026-02-06 11:00:00+03:00,medium,lunch,11,25.0,21.618476179046734,-3.381523820953266,3.381523820953266,14.0
30,2026-01-31 11:00:00+03:00,high,lunch,11,34.0,30.619416182704235,-3.380583817295765,3.380583817295765,30.0
9,2026-03-21 21:00:00+03:00,medium,late_evening,21,14.0,10.625364407831219,-3.374635592168781,3.374635592168781,14.0
115,2026-03-02 11:00:00+03:00,medium,lunch,11,17.0,20.374402935852533,3.374402935852533,3.374402935852533,14.0
25,2026-03-10 11:00:00+03:00,medium,lunch,11,21.0,17.627203209795127,-3.372796790204873,3.372796790204873,14.0
123,2026-03-31 09:00:00+03:00,medium,morning,9,17.0,13.628308927628762,-3.371691072371238,3.371691072371238,14.0
478,2026-02-20 15:00:00+03:00,low,afternoon,15,2.0,5.36783370026304,3.3678337002630396,3.3678337002630396,1.0
123,2026-02-28 11:00:00+03:00,medium,lunch,11,25.0,21.63629964695647,-3.36370035304353,3.36370035304353,14.0
9,2026-03-26 18:00:00+03:00,medium,dinner,18,14.0,10.637919214847678,-3.3620807851523224,3.3620807851523224,14.0
12,2026-03-01 11:00:00+03:00,medium,lunch,11,22.0,25.345744482188707,3.3457444821887066,3.3457444821887066,14.0
115,2026-02-06 18:00:00+03:00,medium,dinner,18,15.0,11.659238115861138,-3.340761884138862,3.340761884138862,14.0
478,2026-03-20 15:00:00+03:00,low,afternoon,15,1.0,4.330539780024441,3.3305397800244414,3.3305397800244414,1.0
25,2026-03-09 11:00:00+03:00,medium,lunch,11,14.0,17.32464269379711,3.3246426937971094,3.3246426937971094,14.0
8,2026-03-02 11:00:00+03:00,high,lunch,11,40.0,36.68199352642302,-3.318006473576979,3.318006473576979,30.0
69,2026-02-28 11:00:00+03:00,mega,lunch,11,59.0,62.31789593438972,3.3178959343897176,3.3178959343897176,49.0
37,2026-03-03 11:00:00+03:00,medium,lunch,11,15.0,11.682592082089753,-3.3174079179102467,3.3174079179102467,14.0
8,2026-02-05 11:00:00+03:00,high,lunch,11,35.0,38.31455658329666,3.314556583296657,3.314556583296657,30.0
434,2026-04-07 11:00:00+03:00,medium,lunch,11,20.0,16.686884606660644,-3.3131153933393556,3.3131153933393556,14.0
1,2026-04-03 11:00:00+03:00,medium,lunch,11,15.0,11.689276695390788,-3.310723304609212,3.310723304609212,14.0
478,2026-04-06 18:00:00+03:00,low,dinner,18,8.0,4.692492527694712,-3.3075074723052884,3.3075074723052884,1.0
69,2026-04-13 11:00:00+03:00,mega,lunch,11,50.0,46.69849115835524,-3.301508841644761,3.301508841644761,49.0
478,2026-02-25 15:00:00+03:00,low,afternoon,15,4.0,0.7006566589245437,-3.2993433410754562,3.2993433410754562,1.0
7,2026-03-11 11:00:00+03:00,high,lunch,11,30.0,26.714140982244313,-3.285859017755687,3.285859017755687,30.0
115,2026-02-10 15:00:00+03:00,medium,afternoon,15,14.0,10.72008143291721,-3.27991856708279,3.27991856708279,14.0
11,2026-04-03 00:00:00+03:00,medium,deep_night,0,15.0,18.277156901407544,3.277156901407544,3.277156901407544,14.0
101,2026-02-17 11:00:00+03:00,medium,lunch,11,20.0,16.726947166897045,-3.2730528331029554,3.2730528331029554,14.0
18,2026-04-12 09:00:00+03:00,medium,morning,9,14.0,10.727933433355489,-3.2720665666445115,3.2720665666445115,14.0
25,2026-04-02 11:00:00+03:00,medium,lunch,11,14.0,17.269038641792193,3.269038641792193,3.269038641792193,14.0
11,2026-02-20 00:00:00+03:00,medium,deep_night,0,19.0,22.258099013775734,3.258099013775734,3.258099013775734,14.0
9,2026-02-18 11:00:00+03:00,medium,lunch,11,14.0,10.7490386389011,-3.2509613610989003,3.2509613610989003,14.0
26,2026-04-08 11:00:00+03:00,medium,lunch,11,14.0,17.238471293803713,3.2384712938037126,3.2384712938037126,14.0
480,2026-03-19 11:00:00+03:00,low,lunch,11,2.0,5.235847404942609,3.235847404942609,3.235847404942609,1.0
115,2026-03-09 18:00:00+03:00,medium,dinner,18,14.0,10.767765411554512,-3.232234588445488,3.232234588445488,14.0
478,2026-03-15 15:00:00+03:00,low,afternoon,15,1.0,4.222306742483017,3.222306742483017,3.222306742483017,1.0
25,2026-02-13 11:00:00+03:00,medium,lunch,11,23.0,19.782693201266497,-3.217306798733503,3.217306798733503,14.0
25,2026-03-04 11:00:00+03:00,medium,lunch,11,21.0,17.786407508521975,-3.2135924914780247,3.2135924914780247,14.0
9,2026-02-20 18:00:00+03:00,medium,dinner,18,15.0,11.798790420953717,-3.2012095790462833,3.2012095790462833,14.0
26,2026-03-03 11:00:00+03:00,medium,lunch,11,15.0,18.197794888427637,3.1977948884276373,3.1977948884276373,14.0
12,2026-03-21 09:00:00+03:00,medium,morning,9,16.0,12.802770970568544,-3.1972290294314565,3.1972290294314565,14.0
478,2026-04-01 11:00:00+03:00,low,lunch,11,1.0,4.189922758119078,3.189922758119078,3.189922758119078,1.0
123,2026-03-01 11:00:00+03:00,medium,lunch,11,22.0,25.186958812062016,3.1869588120620165,3.1869588120620165,14.0
26,2026-03-05 11:00:00+03:00,medium,lunch,11,21.0,17.813933819391625,-3.1860661806083748,3.1860661806083748,14.0
8,2026-02-28 11:00:00+03:00,high,lunch,11,31.0,34.17716395266976,3.1771639526697584,3.1771639526697584,30.0
30,2026-03-07 11:00:00+03:00,high,lunch,11,37.0,33.82528566520631,-3.1747143347936913,3.1747143347936913,30.0
123,2026-03-15 11:00:00+03:00,medium,lunch,11,23.0,19.833467286165188,-3.166532713834812,3.166532713834812,14.0
1,2026-03-05 11:00:00+03:00,medium,lunch,11,18.0,14.835735105139506,-3.1642648948604943,3.1642648948604943,14.0
12,2026-02-06 11:00:00+03:00,medium,lunch,11,26.0,22.843974411802517,-3.1560255881974832,3.1560255881974832,14.0
115,2026-02-12 15:00:00+03:00,medium,afternoon,15,14.0,10.845069112011357,-3.154930887988643,3.154930887988643,14.0
35,2026-02-15 11:00:00+03:00,high,lunch,11,32.0,35.154851701066576,3.154851701066576,3.154851701066576,30.0
434,2026-04-11 11:00:00+03:00,medium,lunch,11,16.0,19.14241201795462,3.1424120179546193,3.1424120179546193,14.0
123,2026-04-02 11:00:00+03:00,medium,lunch,11,30.0,26.860228910725745,-3.139771089274255,3.139771089274255,14.0
35,2026-04-13 11:00:00+03:00,high,lunch,11,31.0,27.86420401668325,-3.1357959833167506,3.1357959833167506,30.0
12,2026-02-07 11:00:00+03:00,medium,lunch,11,29.0,25.865321389815005,-3.134678610184995,3.134678610184995,14.0
69,2026-03-28 11:00:00+03:00,mega,lunch,11,52.0,55.12840577122576,3.128405771225758,3.128405771225758,49.0
434,2026-03-05 11:00:00+03:00,medium,lunch,11,17.0,20.124361641004974,3.124361641004974,3.124361641004974,14.0
123,2026-02-21 11:00:00+03:00,medium,lunch,11,21.0,24.12122836883365,3.1212283688336484,3.1212283688336484,14.0
434,2026-03-19 11:00:00+03:00,medium,lunch,11,15.0,18.120296735034543,3.120296735034543,3.120296735034543,14.0
12,2026-02-26 18:00:00+03:00,medium,dinner,18,15.0,11.902145647708055,-3.097854352291945,3.097854352291945,14.0
1,2026-01-26 11:00:00+03:00,medium,lunch,11,15.0,11.903482176246952,-3.0965178237530484,3.0965178237530484,14.0
12,2026-03-20 11:00:00+03:00,medium,lunch,11,24.0,20.912092084530755,-3.087907915469245,3.087907915469245,14.0
12,2026-01-26 11:00:00+03:00,medium,lunch,11,17.0,20.085362300404146,3.085362300404146,3.085362300404146,14.0
115,2026-02-14 11:00:00+03:00,medium,lunch,11,23.0,19.92865746331499,-3.071342536685009,3.071342536685009,14.0
478,2026-03-17 15:00:00+03:00,low,afternoon,15,1.0,4.066046539434065,3.0660465394340646,3.0660465394340646,1.0
115,2026-02-07 09:00:00+03:00,medium,morning,9,17.0,13.934262666271525,-3.0657373337284746,3.0657373337284746,14.0
480,2026-03-20 15:00:00+03:00,low,afternoon,15,1.0,4.062408348065924,3.062408348065924,3.062408348065924,1.0
434,2026-04-05 11:00:00+03:00,medium,lunch,11,21.0,17.94127812953528,-3.058721870464719,3.058721870464719,14.0
10,2026-02-09 11:00:00+03:00,medium,lunch,11,19.0,15.948913030018073,-3.0510869699819274,3.0510869699819274,14.0
14,2026-03-22 11:00:00+03:00,medium,lunch,11,14.0,17.043324932838583,3.0433249328385834,3.0433249328385834,14.0
26,2026-02-14 11:00:00+03:00,medium,lunch,11,19.0,15.959264658880482,-3.040735341119518,3.040735341119518,14.0
101,2026-04-04 11:00:00+03:00,medium,lunch,11,17.0,13.962146102669497,-3.0378538973305034,3.0378538973305034,14.0
478,2026-04-12 11:00:00+03:00,low,lunch,11,2.0,5.034436493062872,3.0344364930628718,3.0344364930628718,1.0
10,2026-02-12 11:00:00+03:00,medium,lunch,11,23.0,19.969529092240194,-3.030470907759806,3.030470907759806,14.0
123,2026-01-26 11:00:00+03:00,medium,lunch,11,25.0,21.979468848658637,-3.0205311513413626,3.0205311513413626,14.0
480,2026-03-27 11:00:00+03:00,low,lunch,11,2.0,5.0180491827203255,3.0180491827203255,3.0180491827203255,1.0
25,2026-01-29 11:00:00+03:00,medium,lunch,11,19.0,15.995598005348855,-3.004401994651145,3.004401994651145,14.0
12,2026-01-28 11:00:00+03:00,medium,lunch,11,23.0,19.996246768946417,-3.003753231053583,3.003753231053583,14.0
142,2026-03-13 11:00:00+03:00,medium,lunch,11,14.0,10.997953929123357,-3.002046070876643,3.002046070876643,14.0
123,2026-04-05 11:00:00+03:00,medium,lunch,11,19.0,21.996512348503412,2.996512348503412,2.996512348503412,14.0
478,2026-02-14 15:00:00+03:00,low,afternoon,15,3.0,5.980952382243317,2.9809523822433173,2.9809523822433173,1.0
478,2026-04-11 15:00:00+03:00,low,afternoon,15,2.0,4.979964512733899,2.9799645127338987,2.9799645127338987,1.0
483,2026-03-17 15:00:00+03:00,low,afternoon,15,1.0,3.9793258470487953,2.9793258470487953,2.9793258470487953,1.0
347,2026-02-27 21:00:00+03:00,low,late_evening,21,3.0,0.026041982010068125,-2.973958017989932,2.973958017989932,1.0
439,2026-02-14 18:00:00+03:00,low,dinner,18,3.0,0.031074721032068212,-2.968925278967932,2.968925278967932,1.0
26,2026-03-11 11:00:00+03:00,medium,lunch,11,15.0,17.962137905098782,2.962137905098782,2.962137905098782,14.0
12,2026-03-29 11:00:00+03:00,medium,lunch,11,21.0,23.959835638991592,2.959835638991592,2.959835638991592,14.0
478,2026-02-17 11:00:00+03:00,low,lunch,11,4.0,1.0425869912272119,-2.957413008772788,2.957413008772788,1.0
123,2026-03-17 15:00:00+03:00,medium,afternoon,15,18.0,15.051070337312586,-2.948929662687414,2.948929662687414,14.0
434,2026-03-04 15:00:00+03:00,medium,afternoon,15,14.0,11.063586118570143,-2.936413881429857,2.936413881429857,14.0
98,2026-03-24 15:00:00+03:00,low,afternoon,15,3.0,0.07071212835223264,-2.9292878716477673,2.9292878716477673,1.0
123,2026-04-06 15:00:00+03:00,medium,afternoon,15,14.0,11.07112419981946,-2.92887580018054,2.92887580018054,14.0
101,2026-03-08 11:00:00+03:00,medium,lunch,11,23.0,20.07131959867743,-2.92868040132257,2.92868040132257,14.0
35,2026-04-04 11:00:00+03:00,high,lunch,11,31.0,33.92570889617985,2.9257088961798488,2.9257088961798488,30.0
123,2026-03-04 11:00:00+03:00,medium,lunch,11,27.0,29.924746192636615,2.924746192636615,2.924746192636615,14.0
8,2026-01-31 11:00:00+03:00,high,lunch,11,32.0,34.924559923832874,2.9245599238328737,2.9245599238328737,30.0
179,2026-03-08 15:00:00+03:00,low,afternoon,15,3.0,0.07585184330878736,-2.9241481566912126,2.9241481566912126,1.0
123,2026-02-22 11:00:00+03:00,medium,lunch,11,26.0,23.076925886342476,-2.923074113657524,2.923074113657524,14.0
29,2026-03-22 11:00:00+03:00,high,lunch,11,34.0,31.07891263750704,-2.9210873624929583,2.9210873624929583,30.0
12,2026-02-22 11:00:00+03:00,medium,lunch,11,23.0,20.084293637904246,-2.9157063620957544,2.9157063620957544,14.0
11,2026-02-12 00:00:00+03:00,medium,deep_night,0,14.0,11.090843257337859,-2.909156742662141,2.909156742662141,14.0
434,2026-02-17 18:00:00+03:00,medium,dinner,18,14.0,11.09240716327317,-2.9075928367268293,2.9075928367268293,14.0
41,2026-03-06 09:00:00+03:00,low,morning,9,3.0,0.09328474677344939,-2.9067152532265506,2.9067152532265506,1.0
481,2026-04-11 11:00:00+03:00,low,lunch,11,4.0,1.0951510722721194,-2.9048489277278806,2.9048489277278806,1.0
11,2026-03-20 00:00:00+03:00,medium,deep_night,0,18.0,20.904172715645316,2.9041727156453163,2.9041727156453163,14.0
14,2026-01-26 11:00:00+03:00,medium,lunch,11,14.0,16.891299061320154,2.8912990613201544,2.8912990613201544,14.0
17,2026-03-09 11:00:00+03:00,medium,lunch,11,14.0,16.885072400434513,2.885072400434513,2.885072400434513,14.0
35,2026-02-11 11:00:00+03:00,high,lunch,11,31.0,28.12551161462652,-2.8744883853734784,2.8744883853734784,30.0
434,2026-02-16 11:00:00+03:00,medium,lunch,11,18.0,20.87357122620557,2.87357122620557,2.87357122620557,14.0
142,2026-02-03 11:00:00+03:00,medium,lunch,11,14.0,11.130323917763532,-2.8696760822364684,2.8696760822364684,14.0
115,2026-03-16 11:00:00+03:00,medium,lunch,11,18.0,20.857243760810203,2.857243760810203,2.857243760810203,14.0
14,2026-03-30 11:00:00+03:00,medium,lunch,11,15.0,17.85499274439266,2.8549927443926606,2.8549927443926606,14.0
434,2026-03-30 15:00:00+03:00,medium,afternoon,15,14.0,11.155910665031035,-2.844089334968965,2.844089334968965,14.0
434,2026-02-07 18:00:00+03:00,medium,dinner,18,15.0,12.155933933206912,-2.844066066793088,2.844066066793088,14.0
115,2026-02-20 11:00:00+03:00,medium,lunch,11,26.0,23.15596198268221,-2.8440380173177893,2.8440380173177893,14.0
8,2026-02-11 11:00:00+03:00,high,lunch,11,40.0,37.16807786176881,-2.8319221382311923,2.8319221382311923,30.0
340,2026-03-15 15:00:00+03:00,low,afternoon,15,3.0,0.16948060881449906,-2.830519391185501,2.830519391185501,1.0
101,2026-02-08 11:00:00+03:00,medium,lunch,11,19.0,16.175019450190423,-2.8249805498095775,2.8249805498095775,14.0
23,2026-03-07 11:00:00+03:00,low,lunch,11,3.0,0.17523042926833113,-2.824769570731669,2.824769570731669,1.0
115,2026-02-13 18:00:00+03:00,medium,dinner,18,15.0,12.177351528430645,-2.822648471569355,2.822648471569355,14.0
12,2026-03-11 11:00:00+03:00,medium,lunch,11,18.0,20.813749207101807,2.8137492071018073,2.8137492071018073,14.0
11,2026-03-24 06:00:00+03:00,medium,opening,6,18.0,15.18718641789203,-2.812813582107969,2.812813582107969,14.0
434,2026-02-04 18:00:00+03:00,medium,dinner,18,14.0,11.192405589873587,-2.8075944101264128,2.8075944101264128,14.0
12,2026-02-16 11:00:00+03:00,medium,lunch,11,20.0,22.806323964624067,2.8063239646240667,2.8063239646240667,14.0
425,2026-03-06 09:00:00+03:00,low,morning,9,3.0,0.19550255663041852,-2.8044974433695815,2.8044974433695815,1.0
443,2026-03-03 09:00:00+03:00,low,morning,9,3.0,0.20166209925167203,-2.798337900748328,2.798337900748328,1.0
10,2026-02-04 11:00:00+03:00,medium,lunch,11,24.0,21.202275219949232,-2.7977247800507676,2.7977247800507676,14.0
12,2026-02-23 15:00:00+03:00,medium,afternoon,15,15.0,12.204425370948474,-2.7955746290515258,2.7955746290515258,14.0
478,2026-04-03 18:00:00+03:00,low,dinner,18,4.0,1.2045003808404058,-2.795499619159594,2.795499619159594,1.0
30,2026-03-14 11:00:00+03:00,high,lunch,11,31.0,28.20800990460234,-2.7919900953976615,2.7919900953976615,30.0
101,2026-02-14 11:00:00+03:00,medium,lunch,11,20.0,17.21297447549428,-2.7870255245057187,2.7870255245057187,14.0
41,2026-04-11 09:00:00+03:00,low,morning,9,3.0,0.21373462433546178,-2.7862653756645384,2.7862653756645384,1.0
35,2026-01-30 11:00:00+03:00,high,lunch,11,30.0,27.213999379887607,-2.786000620112393,2.786000620112393,30.0
135,2026-02-02 15:00:00+03:00,low,afternoon,15,3.0,0.22293403341188237,-2.7770659665881174,2.7770659665881174,1.0
434,2026-03-20 15:00:00+03:00,medium,afternoon,15,14.0,11.224692057082889,-2.7753079429171112,2.7753079429171112,14.0
11,2026-03-01 00:00:00+03:00,medium,deep_night,0,24.0,26.77521532463855,2.7752153246385483,2.7752153246385483,14.0
60,2026-04-11 18:00:00+03:00,low,dinner,18,3.0,0.22921846692142678,-2.7707815330785732,2.7707815330785732,1.0
25,2026-03-18 11:00:00+03:00,medium,lunch,11,20.0,17.23350692697705,-2.76649307302295,2.76649307302295,14.0
37,2026-02-16 11:00:00+03:00,medium,lunch,11,14.0,11.235288659126311,-2.7647113408736885,2.7647113408736885,14.0
18,2026-02-07 11:00:00+03:00,medium,lunch,11,17.0,19.76081342953371,2.760813429533709,2.760813429533709,14.0
25,2026-03-03 11:00:00+03:00,medium,lunch,11,17.0,19.760444112566752,2.760444112566752,2.760444112566752,14.0
478,2026-03-23 15:00:00+03:00,low,afternoon,15,1.0,3.7551133973658266,2.7551133973658266,2.7551133973658266,1.0
11,2026-03-11 00:00:00+03:00,medium,deep_night,0,16.0,18.754856548426137,2.7548565484261367,2.7548565484261367,14.0
12,2026-02-06 18:00:00+03:00,medium,dinner,18,16.0,13.252807740259499,-2.747192259740501,2.747192259740501,14.0
425,2026-04-09 11:00:00+03:00,low,lunch,11,3.0,0.25514242805469317,-2.7448575719453068,2.7448575719453068,1.0
480,2026-03-18 11:00:00+03:00,low,lunch,11,1.0,3.7444131616526084,2.7444131616526084,2.7444131616526084,1.0
123,2026-03-03 09:00:00+03:00,medium,morning,9,17.0,14.25561750753652,-2.7443824924634797,2.7443824924634797,14.0
41,2026-04-10 11:00:00+03:00,low,lunch,11,3.0,0.25612350100247977,-2.7438764989975204,2.7438764989975204,1.0
6,2026-04-13 11:00:00+03:00,high,lunch,11,30.0,27.26126925909091,-2.738730740909091,2.738730740909091,30.0
131,2026-04-09 18:00:00+03:00,low,dinner,18,3.0,0.2661630214439273,-2.7338369785560728,2.7338369785560728,1.0
12,2026-02-26 11:00:00+03:00,medium,lunch,11,20.0,22.731043749424995,2.7310437494249946,2.7310437494249946,14.0
115,2026-02-26 11:00:00+03:00,medium,lunch,11,25.0,22.270948922414018,-2.729051077585982,2.729051077585982,14.0
131,2026-03-21 11:00:00+03:00,low,lunch,11,3.0,0.2714685457425765,-2.7285314542574235,2.7285314542574235,1.0
115,2026-04-10 11:00:00+03:00,medium,lunch,11,18.0,20.72313441620747,2.7231344162074684,2.7231344162074684,14.0
25,2026-04-04 11:00:00+03:00,medium,lunch,11,19.0,16.28108238820322,-2.7189176117967797,2.7189176117967797,14.0
20,2026-03-01 11:00:00+03:00,medium,lunch,11,14.0,11.282355178506537,-2.7176448214934634,2.7176448214934634,14.0
60,2026-03-08 15:00:00+03:00,low,afternoon,15,3.0,0.2863047885586279,-2.713695211441372,2.713695211441372,1.0
67,2026-02-20 09:00:00+03:00,low,morning,9,1.0,3.7021194131917277,2.7021194131917277,2.7021194131917277,1.0
290,2026-04-11 15:00:00+03:00,low,afternoon,15,3.0,0.3014156264195528,-2.6985843735804473,2.6985843735804473,1.0
478,2026-02-23 18:00:00+03:00,low,dinner,18,2.0,4.697685355178631,2.6976853551786313,2.6976853551786313,1.0
121,2026-02-15 15:00:00+03:00,low,afternoon,15,3.0,0.30541987836311574,-2.6945801216368843,2.6945801216368843,1.0
123,2026-03-16 11:00:00+03:00,medium,lunch,11,32.0,29.307403982275883,-2.6925960177241173,2.6925960177241173,14.0
14,2026-03-09 11:00:00+03:00,medium,lunch,11,17.0,19.687286195567395,2.6872861955673955,2.6872861955673955,14.0
478,2026-03-15 11:00:00+03:00,low,lunch,11,1.0,3.6836148222533627,2.6836148222533627,2.6836148222533627,1.0
14,2026-02-19 11:00:00+03:00,medium,lunch,11,20.0,17.32303835041997,-2.6769616495800292,2.6769616495800292,14.0
7,2026-02-18 11:00:00+03:00,high,lunch,11,31.0,28.32962243800561,-2.670377561994389,2.670377561994389,30.0
131,2026-03-06 15:00:00+03:00,low,afternoon,15,3.0,0.33837319297255825,-2.661626807027442,2.661626807027442,1.0
11,2026-02-28 00:00:00+03:00,medium,deep_night,0,25.0,27.65151231179163,2.651512311791631,2.651512311791631,14.0
26,2026-03-23 11:00:00+03:00,medium,lunch,11,18.0,15.363271822526173,-2.6367281774738274,2.6367281774738274,14.0
434,2026-03-27 18:00:00+03:00,medium,dinner,18,14.0,11.372656146630687,-2.6273438533693128,2.6273438533693128,14.0
115,2026-02-05 11:00:00+03:00,medium,lunch,11,21.0,23.626685797289745,2.6266857972897455,2.6266857972897455,14.0
434,2026-04-03 11:00:00+03:00,medium,lunch,11,16.0,18.626456926695408,2.6264569266954076,2.6264569266954076,14.0
11,2026-04-08 06:00:00+03:00,medium,opening,6,15.0,12.37377209650312,-2.626227903496879,2.626227903496879,14.0
11,2026-03-09 00:00:00+03:00,medium,deep_night,0,22.0,24.62327594973684,2.62327594973684,2.62327594973684,14.0
115,2026-02-27 11:00:00+03:00,medium,lunch,11,22.0,24.62168754348141,2.6216875434814106,2.6216875434814106,14.0
123,2026-03-30 11:00:00+03:00,medium,lunch,11,24.0,26.620013168007784,2.620013168007784,2.620013168007784,14.0
29,2026-02-27 11:00:00+03:00,high,lunch,11,35.0,37.61915076278819,2.6191507627881876,2.6191507627881876,30.0
4,2026-02-12 11:00:00+03:00,high,lunch,11,33.0,30.384480117256118,-2.6155198827438824,2.6155198827438824,30.0
41,2026-04-10 15:00:00+03:00,low,afternoon,15,3.0,0.38547455667595143,-2.6145254433240486,2.6145254433240486,1.0
115,2026-01-28 11:00:00+03:00,medium,lunch,11,17.0,19.61444664958524,2.61444664958524,2.61444664958524,14.0
434,2026-01-28 11:00:00+03:00,medium,lunch,11,14.0,16.60887269662633,2.6088726966263316,2.6088726966263316,14.0
26,2026-02-10 11:00:00+03:00,medium,lunch,11,15.0,17.606963957690162,2.606963957690162,2.606963957690162,14.0
131,2026-02-17 15:00:00+03:00,low,afternoon,15,3.0,0.39604285038760767,-2.603957149612392,2.603957149612392,1.0
115,2026-03-23 11:00:00+03:00,medium,lunch,11,24.0,21.401599717991548,-2.598400282008452,2.598400282008452,14.0
35,2026-02-08 11:00:00+03:00,high,lunch,11,37.0,34.403830278988146,-2.5961697210118544,2.5961697210118544,30.0
25,2026-02-14 11:00:00+03:00,medium,lunch,11,19.0,16.40408491085193,-2.5959150891480682,2.5959150891480682,14.0
123,2026-02-09 11:00:00+03:00,medium,lunch,11,29.0,26.409051434566337,-2.5909485654336635,2.5909485654336635,14.0
115,2026-03-03 18:00:00+03:00,medium,dinner,18,14.0,11.41170061831471,-2.5882993816852906,2.5882993816852906,14.0
131,2026-04-03 18:00:00+03:00,low,dinner,18,3.0,0.41419345164188115,-2.5858065483581187,2.5858065483581187,1.0
11,2026-01-27 06:00:00+03:00,medium,opening,6,18.0,15.416906422170022,-2.5830935778299775,2.5830935778299775,14.0
18,2026-02-15 11:00:00+03:00,medium,lunch,11,16.0,18.577639679691256,2.5776396796912557,2.5776396796912557,14.0
25,2026-03-13 11:00:00+03:00,medium,lunch,11,18.0,20.575540177594732,2.575540177594732,2.575540177594732,14.0
20,2026-02-22 11:00:00+03:00,medium,lunch,11,15.0,12.427950277399818,-2.572049722600182,2.572049722600182,14.0
123,2026-03-18 11:00:00+03:00,medium,lunch,11,27.0,29.566322672850454,2.566322672850454,2.566322672850454,14.0
123,2026-02-06 11:00:00+03:00,medium,lunch,11,31.0,28.438267224809223,-2.5617327751907766,2.5617327751907766,14.0
131,2026-03-27 15:00:00+03:00,low,afternoon,15,3.0,0.4405771522740328,-2.5594228477259673,2.5594228477259673,1.0
115,2026-03-24 11:00:00+03:00,medium,lunch,11,20.0,22.557536792736983,2.5575367927369825,2.5575367927369825,14.0
115,2026-03-21 09:00:00+03:00,medium,morning,9,14.0,11.450408632440281,-2.549591367559719,2.549591367559719,14.0
14,2026-02-08 11:00:00+03:00,medium,lunch,11,17.0,19.549198159505128,2.549198159505128,2.549198159505128,14.0
480,2026-03-11 15:00:00+03:00,low,afternoon,15,1.0,3.543402636678958,2.543402636678958,2.543402636678958,1.0
12,2026-03-08 09:00:00+03:00,medium,morning,9,16.0,13.463201015381253,-2.5367989846187466,2.5367989846187466,14.0
8,2026-03-10 11:00:00+03:00,high,lunch,11,35.0,37.53537303830999,2.5353730383099915,2.5353730383099915,30.0
12,2026-01-25 11:00:00+03:00,medium,lunch,11,27.0,24.46501096492153,-2.534989035078471,2.534989035078471,14.0
12,2026-02-14 09:00:00+03:00,medium,morning,9,15.0,12.46724543574134,-2.53275456425866,2.53275456425866,14.0
