location_id,segment_datetime,segment,time_segment,orders_count,prediction,error,abs_error,peak_threshold
443,2026-04-06 04:00:00+03:00,low,lunch,44.0,2.2289167730495323,-41.771083226950466,41.771083226950466,1.0
69,2026-03-08 04:00:00+03:00,mega,lunch,46.0,70.95280238390717,24.95280238390717,24.95280238390717,38.0
69,2026-02-19 04:00:00+03:00,mega,lunch,71.0,46.50208926636106,-24.49791073363894,24.49791073363894,38.0
69,2026-03-09 03:00:00+03:00,mega,morning,40.0,18.446290594033247,-21.553709405966753,21.553709405966753,38.0
69,2026-02-20 04:00:00+03:00,mega,lunch,73.0,51.879402848664235,-21.120597151335765,21.120597151335765,38.0
69,2026-02-20 06:00:00+03:00,mega,dinner,53.0,32.71466476286626,-20.285335237133737,20.285335237133737,38.0
443,2026-04-09 04:00:00+03:00,low,lunch,27.0,6.800161599301781,-20.19983840069822,20.19983840069822,1.0
8,2026-02-12 04:00:00+03:00,mega,lunch,56.0,36.40908757800184,-19.590912421998162,19.590912421998162,38.0
69,2026-03-09 04:00:00+03:00,mega,lunch,72.0,53.31770267503603,-18.68229732496397,18.68229732496397,38.0
11,2026-03-21 00:00:00+03:00,medium,deep_night,11.0,29.660197153505727,18.660197153505727,18.660197153505727,10.0
69,2026-02-02 05:00:00+03:00,mega,afternoon,46.0,27.65854466949358,-18.34145533050642,18.34145533050642,38.0
16,2026-04-11 04:00:00+03:00,medium,lunch,26.0,7.821606260136706,-18.178393739863296,18.178393739863296,10.0
69,2026-03-06 04:00:00+03:00,mega,lunch,68.0,49.82423581138896,-18.17576418861104,18.17576418861104,38.0
2,2026-02-24 04:00:00+03:00,high,lunch,35.0,16.943419882524484,-18.056580117475516,18.056580117475516,25.0
69,2026-02-13 04:00:00+03:00,mega,lunch,62.0,44.65742210399943,-17.34257789600057,17.34257789600057,38.0
69,2026-02-23 06:00:00+03:00,mega,dinner,48.0,31.180235524245145,-16.819764475754855,16.819764475754855,38.0
69,2026-04-06 05:00:00+03:00,mega,afternoon,43.0,26.492745078747074,-16.507254921252926,16.507254921252926,38.0
69,2026-02-22 04:00:00+03:00,mega,lunch,38.0,54.432989488995496,16.432989488995496,16.432989488995496,38.0
69,2026-04-05 04:00:00+03:00,mega,lunch,76.0,59.97436392950435,-16.02563607049565,16.02563607049565,38.0
69,2026-03-04 04:00:00+03:00,mega,lunch,65.0,49.29622225155861,-15.70377774844139,15.70377774844139,38.0
69,2026-02-17 04:00:00+03:00,mega,lunch,60.0,44.37279861651458,-15.62720138348542,15.62720138348542,38.0
69,2026-04-11 05:00:00+03:00,mega,afternoon,42.0,26.372903413219635,-15.627096586780365,15.627096586780365,38.0
10,2026-02-03 04:00:00+03:00,medium,lunch,34.0,18.447768001302567,-15.552231998697433,15.552231998697433,10.0
16,2026-02-13 04:00:00+03:00,medium,lunch,23.0,7.465504104098917,-15.534495895901083,15.534495895901083,10.0
69,2026-03-04 06:00:00+03:00,mega,dinner,49.0,33.97056827644164,-15.02943172355836,15.02943172355836,38.0
69,2026-03-07 04:00:00+03:00,mega,lunch,73.0,58.0229160133288,-14.977083986671197,14.977083986671197,38.0
54,2026-02-22 05:00:00+03:00,medium,afternoon,22.0,7.354316722748745,-14.645683277251255,14.645683277251255,10.0
126,2026-02-19 04:00:00+03:00,high,lunch,41.0,26.689485564217104,-14.310514435782896,14.310514435782896,25.0
69,2026-02-27 04:00:00+03:00,mega,lunch,64.0,49.6914969567637,-14.3085030432363,14.3085030432363,38.0
69,2026-03-29 04:00:00+03:00,mega,lunch,50.0,64.28678281658199,14.28678281658199,14.28678281658199,38.0
7,2026-03-07 04:00:00+03:00,mega,lunch,38.0,23.905415315826062,-14.094584684173938,14.094584684173938,38.0
35,2026-04-05 04:00:00+03:00,mega,lunch,46.0,32.14241215510056,-13.857587844899442,13.857587844899442,38.0
128,2026-02-15 06:00:00+03:00,high,dinner,29.0,15.16554182700474,-13.83445817299526,13.83445817299526,25.0
128,2026-01-27 04:00:00+03:00,high,lunch,35.0,21.274687155245783,-13.725312844754217,13.725312844754217,25.0
54,2026-02-15 06:00:00+03:00,medium,dinner,22.0,8.282105287794286,-13.717894712205714,13.717894712205714,10.0
16,2026-04-09 04:00:00+03:00,medium,lunch,18.0,4.43055658962087,-13.56944341037913,13.56944341037913,10.0
16,2026-02-28 04:00:00+03:00,medium,lunch,18.0,4.4341032339114115,-13.565896766088589,13.565896766088589,10.0
69,2026-02-01 04:00:00+03:00,mega,lunch,48.0,61.546674821602046,13.546674821602046,13.546674821602046,38.0
434,2026-03-08 03:00:00+03:00,medium,morning,23.0,9.476581850024356,-13.523418149975644,13.523418149975644,10.0
128,2026-03-11 06:00:00+03:00,high,dinner,30.0,16.602411389701963,-13.397588610298037,13.397588610298037,25.0
443,2026-04-07 04:00:00+03:00,low,lunch,2.0,15.355652204262826,13.355652204262826,13.355652204262826,1.0
69,2026-02-19 05:00:00+03:00,mega,afternoon,46.0,32.67448919773888,-13.325510802261121,13.325510802261121,38.0
16,2026-02-23 04:00:00+03:00,medium,lunch,20.0,6.808828341939865,-13.191171658060135,13.191171658060135,10.0
2,2026-02-17 04:00:00+03:00,high,lunch,34.0,21.222467447425803,-12.777532552574197,12.777532552574197,25.0
54,2026-02-14 06:00:00+03:00,medium,dinner,19.0,6.256334873953811,-12.743665126046189,12.743665126046189,10.0
128,2026-04-08 06:00:00+03:00,high,dinner,28.0,15.292681547442557,-12.707318452557443,12.707318452557443,25.0
9,2026-02-08 04:00:00+03:00,high,lunch,25.0,12.313522617543356,-12.686477382456644,12.686477382456644,25.0
11,2026-03-22 00:00:00+03:00,medium,deep_night,14.0,26.596970386722063,12.596970386722063,12.596970386722063,10.0
16,2026-02-10 06:00:00+03:00,medium,dinner,15.0,2.43791625940366,-12.56208374059634,12.56208374059634,10.0
54,2026-04-11 04:00:00+03:00,medium,lunch,20.0,7.4842129698347195,-12.515787030165281,12.515787030165281,10.0
16,2026-04-07 05:00:00+03:00,medium,afternoon,16.0,3.6250871674489265,-12.374912832551074,12.374912832551074,10.0
69,2026-03-15 04:00:00+03:00,mega,lunch,51.0,63.33531335249084,12.335313352490843,12.335313352490843,38.0
123,2026-04-09 04:00:00+03:00,high,lunch,43.0,30.67229955384875,-12.327700446151251,12.327700446151251,25.0
69,2026-02-16 06:00:00+03:00,mega,dinner,46.0,33.703399749694356,-12.296600250305644,12.296600250305644,38.0
16,2026-02-12 06:00:00+03:00,medium,dinner,17.0,4.789290787918393,-12.210709212081607,12.210709212081607,10.0
69,2026-03-05 04:00:00+03:00,mega,lunch,55.0,42.826801194072516,-12.173198805927484,12.173198805927484,38.0
69,2026-03-06 06:00:00+03:00,mega,dinner,47.0,34.86787317811838,-12.13212682188162,12.13212682188162,38.0
69,2026-03-01 04:00:00+03:00,mega,lunch,43.0,55.07264604170481,12.072646041704807,12.072646041704807,38.0
69,2026-02-11 06:00:00+03:00,mega,dinner,40.0,27.951981692196224,-12.048018307803776,12.048018307803776,38.0
35,2026-04-10 04:00:00+03:00,mega,lunch,41.0,29.099837361964063,-11.900162638035937,11.900162638035937,38.0
123,2026-01-27 04:00:00+03:00,high,lunch,36.0,24.166996221076676,-11.833003778923324,11.833003778923324,25.0
4,2026-03-06 04:00:00+03:00,high,lunch,42.0,30.238721881228393,-11.761278118771607,11.761278118771607,25.0
47,2026-02-19 04:00:00+03:00,medium,lunch,19.0,7.268481064454587,-11.731518935545413,11.731518935545413,10.0
54,2026-02-07 05:00:00+03:00,medium,afternoon,18.0,6.373594414567515,-11.626405585432485,11.626405585432485,10.0
516,2026-04-12 04:00:00+03:00,low,lunch,2.0,13.53560064996245,11.53560064996245,11.53560064996245,1.0
142,2026-02-20 04:00:00+03:00,medium,lunch,25.0,13.467393934000048,-11.532606065999952,11.532606065999952,10.0
99,2026-01-25 04:00:00+03:00,mega,lunch,52.0,40.491021693486296,-11.508978306513704,11.508978306513704,38.0
69,2026-03-21 05:00:00+03:00,mega,afternoon,38.0,26.498564142078838,-11.501435857921162,11.501435857921162,38.0
16,2026-04-04 04:00:00+03:00,medium,lunch,17.0,5.53333834855701,-11.46666165144299,11.46666165144299,10.0
69,2026-03-10 05:00:00+03:00,mega,afternoon,38.0,26.61495626635406,-11.38504373364594,11.38504373364594,38.0
99,2026-02-13 04:00:00+03:00,mega,lunch,54.0,42.7230967961892,-11.276903203810797,11.276903203810797,38.0
54,2026-03-08 04:00:00+03:00,medium,lunch,15.0,3.7681758752461967,-11.231824124753803,11.231824124753803,10.0
35,2026-02-13 04:00:00+03:00,mega,lunch,41.0,29.783965060724316,-11.216034939275684,11.216034939275684,38.0
99,2026-03-07 04:00:00+03:00,mega,lunch,54.0,42.816222993994565,-11.183777006005435,11.183777006005435,38.0
11,2026-02-22 00:00:00+03:00,medium,deep_night,17.0,28.153259145038614,11.153259145038614,11.153259145038614,10.0
35,2026-03-20 04:00:00+03:00,mega,lunch,39.0,27.849398924629043,-11.150601075370957,11.150601075370957,38.0
21,2026-03-08 04:00:00+03:00,high,lunch,35.0,23.87110058565629,-11.12889941434371,11.12889941434371,25.0
69,2026-04-05 05:00:00+03:00,mega,afternoon,40.0,28.90112410001517,-11.09887589998483,11.09887589998483,38.0
128,2026-02-12 06:00:00+03:00,high,dinner,28.0,16.93249618928705,-11.06750381071295,11.06750381071295,25.0
36,2026-04-11 04:00:00+03:00,medium,lunch,14.0,2.9341215958631945,-11.065878404136805,11.065878404136805,10.0
516,2026-04-11 04:00:00+03:00,low,lunch,3.0,14.063645634837902,11.063645634837902,11.063645634837902,1.0
33,2026-03-23 04:00:00+03:00,high,lunch,34.0,22.950528053609872,-11.049471946390128,11.049471946390128,25.0
115,2026-02-04 04:00:00+03:00,high,lunch,33.0,22.008937872696702,-10.991062127303298,10.991062127303298,25.0
16,2026-04-07 04:00:00+03:00,medium,lunch,18.0,7.010634671918785,-10.989365328081215,10.989365328081215,10.0
8,2026-04-08 04:00:00+03:00,mega,lunch,46.0,35.03317616970304,-10.96682383029696,10.96682383029696,38.0
11,2026-03-28 00:00:00+03:00,medium,deep_night,13.0,23.8613583512329,10.861358351232901,10.861358351232901,10.0
54,2026-01-31 04:00:00+03:00,medium,lunch,14.0,3.251249831109636,-10.748750168890364,10.748750168890364,10.0
10,2026-02-19 04:00:00+03:00,medium,lunch,30.0,19.267332307336254,-10.732667692663746,10.732667692663746,10.0
35,2026-04-01 04:00:00+03:00,mega,lunch,38.0,27.28502069669206,-10.714979303307938,10.714979303307938,38.0
101,2026-03-01 04:00:00+03:00,high,lunch,28.0,17.312445296212484,-10.687554703787516,10.687554703787516,25.0
69,2026-02-14 04:00:00+03:00,mega,lunch,78.0,67.32757222090478,-10.672427779095216,10.672427779095216,38.0
16,2026-04-06 04:00:00+03:00,medium,lunch,17.0,6.330825423159627,-10.669174576840373,10.669174576840373,10.0
69,2026-02-15 04:00:00+03:00,mega,lunch,68.0,57.38980752552512,-10.610192474474879,10.610192474474879,38.0
434,2026-04-09 06:00:00+03:00,medium,dinner,23.0,12.428032094542495,-10.571967905457505,10.571967905457505,10.0
11,2026-03-23 00:00:00+03:00,medium,deep_night,13.0,23.489873211825184,10.489873211825184,10.489873211825184,10.0
128,2026-02-11 06:00:00+03:00,high,dinner,25.0,14.547010901362972,-10.452989098637028,10.452989098637028,25.0
443,2026-03-03 04:00:00+03:00,low,lunch,20.0,9.595555392276736,-10.404444607723264,10.404444607723264,1.0
69,2026-02-13 05:00:00+03:00,mega,afternoon,38.0,27.62523031812902,-10.37476968187098,10.37476968187098,38.0
29,2026-01-31 04:00:00+03:00,mega,lunch,47.0,36.63453988741549,-10.365460112584508,10.365460112584508,38.0
16,2026-04-05 04:00:00+03:00,medium,lunch,18.0,7.6829378139188425,-10.317062186081158,10.317062186081158,10.0
16,2026-04-10 04:00:00+03:00,medium,lunch,18.0,7.690853519850931,-10.309146480149069,10.309146480149069,10.0
54,2026-02-21 05:00:00+03:00,medium,afternoon,18.0,7.697437420266512,-10.302562579733488,10.302562579733488,10.0
69,2026-02-21 04:00:00+03:00,mega,lunch,47.0,57.29444540790735,10.294445407907347,10.294445407907347,38.0
10,2026-02-10 04:00:00+03:00,medium,lunch,28.0,17.74871601442885,-10.251283985571149,10.251283985571149,10.0
11,2026-04-13 00:00:00+03:00,medium,deep_night,12.0,22.242887994061334,10.242887994061334,10.242887994061334,10.0
54,2026-04-10 04:00:00+03:00,medium,lunch,15.0,4.779731420905296,-10.220268579094704,10.220268579094704,10.0
54,2026-02-16 05:00:00+03:00,medium,afternoon,15.0,4.82037934822792,-10.17962065177208,10.17962065177208,10.0
16,2026-02-22 04:00:00+03:00,medium,lunch,15.0,4.9233778747655,-10.0766221252345,10.0766221252345,10.0
54,2026-02-21 06:00:00+03:00,medium,dinner,19.0,8.927809041048851,-10.072190958951149,10.072190958951149,10.0
69,2026-04-07 06:00:00+03:00,mega,dinner,40.0,29.933183683304435,-10.066816316695565,10.066816316695565,38.0
35,2026-02-27 04:00:00+03:00,mega,lunch,39.0,28.947906937250814,-10.052093062749186,10.052093062749186,38.0
16,2026-04-12 06:00:00+03:00,medium,dinner,15.0,4.974428422639111,-10.025571577360889,10.025571577360889,10.0
8,2026-01-26 04:00:00+03:00,mega,lunch,44.0,33.981283870217666,-10.018716129782334,10.018716129782334,38.0
2,2026-04-02 04:00:00+03:00,high,lunch,30.0,20.001757331984685,-9.998242668015315,9.998242668015315,25.0
11,2026-03-12 00:00:00+03:00,medium,deep_night,14.0,23.98174303836433,9.981743038364328,9.981743038364328,10.0
54,2026-04-11 05:00:00+03:00,medium,afternoon,18.0,8.023156009226636,-9.976843990773364,9.976843990773364,10.0
11,2026-04-08 00:00:00+03:00,medium,deep_night,14.0,23.967913374614373,9.967913374614373,9.967913374614373,10.0
54,2026-04-04 06:00:00+03:00,medium,dinner,14.0,4.038941732047674,-9.961058267952325,9.961058267952325,10.0
16,2026-03-09 04:00:00+03:00,medium,lunch,15.0,5.1051123210783835,-9.894887678921616,9.894887678921616,10.0
434,2026-03-06 04:00:00+03:00,medium,lunch,11.0,20.873348325277313,9.873348325277313,9.873348325277313,10.0
99,2026-02-21 04:00:00+03:00,mega,lunch,55.0,45.12955366967972,-9.870446330320277,9.870446330320277,38.0
7,2026-02-19 04:00:00+03:00,mega,lunch,39.0,29.142492700611296,-9.857507299388704,9.857507299388704,38.0
69,2026-01-25 04:00:00+03:00,mega,lunch,64.0,54.14579045806442,-9.854209541935582,9.854209541935582,38.0
1,2026-04-06 05:00:00+03:00,medium,afternoon,15.0,5.171576422238208,-9.828423577761793,9.828423577761793,10.0
16,2026-03-21 04:00:00+03:00,medium,lunch,15.0,5.19348963329467,-9.80651036670533,9.80651036670533,10.0
2,2026-03-03 04:00:00+03:00,high,lunch,29.0,19.202055435010728,-9.797944564989272,9.797944564989272,25.0
69,2026-03-23 04:00:00+03:00,mega,lunch,38.0,47.78461916872226,9.784619168722259,9.784619168722259,38.0
54,2026-02-04 04:00:00+03:00,medium,lunch,14.0,4.269626039717188,-9.730373960282812,9.730373960282812,10.0
35,2026-03-21 04:00:00+03:00,mega,lunch,43.0,33.327856526269514,-9.672143473730486,9.672143473730486,38.0
11,2026-02-23 00:00:00+03:00,medium,deep_night,31.0,21.360108613859897,-9.639891386140103,9.639891386140103,10.0
10,2026-03-03 04:00:00+03:00,medium,lunch,10.0,19.636952557437425,9.636952557437425,9.636952557437425,10.0
99,2026-04-11 04:00:00+03:00,mega,lunch,56.0,46.367100307505446,-9.632899692494554,9.632899692494554,38.0
39,2026-02-14 04:00:00+03:00,high,lunch,25.0,34.62793885267247,9.627938852672472,9.627938852672472,25.0
69,2026-02-16 05:00:00+03:00,mega,afternoon,41.0,31.38462976955788,-9.615370230442121,9.615370230442121,38.0
11,2026-03-04 00:00:00+03:00,medium,deep_night,15.0,24.607840893810046,9.607840893810046,9.607840893810046,10.0
54,2026-02-15 04:00:00+03:00,medium,lunch,15.0,5.431249267003444,-9.568750732996556,9.568750732996556,10.0
35,2026-02-28 04:00:00+03:00,mega,lunch,39.0,29.477731328786597,-9.522268671213403,9.522268671213403,38.0
11,2026-02-08 00:00:00+03:00,medium,deep_night,17.0,26.508069728861646,9.508069728861646,9.508069728861646,10.0
434,2026-03-07 03:00:00+03:00,medium,morning,18.0,8.528602207696068,-9.471397792303932,9.471397792303932,10.0
33,2026-03-04 04:00:00+03:00,high,lunch,32.0,22.57191361746727,-9.42808638253273,9.42808638253273,25.0
16,2026-04-12 04:00:00+03:00,medium,lunch,17.0,7.587643428671835,-9.412356571328164,9.412356571328164,10.0
11,2026-04-05 00:00:00+03:00,medium,deep_night,16.0,25.396583060666014,9.396583060666014,9.396583060666014,10.0
434,2026-01-27 03:00:00+03:00,medium,morning,14.0,4.607294131778096,-9.392705868221903,9.392705868221903,10.0
16,2026-04-02 04:00:00+03:00,medium,lunch,13.0,3.609976051927532,-9.390023948072468,9.390023948072468,10.0
434,2026-04-10 03:00:00+03:00,medium,morning,16.0,6.631973014404084,-9.368026985595916,9.368026985595916,10.0
54,2026-02-14 05:00:00+03:00,medium,afternoon,15.0,5.639653271920024,-9.360346728079975,9.360346728079975,10.0
69,2026-02-12 04:00:00+03:00,mega,lunch,39.0,48.35906208142429,9.359062081424291,9.359062081424291,38.0
16,2026-02-09 05:00:00+03:00,medium,afternoon,11.0,1.6710610733571358,-9.328938926642865,9.328938926642865,10.0
16,2026-02-15 04:00:00+03:00,medium,lunch,15.0,5.704778775861527,-9.295221224138473,9.295221224138473,10.0
434,2026-03-29 04:00:00+03:00,medium,lunch,10.0,19.274966621835368,9.274966621835368,9.274966621835368,10.0
2,2026-02-19 04:00:00+03:00,high,lunch,32.0,22.729707148829448,-9.270292851170552,9.270292851170552,25.0
69,2026-04-04 04:00:00+03:00,mega,lunch,70.0,60.73808521430033,-9.261914785699673,9.261914785699673,38.0
54,2026-02-09 06:00:00+03:00,medium,dinner,16.0,6.754023215314282,-9.245976784685718,9.245976784685718,10.0
10,2026-03-06 04:00:00+03:00,medium,lunch,27.0,17.818140518816975,-9.181859481183025,9.181859481183025,10.0
54,2026-02-03 05:00:00+03:00,medium,afternoon,13.0,3.876395773861808,-9.123604226138191,9.123604226138191,10.0
16,2026-03-15 04:00:00+03:00,medium,lunch,15.0,5.967736555816901,-9.032263444183098,9.032263444183098,10.0
69,2026-03-13 04:00:00+03:00,mega,lunch,57.0,47.96979978607052,-9.030200213929483,9.030200213929483,38.0
25,2026-03-19 04:00:00+03:00,medium,lunch,10.0,19.011489660295965,9.011489660295965,9.011489660295965,10.0
14,2026-04-10 04:00:00+03:00,high,lunch,26.0,17.01123245004301,-8.98876754995699,8.98876754995699,25.0
20,2026-03-08 03:00:00+03:00,medium,morning,16.0,7.02308738667041,-8.97691261332959,8.97691261332959,10.0
11,2026-03-13 00:00:00+03:00,medium,deep_night,13.0,21.97571332677836,8.975713326778362,8.975713326778362,10.0
69,2026-03-08 03:00:00+03:00,mega,morning,42.0,33.029599492961395,-8.970400507038605,8.970400507038605,38.0
33,2026-04-05 04:00:00+03:00,high,lunch,28.0,19.042066864577492,-8.957933135422508,8.957933135422508,25.0
69,2026-02-16 04:00:00+03:00,mega,lunch,57.0,48.08216890031614,-8.917831099683859,8.917831099683859,38.0
69,2026-03-15 06:00:00+03:00,mega,dinner,41.0,32.084555900033855,-8.915444099966145,8.915444099966145,38.0
123,2026-02-16 04:00:00+03:00,high,lunch,38.0,29.09701608905339,-8.90298391094661,8.90298391094661,25.0
16,2026-03-24 04:00:00+03:00,medium,lunch,13.0,4.104864699697624,-8.895135300302375,8.895135300302375,10.0
126,2026-02-24 04:00:00+03:00,high,lunch,31.0,22.13573613829451,-8.864263861705489,8.864263861705489,25.0
434,2026-02-23 05:00:00+03:00,medium,afternoon,21.0,12.148992932476943,-8.851007067523057,8.851007067523057,10.0
16,2026-02-12 04:00:00+03:00,medium,lunch,15.0,6.151745668668539,-8.84825433133146,8.84825433133146,10.0
11,2026-03-16 00:00:00+03:00,medium,deep_night,18.0,26.823193018008073,8.823193018008073,8.823193018008073,10.0
33,2026-02-12 04:00:00+03:00,high,lunch,32.0,23.184219197680022,-8.815780802319978,8.815780802319978,25.0
11,2026-02-06 00:00:00+03:00,medium,deep_night,11.0,19.796403688688834,8.796403688688834,8.796403688688834,10.0
12,2026-03-08 04:00:00+03:00,high,lunch,35.0,26.245139843997176,-8.754860156002824,8.754860156002824,25.0
16,2026-03-19 06:00:00+03:00,medium,dinner,12.0,3.2643854180908822,-8.735614581909118,8.735614581909118,10.0
102,2026-02-14 06:00:00+03:00,medium,dinner,10.0,1.3883999066582025,-8.611600093341798,8.611600093341798,10.0
16,2026-02-13 03:00:00+03:00,medium,morning,11.0,2.4219788528773067,-8.578021147122694,8.578021147122694,10.0
4,2026-03-23 04:00:00+03:00,high,lunch,35.0,26.42984157627264,-8.57015842372736,8.57015842372736,25.0
36,2026-04-11 02:00:00+03:00,medium,early_morning,10.0,1.451442615415897,-8.548557384584104,8.548557384584104,10.0
115,2026-02-16 04:00:00+03:00,high,lunch,30.0,21.480051717241658,-8.519948282758342,8.519948282758342,25.0
69,2026-01-27 04:00:00+03:00,mega,lunch,49.0,40.4833193591177,-8.5166806408823,8.5166806408823,38.0
54,2026-02-20 05:00:00+03:00,medium,afternoon,14.0,5.5024663249788714,-8.497533675021128,8.497533675021128,10.0
54,2026-03-12 05:00:00+03:00,medium,afternoon,13.0,4.5164368060126785,-8.483563193987322,8.483563193987322,10.0
99,2026-01-29 04:00:00+03:00,mega,lunch,41.0,32.516692001494775,-8.483307998505225,8.483307998505225,38.0
18,2026-03-15 04:00:00+03:00,medium,lunch,13.0,21.4816089586335,8.481608958633501,8.481608958633501,10.0
16,2026-04-10 06:00:00+03:00,medium,dinner,13.0,4.560410500082882,-8.439589499917119,8.439589499917119,10.0
54,2026-03-22 06:00:00+03:00,medium,dinner,12.0,3.5677892788259826,-8.432210721174018,8.432210721174018,10.0
54,2026-03-13 05:00:00+03:00,medium,afternoon,15.0,6.594068062542757,-8.405931937457243,8.405931937457243,10.0
8,2026-02-03 04:00:00+03:00,mega,lunch,42.0,33.59969849783539,-8.40030150216461,8.40030150216461,38.0
54,2026-02-13 04:00:00+03:00,medium,lunch,13.0,4.643995040548382,-8.356004959451617,8.356004959451617,10.0
4,2026-04-09 04:00:00+03:00,high,lunch,38.0,29.671038497258696,-8.328961502741304,8.328961502741304,25.0
37,2026-02-13 04:00:00+03:00,medium,lunch,21.0,12.685500662302212,-8.314499337697788,8.314499337697788,10.0
4,2026-02-09 04:00:00+03:00,high,lunch,36.0,27.692439711812124,-8.307560288187876,8.307560288187876,25.0
101,2026-01-31 04:00:00+03:00,high,lunch,25.0,16.694600814909045,-8.305399185090955,8.305399185090955,25.0
479,2026-03-17 01:00:00+03:00,medium,opening,13.0,4.726365650916145,-8.273634349083855,8.273634349083855,10.0
16,2026-02-11 04:00:00+03:00,medium,lunch,13.0,4.739737975166839,-8.26026202483316,8.26026202483316,10.0
54,2026-02-08 06:00:00+03:00,medium,dinner,16.0,7.763693290716594,-8.236306709283406,8.236306709283406,10.0
16,2026-03-28 04:00:00+03:00,medium,lunch,13.0,4.780792648309085,-8.219207351690915,8.219207351690915,10.0
11,2026-02-05 00:00:00+03:00,medium,deep_night,13.0,21.207921908197424,8.207921908197424,8.207921908197424,10.0
16,2026-02-19 05:00:00+03:00,medium,afternoon,11.0,2.809403930703477,-8.190596069296523,8.190596069296523,10.0
69,2026-02-06 06:00:00+03:00,mega,dinner,39.0,30.82521736324935,-8.174782636750649,8.174782636750649,38.0
54,2026-02-20 06:00:00+03:00,medium,dinner,14.0,5.849079652782202,-8.150920347217799,8.150920347217799,10.0
54,2026-02-27 06:00:00+03:00,medium,dinner,12.0,3.8553939339020857,-8.144606066097914,8.144606066097914,10.0
69,2026-03-28 04:00:00+03:00,mega,lunch,52.0,60.14360684556301,8.143606845563014,8.143606845563014,38.0
18,2026-01-29 05:00:00+03:00,medium,afternoon,14.0,5.869410182234103,-8.130589817765898,8.130589817765898,10.0
126,2026-01-27 04:00:00+03:00,high,lunch,29.0,20.871954404523713,-8.128045595476287,8.128045595476287,25.0
99,2026-02-08 04:00:00+03:00,mega,lunch,40.0,48.12759121594884,8.12759121594884,8.12759121594884,38.0
443,2026-03-05 04:00:00+03:00,low,lunch,1.0,9.106562149442814,8.106562149442814,8.106562149442814,1.0
123,2026-02-18 04:00:00+03:00,high,lunch,40.0,31.90940835550558,-8.09059164449442,8.09059164449442,25.0
33,2026-02-15 04:00:00+03:00,high,lunch,32.0,23.91274538334291,-8.087254616657091,8.087254616657091,25.0
25,2026-02-12 04:00:00+03:00,medium,lunch,25.0,16.91630145188642,-8.083698548113581,8.083698548113581,10.0
11,2026-03-02 00:00:00+03:00,medium,deep_night,19.0,27.055842793847283,8.055842793847283,8.055842793847283,10.0
16,2026-02-23 06:00:00+03:00,medium,dinner,11.0,2.961553990300719,-8.038446009699282,8.038446009699282,10.0
11,2026-01-26 01:00:00+03:00,medium,opening,22.0,13.9710712896256,-8.0289287103744,8.0289287103744,10.0
54,2026-04-12 04:00:00+03:00,medium,lunch,17.0,8.972691997165825,-8.027308002834175,8.027308002834175,10.0
26,2026-02-11 04:00:00+03:00,medium,lunch,10.0,18.017316075993172,8.017316075993172,8.017316075993172,10.0
126,2026-02-27 04:00:00+03:00,high,lunch,35.0,26.985473341716663,-8.014526658283337,8.014526658283337,25.0
8,2026-02-10 04:00:00+03:00,mega,lunch,41.0,32.98702418283389,-8.012975817166108,8.012975817166108,38.0
123,2026-03-23 04:00:00+03:00,high,lunch,35.0,27.03948404998221,-7.96051595001779,7.96051595001779,25.0
54,2026-02-20 04:00:00+03:00,medium,lunch,15.0,7.06020375275969,-7.93979624724031,7.93979624724031,10.0
16,2026-02-20 04:00:00+03:00,medium,lunch,12.0,4.062013214229857,-7.937986785770143,7.937986785770143,10.0
38,2026-02-22 06:00:00+03:00,medium,dinner,15.0,7.072590563205438,-7.927409436794562,7.927409436794562,10.0
47,2026-02-16 04:00:00+03:00,medium,lunch,13.0,5.082049505837345,-7.917950494162655,7.917950494162655,10.0
434,2026-03-06 05:00:00+03:00,medium,afternoon,21.0,13.088991715448742,-7.911008284551258,7.911008284551258,10.0
478,2026-02-15 06:00:00+03:00,low,dinner,1.0,8.898401310777714,7.8984013107777145,7.8984013107777145,1.0
10,2026-02-16 04:00:00+03:00,medium,lunch,25.0,17.113888901153835,-7.886111098846165,7.886111098846165,10.0
16,2026-03-12 05:00:00+03:00,medium,afternoon,10.0,2.1156946350650396,-7.88430536493496,7.88430536493496,10.0
10,2026-01-27 05:00:00+03:00,medium,afternoon,15.0,7.121704865642076,-7.878295134357924,7.878295134357924,10.0
298,2026-02-14 06:00:00+03:00,medium,dinner,10.0,2.1228485936991603,-7.87715140630084,7.87715140630084,10.0
38,2026-03-17 07:00:00+03:00,medium,late_evening,13.0,5.130275790064546,-7.869724209935454,7.869724209935454,10.0
54,2026-02-23 04:00:00+03:00,medium,lunch,13.0,5.14622118166935,-7.85377881833065,7.85377881833065,10.0
2,2026-01-30 04:00:00+03:00,high,lunch,26.0,18.146484276374885,-7.853515723625115,7.853515723625115,25.0
16,2026-02-26 06:00:00+03:00,medium,dinner,11.0,3.167277394885278,-7.832722605114721,7.832722605114721,10.0
69,2026-03-13 06:00:00+03:00,mega,dinner,45.0,37.18416600416768,-7.815833995832321,7.815833995832321,38.0
69,2026-02-15 06:00:00+03:00,mega,dinner,39.0,31.222257956617913,-7.777742043382087,7.777742043382087,38.0
128,2026-02-06 04:00:00+03:00,high,lunch,33.0,25.228160765281572,-7.771839234718428,7.771839234718428,25.0
54,2026-02-08 05:00:00+03:00,medium,afternoon,16.0,8.246959080125679,-7.753040919874321,7.753040919874321,10.0
69,2026-02-24 04:00:00+03:00,mega,lunch,38.0,45.74380964803273,7.74380964803273,7.74380964803273,38.0
479,2026-03-10 01:00:00+03:00,medium,opening,12.0,4.261069614728963,-7.738930385271037,7.738930385271037,10.0
11,2026-02-16 00:00:00+03:00,medium,deep_night,15.0,22.713569241747457,7.713569241747457,7.713569241747457,10.0
16,2026-03-14 04:00:00+03:00,medium,lunch,12.0,4.297251526048082,-7.702748473951918,7.702748473951918,10.0
10,2026-02-17 04:00:00+03:00,medium,lunch,27.0,19.304334747695506,-7.695665252304494,7.695665252304494,10.0
123,2026-04-13 04:00:00+03:00,high,lunch,33.0,25.308906185509343,-7.691093814490657,7.691093814490657,25.0
8,2026-02-19 04:00:00+03:00,mega,lunch,44.0,36.31253615127037,-7.687463848729628,7.687463848729628,38.0
18,2026-01-31 03:00:00+03:00,medium,morning,18.0,10.317919608400047,-7.682080391599953,7.682080391599953,10.0
54,2026-02-28 05:00:00+03:00,medium,afternoon,14.0,6.319795495970861,-7.680204504029139,7.680204504029139,10.0
47,2026-02-02 04:00:00+03:00,medium,lunch,14.0,6.332140667507285,-7.667859332492715,7.667859332492715,10.0
54,2026-02-19 04:00:00+03:00,medium,lunch,12.0,4.336830086561137,-7.663169913438863,7.663169913438863,10.0
16,2026-02-14 04:00:00+03:00,medium,lunch,17.0,9.342555922633174,-7.657444077366826,7.657444077366826,10.0
25,2026-03-07 03:00:00+03:00,medium,morning,15.0,7.344664729736801,-7.655335270263199,7.655335270263199,10.0
47,2026-02-05 05:00:00+03:00,medium,afternoon,10.0,2.349710840571318,-7.650289159428683,7.650289159428683,10.0
16,2026-02-15 06:00:00+03:00,medium,dinner,11.0,3.3719094059391987,-7.628090594060801,7.628090594060801,10.0
10,2026-02-24 04:00:00+03:00,medium,lunch,24.0,16.386890609852067,-7.613109390147933,7.613109390147933,10.0
54,2026-01-30 06:00:00+03:00,medium,dinner,11.0,3.3938276582904106,-7.6061723417095894,7.6061723417095894,10.0
69,2026-04-07 04:00:00+03:00,mega,lunch,52.0,44.40333236400596,-7.596667635994038,7.596667635994038,38.0
16,2026-02-10 04:00:00+03:00,medium,lunch,11.0,3.4044025713200785,-7.5955974286799215,7.5955974286799215,10.0
128,2026-02-28 04:00:00+03:00,high,lunch,32.0,24.416023876935434,-7.583976123064566,7.583976123064566,25.0
434,2026-03-09 04:00:00+03:00,medium,lunch,27.0,19.42046665524959,-7.579533344750409,7.579533344750409,10.0
128,2026-02-01 04:00:00+03:00,high,lunch,33.0,25.426555610023918,-7.573444389976082,7.573444389976082,25.0
69,2026-03-17 06:00:00+03:00,mega,dinner,42.0,34.436765610571655,-7.563234389428345,7.563234389428345,38.0
142,2026-03-11 04:00:00+03:00,medium,lunch,19.0,11.453084817304223,-7.546915182695777,7.546915182695777,10.0
10,2026-03-09 04:00:00+03:00,medium,lunch,11.0,18.509550648770627,7.509550648770627,7.509550648770627,10.0
10,2026-04-03 04:00:00+03:00,medium,lunch,11.0,18.504232931521784,7.504232931521784,7.504232931521784,10.0
26,2026-03-09 04:00:00+03:00,medium,lunch,10.0,17.495328966832354,7.4953289668323535,7.4953289668323535,10.0
4,2026-04-10 04:00:00+03:00,high,lunch,38.0,30.5136359330671,-7.4863640669329,7.4863640669329,25.0
1,2026-03-02 04:00:00+03:00,medium,lunch,19.0,11.524447979921543,-7.475552020078457,7.475552020078457,10.0
16,2026-03-15 06:00:00+03:00,medium,dinner,11.0,3.526388254913944,-7.473611745086056,7.473611745086056,10.0
479,2026-03-03 01:00:00+03:00,medium,opening,13.0,5.569791552747762,-7.430208447252238,7.430208447252238,10.0
16,2026-02-12 05:00:00+03:00,medium,afternoon,10.0,2.5711382236010962,-7.428861776398904,7.428861776398904,10.0
69,2026-04-11 04:00:00+03:00,mega,lunch,53.0,60.417744619563315,7.417744619563315,7.417744619563315,38.0
10,2026-01-25 04:00:00+03:00,medium,lunch,19.0,11.584064339041912,-7.4159356609580875,7.4159356609580875,10.0
29,2026-02-15 04:00:00+03:00,mega,lunch,45.0,37.5901451964471,-7.4098548035529035,7.4098548035529035,38.0
10,2026-03-02 04:00:00+03:00,medium,lunch,24.0,16.59501469034314,-7.404985309656858,7.404985309656858,10.0
69,2026-02-02 06:00:00+03:00,mega,dinner,38.0,30.59899835360777,-7.401001646392231,7.401001646392231,38.0
434,2026-04-06 04:00:00+03:00,medium,lunch,12.0,19.39604537948896,7.39604537948896,7.39604537948896,10.0
1,2026-02-05 04:00:00+03:00,medium,lunch,20.0,12.61660621279913,-7.38339378720087,7.38339378720087,10.0
478,2026-02-14 06:00:00+03:00,low,dinner,13.0,5.685047141721013,-7.314952858278987,7.314952858278987,1.0
29,2026-02-12 04:00:00+03:00,mega,lunch,46.0,38.712972148198475,-7.2870278518015255,7.2870278518015255,38.0
123,2026-01-30 04:00:00+03:00,high,lunch,35.0,27.715684209134356,-7.284315790865644,7.284315790865644,25.0
99,2026-03-15 04:00:00+03:00,mega,lunch,40.0,47.27676044572723,7.276760445727227,7.276760445727227,38.0
54,2026-03-08 06:00:00+03:00,medium,dinner,13.0,5.724550520461176,-7.275449479538824,7.275449479538824,10.0
16,2026-03-18 04:00:00+03:00,medium,lunch,12.0,4.732852440675647,-7.267147559324353,7.267147559324353,10.0
18,2026-04-05 03:00:00+03:00,medium,morning,19.0,11.748530374549599,-7.251469625450401,7.251469625450401,10.0
54,2026-01-28 05:00:00+03:00,medium,afternoon,10.0,2.758097954239143,-7.241902045760857,7.241902045760857,10.0
99,2026-02-07 04:00:00+03:00,mega,lunch,41.0,48.2407635450672,7.240763545067203,7.240763545067203,38.0
25,2026-01-30 04:00:00+03:00,medium,lunch,10.0,17.23847163792363,7.238471637923631,7.238471637923631,10.0
54,2026-04-07 06:00:00+03:00,medium,dinner,13.0,5.778578308139407,-7.221421691860593,7.221421691860593,10.0
479,2026-02-17 01:00:00+03:00,medium,opening,10.0,2.7803969035486737,-7.219603096451326,7.219603096451326,10.0
11,2026-03-10 00:00:00+03:00,medium,deep_night,11.0,18.218661574131193,7.218661574131193,7.218661574131193,10.0
4,2026-03-25 04:00:00+03:00,high,lunch,26.0,33.20414958980857,7.204149589808573,7.204149589808573,25.0
434,2026-01-31 04:00:00+03:00,medium,lunch,13.0,20.20326117661775,7.203261176617751,7.203261176617751,10.0
128,2026-02-17 04:00:00+03:00,high,lunch,32.0,24.810700900302933,-7.189299099697067,7.189299099697067,25.0
12,2026-03-09 04:00:00+03:00,high,lunch,31.0,23.812115265309778,-7.187884734690222,7.187884734690222,25.0
16,2026-03-08 04:00:00+03:00,medium,lunch,12.0,4.8193642310478255,-7.1806357689521745,7.1806357689521745,10.0
54,2026-04-01 06:00:00+03:00,medium,dinner,11.0,3.829135286678411,-7.170864713321588,7.170864713321588,10.0
20,2026-04-05 06:00:00+03:00,medium,dinner,15.0,7.836011565673559,-7.163988434326441,7.163988434326441,10.0
434,2026-01-25 04:00:00+03:00,medium,lunch,26.0,18.848057599562402,-7.151942400437598,7.151942400437598,10.0
18,2026-02-23 04:00:00+03:00,medium,lunch,21.0,13.861230442329521,-7.138769557670479,7.138769557670479,10.0
11,2026-02-02 00:00:00+03:00,medium,deep_night,15.0,22.12362832510776,7.1236283251077595,7.1236283251077595,10.0
16,2026-04-06 06:00:00+03:00,medium,dinner,12.0,4.884713605240192,-7.115286394759808,7.115286394759808,10.0
11,2026-03-13 01:00:00+03:00,medium,opening,10.0,17.095134259097698,7.095134259097698,7.095134259097698,10.0
434,2026-01-31 03:00:00+03:00,medium,morning,14.0,6.911022796109728,-7.088977203890272,7.088977203890272,10.0
16,2026-03-19 04:00:00+03:00,medium,lunch,12.0,4.916482035274374,-7.083517964725626,7.083517964725626,10.0
123,2026-03-12 04:00:00+03:00,high,lunch,37.0,29.927244170682552,-7.0727558293174475,7.0727558293174475,25.0
12,2026-02-23 04:00:00+03:00,high,lunch,29.0,21.934536117124434,-7.065463882875566,7.065463882875566,25.0
434,2026-02-08 05:00:00+03:00,medium,afternoon,17.0,9.938830277819903,-7.061169722180097,7.061169722180097,10.0
54,2026-01-25 06:00:00+03:00,medium,dinner,12.0,4.941917704798028,-7.058082295201972,7.058082295201972,10.0
8,2026-03-15 04:00:00+03:00,mega,lunch,43.0,35.942041124594056,-7.057958875405944,7.057958875405944,38.0
14,2026-02-15 04:00:00+03:00,high,lunch,26.0,18.95510346190902,-7.044896538090981,7.044896538090981,25.0
480,2026-03-06 05:00:00+03:00,low,afternoon,1.0,8.025958247054653,7.025958247054653,7.025958247054653,1.0
69,2026-03-12 04:00:00+03:00,mega,lunch,46.0,53.02299475469857,7.022994754698573,7.022994754698573,38.0
12,2026-02-13 04:00:00+03:00,high,lunch,32.0,24.979192826905184,-7.020807173094816,7.020807173094816,25.0
4,2026-02-11 04:00:00+03:00,high,lunch,37.0,29.983271626333416,-7.016728373666584,7.016728373666584,25.0
54,2026-02-16 06:00:00+03:00,medium,dinner,14.0,6.983956753177029,-7.016043246822971,7.016043246822971,10.0
54,2026-04-02 06:00:00+03:00,medium,dinner,12.0,4.990777559800749,-7.009222440199251,7.009222440199251,10.0
11,2026-01-27 00:00:00+03:00,medium,deep_night,10.0,17.007962324501825,7.007962324501825,7.007962324501825,10.0
434,2026-01-25 06:00:00+03:00,medium,dinner,20.0,13.007578387292122,-6.9924216127078775,6.9924216127078775,10.0
54,2026-04-04 04:00:00+03:00,medium,lunch,10.0,3.01442979478945,-6.98557020521055,6.98557020521055,10.0
11,2026-03-11 00:00:00+03:00,medium,deep_night,16.0,22.969099326607406,6.969099326607406,6.969099326607406,10.0
481,2026-04-11 05:00:00+03:00,low,afternoon,1.0,7.918507378526872,6.918507378526872,6.918507378526872,1.0
26,2026-02-06 06:00:00+03:00,medium,dinner,15.0,8.096188858394367,-6.903811141605633,6.903811141605633,10.0
25,2026-01-25 04:00:00+03:00,medium,lunch,21.0,14.104273528502544,-6.895726471497456,6.895726471497456,10.0
37,2026-01-28 04:00:00+03:00,medium,lunch,19.0,12.109188473687034,-6.890811526312966,6.890811526312966,10.0
69,2026-02-14 03:00:00+03:00,mega,morning,42.0,35.11506692145579,-6.884933078544208,6.884933078544208,38.0
16,2026-04-11 03:00:00+03:00,medium,morning,10.0,3.123767534406638,-6.876232465593362,6.876232465593362,10.0
18,2026-03-15 03:00:00+03:00,medium,morning,17.0,10.143476755690218,-6.856523244309782,6.856523244309782,10.0
54,2026-03-16 06:00:00+03:00,medium,dinner,12.0,5.150049963724641,-6.849950036275359,6.849950036275359,10.0
516,2026-04-10 04:00:00+03:00,low,lunch,2.0,8.847307369884222,6.847307369884222,6.847307369884222,1.0
21,2026-01-25 04:00:00+03:00,high,lunch,29.0,22.164254335016107,-6.835745664983893,6.835745664983893,25.0
11,2026-03-09 00:00:00+03:00,medium,deep_night,22.0,28.83422736238677,6.83422736238677,6.83422736238677,10.0
99,2026-03-09 04:00:00+03:00,mega,lunch,39.0,45.829277051210774,6.829277051210774,6.829277051210774,38.0
11,2026-01-30 01:00:00+03:00,medium,opening,21.0,14.173302411999531,-6.826697588000469,6.826697588000469,10.0
69,2026-03-09 06:00:00+03:00,mega,dinner,42.0,35.182879861851006,-6.817120138148994,6.817120138148994,38.0
69,2026-02-01 06:00:00+03:00,mega,dinner,40.0,33.198914749691504,-6.801085250308496,6.801085250308496,38.0
115,2026-03-06 04:00:00+03:00,high,lunch,32.0,25.206762667236678,-6.793237332763322,6.793237332763322,25.0
69,2026-03-20 04:00:00+03:00,mega,lunch,55.0,48.22281140638555,-6.777188593614447,6.777188593614447,38.0
25,2026-02-15 04:00:00+03:00,medium,lunch,21.0,14.237071833106212,-6.762928166893788,6.762928166893788,10.0
142,2026-02-23 06:00:00+03:00,medium,dinner,11.0,4.238999986329709,-6.761000013670291,6.761000013670291,10.0
54,2026-02-02 06:00:00+03:00,medium,dinner,11.0,4.2435269131161,-6.7564730868839,6.7564730868839,10.0
39,2026-03-29 04:00:00+03:00,high,lunch,26.0,32.75572669665931,6.755726696659309,6.755726696659309,25.0
11,2026-03-19 00:00:00+03:00,medium,deep_night,16.0,22.755500708988798,6.755500708988798,6.755500708988798,10.0
10,2026-01-26 04:00:00+03:00,medium,lunch,23.0,16.252522309992827,-6.747477690007173,6.747477690007173,10.0
142,2026-02-18 06:00:00+03:00,medium,dinner,11.0,4.256090779323109,-6.743909220676891,6.743909220676891,10.0
16,2026-04-05 03:00:00+03:00,medium,morning,10.0,3.2609955124589414,-6.739004487541059,6.739004487541059,10.0
16,2026-04-05 06:00:00+03:00,medium,dinner,11.0,4.265073464711699,-6.734926535288301,6.734926535288301,10.0
47,2026-02-21 04:00:00+03:00,medium,lunch,13.0,6.274111396536231,-6.725888603463769,6.725888603463769,10.0
99,2026-01-30 04:00:00+03:00,mega,lunch,43.0,36.29027811483329,-6.709721885166708,6.709721885166708,38.0
16,2026-03-27 06:00:00+03:00,medium,dinner,10.0,3.306407840597904,-6.693592159402096,6.693592159402096,10.0
16,2026-04-02 05:00:00+03:00,medium,afternoon,10.0,3.314139471641824,-6.685860528358176,6.685860528358176,10.0
11,2026-03-23 01:00:00+03:00,medium,opening,19.0,12.316125476998558,-6.6838745230014425,6.6838745230014425,10.0
1,2026-02-18 04:00:00+03:00,medium,lunch,20.0,13.32299274003174,-6.67700725996826,6.67700725996826,10.0
142,2026-03-23 05:00:00+03:00,medium,afternoon,12.0,5.336886784940366,-6.663113215059634,6.663113215059634,10.0
69,2026-03-06 05:00:00+03:00,mega,afternoon,38.0,31.362617756961146,-6.637382243038854,6.637382243038854,38.0
142,2026-01-29 05:00:00+03:00,medium,afternoon,11.0,4.366681059945555,-6.633318940054445,6.633318940054445,10.0
5,2026-01-27 01:00:00+03:00,medium,opening,13.0,6.392117874491678,-6.607882125508322,6.607882125508322,10.0
434,2026-02-21 04:00:00+03:00,medium,lunch,14.0,20.599391349913347,6.599391349913347,6.599391349913347,10.0
26,2026-03-31 04:00:00+03:00,medium,lunch,12.0,18.59374357246279,6.593743572462792,6.593743572462792,10.0
54,2026-04-08 05:00:00+03:00,medium,afternoon,10.0,3.422550367057802,-6.577449632942198,6.577449632942198,10.0
33,2026-01-26 04:00:00+03:00,high,lunch,27.0,20.42674742281345,-6.573252577186551,6.573252577186551,25.0
30,2026-03-08 04:00:00+03:00,mega,lunch,43.0,36.45155789906526,-6.548442100934743,6.548442100934743,38.0
142,2026-04-06 04:00:00+03:00,medium,lunch,17.0,10.454384856948415,-6.5456151430515845,6.5456151430515845,10.0
38,2026-02-20 06:00:00+03:00,medium,dinner,15.0,8.458251164285082,-6.541748835714918,6.541748835714918,10.0
18,2026-03-29 06:00:00+03:00,medium,dinner,16.0,9.461155202104923,-6.538844797895077,6.538844797895077,10.0
38,2026-03-12 06:00:00+03:00,medium,dinner,12.0,5.4711742500319485,-6.5288257499680515,6.5288257499680515,10.0
54,2026-02-01 04:00:00+03:00,medium,lunch,12.0,5.481930255139568,-6.518069744860432,6.518069744860432,10.0
54,2026-02-28 04:00:00+03:00,medium,lunch,11.0,4.498199207315865,-6.501800792684135,6.501800792684135,10.0
142,2026-03-12 06:00:00+03:00,medium,dinner,11.0,4.499212286929115,-6.500787713070885,6.500787713070885,10.0
126,2026-02-20 04:00:00+03:00,high,lunch,34.0,27.508855571321888,-6.491144428678112,6.491144428678112,25.0
11,2026-04-01 00:00:00+03:00,medium,deep_night,10.0,16.480176587205392,6.480176587205392,6.480176587205392,10.0
16,2026-03-01 04:00:00+03:00,medium,lunch,13.0,6.535903800191276,-6.464096199808724,6.464096199808724,10.0
69,2026-02-27 06:00:00+03:00,mega,dinner,42.0,35.5463699218744,-6.453630078125599,6.453630078125599,38.0
128,2026-04-07 04:00:00+03:00,high,lunch,28.0,21.569965908614268,-6.430034091385732,6.430034091385732,25.0
26,2026-03-20 04:00:00+03:00,medium,lunch,12.0,18.418539923209273,6.4185399232092735,6.4185399232092735,10.0
123,2026-03-09 04:00:00+03:00,high,lunch,32.0,25.584718583064884,-6.415281416935116,6.415281416935116,25.0
8,2026-03-02 04:00:00+03:00,mega,lunch,40.0,33.589344034776026,-6.410655965223974,6.410655965223974,38.0
434,2026-02-15 06:00:00+03:00,medium,dinner,19.0,12.606935403364488,-6.3930645966355115,6.3930645966355115,10.0
54,2026-03-21 05:00:00+03:00,medium,afternoon,11.0,4.631833752412133,-6.368166247587867,6.368166247587867,10.0
479,2026-03-12 01:00:00+03:00,medium,opening,14.0,7.632578192613675,-6.367421807386325,6.367421807386325,10.0
128,2026-01-26 04:00:00+03:00,high,lunch,28.0,21.633866784333776,-6.366133215666224,6.366133215666224,25.0
26,2026-02-24 05:00:00+03:00,medium,afternoon,16.0,9.641721699528954,-6.358278300471046,6.358278300471046,10.0
479,2026-03-13 01:00:00+03:00,medium,opening,16.0,9.65558730597065,-6.34441269402935,6.34441269402935,10.0
35,2026-02-07 04:00:00+03:00,mega,lunch,40.0,33.66574681185633,-6.33425318814367,6.33425318814367,38.0
10,2026-02-11 04:00:00+03:00,medium,lunch,24.0,17.667857303909543,-6.332142696090457,6.332142696090457,10.0
10,2026-04-08 04:00:00+03:00,medium,lunch,24.0,17.672939664380785,-6.327060335619215,6.327060335619215,10.0
10,2026-02-05 04:00:00+03:00,medium,lunch,25.0,18.687557815598392,-6.312442184401608,6.312442184401608,10.0
47,2026-01-31 04:00:00+03:00,medium,lunch,10.0,3.6900116436211987,-6.309988356378801,6.309988356378801,10.0
434,2026-02-27 04:00:00+03:00,medium,lunch,25.0,18.700934285690018,-6.299065714309982,6.299065714309982,10.0
128,2026-02-13 04:00:00+03:00,high,lunch,31.0,24.70438009680548,-6.29561990319452,6.29561990319452,25.0
26,2026-02-20 04:00:00+03:00,medium,lunch,12.0,18.289575289561178,6.289575289561178,6.289575289561178,10.0
18,2026-01-25 04:00:00+03:00,medium,lunch,25.0,18.721276993288797,-6.278723006711203,6.278723006711203,10.0
16,2026-02-20 06:00:00+03:00,medium,dinner,10.0,3.7250295063800665,-6.274970493619934,6.274970493619934,10.0
26,2026-03-19 04:00:00+03:00,medium,lunch,12.0,18.268073164091525,6.2680731640915255,6.2680731640915255,10.0
69,2026-04-12 04:00:00+03:00,mega,lunch,47.0,53.26674257626037,6.26674257626037,6.26674257626037,38.0
434,2026-03-24 04:00:00+03:00,medium,lunch,12.0,18.26330744425529,6.26330744425529,6.26330744425529,10.0
434,2026-03-03 04:00:00+03:00,medium,lunch,12.0,18.260607836962073,6.260607836962073,6.260607836962073,10.0
11,2026-03-01 00:00:00+03:00,medium,deep_night,24.0,30.247276252355654,6.247276252355654,6.247276252355654,10.0
20,2026-03-08 04:00:00+03:00,medium,lunch,11.0,17.20753858448864,6.207538584488638,6.207538584488638,10.0
38,2026-02-11 07:00:00+03:00,medium,late_evening,12.0,5.792682821911669,-6.207317178088331,6.207317178088331,10.0
11,2026-02-10 01:00:00+03:00,medium,opening,16.0,9.798993219331352,-6.2010067806686475,6.2010067806686475,10.0
38,2026-01-29 06:00:00+03:00,medium,dinner,11.0,4.816059056242981,-6.183940943757019,6.183940943757019,10.0
26,2026-03-04 04:00:00+03:00,medium,lunch,24.0,17.81692069536989,-6.183079304630109,6.183079304630109,10.0
26,2026-04-05 03:00:00+03:00,medium,morning,13.0,6.830191201269793,-6.169808798730207,6.169808798730207,10.0
142,2026-03-06 03:00:00+03:00,medium,morning,12.0,5.835229243281262,-6.164770756718738,6.164770756718738,10.0
123,2026-02-05 04:00:00+03:00,high,lunch,25.0,31.161365503579592,6.161365503579592,6.161365503579592,25.0
434,2026-03-13 04:00:00+03:00,medium,lunch,12.0,18.146109548260274,6.146109548260274,6.146109548260274,10.0
16,2026-04-05 05:00:00+03:00,medium,afternoon,10.0,3.8819398607344042,-6.118060139265596,6.118060139265596,10.0
10,2026-03-31 06:00:00+03:00,medium,dinner,12.0,5.888774470585259,-6.111225529414741,6.111225529414741,10.0
26,2026-02-24 04:00:00+03:00,medium,lunch,23.0,16.89129545631622,-6.108704543683778,6.108704543683778,10.0
21,2026-02-17 04:00:00+03:00,high,lunch,26.0,19.897854329449547,-6.102145670550453,6.102145670550453,25.0
11,2026-03-05 00:00:00+03:00,medium,deep_night,27.0,20.89799958971805,-6.102000410281949,6.102000410281949,10.0
38,2026-03-06 06:00:00+03:00,medium,dinner,15.0,8.911997288119771,-6.088002711880229,6.088002711880229,10.0
2,2026-03-05 04:00:00+03:00,high,lunch,28.0,21.92333372664582,-6.076666273354181,6.076666273354181,25.0
434,2026-02-09 05:00:00+03:00,medium,afternoon,19.0,12.929536965454277,-6.070463034545723,6.070463034545723,10.0
69,2026-04-10 06:00:00+03:00,mega,dinner,40.0,33.93118917926212,-6.06881082073788,6.06881082073788,38.0
434,2026-03-21 03:00:00+03:00,medium,morning,13.0,6.952797747344061,-6.047202252655939,6.047202252655939,10.0
18,2026-04-10 03:00:00+03:00,medium,morning,13.0,6.969947962863042,-6.030052037136958,6.030052037136958,10.0
69,2026-03-29 03:00:00+03:00,mega,morning,38.0,31.98114728880995,-6.01885271119005,6.01885271119005,38.0
26,2026-04-03 04:00:00+03:00,medium,lunch,11.0,17.011120445887684,6.011120445887684,6.011120445887684,10.0
16,2026-02-14 03:00:00+03:00,medium,morning,10.0,3.9981586001118474,-6.001841399888153,6.001841399888153,10.0
478,2026-02-20 04:00:00+03:00,low,lunch,6.0,0.0,-6.0,6.0,1.0
54,2026-04-10 05:00:00+03:00,medium,afternoon,12.0,6.005234894423073,-5.994765105576927,5.994765105576927,10.0
1,2026-03-01 05:00:00+03:00,medium,afternoon,11.0,5.005418640719841,-5.994581359280159,5.994581359280159,10.0
434,2026-02-14 04:00:00+03:00,medium,lunch,26.0,20.031060067619705,-5.9689399323802945,5.9689399323802945,10.0
99,2026-03-20 04:00:00+03:00,mega,lunch,50.0,44.036771633755436,-5.963228366244564,5.963228366244564,38.0
479,2026-03-26 01:00:00+03:00,medium,opening,11.0,5.038708140766577,-5.961291859233423,5.961291859233423,10.0
434,2026-03-01 05:00:00+03:00,medium,afternoon,17.0,11.039301854098174,-5.9606981459018265,5.9606981459018265,10.0
21,2026-02-23 04:00:00+03:00,high,lunch,27.0,21.050059745536004,-5.949940254463996,5.949940254463996,25.0
16,2026-02-11 06:00:00+03:00,medium,dinner,11.0,5.067899813086512,-5.932100186913488,5.932100186913488,10.0
10,2026-02-24 05:00:00+03:00,medium,afternoon,14.0,8.076619133178644,-5.923380866821356,5.923380866821356,10.0
128,2026-03-08 04:00:00+03:00,high,lunch,32.0,26.07770156073967,-5.922298439260331,5.922298439260331,25.0
127,2026-03-20 03:00:00+03:00,medium,morning,10.0,4.083959191269345,-5.916040808730655,5.916040808730655,10.0
18,2026-03-14 04:00:00+03:00,medium,lunch,12.0,17.903289665634425,5.903289665634425,5.903289665634425,10.0
123,2026-02-17 04:00:00+03:00,high,lunch,36.0,30.10516276027284,-5.89483723972716,5.89483723972716,25.0
16,2026-04-11 05:00:00+03:00,medium,afternoon,12.0,6.106143475994355,-5.893856524005645,5.893856524005645,10.0
128,2026-01-30 04:00:00+03:00,high,lunch,27.0,21.128848674399013,-5.871151325600987,5.871151325600987,25.0
10,2026-03-02 05:00:00+03:00,medium,afternoon,14.0,8.141419928485519,-5.858580071514481,5.858580071514481,10.0
38,2026-02-07 06:00:00+03:00,medium,dinner,15.0,9.145932134963921,-5.854067865036079,5.854067865036079,10.0
69,2026-02-08 04:00:00+03:00,mega,lunch,55.0,60.85059232205908,5.850592322059079,5.850592322059079,38.0
11,2026-03-25 01:00:00+03:00,medium,opening,21.0,15.163943314795807,-5.836056685204193,5.836056685204193,10.0
10,2026-04-12 03:00:00+03:00,medium,morning,13.0,7.165468378625518,-5.834531621374482,5.834531621374482,10.0
12,2026-01-29 04:00:00+03:00,high,lunch,26.0,20.17797647281886,-5.822023527181141,5.822023527181141,25.0
142,2026-02-03 05:00:00+03:00,medium,afternoon,11.0,5.193240258669733,-5.806759741330267,5.806759741330267,10.0
37,2026-03-07 03:00:00+03:00,medium,morning,12.0,6.204138195907043,-5.795861804092957,5.795861804092957,10.0
11,2026-02-03 01:00:00+03:00,medium,opening,10.0,15.795347025279177,5.7953470252791774,5.7953470252791774,10.0
10,2026-04-06 06:00:00+03:00,medium,dinner,12.0,6.20628181035928,-5.79371818964072,5.79371818964072,10.0
26,2026-02-23 04:00:00+03:00,medium,lunch,11.0,16.788410253950687,5.788410253950687,5.788410253950687,10.0
26,2026-02-04 03:00:00+03:00,medium,morning,12.0,6.218455162901304,-5.781544837098696,5.781544837098696,10.0
478,2026-03-09 06:00:00+03:00,low,dinner,1.0,6.779811012507052,5.779811012507052,5.779811012507052,1.0
16,2026-03-17 04:00:00+03:00,medium,lunch,10.0,4.222725065539001,-5.777274934460999,5.777274934460999,10.0
99,2026-02-12 04:00:00+03:00,mega,lunch,45.0,39.22338885543339,-5.776611144566608,5.776611144566608,38.0
11,2026-01-25 00:00:00+03:00,medium,deep_night,22.0,16.225043968135036,-5.7749560318649635,5.7749560318649635,10.0
25,2026-02-24 04:00:00+03:00,medium,lunch,23.0,17.237684287187076,-5.762315712812924,5.762315712812924,10.0
126,2026-04-06 04:00:00+03:00,high,lunch,33.0,27.243607489518915,-5.756392510481085,5.756392510481085,25.0
434,2026-03-25 06:00:00+03:00,medium,dinner,18.0,12.254852861695941,-5.745147138304059,5.745147138304059,10.0
33,2026-03-31 04:00:00+03:00,high,lunch,28.0,22.267222444164545,-5.732777555835455,5.732777555835455,25.0
142,2026-03-10 05:00:00+03:00,medium,afternoon,11.0,5.298588820234238,-5.701411179765762,5.701411179765762,10.0
26,2026-01-30 06:00:00+03:00,medium,dinner,11.0,5.300713523744229,-5.699286476255771,5.699286476255771,10.0
4,2026-02-25 04:00:00+03:00,high,lunch,26.0,31.673421710060417,5.673421710060417,5.673421710060417,25.0
11,2026-02-09 00:00:00+03:00,medium,deep_night,16.0,21.646429848002303,5.6464298480023025,5.6464298480023025,10.0
18,2026-01-25 03:00:00+03:00,medium,morning,15.0,9.355919684436344,-5.644080315563656,5.644080315563656,10.0
37,2026-03-05 04:00:00+03:00,medium,lunch,18.0,12.359264506103585,-5.640735493896415,5.640735493896415,10.0
10,2026-04-07 05:00:00+03:00,medium,afternoon,14.0,8.363659393064363,-5.6363406069356365,5.6363406069356365,10.0
54,2026-02-05 06:00:00+03:00,medium,dinner,10.0,4.373109687033087,-5.626890312966913,5.626890312966913,10.0
2,2026-03-04 04:00:00+03:00,high,lunch,29.0,23.37379874260823,-5.62620125739177,5.62620125739177,25.0
25,2026-03-27 04:00:00+03:00,medium,lunch,12.0,17.62072895019046,5.620728950190461,5.620728950190461,10.0
142,2026-02-16 04:00:00+03:00,medium,lunch,18.0,12.379624997561805,-5.620375002438195,5.620375002438195,10.0
434,2026-03-04 04:00:00+03:00,medium,lunch,23.0,17.38482996656345,-5.615170033436549,5.615170033436549,10.0
16,2026-02-27 04:00:00+03:00,medium,lunch,10.0,4.388107735396279,-5.611892264603721,5.611892264603721,10.0
25,2026-03-17 04:00:00+03:00,medium,lunch,13.0,18.6089737913253,5.608973791325301,5.608973791325301,10.0
16,2026-04-09 05:00:00+03:00,medium,afternoon,10.0,4.408382779277855,-5.591617220722145,5.591617220722145,10.0
18,2026-02-01 04:00:00+03:00,medium,lunch,26.0,20.409252934750025,-5.590747065249975,5.590747065249975,10.0
434,2026-02-27 06:00:00+03:00,medium,dinner,19.0,13.415416826774793,-5.584583173225207,5.584583173225207,10.0
4,2026-01-29 04:00:00+03:00,high,lunch,31.0,25.438447213176506,-5.561552786823494,5.561552786823494,25.0
25,2026-01-27 05:00:00+03:00,medium,afternoon,14.0,8.440826510747698,-5.559173489252302,5.559173489252302,10.0
26,2026-02-18 04:00:00+03:00,medium,lunch,12.0,17.54863138914247,5.5486313891424714,5.5486313891424714,10.0
126,2026-04-09 04:00:00+03:00,high,lunch,33.0,27.463036179372967,-5.536963820627033,5.536963820627033,25.0
54,2026-04-10 06:00:00+03:00,medium,dinner,12.0,6.468953012426381,-5.531046987573619,5.531046987573619,10.0
479,2026-03-23 01:00:00+03:00,medium,opening,11.0,5.471243661034436,-5.528756338965564,5.528756338965564,10.0
135,2026-04-11 06:00:00+03:00,low,dinner,7.0,1.4726708126973804,-5.52732918730262,5.52732918730262,1.0
10,2026-02-02 04:00:00+03:00,medium,lunch,22.0,16.486178734572327,-5.513821265427673,5.513821265427673,10.0
26,2026-02-17 04:00:00+03:00,medium,lunch,23.0,17.48990337978033,-5.51009662021967,5.51009662021967,10.0
434,2026-02-01 06:00:00+03:00,medium,dinner,19.0,13.495157751156038,-5.504842248843962,5.504842248843962,10.0
10,2026-01-28 04:00:00+03:00,medium,lunch,22.0,16.499218437779994,-5.500781562220006,5.500781562220006,10.0
135,2026-04-10 06:00:00+03:00,low,dinner,6.0,0.5021877932180767,-5.497812206781923,5.497812206781923,1.0
479,2026-02-27 01:00:00+03:00,medium,opening,11.0,5.511218952431509,-5.488781047568491,5.488781047568491,10.0
10,2026-03-04 04:00:00+03:00,medium,lunch,11.0,16.487680420761244,5.487680420761244,5.487680420761244,10.0
115,2026-03-08 04:00:00+03:00,high,lunch,27.0,21.514129094725348,-5.485870905274652,5.485870905274652,25.0
478,2026-02-22 06:00:00+03:00,low,dinner,9.0,3.518046579266615,-5.481953420733385,5.481953420733385,1.0
69,2026-03-12 06:00:00+03:00,mega,dinner,41.0,35.51847519585232,-5.481524804147682,5.481524804147682,38.0
2,2026-03-16 04:00:00+03:00,high,lunch,25.0,19.519437465964963,-5.4805625340350375,5.4805625340350375,25.0
478,2026-03-20 05:00:00+03:00,low,afternoon,1.0,6.478723173420686,5.478723173420686,5.478723173420686,1.0
11,2026-03-20 00:00:00+03:00,medium,deep_night,18.0,23.470027640405274,5.470027640405274,5.470027640405274,10.0
123,2026-03-13 04:00:00+03:00,high,lunch,27.0,32.4615196568794,5.461519656879403,5.461519656879403,25.0
123,2026-01-29 04:00:00+03:00,high,lunch,28.0,22.539039675669994,-5.460960324330006,5.460960324330006,25.0
39,2026-03-11 04:00:00+03:00,high,lunch,26.0,31.454533128353127,5.454533128353127,5.454533128353127,25.0
11,2026-03-26 01:00:00+03:00,medium,opening,12.0,17.44648528342464,5.446485283424639,5.446485283424639,10.0
434,2026-02-19 06:00:00+03:00,medium,dinner,18.0,12.55920309851293,-5.4407969014870705,5.4407969014870705,10.0
434,2026-02-10 04:00:00+03:00,medium,lunch,25.0,19.560315807932824,-5.439684192067176,5.439684192067176,10.0
54,2026-02-25 04:00:00+03:00,medium,lunch,10.0,4.5665561274831505,-5.4334438725168495,5.4334438725168495,10.0
480,2026-03-08 05:00:00+03:00,low,afternoon,1.0,6.425538578897454,5.425538578897454,5.425538578897454,1.0
1,2026-02-27 04:00:00+03:00,medium,lunch,10.0,15.421294153844116,5.421294153844116,5.421294153844116,10.0
25,2026-03-12 04:00:00+03:00,medium,lunch,24.0,18.58842011285914,-5.41157988714086,5.41157988714086,10.0
142,2026-01-30 04:00:00+03:00,medium,lunch,16.0,10.595048885177105,-5.404951114822895,5.404951114822895,10.0
478,2026-04-11 05:00:00+03:00,low,afternoon,2.0,7.3968830926118,5.3968830926118,5.3968830926118,1.0
10,2026-03-31 04:00:00+03:00,medium,lunch,13.0,18.39458646839744,5.3945864683974385,5.3945864683974385,10.0
1,2026-03-23 05:00:00+03:00,medium,afternoon,11.0,5.60820331451144,-5.39179668548856,5.39179668548856,10.0
16,2026-04-10 05:00:00+03:00,medium,afternoon,10.0,4.616298432942624,-5.383701567057376,5.383701567057376,10.0
11,2026-03-07 00:00:00+03:00,medium,deep_night,25.0,30.36464610612184,5.364646106121839,5.364646106121839,10.0
290,2026-02-14 06:00:00+03:00,low,dinner,6.0,0.6360722613262779,-5.363927738673722,5.363927738673722,1.0
123,2026-02-12 04:00:00+03:00,high,lunch,34.0,28.637951347090063,-5.362048652909937,5.362048652909937,25.0
434,2026-04-04 03:00:00+03:00,medium,morning,13.0,7.643294206202208,-5.356705793797792,5.356705793797792,10.0
54,2026-02-17 04:00:00+03:00,medium,lunch,10.0,4.65086959086392,-5.34913040913608,5.34913040913608,10.0
25,2026-02-17 05:00:00+03:00,medium,afternoon,15.0,9.654256288585852,-5.345743711414148,5.345743711414148,10.0
434,2026-03-27 04:00:00+03:00,medium,lunch,14.0,19.336682595478237,5.336682595478237,5.336682595478237,10.0
25,2026-02-06 04:00:00+03:00,medium,lunch,22.0,16.663641657374903,-5.336358342625097,5.336358342625097,10.0
69,2026-02-03 04:00:00+03:00,mega,lunch,54.0,48.66515605595595,-5.334843944044053,5.334843944044053,38.0
434,2026-03-08 06:00:00+03:00,medium,dinner,17.0,11.666329320510552,-5.3336706794894475,5.3336706794894475,10.0
480,2026-03-20 05:00:00+03:00,low,afternoon,1.0,6.330599822685463,5.330599822685463,5.330599822685463,1.0
10,2026-04-09 04:00:00+03:00,medium,lunch,14.0,19.320969411952845,5.320969411952845,5.320969411952845,10.0
20,2026-01-31 05:00:00+03:00,medium,afternoon,12.0,6.684589230858569,-5.315410769141431,5.315410769141431,10.0
26,2026-03-17 04:00:00+03:00,medium,lunch,12.0,17.309625563707222,5.309625563707222,5.309625563707222,10.0
434,2026-03-23 04:00:00+03:00,medium,lunch,13.0,18.28741703500784,5.2874170350078415,5.2874170350078415,10.0
69,2026-03-02 06:00:00+03:00,mega,dinner,40.0,34.71308961548623,-5.286910384513767,5.286910384513767,38.0
51,2026-03-05 04:00:00+03:00,medium,lunch,10.0,4.7138640531202185,-5.2861359468797815,5.2861359468797815,10.0
25,2026-04-12 04:00:00+03:00,medium,lunch,10.0,15.274965800808747,5.274965800808747,5.274965800808747,10.0
126,2026-02-16 04:00:00+03:00,high,lunch,31.0,25.750305821597717,-5.249694178402283,5.249694178402283,25.0
135,2026-02-19 06:00:00+03:00,low,dinner,6.0,0.7535723300297166,-5.246427669970283,5.246427669970283,1.0
10,2026-03-08 04:00:00+03:00,medium,lunch,19.0,13.773086465127081,-5.226913534872919,5.226913534872919,10.0
480,2026-03-03 05:00:00+03:00,low,afternoon,1.0,6.2263017635370215,5.2263017635370215,5.2263017635370215,1.0
478,2026-02-20 05:00:00+03:00,low,afternoon,2.0,7.22592574934926,5.22592574934926,5.22592574934926,1.0
2,2026-03-12 04:00:00+03:00,high,lunch,27.0,21.79789328569643,-5.2021067143035715,5.2021067143035715,25.0
54,2026-04-06 06:00:00+03:00,medium,dinner,11.0,5.7980109508162165,-5.2019890491837835,5.2019890491837835,10.0
127,2026-02-11 04:00:00+03:00,medium,lunch,11.0,5.800001487814681,-5.199998512185319,5.199998512185319,10.0
478,2026-02-01 06:00:00+03:00,low,dinner,1.0,6.192996920773607,5.192996920773607,5.192996920773607,1.0
29,2026-01-25 04:00:00+03:00,mega,lunch,44.0,38.8083118070753,-5.191688192924701,5.191688192924701,38.0
1,2026-03-04 05:00:00+03:00,medium,afternoon,11.0,5.8124387012908185,-5.1875612987091815,5.1875612987091815,10.0
54,2026-04-12 05:00:00+03:00,medium,afternoon,14.0,8.827738506341273,-5.172261493658727,5.172261493658727,10.0
434,2026-01-27 04:00:00+03:00,medium,lunch,13.0,18.164737127077863,5.1647371270778635,5.1647371270778635,10.0
69,2026-01-31 04:00:00+03:00,mega,lunch,65.0,59.83592554962388,-5.16407445037612,5.16407445037612,38.0
481,2026-04-05 06:00:00+03:00,low,dinner,1.0,6.146341896450945,5.146341896450945,5.146341896450945,1.0
54,2026-04-09 06:00:00+03:00,medium,dinner,10.0,4.857240911420558,-5.142759088579442,5.142759088579442,10.0
142,2026-02-05 04:00:00+03:00,medium,lunch,17.0,11.86535132573433,-5.134648674265669,5.134648674265669,10.0
1,2026-02-26 04:00:00+03:00,medium,lunch,19.0,13.865813247536984,-5.134186752463016,5.134186752463016,10.0
478,2026-03-15 04:00:00+03:00,low,lunch,1.0,6.1278553944445715,5.1278553944445715,5.1278553944445715,1.0
434,2026-02-28 04:00:00+03:00,medium,lunch,14.0,19.124642757563528,5.124642757563528,5.124642757563528,10.0
37,2026-01-31 03:00:00+03:00,medium,morning,12.0,6.8760003058165164,-5.1239996941834836,5.1239996941834836,10.0
434,2026-02-07 04:00:00+03:00,medium,lunch,24.0,18.88901419919035,-5.110985800809651,5.110985800809651,10.0
4,2026-02-05 04:00:00+03:00,high,lunch,26.0,31.099487635227135,5.099487635227135,5.099487635227135,25.0
26,2026-02-26 04:00:00+03:00,medium,lunch,13.0,18.08856539586396,5.088565395863959,5.088565395863959,10.0
54,2026-02-25 05:00:00+03:00,medium,afternoon,10.0,4.920198352233195,-5.079801647766805,5.079801647766805,10.0
4,2026-02-16 04:00:00+03:00,high,lunch,37.0,31.922149674468418,-5.077850325531582,5.077850325531582,25.0
25,2026-02-24 05:00:00+03:00,medium,afternoon,15.0,9.924738534532892,-5.075261465467108,5.075261465467108,10.0
10,2026-03-01 03:00:00+03:00,medium,morning,13.0,7.927394323094644,-5.072605676905356,5.072605676905356,10.0
480,2026-03-11 05:00:00+03:00,low,afternoon,1.0,6.060395610470907,5.060395610470907,5.060395610470907,1.0
443,2026-03-04 03:00:00+03:00,low,morning,6.0,0.9403662540822668,-5.059633745917733,5.059633745917733,1.0
8,2026-03-31 04:00:00+03:00,mega,lunch,41.0,35.941465241088,-5.058534758912003,5.058534758912003,38.0
434,2026-04-09 04:00:00+03:00,medium,lunch,23.0,17.944883979550884,-5.055116020449116,5.055116020449116,10.0
4,2026-02-23 04:00:00+03:00,high,lunch,29.0,23.95011411797949,-5.0498858820205115,5.0498858820205115,25.0
2,2026-04-09 04:00:00+03:00,high,lunch,27.0,21.950973560967423,-5.049026439032577,5.049026439032577,25.0
54,2026-03-04 05:00:00+03:00,medium,afternoon,11.0,5.95564711576917,-5.04435288423083,5.04435288423083,10.0
10,2026-02-23 04:00:00+03:00,medium,lunch,11.0,16.040700076928413,5.040700076928413,5.040700076928413,10.0
142,2026-02-20 06:00:00+03:00,medium,dinner,10.0,4.96178148201633,-5.03821851798367,5.03821851798367,10.0
54,2026-02-02 04:00:00+03:00,medium,lunch,10.0,4.9750884150473444,-5.0249115849526556,5.0249115849526556,10.0
126,2026-02-10 04:00:00+03:00,high,lunch,32.0,26.990604930407834,-5.009395069592166,5.009395069592166,25.0
26,2026-03-20 03:00:00+03:00,medium,morning,12.0,6.99324207628802,-5.00675792371198,5.00675792371198,10.0
20,2026-02-08 04:00:00+03:00,medium,lunch,10.0,14.998668768006771,4.998668768006771,4.998668768006771,10.0
54,2026-04-13 06:00:00+03:00,medium,dinner,12.0,7.004550313907179,-4.995449686092821,4.995449686092821,10.0
25,2026-04-13 05:00:00+03:00,medium,afternoon,14.0,9.01858176322568,-4.981418236774321,4.981418236774321,10.0
20,2026-02-14 05:00:00+03:00,medium,afternoon,13.0,8.022315664590282,-4.977684335409718,4.977684335409718,10.0
25,2026-03-01 04:00:00+03:00,medium,lunch,18.0,13.0233167580324,-4.976683241967599,4.976683241967599,10.0
10,2026-02-01 04:00:00+03:00,medium,lunch,10.0,14.972026619388714,4.972026619388714,4.972026619388714,10.0
69,2026-02-07 04:00:00+03:00,mega,lunch,56.0,60.97044536994117,4.970445369941167,4.970445369941167,38.0
16,2026-02-21 04:00:00+03:00,medium,lunch,11.0,6.0411762145736825,-4.9588237854263175,4.9588237854263175,10.0
480,2026-03-19 05:00:00+03:00,low,afternoon,1.0,5.957138354473616,4.957138354473616,4.957138354473616,1.0
54,2026-02-07 06:00:00+03:00,medium,dinner,12.0,7.043394308219451,-4.956605691780549,4.956605691780549,10.0
30,2026-02-15 04:00:00+03:00,mega,lunch,40.0,35.0529198311573,-4.947080168842703,4.947080168842703,38.0
54,2026-01-29 05:00:00+03:00,medium,afternoon,10.0,5.054731895671784,-4.945268104328216,4.945268104328216,10.0
123,2026-03-04 04:00:00+03:00,high,lunch,27.0,31.94186517830183,4.941865178301828,4.941865178301828,25.0
345,2026-03-28 06:00:00+03:00,low,dinner,5.0,0.06709729854402102,-4.932902701455979,4.932902701455979,1.0
128,2026-03-06 04:00:00+03:00,high,lunch,31.0,26.07139068432954,-4.92860931567046,4.92860931567046,25.0
434,2026-01-25 05:00:00+03:00,medium,afternoon,15.0,10.074743000984933,-4.925256999015067,4.925256999015067,10.0
128,2026-02-18 04:00:00+03:00,high,lunch,30.0,25.088940678909765,-4.911059321090235,4.911059321090235,25.0
69,2026-01-26 04:00:00+03:00,mega,lunch,40.0,44.89964444393676,4.899644443936758,4.899644443936758,38.0
47,2026-02-14 04:00:00+03:00,medium,lunch,10.0,5.106767045615885,-4.893232954384115,4.893232954384115,10.0
1,2026-02-06 04:00:00+03:00,medium,lunch,10.0,14.89254371214815,4.89254371214815,4.89254371214815,10.0
37,2026-01-25 04:00:00+03:00,medium,lunch,12.0,7.114531133753923,-4.885468866246077,4.885468866246077,10.0
123,2026-04-03 04:00:00+03:00,high,lunch,25.0,29.88351550599351,4.883515505993511,4.883515505993511,25.0
478,2026-02-25 06:00:00+03:00,low,dinner,2.0,6.882913665977414,4.882913665977414,4.882913665977414,1.0
478,2026-03-17 05:00:00+03:00,low,afternoon,1.0,5.880951808343516,4.880951808343516,4.880951808343516,1.0
128,2026-02-23 04:00:00+03:00,high,lunch,28.0,23.12610206539933,-4.87389793460067,4.87389793460067,25.0
11,2026-04-03 00:00:00+03:00,medium,deep_night,15.0,19.873524154394303,4.873524154394303,4.873524154394303,10.0
54,2026-01-31 05:00:00+03:00,medium,afternoon,10.0,5.127474978826676,-4.872525021173324,4.872525021173324,10.0
26,2026-02-03 05:00:00+03:00,medium,afternoon,14.0,9.12910437013236,-4.87089562986764,4.87089562986764,10.0
480,2026-03-06 04:00:00+03:00,low,lunch,7.0,2.134227545821123,-4.865772454178877,4.865772454178877,1.0
123,2026-03-20 04:00:00+03:00,high,lunch,25.0,29.85428500734103,4.85428500734103,4.85428500734103,25.0
26,2026-03-30 04:00:00+03:00,medium,lunch,21.0,16.162542677555596,-4.837457322444404,4.837457322444404,10.0
11,2026-03-02 01:00:00+03:00,medium,opening,16.0,11.163774129616433,-4.836225870383567,4.836225870383567,10.0
478,2026-02-23 06:00:00+03:00,low,dinner,2.0,6.8313103704642835,4.8313103704642835,4.8313103704642835,1.0
21,2026-03-07 04:00:00+03:00,high,lunch,25.0,20.175746613914985,-4.824253386085015,4.824253386085015,25.0
135,2026-01-28 05:00:00+03:00,low,afternoon,5.0,0.17589593148277505,-4.824104068517225,4.824104068517225,1.0
18,2026-04-04 04:00:00+03:00,medium,lunch,14.0,18.8178832754508,4.8178832754508,4.8178832754508,10.0
11,2026-04-04 00:00:00+03:00,medium,deep_night,18.0,22.815910506937023,4.815910506937023,4.815910506937023,10.0
18,2026-02-22 04:00:00+03:00,medium,lunch,13.0,17.80402362852557,4.80402362852557,4.80402362852557,10.0
69,2026-01-30 04:00:00+03:00,mega,lunch,40.0,44.80099326836936,4.800993268369361,4.800993268369361,38.0
69,2026-02-18 06:00:00+03:00,mega,dinner,39.0,34.20758056799537,-4.792419432004628,4.792419432004628,38.0
434,2026-03-24 06:00:00+03:00,medium,dinner,16.0,11.207804234709675,-4.792195765290325,4.792195765290325,10.0
135,2026-02-18 05:00:00+03:00,low,afternoon,5.0,0.21107185855838662,-4.788928141441613,4.788928141441613,1.0
434,2026-03-05 05:00:00+03:00,medium,afternoon,17.0,12.2122057346521,-4.7877942653479,4.7877942653479,10.0
142,2026-02-16 05:00:00+03:00,medium,afternoon,10.0,5.212365981542764,-4.787634018457236,4.787634018457236,10.0
478,2026-02-02 06:00:00+03:00,low,dinner,1.0,5.780027669382511,4.780027669382511,4.780027669382511,1.0
20,2026-03-07 06:00:00+03:00,medium,dinner,11.0,6.228964772573101,-4.771035227426899,4.771035227426899,10.0
10,2026-01-29 04:00:00+03:00,medium,lunch,21.0,16.23220079183692,-4.76779920816308,4.76779920816308,10.0
127,2026-02-04 04:00:00+03:00,medium,lunch,10.0,5.245333468275368,-4.754666531724632,4.754666531724632,10.0
434,2026-02-05 04:00:00+03:00,medium,lunch,14.0,18.73487775588616,4.73487775588616,4.73487775588616,10.0
480,2026-02-24 06:00:00+03:00,low,dinner,1.0,5.734035903908973,4.734035903908973,4.734035903908973,1.0
4,2026-01-31 04:00:00+03:00,high,lunch,26.0,21.269045272577753,-4.730954727422247,4.730954727422247,25.0
480,2026-03-25 05:00:00+03:00,low,afternoon,1.0,5.719750200597316,4.719750200597316,4.719750200597316,1.0
18,2026-03-07 03:00:00+03:00,medium,morning,13.0,8.28608670783565,-4.713913292164349,4.713913292164349,10.0
69,2026-04-11 06:00:00+03:00,mega,dinner,39.0,34.28657264405072,-4.713427355949278,4.713427355949278,38.0
434,2026-03-07 04:00:00+03:00,medium,lunch,15.0,19.70576666595888,4.70576666595888,4.70576666595888,10.0
115,2026-02-02 04:00:00+03:00,high,lunch,26.0,21.305728542095903,-4.694271457904097,4.694271457904097,25.0
126,2026-02-26 04:00:00+03:00,high,lunch,34.0,29.317761296983086,-4.682238703016914,4.682238703016914,25.0
123,2026-03-03 04:00:00+03:00,high,lunch,36.0,31.327039216028606,-4.672960783971394,4.672960783971394,25.0
37,2026-02-04 04:00:00+03:00,medium,lunch,18.0,13.328575692834828,-4.6714243071651715,4.6714243071651715,10.0
479,2026-03-20 01:00:00+03:00,medium,opening,13.0,8.329740099822287,-4.670259900177713,4.670259900177713,10.0
4,2026-02-17 04:00:00+03:00,high,lunch,27.0,31.66825407405802,4.668254074058019,4.668254074058019,25.0
434,2026-04-13 04:00:00+03:00,medium,lunch,13.0,17.66129726459466,4.661297264594658,4.661297264594658,10.0
25,2026-02-01 04:00:00+03:00,medium,lunch,11.0,15.656994067233851,4.6569940672338515,4.6569940672338515,10.0
54,2026-03-09 04:00:00+03:00,medium,lunch,11.0,6.344388489667075,-4.655611510332925,4.655611510332925,10.0
37,2026-02-03 04:00:00+03:00,medium,lunch,17.0,12.352548333182863,-4.647451666817137,4.647451666817137,10.0
478,2026-02-07 06:00:00+03:00,low,dinner,1.0,5.6343500317344875,4.6343500317344875,4.6343500317344875,1.0
69,2026-02-17 06:00:00+03:00,mega,dinner,40.0,35.37159027467557,-4.628409725324431,4.628409725324431,38.0
25,2026-01-29 05:00:00+03:00,medium,afternoon,13.0,8.373187000534713,-4.626812999465287,4.626812999465287,10.0
18,2026-03-09 03:00:00+03:00,medium,morning,12.0,7.382072625534894,-4.617927374465106,4.617927374465106,10.0
26,2026-03-27 04:00:00+03:00,medium,lunch,13.0,17.616957713636754,4.616957713636754,4.616957713636754,10.0
2,2026-04-10 04:00:00+03:00,high,lunch,26.0,21.383529077003555,-4.616470922996445,4.616470922996445,25.0
99,2026-02-28 04:00:00+03:00,mega,lunch,38.0,42.61103975798822,4.611039757988223,4.611039757988223,38.0
26,2026-03-28 03:00:00+03:00,medium,morning,12.0,7.403362337123562,-4.596637662876438,4.596637662876438,10.0
8,2026-02-17 04:00:00+03:00,mega,lunch,39.0,34.40870929259262,-4.591290707407381,4.591290707407381,38.0
4,2026-02-14 04:00:00+03:00,high,lunch,30.0,25.427412815225136,-4.572587184774864,4.572587184774864,25.0
142,2026-02-19 04:00:00+03:00,medium,lunch,17.0,12.431930787194606,-4.568069212805394,4.568069212805394,10.0
38,2026-03-13 07:00:00+03:00,medium,late_evening,10.0,5.438278533469852,-4.561721466530148,4.561721466530148,10.0
123,2026-04-11 04:00:00+03:00,high,lunch,29.0,24.44135924473223,-4.558640755267771,4.558640755267771,25.0
47,2026-03-10 04:00:00+03:00,medium,lunch,10.0,5.451841308852726,-4.548158691147274,4.548158691147274,10.0
128,2026-02-15 04:00:00+03:00,high,lunch,30.0,25.458718929690207,-4.541281070309793,4.541281070309793,25.0
39,2026-01-31 04:00:00+03:00,high,lunch,25.0,29.540160520289135,4.540160520289135,4.540160520289135,25.0
434,2026-03-31 04:00:00+03:00,medium,lunch,12.0,16.539164702031314,4.539164702031314,4.539164702031314,10.0
26,2026-01-31 05:00:00+03:00,medium,afternoon,11.0,6.466695951440277,-4.533304048559723,4.533304048559723,10.0
25,2026-03-06 04:00:00+03:00,medium,lunch,23.0,18.46832365846148,-4.531676341538521,4.531676341538521,10.0
478,2026-04-02 05:00:00+03:00,low,afternoon,2.0,6.515781983788731,4.515781983788731,4.515781983788731,1.0
25,2026-02-18 04:00:00+03:00,medium,lunch,21.0,16.486068114510395,-4.513931885489605,4.513931885489605,10.0
33,2026-02-10 04:00:00+03:00,high,lunch,29.0,24.502332057447013,-4.497667942552987,4.497667942552987,25.0
38,2026-03-01 06:00:00+03:00,medium,dinner,13.0,8.505463067267819,-4.494536932732181,4.494536932732181,10.0
29,2026-03-08 04:00:00+03:00,mega,lunch,38.0,42.48932055621735,4.489320556217351,4.489320556217351,38.0
26,2026-02-21 04:00:00+03:00,medium,lunch,11.0,15.485875459992181,4.485875459992181,4.485875459992181,10.0
26,2026-02-12 04:00:00+03:00,medium,lunch,12.0,16.47954308245631,4.47954308245631,4.47954308245631,10.0
11,2026-04-13 01:00:00+03:00,medium,opening,18.0,13.536441692717732,-4.463558307282268,4.463558307282268,10.0
25,2026-03-30 04:00:00+03:00,medium,lunch,13.0,17.461246162979805,4.461246162979805,4.461246162979805,10.0
123,2026-03-18 04:00:00+03:00,high,lunch,27.0,31.4548375473476,4.454837547347601,4.454837547347601,25.0
478,2026-03-07 06:00:00+03:00,low,dinner,1.0,5.454408260939704,4.454408260939704,4.454408260939704,1.0
69,2026-04-10 04:00:00+03:00,mega,lunch,45.0,49.44347966787229,4.443479667872289,4.443479667872289,38.0
434,2026-03-15 04:00:00+03:00,medium,lunch,15.0,19.43517846034515,4.435178460345149,4.435178460345149,10.0
123,2026-02-07 04:00:00+03:00,high,lunch,29.0,24.568064315711716,-4.431935684288284,4.431935684288284,25.0
25,2026-04-08 04:00:00+03:00,medium,lunch,13.0,17.43125635955714,4.431256359557139,4.431256359557139,10.0
37,2026-02-19 04:00:00+03:00,medium,lunch,17.0,12.574486634306686,-4.425513365693314,4.425513365693314,10.0
443,2026-12-18 04:00:00+03:00,low,lunch,1.0,5.421532428766277,4.421532428766277,4.421532428766277,1.0
26,2026-02-16 06:00:00+03:00,medium,dinner,11.0,6.581933887508036,-4.418066112491964,4.418066112491964,10.0
38,2026-03-29 06:00:00+03:00,medium,dinner,13.0,8.59145116268882,-4.40854883731118,4.40854883731118,10.0
123,2026-02-04 04:00:00+03:00,high,lunch,34.0,29.593205152537667,-4.406794847462333,4.406794847462333,25.0
38,2026-02-09 06:00:00+03:00,medium,dinner,10.0,5.603329892092844,-4.396670107907156,4.396670107907156,10.0
99,2026-03-22 04:00:00+03:00,mega,lunch,46.0,41.606812288994774,-4.3931877110052255,4.3931877110052255,38.0
26,2026-03-04 05:00:00+03:00,medium,afternoon,14.0,9.609169704844186,-4.390830295155814,4.390830295155814,10.0
29,2026-02-14 04:00:00+03:00,mega,lunch,39.0,43.384685387450325,4.384685387450325,4.384685387450325,38.0
480,2026-02-24 05:00:00+03:00,low,afternoon,2.0,6.37895886544289,4.37895886544289,4.37895886544289,1.0
478,2026-02-21 06:00:00+03:00,low,dinner,4.0,8.368704694819973,4.368704694819973,4.368704694819973,1.0
4,2026-03-05 04:00:00+03:00,high,lunch,28.0,32.36837922305219,4.368379223052187,4.368379223052187,25.0
8,2026-03-25 04:00:00+03:00,mega,lunch,39.0,34.64103929608925,-4.358960703910753,4.358960703910753,38.0
54,2026-01-31 06:00:00+03:00,medium,dinner,11.0,6.649499228492226,-4.350500771507774,4.350500771507774,10.0
18,2026-03-25 06:00:00+03:00,medium,dinner,13.0,8.656949495885899,-4.343050504114101,4.343050504114101,10.0
37,2026-01-28 03:00:00+03:00,medium,morning,10.0,5.657497811650846,-4.342502188349154,4.342502188349154,10.0
142,2026-04-01 04:00:00+03:00,medium,lunch,16.0,11.66082796074026,-4.33917203925974,4.33917203925974,10.0
10,2026-03-27 03:00:00+03:00,medium,morning,12.0,7.666900612128789,-4.333099387871211,4.333099387871211,10.0
21,2026-03-09 04:00:00+03:00,high,lunch,28.0,23.677606999489754,-4.322393000510246,4.322393000510246,25.0
25,2026-02-05 04:00:00+03:00,medium,lunch,14.0,18.31896014765296,4.318960147652959,4.318960147652959,10.0
434,2026-02-03 04:00:00+03:00,medium,lunch,14.0,18.316025082183813,4.316025082183813,4.316025082183813,10.0
4,2026-03-30 04:00:00+03:00,high,lunch,26.0,30.315740478101144,4.315740478101144,4.315740478101144,25.0
10,2026-03-26 05:00:00+03:00,medium,afternoon,12.0,7.6842940688291375,-4.3157059311708625,4.3157059311708625,10.0
18,2026-02-14 05:00:00+03:00,medium,afternoon,12.0,7.691004639949188,-4.308995360050812,4.308995360050812,10.0
54,2026-03-09 05:00:00+03:00,medium,afternoon,10.0,5.693040671792955,-4.306959328207045,4.306959328207045,10.0
142,2026-03-03 05:00:00+03:00,medium,afternoon,10.0,5.695701423988681,-4.304298576011319,4.304298576011319,10.0
4,2026-03-03 04:00:00+03:00,high,lunch,26.0,30.295149937783385,4.2951499377833855,4.2951499377833855,25.0
11,2026-03-08 00:00:00+03:00,medium,deep_night,35.0,30.70488367095686,-4.29511632904314,4.29511632904314,10.0
478,2026-03-06 04:00:00+03:00,low,lunch,7.0,2.7175751285520677,-4.282424871447932,4.282424871447932,1.0
25,2026-03-08 04:00:00+03:00,medium,lunch,12.0,16.27828155701025,4.278281557010249,4.278281557010249,10.0
25,2026-03-28 04:00:00+03:00,medium,lunch,19.0,14.722567165945469,-4.277432834054531,4.277432834054531,10.0
54,2026-02-21 04:00:00+03:00,medium,lunch,12.0,7.730575764366727,-4.269424235633273,4.269424235633273,10.0
25,2026-02-10 04:00:00+03:00,medium,lunch,21.0,16.75893212341395,-4.241067876586051,4.241067876586051,10.0
11,2026-01-26 00:00:00+03:00,medium,deep_night,14.0,18.240335570066833,4.240335570066833,4.240335570066833,10.0
128,2026-04-02 04:00:00+03:00,high,lunch,27.0,22.761633084768004,-4.238366915231996,4.238366915231996,25.0
11,2026-02-12 01:00:00+03:00,medium,opening,10.0,14.235753681665553,4.235753681665553,4.235753681665553,10.0
37,2026-01-27 04:00:00+03:00,medium,lunch,15.0,10.76590608063765,-4.2340939193623495,4.2340939193623495,10.0
478,2026-03-22 06:00:00+03:00,low,dinner,1.0,5.225857972047147,4.225857972047147,4.225857972047147,1.0
8,2026-02-11 04:00:00+03:00,mega,lunch,40.0,35.775187766803825,-4.224812233196175,4.224812233196175,38.0
434,2026-03-29 05:00:00+03:00,medium,afternoon,15.0,10.783231900228643,-4.2167680997713575,4.2167680997713575,10.0
18,2026-02-08 04:00:00+03:00,medium,lunch,17.0,21.194837179219725,4.194837179219725,4.194837179219725,10.0
99,2026-03-13 04:00:00+03:00,mega,lunch,44.0,39.81414756011476,-4.185852439885238,4.185852439885238,38.0
26,2026-04-10 04:00:00+03:00,medium,lunch,12.0,16.180215442152672,4.180215442152672,4.180215442152672,10.0
1,2026-02-16 05:00:00+03:00,medium,afternoon,10.0,5.8311967414100945,-4.1688032585899055,4.1688032585899055,10.0
26,2026-02-12 06:00:00+03:00,medium,dinner,11.0,6.836561000758281,-4.163438999241719,4.163438999241719,10.0
38,2026-03-09 06:00:00+03:00,medium,dinner,11.0,6.847779875994773,-4.152220124005227,4.152220124005227,10.0
11,2026-04-12 00:00:00+03:00,medium,deep_night,22.0,26.149436888707125,4.149436888707125,4.149436888707125,10.0
26,2026-02-15 04:00:00+03:00,medium,lunch,11.0,15.146606629860864,4.146606629860864,4.146606629860864,10.0
16,2026-04-08 05:00:00+03:00,medium,afternoon,10.0,5.856260777732591,-4.143739222267409,4.143739222267409,10.0
26,2026-02-10 03:00:00+03:00,medium,morning,11.0,6.857111601545057,-4.142888398454943,4.142888398454943,10.0
25,2026-02-13 04:00:00+03:00,medium,lunch,23.0,18.85749732680613,-4.142502673193871,4.142502673193871,10.0
434,2026-02-26 04:00:00+03:00,medium,lunch,15.0,19.141994150095385,4.141994150095385,4.141994150095385,10.0
38,2026-04-07 07:00:00+03:00,medium,late_evening,10.0,5.858161515628387,-4.141838484371613,4.141838484371613,10.0
298,2026-03-13 04:00:00+03:00,medium,lunch,11.0,6.867477351770914,-4.132522648229086,4.132522648229086,10.0
142,2026-02-09 04:00:00+03:00,medium,lunch,16.0,11.86853103726817,-4.13146896273183,4.13146896273183,10.0
434,2026-04-06 03:00:00+03:00,medium,morning,11.0,6.874620003411,-4.125379996589,4.125379996589,10.0
12,2026-04-10 04:00:00+03:00,high,lunch,27.0,22.874826302266573,-4.125173697733427,4.125173697733427,25.0
4,2026-03-18 04:00:00+03:00,high,lunch,33.0,28.89452253604761,-4.10547746395239,4.10547746395239,25.0
16,2026-04-03 04:00:00+03:00,medium,lunch,10.0,5.896044219990195,-4.103955780009805,4.103955780009805,10.0
26,2026-03-16 04:00:00+03:00,medium,lunch,12.0,16.09215950380474,4.092159503804741,4.092159503804741,10.0
16,2026-03-22 04:00:00+03:00,medium,lunch,11.0,6.910099470285143,-4.089900529714857,4.089900529714857,10.0
434,2026-04-05 04:00:00+03:00,medium,lunch,21.0,16.911860425714288,-4.088139574285712,4.088139574285712,10.0
10,2026-03-28 04:00:00+03:00,medium,lunch,11.0,15.070633931283487,4.070633931283487,4.070633931283487,10.0
11,2026-02-16 01:00:00+03:00,medium,opening,11.0,15.069953557952717,4.069953557952717,4.069953557952717,10.0
434,2026-03-22 06:00:00+03:00,medium,dinner,17.0,12.946845718574735,-4.053154281425265,4.053154281425265,10.0
25,2026-04-10 05:00:00+03:00,medium,afternoon,14.0,9.954240310358827,-4.045759689641173,4.045759689641173,10.0
18,2026-02-26 06:00:00+03:00,medium,dinner,12.0,7.958501335896862,-4.041498664103138,4.041498664103138,10.0
25,2026-02-16 04:00:00+03:00,medium,lunch,14.0,18.035632758634563,4.035632758634563,4.035632758634563,10.0
478,2026-03-01 05:00:00+03:00,low,afternoon,1.0,5.031905911597606,4.031905911597606,4.031905911597606,1.0
434,2026-03-22 05:00:00+03:00,medium,afternoon,15.0,10.969375093468244,-4.030624906531756,4.030624906531756,10.0
26,2026-02-27 04:00:00+03:00,medium,lunch,13.0,17.02921820514508,4.0292182051450816,4.0292182051450816,10.0
434,2026-03-06 03:00:00+03:00,medium,morning,11.0,6.980284879332556,-4.019715120667444,4.019715120667444,10.0
54,2026-04-05 06:00:00+03:00,medium,dinner,12.0,7.982662341996563,-4.017337658003437,4.017337658003437,10.0
12,2026-02-12 04:00:00+03:00,high,lunch,26.0,21.989012407554206,-4.010987592445794,4.010987592445794,25.0
11,2026-01-29 00:00:00+03:00,medium,deep_night,17.0,12.989553688448497,-4.010446311551503,4.010446311551503,10.0
516,2026-04-11 03:00:00+03:00,low,morning,10.0,5.9898640082246075,-4.0101359917753925,4.0101359917753925,1.0
26,2026-03-08 04:00:00+03:00,medium,lunch,17.0,12.993167724603131,-4.006832275396869,4.006832275396869,10.0
26,2026-01-29 04:00:00+03:00,medium,lunch,13.0,17.00063019346345,4.000630193463451,4.000630193463451,10.0
480,2026-02-24 04:00:00+03:00,low,lunch,4.0,0.0,-4.0,4.0,1.0
478,2026-02-17 04:00:00+03:00,low,lunch,4.0,0.0,-4.0,4.0,1.0
10,2026-02-16 06:00:00+03:00,medium,dinner,11.0,7.009431383778056,-3.9905686162219443,3.9905686162219443,10.0
21,2026-02-01 04:00:00+03:00,high,lunch,28.0,24.01175954614871,-3.98824045385129,3.98824045385129,25.0
516,2026-04-10 05:00:00+03:00,low,afternoon,1.0,4.985785920247897,3.9857859202478974,3.9857859202478974,1.0
11,2026-03-15 00:00:00+03:00,medium,deep_night,26.0,29.9822376689782,3.9822376689782004,3.9822376689782004,10.0
18,2026-03-01 04:00:00+03:00,medium,lunch,22.0,18.02608719365296,-3.973912806347041,3.973912806347041,10.0
479,2026-04-08 01:00:00+03:00,medium,opening,11.0,7.028829367180402,-3.9711706328195984,3.9711706328195984,10.0
26,2026-02-09 04:00:00+03:00,medium,lunch,13.0,16.966986915387963,3.966986915387963,3.966986915387963,10.0
25,2026-02-19 05:00:00+03:00,medium,afternoon,14.0,10.034774329274082,-3.9652256707259177,3.9652256707259177,10.0
38,2026-02-01 06:00:00+03:00,medium,dinner,13.0,9.040776497742804,-3.9592235022571955,3.9592235022571955,10.0
16,2026-04-13 06:00:00+03:00,medium,dinner,10.0,6.043912224148678,-3.956087775851322,3.956087775851322,10.0
18,2026-03-04 04:00:00+03:00,medium,lunch,17.0,13.047842507968147,-3.952157492031853,3.952157492031853,10.0
25,2026-02-03 04:00:00+03:00,medium,lunch,15.0,18.95077199716031,3.9507719971603095,3.9507719971603095,10.0
47,2026-02-04 04:00:00+03:00,medium,lunch,10.0,6.051242198676667,-3.9487578013233327,3.9487578013233327,10.0
434,2026-03-12 03:00:00+03:00,medium,morning,10.0,6.0522943586838815,-3.9477056413161185,3.9477056413161185,10.0
25,2026-03-24 04:00:00+03:00,medium,lunch,21.0,17.05412155085751,-3.9458784491424908,3.9458784491424908,10.0
11,2026-03-17 01:00:00+03:00,medium,opening,12.0,15.935375980356977,3.9353759803569766,3.9353759803569766,10.0
25,2026-02-17 04:00:00+03:00,medium,lunch,21.0,17.067332097980746,-3.9326679020192543,3.9326679020192543,10.0
128,2026-02-26 04:00:00+03:00,high,lunch,29.0,25.06799760809679,-3.932002391903211,3.932002391903211,25.0
478,2026-04-11 04:00:00+03:00,low,lunch,7.0,3.0696054003493978,-3.9303945996506022,3.9303945996506022,1.0
434,2026-03-26 06:00:00+03:00,medium,dinner,10.0,13.926178041748829,3.9261780417488286,3.9261780417488286,10.0
21,2026-03-29 04:00:00+03:00,high,lunch,28.0,24.07579708394516,-3.9242029160548384,3.9242029160548384,25.0
128,2026-04-05 04:00:00+03:00,high,lunch,26.0,22.077566851759144,-3.922433148240856,3.922433148240856,25.0
11,2026-02-20 00:00:00+03:00,medium,deep_night,19.0,22.917182247292395,3.917182247292395,3.917182247292395,10.0
10,2026-04-06 05:00:00+03:00,medium,afternoon,12.0,8.090632676640848,-3.9093673233591524,3.9093673233591524,10.0
126,2026-03-10 04:00:00+03:00,high,lunch,27.0,23.09524485040204,-3.9047551495979604,3.9047551495979604,25.0
25,2026-02-11 06:00:00+03:00,medium,dinner,10.0,6.105683771161362,-3.8943162288386377,3.8943162288386377,10.0
478,2026-04-10 04:00:00+03:00,low,lunch,5.0,1.1078795120259404,-3.8921204879740596,3.8921204879740596,1.0
99,2026-02-17 04:00:00+03:00,mega,lunch,45.0,41.11191985665302,-3.8880801433469827,3.8880801433469827,38.0
18,2026-03-30 05:00:00+03:00,medium,afternoon,11.0,7.123516304543642,-3.8764836954563577,3.8764836954563577,10.0
123,2026-03-11 04:00:00+03:00,high,lunch,27.0,30.868572461301962,3.8685724613019623,3.8685724613019623,25.0
25,2026-02-01 06:00:00+03:00,medium,dinner,10.0,6.140627429752868,-3.8593725702471318,3.8593725702471318,10.0
1,2026-01-30 04:00:00+03:00,medium,lunch,15.0,11.152552088527248,-3.8474479114727522,3.8474479114727522,10.0
5,2026-02-04 01:00:00+03:00,medium,opening,16.0,12.15263302510117,-3.8473669748988293,3.8473669748988293,10.0
478,2026-03-23 05:00:00+03:00,low,afternoon,1.0,4.846934807872477,3.8469348078724774,3.8469348078724774,1.0
478,2026-02-13 05:00:00+03:00,low,afternoon,2.0,5.846136817954283,3.8461368179542834,3.8461368179542834,1.0
25,2026-03-25 04:00:00+03:00,medium,lunch,15.0,18.843891404487685,3.8438914044876853,3.8438914044876853,10.0
25,2026-02-02 05:00:00+03:00,medium,afternoon,14.0,10.163392573717193,-3.836607426282807,3.836607426282807,10.0
18,2026-04-06 04:00:00+03:00,medium,lunch,10.0,13.831052043250814,3.831052043250814,3.831052043250814,10.0
11,2026-02-13 01:00:00+03:00,medium,opening,12.0,15.829983767321195,3.8299837673211954,3.8299837673211954,10.0
434,2026-02-09 04:00:00+03:00,medium,lunch,23.0,19.171121484610566,-3.828878515389434,3.828878515389434,10.0
443,2026-03-04 05:00:00+03:00,low,afternoon,1.0,4.8257678301869396,3.8257678301869396,3.8257678301869396,1.0
69,2026-03-18 04:00:00+03:00,mega,lunch,44.0,47.82397973737904,3.823979737379041,3.823979737379041,38.0
12,2026-02-15 04:00:00+03:00,high,lunch,29.0,25.178887181449724,-3.821112818550276,3.821112818550276,25.0
10,2026-03-12 06:00:00+03:00,medium,dinner,10.0,6.185599271316457,-3.814400728683543,3.814400728683543,10.0
10,2026-02-20 04:00:00+03:00,medium,lunch,17.0,20.808190361099353,3.808190361099353,3.808190361099353,10.0
142,2026-02-27 04:00:00+03:00,medium,lunch,17.0,13.196855217521836,-3.8031447824781637,3.8031447824781637,10.0
54,2026-04-12 06:00:00+03:00,medium,dinner,12.0,8.199788317449556,-3.8002116825504437,3.8002116825504437,10.0
98,2026-04-07 04:00:00+03:00,low,lunch,4.0,0.20275575402974955,-3.7972442459702505,3.7972442459702505,1.0
11,2026-02-20 01:00:00+03:00,medium,opening,11.0,14.794675509862651,3.7946755098626515,3.7946755098626515,10.0
340,2026-04-05 06:00:00+03:00,low,dinner,4.0,0.2141156654495573,-3.7858843345504427,3.7858843345504427,1.0
16,2026-02-13 06:00:00+03:00,medium,dinner,11.0,7.21791892108889,-3.7820810789111103,3.7820810789111103,10.0
425,2026-04-11 03:00:00+03:00,low,morning,4.0,0.21922852449504582,-3.780771475504954,3.780771475504954,1.0
123,2026-03-19 04:00:00+03:00,high,lunch,29.0,32.7783680508534,3.778368050853402,3.778368050853402,25.0
115,2026-02-10 04:00:00+03:00,high,lunch,26.0,22.223488918574507,-3.776511081425493,3.776511081425493,25.0
142,2026-04-13 04:00:00+03:00,medium,lunch,15.0,11.229763159513887,-3.7702368404861133,3.7702368404861133,10.0
10,2026-04-01 04:00:00+03:00,medium,lunch,20.0,16.232335987802543,-3.767664012197457,3.767664012197457,10.0
11,2026-03-29 00:00:00+03:00,medium,deep_night,21.0,24.76140221529374,3.7614022152937387,3.7614022152937387,10.0
482,2026-03-13 05:00:00+03:00,low,afternoon,1.0,4.758636036895596,3.758636036895596,3.758636036895596,1.0
8,2026-02-13 04:00:00+03:00,mega,lunch,41.0,37.242329633825044,-3.757670366174956,3.757670366174956,38.0
290,2026-03-08 05:00:00+03:00,low,afternoon,4.0,0.24268640135911923,-3.7573135986408808,3.7573135986408808,1.0
69,2026-04-06 04:00:00+03:00,mega,lunch,43.0,46.75603918716088,3.75603918716088,3.75603918716088,38.0
10,2026-03-20 04:00:00+03:00,medium,lunch,15.0,18.754246315990493,3.7542463159904926,3.7542463159904926,10.0
478,2026-03-15 05:00:00+03:00,low,afternoon,1.0,4.750574728884096,3.7505747288840956,3.7505747288840956,1.0
20,2026-01-25 04:00:00+03:00,medium,lunch,10.0,13.748080080715077,3.748080080715077,3.748080080715077,10.0
26,2026-03-02 05:00:00+03:00,medium,afternoon,13.0,9.25469132784826,-3.74530867215174,3.74530867215174,10.0
33,2026-03-02 04:00:00+03:00,high,lunch,26.0,22.2559430536791,-3.7440569463208995,3.7440569463208995,25.0
434,2026-02-14 05:00:00+03:00,medium,afternoon,14.0,10.260671943532788,-3.739328056467212,3.739328056467212,10.0
10,2026-03-29 06:00:00+03:00,medium,dinner,10.0,6.268225844340549,-3.7317741556594513,3.7317741556594513,10.0
33,2026-02-25 04:00:00+03:00,high,lunch,28.0,24.2776296732201,-3.722370326779899,3.722370326779899,25.0
478,2026-03-13 05:00:00+03:00,low,afternoon,1.0,4.710189874877095,3.710189874877095,3.710189874877095,1.0
99,2026-02-06 04:00:00+03:00,mega,lunch,40.0,43.6990839252829,3.699083925282899,3.699083925282899,38.0
5,2026-01-26 01:00:00+03:00,medium,opening,12.0,8.319792591951952,-3.680207408048048,3.680207408048048,10.0
18,2026-02-23 05:00:00+03:00,medium,afternoon,13.0,9.324165559873398,-3.675834440126602,3.675834440126602,10.0
33,2026-02-14 04:00:00+03:00,high,lunch,28.0,24.3268244383613,-3.6731755616387005,3.6731755616387005,25.0
434,2026-02-23 04:00:00+03:00,medium,lunch,16.0,19.671467758603193,3.6714677586031925,3.6714677586031925,10.0
10,2026-03-26 04:00:00+03:00,medium,lunch,15.0,18.667941439592575,3.6679414395925747,3.6679414395925747,10.0
38,2026-02-12 06:00:00+03:00,medium,dinner,10.0,6.3333625619214375,-3.6666374380785625,3.6666374380785625,10.0
12,2026-04-11 04:00:00+03:00,high,lunch,28.0,24.33700237795882,-3.6629976220411784,3.6629976220411784,25.0
10,2026-02-27 04:00:00+03:00,medium,lunch,14.0,17.65549543207769,3.6554954320776893,3.6554954320776893,10.0
434,2026-02-04 04:00:00+03:00,medium,lunch,15.0,18.65068801583641,3.6506880158364083,3.6506880158364083,10.0
516,2026-04-09 05:00:00+03:00,low,afternoon,1.0,4.649930609148923,3.6499306091489228,3.6499306091489228,1.0
20,2026-02-01 04:00:00+03:00,medium,lunch,17.0,13.35061388380618,-3.6493861161938206,3.6493861161938206,10.0
135,2026-01-30 05:00:00+03:00,low,afternoon,4.0,0.3522034813506876,-3.6477965186493124,3.6477965186493124,1.0
26,2026-02-28 04:00:00+03:00,medium,lunch,11.0,14.644981775267446,3.6449817752674463,3.6449817752674463,10.0
33,2026-02-03 04:00:00+03:00,high,lunch,26.0,22.358377652215168,-3.641622347784832,3.641622347784832,25.0
434,2026-04-10 04:00:00+03:00,medium,lunch,17.0,20.64117534164749,3.6411753416474895,3.6411753416474895,10.0
11,2026-04-02 00:00:00+03:00,medium,deep_night,14.0,17.640797448403127,3.640797448403127,3.640797448403127,10.0
128,2026-03-14 04:00:00+03:00,high,lunch,30.0,26.36607568314776,-3.633924316852241,3.633924316852241,25.0
434,2026-03-14 05:00:00+03:00,medium,afternoon,14.0,10.3713769703683,-3.628623029631701,3.628623029631701,10.0
478,2026-02-25 05:00:00+03:00,low,afternoon,4.0,0.3753221802131712,-3.624677819786829,3.624677819786829,1.0
1,2026-03-20 04:00:00+03:00,medium,lunch,10.0,13.623689670335251,3.623689670335251,3.623689670335251,10.0
434,2026-01-31 05:00:00+03:00,medium,afternoon,14.0,10.376748405753993,-3.623251594246007,3.623251594246007,10.0
69,2026-02-05 04:00:00+03:00,mega,lunch,49.0,45.388465448220074,-3.6115345517799256,3.6115345517799256,38.0
10,2026-02-07 06:00:00+03:00,medium,dinner,10.0,6.391407039836292,-3.6085929601637083,3.6085929601637083,10.0
123,2026-02-24 04:00:00+03:00,high,lunch,26.0,29.606810446882182,3.606810446882182,3.606810446882182,25.0
18,2026-03-30 04:00:00+03:00,medium,lunch,11.0,14.605039543102563,3.6050395431025635,3.6050395431025635,10.0
8,2026-03-04 04:00:00+03:00,mega,lunch,40.0,36.396779045314204,-3.6032209546857956,3.6032209546857956,38.0
10,2026-02-17 06:00:00+03:00,medium,dinner,12.0,8.399411757884526,-3.6005882421154745,3.6005882421154745,10.0
47,2026-02-18 04:00:00+03:00,medium,lunch,10.0,6.400886104846695,-3.5991138951533053,3.5991138951533053,10.0
54,2026-03-08 05:00:00+03:00,medium,afternoon,10.0,6.401078165498308,-3.5989218345016916,3.5989218345016916,10.0
11,2026-02-27 00:00:00+03:00,medium,deep_night,18.0,21.58778102833815,3.5877810283381493,3.5877810283381493,10.0
434,2026-03-19 04:00:00+03:00,medium,lunch,15.0,18.586257997942347,3.5862579979423472,3.5862579979423472,10.0
26,2026-04-09 04:00:00+03:00,medium,lunch,13.0,16.5860231795517,3.586023179551699,3.586023179551699,10.0
30,2026-02-14 04:00:00+03:00,mega,lunch,40.0,36.420592989473974,-3.579407010526026,3.579407010526026,38.0
123,2026-02-03 04:00:00+03:00,high,lunch,26.0,29.573531361196814,3.573531361196814,3.573531361196814,25.0
26,2026-04-06 04:00:00+03:00,medium,lunch,13.0,16.57271025622069,3.5727102562206916,3.5727102562206916,10.0
478,2026-03-20 06:00:00+03:00,low,dinner,7.0,3.4301714853568175,-3.5698285146431825,3.5698285146431825,1.0
443,2026-04-07 03:00:00+03:00,low,morning,4.0,0.4318215598977786,-3.5681784401022214,3.5681784401022214,1.0
4,2026-02-06 04:00:00+03:00,high,lunch,33.0,29.437218705371933,-3.562781294628067,3.562781294628067,25.0
2,2026-02-18 04:00:00+03:00,high,lunch,27.0,23.43776224911688,-3.5622377508831207,3.5622377508831207,25.0
26,2026-02-23 06:00:00+03:00,medium,dinner,11.0,7.438442602470454,-3.561557397529546,3.561557397529546,10.0
1,2026-02-20 04:00:00+03:00,medium,lunch,17.0,13.442216835506759,-3.557783164493241,3.557783164493241,10.0
128,2026-02-08 04:00:00+03:00,high,lunch,29.0,25.445012028355492,-3.5549879716445076,3.5549879716445076,25.0
4,2026-02-04 04:00:00+03:00,high,lunch,25.0,28.55324216021356,3.5532421602135607,3.5532421602135607,25.0
8,2026-02-02 04:00:00+03:00,mega,lunch,43.0,39.44847697380754,-3.551523026192463,3.551523026192463,38.0
434,2026-02-19 05:00:00+03:00,medium,afternoon,15.0,11.449214289946841,-3.550785710053159,3.550785710053159,10.0
99,2026-02-14 04:00:00+03:00,mega,lunch,48.0,44.4592460934668,-3.5407539065331974,3.5407539065331974,38.0
26,2026-04-01 04:00:00+03:00,medium,lunch,13.0,16.540655656375257,3.5406556563752574,3.5406556563752574,10.0
434,2026-03-09 06:00:00+03:00,medium,dinner,18.0,14.461155388372624,-3.5388446116273755,3.5388446116273755,10.0
1,2026-03-13 04:00:00+03:00,medium,lunch,10.0,13.538566625458389,3.5385666254583885,3.5385666254583885,10.0
516,2026-04-11 06:00:00+03:00,low,dinner,2.0,5.53635281128494,3.5363528112849396,3.5363528112849396,1.0
123,2026-04-07 04:00:00+03:00,high,lunch,26.0,29.534303343549528,3.534303343549528,3.534303343549528,25.0
10,2026-02-09 05:00:00+03:00,medium,afternoon,12.0,8.471104023191213,-3.528895976808787,3.528895976808787,10.0
181,2026-03-05 04:00:00+03:00,low,lunch,4.0,0.47175413872262784,-3.528245861277372,3.528245861277372,1.0
131,2026-02-08 05:00:00+03:00,low,afternoon,4.0,0.48108947323367257,-3.5189105267663274,3.5189105267663274,1.0
25,2026-02-26 04:00:00+03:00,medium,lunch,21.0,17.483022151014616,-3.516977848985384,3.516977848985384,10.0
10,2026-02-10 06:00:00+03:00,medium,dinner,11.0,7.48569920569533,-3.5143007943046696,3.5143007943046696,10.0
1,2026-02-17 04:00:00+03:00,medium,lunch,11.0,14.512945494806083,3.5129454948060825,3.5129454948060825,10.0
123,2026-03-17 04:00:00+03:00,high,lunch,29.0,32.505244345921696,3.505244345921696,3.505244345921696,25.0
1,2026-02-03 04:00:00+03:00,medium,lunch,16.0,12.495550116306674,-3.5044498836933258,3.5044498836933258,10.0
26,2026-01-25 04:00:00+03:00,medium,lunch,16.0,12.499113119769165,-3.5008868802308353,3.5008868802308353,10.0
25,2026-02-03 03:00:00+03:00,medium,morning,13.0,9.502504574342261,-3.497495425657739,3.497495425657739,10.0
38,2026-03-14 06:00:00+03:00,medium,dinner,12.0,8.506579101687716,-3.4934208983122836,3.4934208983122836,10.0
25,2026-03-31 05:00:00+03:00,medium,afternoon,13.0,9.506800528285993,-3.493199471714007,3.493199471714007,10.0
10,2026-02-12 04:00:00+03:00,medium,lunch,23.0,19.506812087617732,-3.4931879123822682,3.4931879123822682,10.0
99,2026-02-23 04:00:00+03:00,mega,lunch,38.0,41.4762933804046,3.4762933804045986,3.4762933804045986,38.0
115,2026-03-04 04:00:00+03:00,high,lunch,28.0,24.52775495437487,-3.4722450456251295,3.4722450456251295,25.0
123,2026-02-27 04:00:00+03:00,high,lunch,32.0,28.53087326334747,-3.4691267366525302,3.4691267366525302,25.0
479,2026-04-11 00:00:00+03:00,medium,deep_night,11.0,7.534314108689541,-3.465685891310459,3.465685891310459,10.0
16,2026-03-29 04:00:00+03:00,medium,lunch,10.0,6.540485699978036,-3.459514300021964,3.459514300021964,10.0
142,2026-02-24 04:00:00+03:00,medium,lunch,14.0,10.549022804971528,-3.4509771950284716,3.4509771950284716,10.0
26,2026-01-28 04:00:00+03:00,medium,lunch,20.0,16.554207114894954,-3.445792885105046,3.445792885105046,10.0
18,2026-03-11 04:00:00+03:00,medium,lunch,10.0,13.442684179788055,3.4426841797880545,3.4426841797880545,10.0
26,2026-02-16 05:00:00+03:00,medium,afternoon,13.0,9.566219936799428,-3.4337800632005724,3.4337800632005724,10.0
37,2026-02-02 04:00:00+03:00,medium,lunch,15.0,11.566813634205285,-3.4331863657947146,3.4331863657947146,10.0
10,2026-04-02 04:00:00+03:00,medium,lunch,21.0,17.566971146499583,-3.433028853500417,3.433028853500417,10.0
478,2026-03-10 06:00:00+03:00,low,dinner,2.0,5.43187578433232,3.4318757843323198,3.4318757843323198,1.0
26,2026-02-14 04:00:00+03:00,medium,lunch,19.0,15.573270996174772,-3.426729003825228,3.426729003825228,10.0
434,2026-04-07 04:00:00+03:00,medium,lunch,20.0,16.573809022272886,-3.4261909777271136,3.4261909777271136,10.0
128,2026-02-09 04:00:00+03:00,high,lunch,27.0,23.577163125200748,-3.422836874799252,3.422836874799252,25.0
11,2026-02-12 00:00:00+03:00,medium,deep_night,14.0,17.42123321744137,3.421233217441369,3.421233217441369,10.0
25,2026-03-26 04:00:00+03:00,medium,lunch,13.0,16.419097142660696,3.4190971426606964,3.4190971426606964,10.0
478,2026-04-07 05:00:00+03:00,low,afternoon,3.0,6.418573801502644,3.418573801502644,3.418573801502644,1.0
18,2026-04-04 06:00:00+03:00,medium,dinner,12.0,8.584236037976822,-3.4157639620231777,3.4157639620231777,10.0
10,2026-02-04 04:00:00+03:00,medium,lunch,24.0,20.587067729872263,-3.4129322701277367,3.4129322701277367,10.0
5,2026-01-29 01:00:00+03:00,medium,opening,14.0,10.587208855270774,-3.4127911447292263,3.4127911447292263,10.0
480,2026-03-27 04:00:00+03:00,low,lunch,2.0,5.411670466119425,3.411670466119425,3.411670466119425,1.0
18,2026-02-04 06:00:00+03:00,medium,dinner,11.0,7.58835485116986,-3.4116451488301403,3.4116451488301403,10.0
25,2026-03-02 04:00:00+03:00,medium,lunch,21.0,17.58940777785303,-3.4105922221469704,3.4105922221469704,10.0
434,2026-03-10 05:00:00+03:00,medium,afternoon,15.0,11.602856801963066,-3.397143198036934,3.397143198036934,10.0
25,2026-02-14 03:00:00+03:00,medium,morning,11.0,7.603912062108296,-3.3960879378917044,3.3960879378917044,10.0
434,2026-02-11 04:00:00+03:00,medium,lunch,16.0,19.390021191221745,3.390021191221745,3.390021191221745,10.0
10,2026-02-07 04:00:00+03:00,medium,lunch,11.0,14.38991753114739,3.3899175311473897,3.3899175311473897,10.0
33,2026-02-27 04:00:00+03:00,high,lunch,27.0,23.618527243257933,-3.381472756742067,3.381472756742067,25.0
479,2026-04-10 01:00:00+03:00,medium,opening,10.0,6.621308727704227,-3.3786912722957734,3.3786912722957734,10.0
434,2026-04-09 05:00:00+03:00,medium,afternoon,15.0,11.622457755490025,-3.377542244509975,3.377542244509975,10.0
99,2026-03-05 04:00:00+03:00,mega,lunch,39.0,42.37471955141685,3.3747195514168524,3.3747195514168524,38.0
12,2026-02-28 04:00:00+03:00,high,lunch,26.0,22.625475022303732,-3.374524977696268,3.374524977696268,25.0
47,2026-03-20 04:00:00+03:00,medium,lunch,10.0,6.626451503563338,-3.373548496436662,3.373548496436662,10.0
25,2026-04-06 04:00:00+03:00,medium,lunch,14.0,17.373089257338016,3.373089257338016,3.373089257338016,10.0
434,2026-04-08 04:00:00+03:00,medium,lunch,14.0,17.36984186013741,3.3698418601374094,3.3698418601374094,10.0
11,2026-02-25 01:00:00+03:00,medium,opening,12.0,15.369021421499966,3.3690214214999656,3.3690214214999656,10.0
39,2026-02-19 04:00:00+03:00,high,lunch,26.0,29.36754067776014,3.3675406777601395,3.3675406777601395,25.0
425,2026-04-11 04:00:00+03:00,low,lunch,5.0,1.6361935104222116,-3.3638064895777884,3.3638064895777884,1.0
10,2026-04-05 04:00:00+03:00,medium,lunch,15.0,11.637600132683952,-3.3623998673160482,3.3623998673160482,10.0
142,2026-01-25 04:00:00+03:00,medium,lunch,10.0,6.638101747903116,-3.361898252096884,3.361898252096884,10.0
10,2026-03-24 04:00:00+03:00,medium,lunch,20.0,16.6473223767443,-3.352677623255701,3.352677623255701,10.0
434,2026-03-02 04:00:00+03:00,medium,lunch,15.0,18.349980335938014,3.349980335938014,3.349980335938014,10.0
26,2026-03-06 04:00:00+03:00,medium,lunch,15.0,18.34560733744429,3.3456073374442887,3.3456073374442887,10.0
10,2026-02-25 04:00:00+03:00,medium,lunch,16.0,19.34508563783649,3.3450856378364904,3.3450856378364904,10.0
38,2026-03-27 06:00:00+03:00,medium,dinner,10.0,6.655132374960652,-3.344867625039348,3.344867625039348,10.0
481,2026-04-11 04:00:00+03:00,low,lunch,4.0,0.6690213732800703,-3.3309786267199297,3.3309786267199297,1.0
478,2026-03-07 05:00:00+03:00,low,afternoon,3.0,6.327964294282561,3.3279642942825607,3.3279642942825607,1.0
434,2026-03-12 04:00:00+03:00,medium,lunch,16.0,19.32532127309443,3.3253212730944313,3.3253212730944313,10.0
18,2026-02-06 04:00:00+03:00,medium,lunch,15.0,11.676376848759933,-3.323623151240067,3.323623151240067,10.0
11,2026-02-19 01:00:00+03:00,medium,opening,12.0,15.322754982603456,3.322754982603456,3.322754982603456,10.0
142,2026-04-02 04:00:00+03:00,medium,lunch,15.0,11.685925456350573,-3.3140745436494274,3.3140745436494274,10.0
37,2026-02-06 04:00:00+03:00,medium,lunch,16.0,12.69098184405183,-3.30901815594817,3.30901815594817,10.0
478,2026-02-14 05:00:00+03:00,low,afternoon,3.0,6.307872486406094,3.3078724864060938,3.3078724864060938,1.0
10,2026-02-10 03:00:00+03:00,medium,morning,10.0,6.693084733329968,-3.306915266670032,3.306915266670032,10.0
434,2026-02-15 05:00:00+03:00,medium,afternoon,15.0,11.696871431058279,-3.3031285689417214,3.3031285689417214,10.0
54,2026-02-01 05:00:00+03:00,medium,afternoon,10.0,6.698331331745885,-3.3016686682541154,3.3016686682541154,10.0
434,2026-01-28 04:00:00+03:00,medium,lunch,14.0,17.297128614326127,3.2971286143261267,3.2971286143261267,10.0
12,2026-03-07 04:00:00+03:00,high,lunch,28.0,24.704206227262475,-3.2957937727375253,3.2957937727375253,25.0
135,2026-02-06 06:00:00+03:00,low,dinner,4.0,0.7054473307238847,-3.2945526692761153,3.2945526692761153,1.0
443,2026-03-03 05:00:00+03:00,low,afternoon,6.0,2.7078235516683105,-3.2921764483316895,3.2921764483316895,1.0
69,2026-03-11 04:00:00+03:00,mega,lunch,42.0,45.28927011510024,3.289270115100237,3.289270115100237,38.0
69,2026-04-01 04:00:00+03:00,mega,lunch,42.0,45.28063724398967,3.2806372439896734,3.2806372439896734,38.0
5,2026-01-25 00:00:00+03:00,medium,deep_night,10.0,6.72473159017537,-3.27526840982463,3.27526840982463,10.0
18,2026-02-24 04:00:00+03:00,medium,lunch,10.0,13.27077792601297,3.27077792601297,3.27077792601297,10.0
480,2026-03-08 06:00:00+03:00,low,dinner,1.0,4.270736493439903,3.2707364934399026,3.2707364934399026,1.0
516,2026-04-11 05:00:00+03:00,low,afternoon,3.0,6.270090785902285,3.270090785902285,3.270090785902285,1.0
11,2026-04-10 01:00:00+03:00,medium,opening,11.0,14.265537096134747,3.2655370961347465,3.2655370961347465,10.0
11,2026-02-07 00:00:00+03:00,medium,deep_night,19.0,22.258844193405192,3.258844193405192,3.258844193405192,10.0
26,2026-04-06 05:00:00+03:00,medium,afternoon,12.0,8.743136157059936,-3.2568638429400636,3.2568638429400636,10.0
11,2026-03-10 01:00:00+03:00,medium,opening,16.0,12.745768226825302,-3.2542317731746984,3.2542317731746984,10.0
33,2026-02-16 04:00:00+03:00,high,lunch,28.0,24.756094015179407,-3.243905984820593,3.243905984820593,25.0
18,2026-03-28 04:00:00+03:00,medium,lunch,20.0,16.761721929351243,-3.2382780706487573,3.2382780706487573,10.0
25,2026-03-23 05:00:00+03:00,medium,afternoon,12.0,8.763919318289469,-3.236080681710531,3.236080681710531,10.0
480,2026-03-16 06:00:00+03:00,low,dinner,2.0,5.234645738737671,3.2346457387376706,3.2346457387376706,1.0
434,2026-02-27 05:00:00+03:00,medium,afternoon,15.0,11.767304368526812,-3.232695631473188,3.232695631473188,10.0
18,2026-02-16 06:00:00+03:00,medium,dinner,12.0,8.769650296406379,-3.230349703593621,3.230349703593621,10.0
434,2026-02-23 03:00:00+03:00,medium,morning,11.0,7.771874124773717,-3.228125875226283,3.228125875226283,10.0
33,2026-03-20 04:00:00+03:00,high,lunch,28.0,24.78025640304282,-3.21974359695718,3.21974359695718,25.0
54,2026-03-01 05:00:00+03:00,medium,afternoon,11.0,7.781921705186615,-3.2180782948133846,3.2180782948133846,10.0
25,2026-01-28 04:00:00+03:00,medium,lunch,19.0,15.788811195346032,-3.2111888046539683,3.2111888046539683,10.0
478,2026-04-12 06:00:00+03:00,low,dinner,3.0,6.208989661324955,3.2089896613249547,3.2089896613249547,1.0
25,2026-02-14 04:00:00+03:00,medium,lunch,19.0,15.79863824688054,-3.2013617531194605,3.2013617531194605,10.0
123,2026-02-22 04:00:00+03:00,high,lunch,26.0,22.798705750082714,-3.201294249917286,3.201294249917286,25.0
434,2026-03-05 06:00:00+03:00,medium,dinner,17.0,13.799517472103727,-3.2004825278962734,3.2004825278962734,10.0
25,2026-02-21 04:00:00+03:00,medium,lunch,13.0,16.198208153145117,3.198208153145117,3.198208153145117,10.0
26,2026-04-08 04:00:00+03:00,medium,lunch,14.0,17.18368998343943,3.1836899834394288,3.1836899834394288,10.0
434,2026-01-28 03:00:00+03:00,medium,morning,10.0,6.821658418399059,-3.1783415816009413,3.1783415816009413,10.0
69,2026-03-03 04:00:00+03:00,mega,lunch,53.0,49.83317452608399,-3.1668254739160133,3.1668254739160133,38.0
4,2026-02-19 04:00:00+03:00,high,lunch,28.0,31.166235965225656,3.166235965225656,3.166235965225656,25.0
11,2026-04-09 00:00:00+03:00,medium,deep_night,17.0,20.165976273796975,3.165976273796975,3.165976273796975,10.0
33,2026-04-06 04:00:00+03:00,high,lunch,26.0,22.849137707383946,-3.150862292616054,3.150862292616054,25.0
33,2026-04-02 04:00:00+03:00,high,lunch,26.0,22.852380165219508,-3.1476198347804925,3.1476198347804925,25.0
480,2026-03-20 06:00:00+03:00,low,dinner,1.0,4.1472508510256665,3.1472508510256665,3.1472508510256665,1.0
25,2026-03-10 04:00:00+03:00,medium,lunch,21.0,17.873143966069733,-3.1268560339302667,3.1268560339302667,10.0
11,2026-02-04 01:00:00+03:00,medium,opening,17.0,13.873830687419533,-3.1261693125804673,3.1261693125804673,10.0
54,2026-02-14 04:00:00+03:00,medium,lunch,10.0,6.874039535420019,-3.125960464579981,3.125960464579981,10.0
26,2026-02-28 03:00:00+03:00,medium,morning,12.0,8.879618155717433,-3.1203818442825675,3.1203818442825675,10.0
26,2026-03-05 04:00:00+03:00,medium,lunch,21.0,17.87975612597141,-3.1202438740285885,3.1202438740285885,10.0
26,2026-01-26 05:00:00+03:00,medium,afternoon,11.0,7.879844427991415,-3.120155572008585,3.120155572008585,10.0
25,2026-03-23 06:00:00+03:00,medium,dinner,10.0,6.880626725485577,-3.119373274514423,3.119373274514423,10.0
37,2026-02-20 04:00:00+03:00,medium,lunch,11.0,14.115419735413148,3.1154197354131483,3.1154197354131483,10.0
1,2026-02-16 04:00:00+03:00,medium,lunch,16.0,12.886928400511414,-3.1130715994885865,3.1130715994885865,10.0
10,2026-02-05 05:00:00+03:00,medium,afternoon,12.0,8.889120720159061,-3.1108792798409386,3.1108792798409386,10.0
4,2026-02-10 04:00:00+03:00,high,lunch,28.0,31.096705691078608,3.0967056910786077,3.0967056910786077,25.0
115,2026-02-06 04:00:00+03:00,high,lunch,25.0,21.905614552196795,-3.094385447803205,3.094385447803205,25.0
478,2026-03-15 06:00:00+03:00,low,dinner,1.0,4.089593999077052,3.089593999077052,3.089593999077052,1.0
26,2026-02-18 03:00:00+03:00,medium,morning,11.0,7.911715736007107,-3.088284263992893,3.088284263992893,10.0
25,2026-01-30 03:00:00+03:00,medium,morning,10.0,6.916410457131529,-3.083589542868471,3.083589542868471,10.0
10,2026-02-09 04:00:00+03:00,medium,lunch,19.0,15.924166477041167,-3.075833522958833,3.075833522958833,10.0
20,2026-04-05 04:00:00+03:00,medium,lunch,13.0,9.924910444427763,-3.0750895555722373,3.0750895555722373,10.0
10,2026-02-25 03:00:00+03:00,medium,morning,10.0,6.928125971327521,-3.071874028672479,3.071874028672479,10.0
478,2026-04-05 05:00:00+03:00,low,afternoon,3.0,6.063577488185194,3.063577488185194,3.063577488185194,1.0
1,2026-03-26 04:00:00+03:00,medium,lunch,10.0,13.06149268723327,3.0614926872332706,3.0614926872332706,10.0
478,2026-03-21 05:00:00+03:00,low,afternoon,2.0,5.059736382767039,3.0597363827670394,3.0597363827670394,1.0
18,2026-03-02 04:00:00+03:00,medium,lunch,13.0,16.04848948723132,3.0484894872313184,3.0484894872313184,10.0
18,2026-04-09 05:00:00+03:00,medium,afternoon,11.0,7.952250092510374,-3.047749907489626,3.047749907489626,10.0
10,2026-03-23 06:00:00+03:00,medium,dinner,10.0,6.96686232271912,-3.0331376772808802,3.0331376772808802,10.0
18,2026-02-02 04:00:00+03:00,medium,lunch,12.0,15.030949372390237,3.0309493723902374,3.0309493723902374,10.0
38,2026-01-30 06:00:00+03:00,medium,dinner,11.0,7.970108366270665,-3.029891633729335,3.029891633729335,10.0
434,2026-02-02 05:00:00+03:00,medium,afternoon,14.0,10.977979720314476,-3.022020279685524,3.022020279685524,10.0
